entity,entity_name,level,period,indicator,value,unit,source_id,series_id,quality,footnotes
ABW,Aruba,country,1997,burned_area_km2,0.0,km2,K9,gfed5_annual_burned_area,measured,f_product_level;f_resolution_change;f_grid_resolution;f_zero_no_detection
ABW,Aruba,country,1998,burned_area_km2,0.0,km2,K9,gfed5_annual_burned_area,measured,f_product_level;f_resolution_change;f_grid_resolution;f_zero_no_detection
ABW,Aruba,country,1999,burned_area_km2,0.0,km2,K9,gfed5_annual_burned_area,measured,f_product_level;f_resolution_change;f_grid_resolution;f_zero_no_detection
ABW,Aruba,country,2000,burned_area_km2,0.0,km2,K9,gfed5_annual_burned_area,measured,f_product_level;f_resolution_change;f_grid_resolution;f_zero_no_detection
ABW,Aruba,country,2001,burned_area_km2,0.0,km2,K9,gfed5_annual_burned_area,measured,f_product_level;f_grid_resolution;f_zero_no_detection
ABW,Aruba,country,2002,burned_area_km2,0.0,km2,K9,gfed5_annual_burned_area,measured,f_product_level;f_grid_resolution;f_zero_no_detection
ABW,Aruba,country,2003,burned_area_km2,0.0,km2,K9,gfed5_annual_burned_area,measured,f_product_level;f_grid_resolution;f_zero_no_detection
ABW,Aruba,country,2004,burned_area_km2,0.0,km2,K9,gfed5_annual_burned_area,measured,f_product_level;f_grid_resolution;f_zero_no_detection
ABW,Aruba,country,2005,burned_area_km2,0.0,km2,K9,gfed5_annual_burned_area,measured,f_product_level;f_grid_resolution;f_zero_no_detection
ABW,Aruba,country,2006,burned_area_km2,0.0,km2,K9,gfed5_annual_burned_area,measured,f_product_level;f_grid_resolution;f_zero_no_detection
ABW,Aruba,country,2007,burned_area_km2,0.0,km2,K9,gfed5_annual_burned_area,measured,f_product_level;f_grid_resolution;f_zero_no_detection
ABW,Aruba,country,2008,burned_area_km2,0.0,km2,K9,gfed5_annual_burned_area,measured,f_product_level;f_grid_resolution;f_zero_no_detection
ABW,Aruba,country,2009,burned_area_km2,0.0,km2,K9,gfed5_annual_burned_area,measured,f_product_level;f_grid_resolution;f_zero_no_detection
ABW,Aruba,country,2010,burned_area_km2,0.0,km2,K9,gfed5_annual_burned_area,measured,f_product_level;f_grid_resolution;f_zero_no_detection
ABW,Aruba,country,2011,burned_area_km2,0.0,km2,K9,gfed5_annual_burned_area,measured,f_product_level;f_grid_resolution;f_zero_no_detection
ABW,Aruba,country,2012,burned_area_km2,0.0,km2,K9,gfed5_annual_burned_area,measured,f_product_level;f_grid_resolution;f_zero_no_detection
ABW,Aruba,country,2013,burned_area_km2,0.0,km2,K9,gfed5_annual_burned_area,measured,f_product_level;f_grid_resolution;f_zero_no_detection
ABW,Aruba,country,2014,burned_area_km2,0.0,km2,K9,gfed5_annual_burned_area,measured,f_product_level;f_grid_resolution;f_zero_no_detection
ABW,Aruba,country,2015,burned_area_km2,0.0,km2,K9,gfed5_annual_burned_area,measured,f_product_level;f_grid_resolution;f_zero_no_detection
ABW,Aruba,country,2016,burned_area_km2,0.0,km2,K9,gfed5_annual_burned_area,measured,f_product_level;f_grid_resolution;f_zero_no_detection
ABW,Aruba,country,2017,burned_area_km2,0.0,km2,K9,gfed5_annual_burned_area,measured,f_product_level;f_grid_resolution;f_zero_no_detection
ABW,Aruba,country,2018,burned_area_km2,0.0,km2,K9,gfed5_annual_burned_area,measured,f_product_level;f_grid_resolution;f_zero_no_detection
ABW,Aruba,country,2019,burned_area_km2,0.0,km2,K9,gfed5_annual_burned_area,measured,f_product_level;f_grid_resolution;f_zero_no_detection
ABW,Aruba,country,2020,burned_area_km2,0.0,km2,K9,gfed5_annual_burned_area,measured,f_product_level;f_grid_resolution;f_zero_no_detection
AFG,Afghanistan,country,1997,burned_area_km2,813.31,km2,K9,gfed5_annual_burned_area,measured,f_product_level;f_resolution_change
AFG,Afghanistan,country,1998,burned_area_km2,1084.61,km2,K9,gfed5_annual_burned_area,measured,f_product_level;f_resolution_change
AFG,Afghanistan,country,1999,burned_area_km2,682.12,km2,K9,gfed5_annual_burned_area,measured,f_product_level;f_resolution_change
AFG,Afghanistan,country,2000,burned_area_km2,550.53,km2,K9,gfed5_annual_burned_area,measured,f_product_level;f_resolution_change
AFG,Afghanistan,country,2001,burned_area_km2,349.25,km2,K9,gfed5_annual_burned_area,measured,f_product_level
AFG,Afghanistan,country,2002,burned_area_km2,306.05,km2,K9,gfed5_annual_burned_area,measured,f_product_level
AFG,Afghanistan,country,2003,burned_area_km2,710.47,km2,K9,gfed5_annual_burned_area,measured,f_product_level
AFG,Afghanistan,country,2004,burned_area_km2,413.03,km2,K9,gfed5_annual_burned_area,measured,f_product_level
AFG,Afghanistan,country,2005,burned_area_km2,241.63,km2,K9,gfed5_annual_burned_area,measured,f_product_level
AFG,Afghanistan,country,2006,burned_area_km2,332.49,km2,K9,gfed5_annual_burned_area,measured,f_product_level
AFG,Afghanistan,country,2007,burned_area_km2,518.61,km2,K9,gfed5_annual_burned_area,measured,f_product_level
AFG,Afghanistan,country,2008,burned_area_km2,586.38,km2,K9,gfed5_annual_burned_area,measured,f_product_level
AFG,Afghanistan,country,2009,burned_area_km2,443.86,km2,K9,gfed5_annual_burned_area,measured,f_product_level
AFG,Afghanistan,country,2010,burned_area_km2,708.81,km2,K9,gfed5_annual_burned_area,measured,f_product_level
AFG,Afghanistan,country,2011,burned_area_km2,430.26,km2,K9,gfed5_annual_burned_area,measured,f_product_level
AFG,Afghanistan,country,2012,burned_area_km2,202.84,km2,K9,gfed5_annual_burned_area,measured,f_product_level
AFG,Afghanistan,country,2013,burned_area_km2,296.24,km2,K9,gfed5_annual_burned_area,measured,f_product_level
AFG,Afghanistan,country,2014,burned_area_km2,240.11,km2,K9,gfed5_annual_burned_area,measured,f_product_level
AFG,Afghanistan,country,2015,burned_area_km2,185.61,km2,K9,gfed5_annual_burned_area,measured,f_product_level
AFG,Afghanistan,country,2016,burned_area_km2,329.99,km2,K9,gfed5_annual_burned_area,measured,f_product_level
AFG,Afghanistan,country,2017,burned_area_km2,259.0,km2,K9,gfed5_annual_burned_area,measured,f_product_level
AFG,Afghanistan,country,2018,burned_area_km2,160.32,km2,K9,gfed5_annual_burned_area,measured,f_product_level
AFG,Afghanistan,country,2019,burned_area_km2,181.0,km2,K9,gfed5_annual_burned_area,measured,f_product_level
AFG,Afghanistan,country,2020,burned_area_km2,600.97,km2,K9,gfed5_annual_burned_area,measured,f_product_level
AGO,Angola,country,1997,burned_area_km2,301393.28,km2,K9,gfed5_annual_burned_area,measured,f_product_level;f_resolution_change
AGO,Angola,country,1998,burned_area_km2,380502.76,km2,K9,gfed5_annual_burned_area,measured,f_product_level;f_resolution_change
AGO,Angola,country,1999,burned_area_km2,297861.31,km2,K9,gfed5_annual_burned_area,measured,f_product_level;f_resolution_change
AGO,Angola,country,2000,burned_area_km2,302161.85,km2,K9,gfed5_annual_burned_area,measured,f_product_level;f_resolution_change
AGO,Angola,country,2001,burned_area_km2,471390.64,km2,K9,gfed5_annual_burned_area,measured,f_product_level
AGO,Angola,country,2002,burned_area_km2,482875.45,km2,K9,gfed5_annual_burned_area,measured,f_product_level
AGO,Angola,country,2003,burned_area_km2,566057.0,km2,K9,gfed5_annual_burned_area,measured,f_product_level
AGO,Angola,country,2004,burned_area_km2,554770.45,km2,K9,gfed5_annual_burned_area,measured,f_product_level
AGO,Angola,country,2005,burned_area_km2,567696.19,km2,K9,gfed5_annual_burned_area,measured,f_product_level
AGO,Angola,country,2006,burned_area_km2,491080.02,km2,K9,gfed5_annual_burned_area,measured,f_product_level
AGO,Angola,country,2007,burned_area_km2,548946.75,km2,K9,gfed5_annual_burned_area,measured,f_product_level
AGO,Angola,country,2008,burned_area_km2,523217.65,km2,K9,gfed5_annual_burned_area,measured,f_product_level
AGO,Angola,country,2009,burned_area_km2,521333.73,km2,K9,gfed5_annual_burned_area,measured,f_product_level
AGO,Angola,country,2010,burned_area_km2,545818.05,km2,K9,gfed5_annual_burned_area,measured,f_product_level
AGO,Angola,country,2011,burned_area_km2,563760.52,km2,K9,gfed5_annual_burned_area,measured,f_product_level
AGO,Angola,country,2012,burned_area_km2,528744.42,km2,K9,gfed5_annual_burned_area,measured,f_product_level
AGO,Angola,country,2013,burned_area_km2,570395.32,km2,K9,gfed5_annual_burned_area,measured,f_product_level
AGO,Angola,country,2014,burned_area_km2,514885.33,km2,K9,gfed5_annual_burned_area,measured,f_product_level
AGO,Angola,country,2015,burned_area_km2,565211.38,km2,K9,gfed5_annual_burned_area,measured,f_product_level
AGO,Angola,country,2016,burned_area_km2,571374.29,km2,K9,gfed5_annual_burned_area,measured,f_product_level
AGO,Angola,country,2017,burned_area_km2,544169.45,km2,K9,gfed5_annual_burned_area,measured,f_product_level
AGO,Angola,country,2018,burned_area_km2,501709.01,km2,K9,gfed5_annual_burned_area,measured,f_product_level
AGO,Angola,country,2019,burned_area_km2,555134.09,km2,K9,gfed5_annual_burned_area,measured,f_product_level
AGO,Angola,country,2020,burned_area_km2,519200.78,km2,K9,gfed5_annual_burned_area,measured,f_product_level
AIA,Anguilla,country,1997,burned_area_km2,0.0,km2,K9,gfed5_annual_burned_area,measured,f_product_level;f_resolution_change;f_grid_resolution;f_zero_no_detection
AIA,Anguilla,country,1998,burned_area_km2,0.0,km2,K9,gfed5_annual_burned_area,measured,f_product_level;f_resolution_change;f_grid_resolution;f_zero_no_detection
AIA,Anguilla,country,1999,burned_area_km2,0.0,km2,K9,gfed5_annual_burned_area,measured,f_product_level;f_resolution_change;f_grid_resolution;f_zero_no_detection
AIA,Anguilla,country,2000,burned_area_km2,0.0,km2,K9,gfed5_annual_burned_area,measured,f_product_level;f_resolution_change;f_grid_resolution;f_zero_no_detection
AIA,Anguilla,country,2001,burned_area_km2,0.0,km2,K9,gfed5_annual_burned_area,measured,f_product_level;f_grid_resolution;f_zero_no_detection
AIA,Anguilla,country,2002,burned_area_km2,0.0,km2,K9,gfed5_annual_burned_area,measured,f_product_level;f_grid_resolution;f_zero_no_detection
AIA,Anguilla,country,2003,burned_area_km2,0.0,km2,K9,gfed5_annual_burned_area,measured,f_product_level;f_grid_resolution;f_zero_no_detection
AIA,Anguilla,country,2004,burned_area_km2,0.0,km2,K9,gfed5_annual_burned_area,measured,f_product_level;f_grid_resolution;f_zero_no_detection
AIA,Anguilla,country,2005,burned_area_km2,0.0,km2,K9,gfed5_annual_burned_area,measured,f_product_level;f_grid_resolution;f_zero_no_detection
AIA,Anguilla,country,2006,burned_area_km2,0.0,km2,K9,gfed5_annual_burned_area,measured,f_product_level;f_grid_resolution;f_zero_no_detection
AIA,Anguilla,country,2007,burned_area_km2,0.0,km2,K9,gfed5_annual_burned_area,measured,f_product_level;f_grid_resolution;f_zero_no_detection
AIA,Anguilla,country,2008,burned_area_km2,0.0,km2,K9,gfed5_annual_burned_area,measured,f_product_level;f_grid_resolution;f_zero_no_detection
AIA,Anguilla,country,2009,burned_area_km2,0.0,km2,K9,gfed5_annual_burned_area,measured,f_product_level;f_grid_resolution;f_zero_no_detection
AIA,Anguilla,country,2010,burned_area_km2,0.0,km2,K9,gfed5_annual_burned_area,measured,f_product_level;f_grid_resolution;f_zero_no_detection
AIA,Anguilla,country,2011,burned_area_km2,0.0,km2,K9,gfed5_annual_burned_area,measured,f_product_level;f_grid_resolution;f_zero_no_detection
AIA,Anguilla,country,2012,burned_area_km2,0.0,km2,K9,gfed5_annual_burned_area,measured,f_product_level;f_grid_resolution;f_zero_no_detection
AIA,Anguilla,country,2013,burned_area_km2,0.0,km2,K9,gfed5_annual_burned_area,measured,f_product_level;f_grid_resolution;f_zero_no_detection
AIA,Anguilla,country,2014,burned_area_km2,0.0,km2,K9,gfed5_annual_burned_area,measured,f_product_level;f_grid_resolution;f_zero_no_detection
AIA,Anguilla,country,2015,burned_area_km2,0.0,km2,K9,gfed5_annual_burned_area,measured,f_product_level;f_grid_resolution;f_zero_no_detection
AIA,Anguilla,country,2016,burned_area_km2,0.0,km2,K9,gfed5_annual_burned_area,measured,f_product_level;f_grid_resolution;f_zero_no_detection
AIA,Anguilla,country,2017,burned_area_km2,0.0,km2,K9,gfed5_annual_burned_area,measured,f_product_level;f_grid_resolution;f_zero_no_detection
AIA,Anguilla,country,2018,burned_area_km2,0.0,km2,K9,gfed5_annual_burned_area,measured,f_product_level;f_grid_resolution;f_zero_no_detection
AIA,Anguilla,country,2019,burned_area_km2,0.0,km2,K9,gfed5_annual_burned_area,measured,f_product_level;f_grid_resolution;f_zero_no_detection
AIA,Anguilla,country,2020,burned_area_km2,0.0,km2,K9,gfed5_annual_burned_area,measured,f_product_level;f_grid_resolution;f_zero_no_detection
ALA,Åland,country,1997,burned_area_km2,0.09,km2,K9,gfed5_annual_burned_area,measured,f_product_level;f_resolution_change;f_grid_resolution
ALA,Åland,country,1998,burned_area_km2,0.14,km2,K9,gfed5_annual_burned_area,measured,f_product_level;f_resolution_change;f_grid_resolution
ALA,Åland,country,1999,burned_area_km2,0.12,km2,K9,gfed5_annual_burned_area,measured,f_product_level;f_resolution_change;f_grid_resolution
ALA,Åland,country,2000,burned_area_km2,0.22,km2,K9,gfed5_annual_burned_area,measured,f_product_level;f_resolution_change;f_grid_resolution
ALA,Åland,country,2001,burned_area_km2,0.0,km2,K9,gfed5_annual_burned_area,measured,f_product_level;f_zero_no_detection
ALA,Åland,country,2002,burned_area_km2,0.0,km2,K9,gfed5_annual_burned_area,measured,f_product_level;f_zero_no_detection
ALA,Åland,country,2003,burned_area_km2,0.0,km2,K9,gfed5_annual_burned_area,measured,f_product_level;f_zero_no_detection
ALA,Åland,country,2004,burned_area_km2,0.0,km2,K9,gfed5_annual_burned_area,measured,f_product_level;f_zero_no_detection
ALA,Åland,country,2005,burned_area_km2,0.0,km2,K9,gfed5_annual_burned_area,measured,f_product_level;f_zero_no_detection
ALA,Åland,country,2006,burned_area_km2,0.0,km2,K9,gfed5_annual_burned_area,measured,f_product_level;f_zero_no_detection
ALA,Åland,country,2007,burned_area_km2,0.0,km2,K9,gfed5_annual_burned_area,measured,f_product_level;f_zero_no_detection
ALA,Åland,country,2008,burned_area_km2,0.0,km2,K9,gfed5_annual_burned_area,measured,f_product_level;f_zero_no_detection
ALA,Åland,country,2009,burned_area_km2,0.0,km2,K9,gfed5_annual_burned_area,measured,f_product_level;f_zero_no_detection
ALA,Åland,country,2010,burned_area_km2,0.0,km2,K9,gfed5_annual_burned_area,measured,f_product_level;f_zero_no_detection
ALA,Åland,country,2011,burned_area_km2,0.0,km2,K9,gfed5_annual_burned_area,measured,f_product_level;f_zero_no_detection
ALA,Åland,country,2012,burned_area_km2,0.0,km2,K9,gfed5_annual_burned_area,measured,f_product_level;f_zero_no_detection
ALA,Åland,country,2013,burned_area_km2,0.0,km2,K9,gfed5_annual_burned_area,measured,f_product_level;f_zero_no_detection
ALA,Åland,country,2014,burned_area_km2,0.0,km2,K9,gfed5_annual_burned_area,measured,f_product_level;f_zero_no_detection
ALA,Åland,country,2015,burned_area_km2,0.0,km2,K9,gfed5_annual_burned_area,measured,f_product_level;f_zero_no_detection
ALA,Åland,country,2016,burned_area_km2,0.0,km2,K9,gfed5_annual_burned_area,measured,f_product_level;f_zero_no_detection
ALA,Åland,country,2017,burned_area_km2,0.0,km2,K9,gfed5_annual_burned_area,measured,f_product_level;f_zero_no_detection
ALA,Åland,country,2018,burned_area_km2,0.64,km2,K9,gfed5_annual_burned_area,measured,f_product_level
ALA,Åland,country,2019,burned_area_km2,0.0,km2,K9,gfed5_annual_burned_area,measured,f_product_level;f_zero_no_detection
ALA,Åland,country,2020,burned_area_km2,0.0,km2,K9,gfed5_annual_burned_area,measured,f_product_level;f_zero_no_detection
ALB,Albania,country,1997,burned_area_km2,793.75,km2,K9,gfed5_annual_burned_area,measured,f_product_level;f_resolution_change
ALB,Albania,country,1998,burned_area_km2,1373.79,km2,K9,gfed5_annual_burned_area,measured,f_product_level;f_resolution_change
ALB,Albania,country,1999,burned_area_km2,922.02,km2,K9,gfed5_annual_burned_area,measured,f_product_level;f_resolution_change
ALB,Albania,country,2000,burned_area_km2,2183.02,km2,K9,gfed5_annual_burned_area,measured,f_product_level;f_resolution_change
ALB,Albania,country,2001,burned_area_km2,464.26,km2,K9,gfed5_annual_burned_area,measured,f_product_level
ALB,Albania,country,2002,burned_area_km2,86.02,km2,K9,gfed5_annual_burned_area,measured,f_product_level
ALB,Albania,country,2003,burned_area_km2,740.07,km2,K9,gfed5_annual_burned_area,measured,f_product_level
ALB,Albania,country,2004,burned_area_km2,175.26,km2,K9,gfed5_annual_burned_area,measured,f_product_level
ALB,Albania,country,2005,burned_area_km2,395.26,km2,K9,gfed5_annual_burned_area,measured,f_product_level
ALB,Albania,country,2006,burned_area_km2,160.21,km2,K9,gfed5_annual_burned_area,measured,f_product_level
ALB,Albania,country,2007,burned_area_km2,2246.32,km2,K9,gfed5_annual_burned_area,measured,f_product_level
ALB,Albania,country,2008,burned_area_km2,626.41,km2,K9,gfed5_annual_burned_area,measured,f_product_level
ALB,Albania,country,2009,burned_area_km2,340.46,km2,K9,gfed5_annual_burned_area,measured,f_product_level
ALB,Albania,country,2010,burned_area_km2,262.62,km2,K9,gfed5_annual_burned_area,measured,f_product_level
ALB,Albania,country,2011,burned_area_km2,1255.3,km2,K9,gfed5_annual_burned_area,measured,f_product_level
ALB,Albania,country,2012,burned_area_km2,1533.99,km2,K9,gfed5_annual_burned_area,measured,f_product_level
ALB,Albania,country,2013,burned_area_km2,155.63,km2,K9,gfed5_annual_burned_area,measured,f_product_level
ALB,Albania,country,2014,burned_area_km2,138.16,km2,K9,gfed5_annual_burned_area,measured,f_product_level
ALB,Albania,country,2015,burned_area_km2,290.86,km2,K9,gfed5_annual_burned_area,measured,f_product_level
ALB,Albania,country,2016,burned_area_km2,191.48,km2,K9,gfed5_annual_burned_area,measured,f_product_level
ALB,Albania,country,2017,burned_area_km2,970.76,km2,K9,gfed5_annual_burned_area,measured,f_product_level
ALB,Albania,country,2018,burned_area_km2,208.63,km2,K9,gfed5_annual_burned_area,measured,f_product_level
ALB,Albania,country,2019,burned_area_km2,529.02,km2,K9,gfed5_annual_burned_area,measured,f_product_level
ALB,Albania,country,2020,burned_area_km2,465.02,km2,K9,gfed5_annual_burned_area,measured,f_product_level
AND,Andorra,country,1997,burned_area_km2,0.68,km2,K9,gfed5_annual_burned_area,measured,f_product_level;f_resolution_change;f_grid_resolution
AND,Andorra,country,1998,burned_area_km2,2.19,km2,K9,gfed5_annual_burned_area,measured,f_product_level;f_resolution_change;f_grid_resolution
AND,Andorra,country,1999,burned_area_km2,0.89,km2,K9,gfed5_annual_burned_area,measured,f_product_level;f_resolution_change;f_grid_resolution
AND,Andorra,country,2000,burned_area_km2,1.22,km2,K9,gfed5_annual_burned_area,measured,f_product_level;f_resolution_change;f_grid_resolution
AND,Andorra,country,2001,burned_area_km2,0.0,km2,K9,gfed5_annual_burned_area,measured,f_product_level;f_grid_resolution;f_zero_no_detection
AND,Andorra,country,2002,burned_area_km2,0.0,km2,K9,gfed5_annual_burned_area,measured,f_product_level;f_grid_resolution;f_zero_no_detection
AND,Andorra,country,2003,burned_area_km2,0.88,km2,K9,gfed5_annual_burned_area,measured,f_product_level;f_grid_resolution
AND,Andorra,country,2004,burned_area_km2,0.0,km2,K9,gfed5_annual_burned_area,measured,f_product_level;f_grid_resolution;f_zero_no_detection
AND,Andorra,country,2005,burned_area_km2,0.61,km2,K9,gfed5_annual_burned_area,measured,f_product_level;f_grid_resolution
AND,Andorra,country,2006,burned_area_km2,0.0,km2,K9,gfed5_annual_burned_area,measured,f_product_level;f_grid_resolution;f_zero_no_detection
AND,Andorra,country,2007,burned_area_km2,1.18,km2,K9,gfed5_annual_burned_area,measured,f_product_level;f_grid_resolution
AND,Andorra,country,2008,burned_area_km2,0.99,km2,K9,gfed5_annual_burned_area,measured,f_product_level;f_grid_resolution
AND,Andorra,country,2009,burned_area_km2,0.45,km2,K9,gfed5_annual_burned_area,measured,f_product_level;f_grid_resolution
AND,Andorra,country,2010,burned_area_km2,0.0,km2,K9,gfed5_annual_burned_area,measured,f_product_level;f_grid_resolution;f_zero_no_detection
AND,Andorra,country,2011,burned_area_km2,0.12,km2,K9,gfed5_annual_burned_area,measured,f_product_level;f_grid_resolution
AND,Andorra,country,2012,burned_area_km2,0.0,km2,K9,gfed5_annual_burned_area,measured,f_product_level;f_grid_resolution;f_zero_no_detection
AND,Andorra,country,2013,burned_area_km2,0.0,km2,K9,gfed5_annual_burned_area,measured,f_product_level;f_grid_resolution;f_zero_no_detection
AND,Andorra,country,2014,burned_area_km2,0.48,km2,K9,gfed5_annual_burned_area,measured,f_product_level;f_grid_resolution
AND,Andorra,country,2015,burned_area_km2,0.0,km2,K9,gfed5_annual_burned_area,measured,f_product_level;f_grid_resolution;f_zero_no_detection
AND,Andorra,country,2016,burned_area_km2,1.16,km2,K9,gfed5_annual_burned_area,measured,f_product_level;f_grid_resolution
AND,Andorra,country,2017,burned_area_km2,0.93,km2,K9,gfed5_annual_burned_area,measured,f_product_level;f_grid_resolution
AND,Andorra,country,2018,burned_area_km2,0.0,km2,K9,gfed5_annual_burned_area,measured,f_product_level;f_grid_resolution;f_zero_no_detection
AND,Andorra,country,2019,burned_area_km2,0.99,km2,K9,gfed5_annual_burned_area,measured,f_product_level;f_grid_resolution
AND,Andorra,country,2020,burned_area_km2,0.72,km2,K9,gfed5_annual_burned_area,measured,f_product_level;f_grid_resolution
ARE,De forente arabiske emirater,country,1997,burned_area_km2,30.73,km2,K9,gfed5_annual_burned_area,measured,f_product_level;f_resolution_change
ARE,De forente arabiske emirater,country,1998,burned_area_km2,37.43,km2,K9,gfed5_annual_burned_area,measured,f_product_level;f_resolution_change
ARE,De forente arabiske emirater,country,1999,burned_area_km2,41.97,km2,K9,gfed5_annual_burned_area,measured,f_product_level;f_resolution_change
ARE,De forente arabiske emirater,country,2000,burned_area_km2,13.67,km2,K9,gfed5_annual_burned_area,measured,f_product_level;f_resolution_change
ARE,De forente arabiske emirater,country,2001,burned_area_km2,0.0,km2,K9,gfed5_annual_burned_area,measured,f_product_level;f_zero_no_detection
ARE,De forente arabiske emirater,country,2002,burned_area_km2,0.0,km2,K9,gfed5_annual_burned_area,measured,f_product_level;f_zero_no_detection
ARE,De forente arabiske emirater,country,2003,burned_area_km2,1.07,km2,K9,gfed5_annual_burned_area,measured,f_product_level
ARE,De forente arabiske emirater,country,2004,burned_area_km2,8.56,km2,K9,gfed5_annual_burned_area,measured,f_product_level
ARE,De forente arabiske emirater,country,2005,burned_area_km2,1.8,km2,K9,gfed5_annual_burned_area,measured,f_product_level
ARE,De forente arabiske emirater,country,2006,burned_area_km2,2.41,km2,K9,gfed5_annual_burned_area,measured,f_product_level
ARE,De forente arabiske emirater,country,2007,burned_area_km2,8.93,km2,K9,gfed5_annual_burned_area,measured,f_product_level
ARE,De forente arabiske emirater,country,2008,burned_area_km2,0.0,km2,K9,gfed5_annual_burned_area,measured,f_product_level;f_zero_no_detection
ARE,De forente arabiske emirater,country,2009,burned_area_km2,0.0,km2,K9,gfed5_annual_burned_area,measured,f_product_level;f_zero_no_detection
ARE,De forente arabiske emirater,country,2010,burned_area_km2,0.0,km2,K9,gfed5_annual_burned_area,measured,f_product_level;f_zero_no_detection
ARE,De forente arabiske emirater,country,2011,burned_area_km2,0.6,km2,K9,gfed5_annual_burned_area,measured,f_product_level
ARE,De forente arabiske emirater,country,2012,burned_area_km2,0.0,km2,K9,gfed5_annual_burned_area,measured,f_product_level;f_zero_no_detection
ARE,De forente arabiske emirater,country,2013,burned_area_km2,2.47,km2,K9,gfed5_annual_burned_area,measured,f_product_level
ARE,De forente arabiske emirater,country,2014,burned_area_km2,0.0,km2,K9,gfed5_annual_burned_area,measured,f_product_level;f_zero_no_detection
ARE,De forente arabiske emirater,country,2015,burned_area_km2,10.09,km2,K9,gfed5_annual_burned_area,measured,f_product_level
ARE,De forente arabiske emirater,country,2016,burned_area_km2,0.07,km2,K9,gfed5_annual_burned_area,measured,f_product_level
ARE,De forente arabiske emirater,country,2017,burned_area_km2,0.0,km2,K9,gfed5_annual_burned_area,measured,f_product_level;f_zero_no_detection
ARE,De forente arabiske emirater,country,2018,burned_area_km2,6.76,km2,K9,gfed5_annual_burned_area,measured,f_product_level
ARE,De forente arabiske emirater,country,2019,burned_area_km2,0.0,km2,K9,gfed5_annual_burned_area,measured,f_product_level;f_zero_no_detection
ARE,De forente arabiske emirater,country,2020,burned_area_km2,0.0,km2,K9,gfed5_annual_burned_area,measured,f_product_level;f_zero_no_detection
ARG,Argentina,country,1997,burned_area_km2,43942.43,km2,K9,gfed5_annual_burned_area,measured,f_product_level;f_resolution_change
ARG,Argentina,country,1998,burned_area_km2,45454.2,km2,K9,gfed5_annual_burned_area,measured,f_product_level;f_resolution_change
ARG,Argentina,country,1999,burned_area_km2,44632.16,km2,K9,gfed5_annual_burned_area,measured,f_product_level;f_resolution_change
ARG,Argentina,country,2000,burned_area_km2,39060.31,km2,K9,gfed5_annual_burned_area,measured,f_product_level;f_resolution_change
ARG,Argentina,country,2001,burned_area_km2,112355.38,km2,K9,gfed5_annual_burned_area,measured,f_product_level
ARG,Argentina,country,2002,burned_area_km2,88373.28,km2,K9,gfed5_annual_burned_area,measured,f_product_level
ARG,Argentina,country,2003,burned_area_km2,128172.88,km2,K9,gfed5_annual_burned_area,measured,f_product_level
ARG,Argentina,country,2004,burned_area_km2,103897.13,km2,K9,gfed5_annual_burned_area,measured,f_product_level
ARG,Argentina,country,2005,burned_area_km2,76662.47,km2,K9,gfed5_annual_burned_area,measured,f_product_level
ARG,Argentina,country,2006,burned_area_km2,87993.17,km2,K9,gfed5_annual_burned_area,measured,f_product_level
ARG,Argentina,country,2007,burned_area_km2,80914.4,km2,K9,gfed5_annual_burned_area,measured,f_product_level
ARG,Argentina,country,2008,burned_area_km2,104626.16,km2,K9,gfed5_annual_burned_area,measured,f_product_level
ARG,Argentina,country,2009,burned_area_km2,78749.37,km2,K9,gfed5_annual_burned_area,measured,f_product_level
ARG,Argentina,country,2010,burned_area_km2,61533.84,km2,K9,gfed5_annual_burned_area,measured,f_product_level
ARG,Argentina,country,2011,burned_area_km2,74802.2,km2,K9,gfed5_annual_burned_area,measured,f_product_level
ARG,Argentina,country,2012,burned_area_km2,62861.03,km2,K9,gfed5_annual_burned_area,measured,f_product_level
ARG,Argentina,country,2013,burned_area_km2,67312.66,km2,K9,gfed5_annual_burned_area,measured,f_product_level
ARG,Argentina,country,2014,burned_area_km2,41629.29,km2,K9,gfed5_annual_burned_area,measured,f_product_level
ARG,Argentina,country,2015,burned_area_km2,51126.8,km2,K9,gfed5_annual_burned_area,measured,f_product_level
ARG,Argentina,country,2016,burned_area_km2,61509.29,km2,K9,gfed5_annual_burned_area,measured,f_product_level
ARG,Argentina,country,2017,burned_area_km2,74943.95,km2,K9,gfed5_annual_burned_area,measured,f_product_level
ARG,Argentina,country,2018,burned_area_km2,65151.32,km2,K9,gfed5_annual_burned_area,measured,f_product_level
ARG,Argentina,country,2019,burned_area_km2,53637.93,km2,K9,gfed5_annual_burned_area,measured,f_product_level
ARG,Argentina,country,2020,burned_area_km2,110576.98,km2,K9,gfed5_annual_burned_area,measured,f_product_level
ARM,Armenia,country,1997,burned_area_km2,202.52,km2,K9,gfed5_annual_burned_area,measured,f_product_level;f_resolution_change
ARM,Armenia,country,1998,burned_area_km2,230.54,km2,K9,gfed5_annual_burned_area,measured,f_product_level;f_resolution_change
ARM,Armenia,country,1999,burned_area_km2,172.01,km2,K9,gfed5_annual_burned_area,measured,f_product_level;f_resolution_change
ARM,Armenia,country,2000,burned_area_km2,212.29,km2,K9,gfed5_annual_burned_area,measured,f_product_level;f_resolution_change
ARM,Armenia,country,2001,burned_area_km2,540.01,km2,K9,gfed5_annual_burned_area,measured,f_product_level
ARM,Armenia,country,2002,burned_area_km2,408.7,km2,K9,gfed5_annual_burned_area,measured,f_product_level
ARM,Armenia,country,2003,burned_area_km2,197.99,km2,K9,gfed5_annual_burned_area,measured,f_product_level
ARM,Armenia,country,2004,burned_area_km2,760.81,km2,K9,gfed5_annual_burned_area,measured,f_product_level
ARM,Armenia,country,2005,burned_area_km2,511.9,km2,K9,gfed5_annual_burned_area,measured,f_product_level
ARM,Armenia,country,2006,burned_area_km2,397.22,km2,K9,gfed5_annual_burned_area,measured,f_product_level
ARM,Armenia,country,2007,burned_area_km2,170.24,km2,K9,gfed5_annual_burned_area,measured,f_product_level
ARM,Armenia,country,2008,burned_area_km2,666.99,km2,K9,gfed5_annual_burned_area,measured,f_product_level
ARM,Armenia,country,2009,burned_area_km2,182.36,km2,K9,gfed5_annual_burned_area,measured,f_product_level
ARM,Armenia,country,2010,burned_area_km2,1821.87,km2,K9,gfed5_annual_burned_area,measured,f_product_level
ARM,Armenia,country,2011,burned_area_km2,452.9,km2,K9,gfed5_annual_burned_area,measured,f_product_level
ARM,Armenia,country,2012,burned_area_km2,641.06,km2,K9,gfed5_annual_burned_area,measured,f_product_level
ARM,Armenia,country,2013,burned_area_km2,887.46,km2,K9,gfed5_annual_burned_area,measured,f_product_level
ARM,Armenia,country,2014,burned_area_km2,455.27,km2,K9,gfed5_annual_burned_area,measured,f_product_level
ARM,Armenia,country,2015,burned_area_km2,346.59,km2,K9,gfed5_annual_burned_area,measured,f_product_level
ARM,Armenia,country,2016,burned_area_km2,662.5,km2,K9,gfed5_annual_burned_area,measured,f_product_level
ARM,Armenia,country,2017,burned_area_km2,772.14,km2,K9,gfed5_annual_burned_area,measured,f_product_level
ARM,Armenia,country,2018,burned_area_km2,868.37,km2,K9,gfed5_annual_burned_area,measured,f_product_level
ARM,Armenia,country,2019,burned_area_km2,719.25,km2,K9,gfed5_annual_burned_area,measured,f_product_level
ARM,Armenia,country,2020,burned_area_km2,191.24,km2,K9,gfed5_annual_burned_area,measured,f_product_level
ASM,Amerikansk Samoa,country,1997,burned_area_km2,0.0,km2,K9,gfed5_annual_burned_area,measured,f_product_level;f_resolution_change;f_grid_resolution;f_zero_no_detection
ASM,Amerikansk Samoa,country,1998,burned_area_km2,0.0,km2,K9,gfed5_annual_burned_area,measured,f_product_level;f_resolution_change;f_grid_resolution;f_zero_no_detection
ASM,Amerikansk Samoa,country,1999,burned_area_km2,0.0,km2,K9,gfed5_annual_burned_area,measured,f_product_level;f_resolution_change;f_grid_resolution;f_zero_no_detection
ASM,Amerikansk Samoa,country,2000,burned_area_km2,0.0,km2,K9,gfed5_annual_burned_area,measured,f_product_level;f_resolution_change;f_grid_resolution;f_zero_no_detection
ASM,Amerikansk Samoa,country,2001,burned_area_km2,0.0,km2,K9,gfed5_annual_burned_area,measured,f_product_level;f_grid_resolution;f_zero_no_detection
ASM,Amerikansk Samoa,country,2002,burned_area_km2,0.0,km2,K9,gfed5_annual_burned_area,measured,f_product_level;f_grid_resolution;f_zero_no_detection
ASM,Amerikansk Samoa,country,2003,burned_area_km2,0.0,km2,K9,gfed5_annual_burned_area,measured,f_product_level;f_grid_resolution;f_zero_no_detection
ASM,Amerikansk Samoa,country,2004,burned_area_km2,0.0,km2,K9,gfed5_annual_burned_area,measured,f_product_level;f_grid_resolution;f_zero_no_detection
ASM,Amerikansk Samoa,country,2005,burned_area_km2,0.0,km2,K9,gfed5_annual_burned_area,measured,f_product_level;f_grid_resolution;f_zero_no_detection
ASM,Amerikansk Samoa,country,2006,burned_area_km2,0.0,km2,K9,gfed5_annual_burned_area,measured,f_product_level;f_grid_resolution;f_zero_no_detection
ASM,Amerikansk Samoa,country,2007,burned_area_km2,1.76,km2,K9,gfed5_annual_burned_area,measured,f_product_level;f_grid_resolution
ASM,Amerikansk Samoa,country,2008,burned_area_km2,0.0,km2,K9,gfed5_annual_burned_area,measured,f_product_level;f_grid_resolution;f_zero_no_detection
ASM,Amerikansk Samoa,country,2009,burned_area_km2,0.0,km2,K9,gfed5_annual_burned_area,measured,f_product_level;f_grid_resolution;f_zero_no_detection
ASM,Amerikansk Samoa,country,2010,burned_area_km2,1.72,km2,K9,gfed5_annual_burned_area,measured,f_product_level;f_grid_resolution
ASM,Amerikansk Samoa,country,2011,burned_area_km2,2.73,km2,K9,gfed5_annual_burned_area,measured,f_product_level;f_grid_resolution
ASM,Amerikansk Samoa,country,2012,burned_area_km2,2.73,km2,K9,gfed5_annual_burned_area,measured,f_product_level;f_grid_resolution
ASM,Amerikansk Samoa,country,2013,burned_area_km2,0.0,km2,K9,gfed5_annual_burned_area,measured,f_product_level;f_grid_resolution;f_zero_no_detection
ASM,Amerikansk Samoa,country,2014,burned_area_km2,1.76,km2,K9,gfed5_annual_burned_area,measured,f_product_level;f_grid_resolution
ASM,Amerikansk Samoa,country,2015,burned_area_km2,0.0,km2,K9,gfed5_annual_burned_area,measured,f_product_level;f_grid_resolution;f_zero_no_detection
ASM,Amerikansk Samoa,country,2016,burned_area_km2,2.84,km2,K9,gfed5_annual_burned_area,measured,f_product_level;f_grid_resolution
ASM,Amerikansk Samoa,country,2017,burned_area_km2,1.08,km2,K9,gfed5_annual_burned_area,measured,f_product_level;f_grid_resolution
ASM,Amerikansk Samoa,country,2018,burned_area_km2,1.76,km2,K9,gfed5_annual_burned_area,measured,f_product_level;f_grid_resolution
ASM,Amerikansk Samoa,country,2019,burned_area_km2,0.0,km2,K9,gfed5_annual_burned_area,measured,f_product_level;f_grid_resolution;f_zero_no_detection
ASM,Amerikansk Samoa,country,2020,burned_area_km2,0.0,km2,K9,gfed5_annual_burned_area,measured,f_product_level;f_grid_resolution;f_zero_no_detection
ATF,De franske sørterritorier,country,1997,burned_area_km2,0.0,km2,K9,gfed5_annual_burned_area,measured,f_product_level;f_resolution_change;f_grid_resolution;f_zero_no_detection
ATF,De franske sørterritorier,country,1998,burned_area_km2,0.0,km2,K9,gfed5_annual_burned_area,measured,f_product_level;f_resolution_change;f_grid_resolution;f_zero_no_detection
ATF,De franske sørterritorier,country,1999,burned_area_km2,0.0,km2,K9,gfed5_annual_burned_area,measured,f_product_level;f_resolution_change;f_grid_resolution;f_zero_no_detection
ATF,De franske sørterritorier,country,2000,burned_area_km2,0.0,km2,K9,gfed5_annual_burned_area,measured,f_product_level;f_resolution_change;f_grid_resolution;f_zero_no_detection
ATF,De franske sørterritorier,country,2001,burned_area_km2,0.0,km2,K9,gfed5_annual_burned_area,measured,f_product_level;f_zero_no_detection
ATF,De franske sørterritorier,country,2002,burned_area_km2,0.0,km2,K9,gfed5_annual_burned_area,measured,f_product_level;f_zero_no_detection
ATF,De franske sørterritorier,country,2003,burned_area_km2,0.0,km2,K9,gfed5_annual_burned_area,measured,f_product_level;f_zero_no_detection
ATF,De franske sørterritorier,country,2004,burned_area_km2,0.0,km2,K9,gfed5_annual_burned_area,measured,f_product_level;f_zero_no_detection
ATF,De franske sørterritorier,country,2005,burned_area_km2,0.0,km2,K9,gfed5_annual_burned_area,measured,f_product_level;f_zero_no_detection
ATF,De franske sørterritorier,country,2006,burned_area_km2,0.0,km2,K9,gfed5_annual_burned_area,measured,f_product_level;f_zero_no_detection
ATF,De franske sørterritorier,country,2007,burned_area_km2,0.0,km2,K9,gfed5_annual_burned_area,measured,f_product_level;f_zero_no_detection
ATF,De franske sørterritorier,country,2008,burned_area_km2,0.0,km2,K9,gfed5_annual_burned_area,measured,f_product_level;f_zero_no_detection
ATF,De franske sørterritorier,country,2009,burned_area_km2,0.0,km2,K9,gfed5_annual_burned_area,measured,f_product_level;f_zero_no_detection
ATF,De franske sørterritorier,country,2010,burned_area_km2,0.0,km2,K9,gfed5_annual_burned_area,measured,f_product_level;f_zero_no_detection
ATF,De franske sørterritorier,country,2011,burned_area_km2,0.0,km2,K9,gfed5_annual_burned_area,measured,f_product_level;f_zero_no_detection
ATF,De franske sørterritorier,country,2012,burned_area_km2,0.0,km2,K9,gfed5_annual_burned_area,measured,f_product_level;f_zero_no_detection
ATF,De franske sørterritorier,country,2013,burned_area_km2,0.0,km2,K9,gfed5_annual_burned_area,measured,f_product_level;f_zero_no_detection
ATF,De franske sørterritorier,country,2014,burned_area_km2,0.0,km2,K9,gfed5_annual_burned_area,measured,f_product_level;f_zero_no_detection
ATF,De franske sørterritorier,country,2015,burned_area_km2,0.0,km2,K9,gfed5_annual_burned_area,measured,f_product_level;f_zero_no_detection
ATF,De franske sørterritorier,country,2016,burned_area_km2,0.0,km2,K9,gfed5_annual_burned_area,measured,f_product_level;f_zero_no_detection
ATF,De franske sørterritorier,country,2017,burned_area_km2,0.0,km2,K9,gfed5_annual_burned_area,measured,f_product_level;f_zero_no_detection
ATF,De franske sørterritorier,country,2018,burned_area_km2,0.0,km2,K9,gfed5_annual_burned_area,measured,f_product_level;f_zero_no_detection
ATF,De franske sørterritorier,country,2019,burned_area_km2,0.0,km2,K9,gfed5_annual_burned_area,measured,f_product_level;f_zero_no_detection
ATF,De franske sørterritorier,country,2020,burned_area_km2,0.0,km2,K9,gfed5_annual_burned_area,measured,f_product_level;f_zero_no_detection
ATG,Antigua og Barbuda,country,1997,burned_area_km2,0.0,km2,K9,gfed5_annual_burned_area,measured,f_product_level;f_resolution_change;f_grid_resolution;f_zero_no_detection
ATG,Antigua og Barbuda,country,1998,burned_area_km2,0.0,km2,K9,gfed5_annual_burned_area,measured,f_product_level;f_resolution_change;f_grid_resolution;f_zero_no_detection
ATG,Antigua og Barbuda,country,1999,burned_area_km2,0.0,km2,K9,gfed5_annual_burned_area,measured,f_product_level;f_resolution_change;f_grid_resolution;f_zero_no_detection
ATG,Antigua og Barbuda,country,2000,burned_area_km2,0.0,km2,K9,gfed5_annual_burned_area,measured,f_product_level;f_resolution_change;f_grid_resolution;f_zero_no_detection
ATG,Antigua og Barbuda,country,2001,burned_area_km2,0.0,km2,K9,gfed5_annual_burned_area,measured,f_product_level;f_grid_resolution;f_zero_no_detection
ATG,Antigua og Barbuda,country,2002,burned_area_km2,0.0,km2,K9,gfed5_annual_burned_area,measured,f_product_level;f_grid_resolution;f_zero_no_detection
ATG,Antigua og Barbuda,country,2003,burned_area_km2,0.0,km2,K9,gfed5_annual_burned_area,measured,f_product_level;f_grid_resolution;f_zero_no_detection
ATG,Antigua og Barbuda,country,2004,burned_area_km2,0.0,km2,K9,gfed5_annual_burned_area,measured,f_product_level;f_grid_resolution;f_zero_no_detection
ATG,Antigua og Barbuda,country,2005,burned_area_km2,0.0,km2,K9,gfed5_annual_burned_area,measured,f_product_level;f_grid_resolution;f_zero_no_detection
ATG,Antigua og Barbuda,country,2006,burned_area_km2,0.0,km2,K9,gfed5_annual_burned_area,measured,f_product_level;f_grid_resolution;f_zero_no_detection
ATG,Antigua og Barbuda,country,2007,burned_area_km2,0.0,km2,K9,gfed5_annual_burned_area,measured,f_product_level;f_grid_resolution;f_zero_no_detection
ATG,Antigua og Barbuda,country,2008,burned_area_km2,0.0,km2,K9,gfed5_annual_burned_area,measured,f_product_level;f_grid_resolution;f_zero_no_detection
ATG,Antigua og Barbuda,country,2009,burned_area_km2,0.0,km2,K9,gfed5_annual_burned_area,measured,f_product_level;f_grid_resolution;f_zero_no_detection
ATG,Antigua og Barbuda,country,2010,burned_area_km2,0.0,km2,K9,gfed5_annual_burned_area,measured,f_product_level;f_grid_resolution;f_zero_no_detection
ATG,Antigua og Barbuda,country,2011,burned_area_km2,0.0,km2,K9,gfed5_annual_burned_area,measured,f_product_level;f_grid_resolution;f_zero_no_detection
ATG,Antigua og Barbuda,country,2012,burned_area_km2,0.0,km2,K9,gfed5_annual_burned_area,measured,f_product_level;f_grid_resolution;f_zero_no_detection
ATG,Antigua og Barbuda,country,2013,burned_area_km2,0.0,km2,K9,gfed5_annual_burned_area,measured,f_product_level;f_grid_resolution;f_zero_no_detection
ATG,Antigua og Barbuda,country,2014,burned_area_km2,0.0,km2,K9,gfed5_annual_burned_area,measured,f_product_level;f_grid_resolution;f_zero_no_detection
ATG,Antigua og Barbuda,country,2015,burned_area_km2,0.0,km2,K9,gfed5_annual_burned_area,measured,f_product_level;f_grid_resolution;f_zero_no_detection
ATG,Antigua og Barbuda,country,2016,burned_area_km2,0.0,km2,K9,gfed5_annual_burned_area,measured,f_product_level;f_grid_resolution;f_zero_no_detection
ATG,Antigua og Barbuda,country,2017,burned_area_km2,0.0,km2,K9,gfed5_annual_burned_area,measured,f_product_level;f_grid_resolution;f_zero_no_detection
ATG,Antigua og Barbuda,country,2018,burned_area_km2,0.0,km2,K9,gfed5_annual_burned_area,measured,f_product_level;f_grid_resolution;f_zero_no_detection
ATG,Antigua og Barbuda,country,2019,burned_area_km2,0.0,km2,K9,gfed5_annual_burned_area,measured,f_product_level;f_grid_resolution;f_zero_no_detection
ATG,Antigua og Barbuda,country,2020,burned_area_km2,0.0,km2,K9,gfed5_annual_burned_area,measured,f_product_level;f_grid_resolution;f_zero_no_detection
AUS,Australia,country,1997,burned_area_km2,469627.31,km2,K9,gfed5_annual_burned_area,measured,f_product_level;f_resolution_change
AUS,Australia,country,1998,burned_area_km2,471853.12,km2,K9,gfed5_annual_burned_area,measured,f_product_level;f_resolution_change
AUS,Australia,country,1999,burned_area_km2,953094.71,km2,K9,gfed5_annual_burned_area,measured,f_product_level;f_resolution_change
AUS,Australia,country,2000,burned_area_km2,1008567.94,km2,K9,gfed5_annual_burned_area,measured,f_product_level;f_resolution_change
AUS,Australia,country,2001,burned_area_km2,1135708.54,km2,K9,gfed5_annual_burned_area,measured,f_product_level
AUS,Australia,country,2002,burned_area_km2,886935.9,km2,K9,gfed5_annual_burned_area,measured,f_product_level
AUS,Australia,country,2003,burned_area_km2,398347.94,km2,K9,gfed5_annual_burned_area,measured,f_product_level
AUS,Australia,country,2004,burned_area_km2,722816.75,km2,K9,gfed5_annual_burned_area,measured,f_product_level
AUS,Australia,country,2005,burned_area_km2,363285.88,km2,K9,gfed5_annual_burned_area,measured,f_product_level
AUS,Australia,country,2006,burned_area_km2,609676.76,km2,K9,gfed5_annual_burned_area,measured,f_product_level
AUS,Australia,country,2007,burned_area_km2,582215.71,km2,K9,gfed5_annual_burned_area,measured,f_product_level
AUS,Australia,country,2008,burned_area_km2,378552.21,km2,K9,gfed5_annual_burned_area,measured,f_product_level
AUS,Australia,country,2009,burned_area_km2,483701.85,km2,K9,gfed5_annual_burned_area,measured,f_product_level
AUS,Australia,country,2010,burned_area_km2,278169.87,km2,K9,gfed5_annual_burned_area,measured,f_product_level
AUS,Australia,country,2011,burned_area_km2,908884.64,km2,K9,gfed5_annual_burned_area,measured,f_product_level
AUS,Australia,country,2012,burned_area_km2,773436.06,km2,K9,gfed5_annual_burned_area,measured,f_product_level
AUS,Australia,country,2013,burned_area_km2,372871.35,km2,K9,gfed5_annual_burned_area,measured,f_product_level
AUS,Australia,country,2014,burned_area_km2,526718.29,km2,K9,gfed5_annual_burned_area,measured,f_product_level
AUS,Australia,country,2015,burned_area_km2,513894.25,km2,K9,gfed5_annual_burned_area,measured,f_product_level
AUS,Australia,country,2016,burned_area_km2,349415.32,km2,K9,gfed5_annual_burned_area,measured,f_product_level
AUS,Australia,country,2017,burned_area_km2,623943.01,km2,K9,gfed5_annual_burned_area,measured,f_product_level
AUS,Australia,country,2018,burned_area_km2,600445.89,km2,K9,gfed5_annual_burned_area,measured,f_product_level
AUS,Australia,country,2019,burned_area_km2,403882.53,km2,K9,gfed5_annual_burned_area,measured,f_product_level
AUS,Australia,country,2020,burned_area_km2,274437.2,km2,K9,gfed5_annual_burned_area,measured,f_product_level
AUT,Østerrike,country,1997,burned_area_km2,131.86,km2,K9,gfed5_annual_burned_area,measured,f_product_level;f_resolution_change
AUT,Østerrike,country,1998,burned_area_km2,84.26,km2,K9,gfed5_annual_burned_area,measured,f_product_level;f_resolution_change
AUT,Østerrike,country,1999,burned_area_km2,61.56,km2,K9,gfed5_annual_burned_area,measured,f_product_level;f_resolution_change
AUT,Østerrike,country,2000,burned_area_km2,94.25,km2,K9,gfed5_annual_burned_area,measured,f_product_level;f_resolution_change
AUT,Østerrike,country,2001,burned_area_km2,128.07,km2,K9,gfed5_annual_burned_area,measured,f_product_level
AUT,Østerrike,country,2002,burned_area_km2,66.74,km2,K9,gfed5_annual_burned_area,measured,f_product_level
AUT,Østerrike,country,2003,burned_area_km2,80.07,km2,K9,gfed5_annual_burned_area,measured,f_product_level
AUT,Østerrike,country,2004,burned_area_km2,69.7,km2,K9,gfed5_annual_burned_area,measured,f_product_level
AUT,Østerrike,country,2005,burned_area_km2,82.16,km2,K9,gfed5_annual_burned_area,measured,f_product_level
AUT,Østerrike,country,2006,burned_area_km2,60.43,km2,K9,gfed5_annual_burned_area,measured,f_product_level
AUT,Østerrike,country,2007,burned_area_km2,72.89,km2,K9,gfed5_annual_burned_area,measured,f_product_level
AUT,Østerrike,country,2008,burned_area_km2,68.1,km2,K9,gfed5_annual_burned_area,measured,f_product_level
AUT,Østerrike,country,2009,burned_area_km2,33.43,km2,K9,gfed5_annual_burned_area,measured,f_product_level
AUT,Østerrike,country,2010,burned_area_km2,44.76,km2,K9,gfed5_annual_burned_area,measured,f_product_level
AUT,Østerrike,country,2011,burned_area_km2,52.19,km2,K9,gfed5_annual_burned_area,measured,f_product_level
AUT,Østerrike,country,2012,burned_area_km2,39.46,km2,K9,gfed5_annual_burned_area,measured,f_product_level
AUT,Østerrike,country,2013,burned_area_km2,24.65,km2,K9,gfed5_annual_burned_area,measured,f_product_level
AUT,Østerrike,country,2014,burned_area_km2,22.94,km2,K9,gfed5_annual_burned_area,measured,f_product_level
AUT,Østerrike,country,2015,burned_area_km2,44.83,km2,K9,gfed5_annual_burned_area,measured,f_product_level
AUT,Østerrike,country,2016,burned_area_km2,20.51,km2,K9,gfed5_annual_burned_area,measured,f_product_level
AUT,Østerrike,country,2017,burned_area_km2,20.4,km2,K9,gfed5_annual_burned_area,measured,f_product_level
AUT,Østerrike,country,2018,burned_area_km2,18.61,km2,K9,gfed5_annual_burned_area,measured,f_product_level
AUT,Østerrike,country,2019,burned_area_km2,48.02,km2,K9,gfed5_annual_burned_area,measured,f_product_level
AUT,Østerrike,country,2020,burned_area_km2,35.94,km2,K9,gfed5_annual_burned_area,measured,f_product_level
AZE,Aserbajdsjan,country,1997,burned_area_km2,1079.35,km2,K9,gfed5_annual_burned_area,measured,f_product_level;f_resolution_change
AZE,Aserbajdsjan,country,1998,burned_area_km2,1384.68,km2,K9,gfed5_annual_burned_area,measured,f_product_level;f_resolution_change
AZE,Aserbajdsjan,country,1999,burned_area_km2,939.69,km2,K9,gfed5_annual_burned_area,measured,f_product_level;f_resolution_change
AZE,Aserbajdsjan,country,2000,burned_area_km2,1493.3,km2,K9,gfed5_annual_burned_area,measured,f_product_level;f_resolution_change
AZE,Aserbajdsjan,country,2001,burned_area_km2,4392.68,km2,K9,gfed5_annual_burned_area,measured,f_product_level
AZE,Aserbajdsjan,country,2002,burned_area_km2,3669.8,km2,K9,gfed5_annual_burned_area,measured,f_product_level
AZE,Aserbajdsjan,country,2003,burned_area_km2,3250.97,km2,K9,gfed5_annual_burned_area,measured,f_product_level
AZE,Aserbajdsjan,country,2004,burned_area_km2,4713.53,km2,K9,gfed5_annual_burned_area,measured,f_product_level
AZE,Aserbajdsjan,country,2005,burned_area_km2,2337.99,km2,K9,gfed5_annual_burned_area,measured,f_product_level
AZE,Aserbajdsjan,country,2006,burned_area_km2,3375.45,km2,K9,gfed5_annual_burned_area,measured,f_product_level
AZE,Aserbajdsjan,country,2007,burned_area_km2,2379.82,km2,K9,gfed5_annual_burned_area,measured,f_product_level
AZE,Aserbajdsjan,country,2008,burned_area_km2,1967.14,km2,K9,gfed5_annual_burned_area,measured,f_product_level
AZE,Aserbajdsjan,country,2009,burned_area_km2,1901.17,km2,K9,gfed5_annual_burned_area,measured,f_product_level
AZE,Aserbajdsjan,country,2010,burned_area_km2,3471.19,km2,K9,gfed5_annual_burned_area,measured,f_product_level
AZE,Aserbajdsjan,country,2011,burned_area_km2,3002.31,km2,K9,gfed5_annual_burned_area,measured,f_product_level
AZE,Aserbajdsjan,country,2012,burned_area_km2,2171.37,km2,K9,gfed5_annual_burned_area,measured,f_product_level
AZE,Aserbajdsjan,country,2013,burned_area_km2,2635.56,km2,K9,gfed5_annual_burned_area,measured,f_product_level
AZE,Aserbajdsjan,country,2014,burned_area_km2,1574.02,km2,K9,gfed5_annual_burned_area,measured,f_product_level
AZE,Aserbajdsjan,country,2015,burned_area_km2,4658.1,km2,K9,gfed5_annual_burned_area,measured,f_product_level
AZE,Aserbajdsjan,country,2016,burned_area_km2,3083.6,km2,K9,gfed5_annual_burned_area,measured,f_product_level
AZE,Aserbajdsjan,country,2017,burned_area_km2,3199.5,km2,K9,gfed5_annual_burned_area,measured,f_product_level
AZE,Aserbajdsjan,country,2018,burned_area_km2,2497.93,km2,K9,gfed5_annual_burned_area,measured,f_product_level
AZE,Aserbajdsjan,country,2019,burned_area_km2,3709.61,km2,K9,gfed5_annual_burned_area,measured,f_product_level
AZE,Aserbajdsjan,country,2020,burned_area_km2,1842.2,km2,K9,gfed5_annual_burned_area,measured,f_product_level
BDI,Burundi,country,1997,burned_area_km2,7412.11,km2,K9,gfed5_annual_burned_area,measured,f_product_level;f_resolution_change
BDI,Burundi,country,1998,burned_area_km2,8273.51,km2,K9,gfed5_annual_burned_area,measured,f_product_level;f_resolution_change
BDI,Burundi,country,1999,burned_area_km2,5822.11,km2,K9,gfed5_annual_burned_area,measured,f_product_level;f_resolution_change
BDI,Burundi,country,2000,burned_area_km2,6993.38,km2,K9,gfed5_annual_burned_area,measured,f_product_level;f_resolution_change
BDI,Burundi,country,2001,burned_area_km2,3066.83,km2,K9,gfed5_annual_burned_area,measured,f_product_level
BDI,Burundi,country,2002,burned_area_km2,8134.33,km2,K9,gfed5_annual_burned_area,measured,f_product_level
BDI,Burundi,country,2003,burned_area_km2,3440.45,km2,K9,gfed5_annual_burned_area,measured,f_product_level
BDI,Burundi,country,2004,burned_area_km2,4175.84,km2,K9,gfed5_annual_burned_area,measured,f_product_level
BDI,Burundi,country,2005,burned_area_km2,3010.61,km2,K9,gfed5_annual_burned_area,measured,f_product_level
BDI,Burundi,country,2006,burned_area_km2,1365.04,km2,K9,gfed5_annual_burned_area,measured,f_product_level
BDI,Burundi,country,2007,burned_area_km2,1422.15,km2,K9,gfed5_annual_burned_area,measured,f_product_level
BDI,Burundi,country,2008,burned_area_km2,2006.97,km2,K9,gfed5_annual_burned_area,measured,f_product_level
BDI,Burundi,country,2009,burned_area_km2,1821.4,km2,K9,gfed5_annual_burned_area,measured,f_product_level
BDI,Burundi,country,2010,burned_area_km2,2989.85,km2,K9,gfed5_annual_burned_area,measured,f_product_level
BDI,Burundi,country,2011,burned_area_km2,1020.06,km2,K9,gfed5_annual_burned_area,measured,f_product_level
BDI,Burundi,country,2012,burned_area_km2,1285.26,km2,K9,gfed5_annual_burned_area,measured,f_product_level
BDI,Burundi,country,2013,burned_area_km2,1851.72,km2,K9,gfed5_annual_burned_area,measured,f_product_level
BDI,Burundi,country,2014,burned_area_km2,1300.62,km2,K9,gfed5_annual_burned_area,measured,f_product_level
BDI,Burundi,country,2015,burned_area_km2,2330.86,km2,K9,gfed5_annual_burned_area,measured,f_product_level
BDI,Burundi,country,2016,burned_area_km2,2367.67,km2,K9,gfed5_annual_burned_area,measured,f_product_level
BDI,Burundi,country,2017,burned_area_km2,1151.08,km2,K9,gfed5_annual_burned_area,measured,f_product_level
BDI,Burundi,country,2018,burned_area_km2,975.72,km2,K9,gfed5_annual_burned_area,measured,f_product_level
BDI,Burundi,country,2019,burned_area_km2,1345.71,km2,K9,gfed5_annual_burned_area,measured,f_product_level
BDI,Burundi,country,2020,burned_area_km2,1868.76,km2,K9,gfed5_annual_burned_area,measured,f_product_level
BEL,Belgia,country,1997,burned_area_km2,160.35,km2,K9,gfed5_annual_burned_area,measured,f_product_level;f_resolution_change
BEL,Belgia,country,1998,burned_area_km2,160.22,km2,K9,gfed5_annual_burned_area,measured,f_product_level;f_resolution_change
BEL,Belgia,country,1999,burned_area_km2,140.43,km2,K9,gfed5_annual_burned_area,measured,f_product_level;f_resolution_change
BEL,Belgia,country,2000,burned_area_km2,236.31,km2,K9,gfed5_annual_burned_area,measured,f_product_level;f_resolution_change
BEL,Belgia,country,2001,burned_area_km2,50.74,km2,K9,gfed5_annual_burned_area,measured,f_product_level
BEL,Belgia,country,2002,burned_area_km2,91.62,km2,K9,gfed5_annual_burned_area,measured,f_product_level
BEL,Belgia,country,2003,burned_area_km2,150.24,km2,K9,gfed5_annual_burned_area,measured,f_product_level
BEL,Belgia,country,2004,burned_area_km2,86.34,km2,K9,gfed5_annual_burned_area,measured,f_product_level
BEL,Belgia,country,2005,burned_area_km2,74.91,km2,K9,gfed5_annual_burned_area,measured,f_product_level
BEL,Belgia,country,2006,burned_area_km2,73.66,km2,K9,gfed5_annual_burned_area,measured,f_product_level
BEL,Belgia,country,2007,burned_area_km2,85.02,km2,K9,gfed5_annual_burned_area,measured,f_product_level
BEL,Belgia,country,2008,burned_area_km2,53.29,km2,K9,gfed5_annual_burned_area,measured,f_product_level
BEL,Belgia,country,2009,burned_area_km2,92.24,km2,K9,gfed5_annual_burned_area,measured,f_product_level
BEL,Belgia,country,2010,burned_area_km2,44.08,km2,K9,gfed5_annual_burned_area,measured,f_product_level
BEL,Belgia,country,2011,burned_area_km2,75.93,km2,K9,gfed5_annual_burned_area,measured,f_product_level
BEL,Belgia,country,2012,burned_area_km2,88.28,km2,K9,gfed5_annual_burned_area,measured,f_product_level
BEL,Belgia,country,2013,burned_area_km2,53.45,km2,K9,gfed5_annual_burned_area,measured,f_product_level
BEL,Belgia,country,2014,burned_area_km2,52.89,km2,K9,gfed5_annual_burned_area,measured,f_product_level
BEL,Belgia,country,2015,burned_area_km2,90.32,km2,K9,gfed5_annual_burned_area,measured,f_product_level
BEL,Belgia,country,2016,burned_area_km2,71.97,km2,K9,gfed5_annual_burned_area,measured,f_product_level
BEL,Belgia,country,2017,burned_area_km2,61.96,km2,K9,gfed5_annual_burned_area,measured,f_product_level
BEL,Belgia,country,2018,burned_area_km2,58.03,km2,K9,gfed5_annual_burned_area,measured,f_product_level
BEL,Belgia,country,2019,burned_area_km2,68.83,km2,K9,gfed5_annual_burned_area,measured,f_product_level
BEL,Belgia,country,2020,burned_area_km2,111.68,km2,K9,gfed5_annual_burned_area,measured,f_product_level
BEN,Benin,country,1997,burned_area_km2,26205.46,km2,K9,gfed5_annual_burned_area,measured,f_product_level;f_resolution_change
BEN,Benin,country,1998,burned_area_km2,64548.43,km2,K9,gfed5_annual_burned_area,measured,f_product_level;f_resolution_change
BEN,Benin,country,1999,burned_area_km2,52022.49,km2,K9,gfed5_annual_burned_area,measured,f_product_level;f_resolution_change
BEN,Benin,country,2000,burned_area_km2,59031.09,km2,K9,gfed5_annual_burned_area,measured,f_product_level;f_resolution_change
BEN,Benin,country,2001,burned_area_km2,63973.43,km2,K9,gfed5_annual_burned_area,measured,f_product_level
BEN,Benin,country,2002,burned_area_km2,63059.2,km2,K9,gfed5_annual_burned_area,measured,f_product_level
BEN,Benin,country,2003,burned_area_km2,67777.94,km2,K9,gfed5_annual_burned_area,measured,f_product_level
BEN,Benin,country,2004,burned_area_km2,73732.43,km2,K9,gfed5_annual_burned_area,measured,f_product_level
BEN,Benin,country,2005,burned_area_km2,69374.17,km2,K9,gfed5_annual_burned_area,measured,f_product_level
BEN,Benin,country,2006,burned_area_km2,58909.49,km2,K9,gfed5_annual_burned_area,measured,f_product_level
BEN,Benin,country,2007,burned_area_km2,65748.13,km2,K9,gfed5_annual_burned_area,measured,f_product_level
BEN,Benin,country,2008,burned_area_km2,69473.42,km2,K9,gfed5_annual_burned_area,measured,f_product_level
BEN,Benin,country,2009,burned_area_km2,61299.88,km2,K9,gfed5_annual_burned_area,measured,f_product_level
BEN,Benin,country,2010,burned_area_km2,56073.01,km2,K9,gfed5_annual_burned_area,measured,f_product_level
BEN,Benin,country,2011,burned_area_km2,56312.72,km2,K9,gfed5_annual_burned_area,measured,f_product_level
BEN,Benin,country,2012,burned_area_km2,54975.86,km2,K9,gfed5_annual_burned_area,measured,f_product_level
BEN,Benin,country,2013,burned_area_km2,55261.0,km2,K9,gfed5_annual_burned_area,measured,f_product_level
BEN,Benin,country,2014,burned_area_km2,46029.53,km2,K9,gfed5_annual_burned_area,measured,f_product_level
BEN,Benin,country,2015,burned_area_km2,44786.67,km2,K9,gfed5_annual_burned_area,measured,f_product_level
BEN,Benin,country,2016,burned_area_km2,41056.82,km2,K9,gfed5_annual_burned_area,measured,f_product_level
BEN,Benin,country,2017,burned_area_km2,44711.49,km2,K9,gfed5_annual_burned_area,measured,f_product_level
BEN,Benin,country,2018,burned_area_km2,36868.69,km2,K9,gfed5_annual_burned_area,measured,f_product_level
BEN,Benin,country,2019,burned_area_km2,34211.03,km2,K9,gfed5_annual_burned_area,measured,f_product_level
BEN,Benin,country,2020,burned_area_km2,33681.43,km2,K9,gfed5_annual_burned_area,measured,f_product_level
BES,"Bonaire, Sint Eustatius og Saba",country,1997,burned_area_km2,0.0,km2,K9,gfed5_annual_burned_area,measured,f_product_level;f_resolution_change;f_grid_resolution;f_zero_no_detection
BES,"Bonaire, Sint Eustatius og Saba",country,1998,burned_area_km2,0.0,km2,K9,gfed5_annual_burned_area,measured,f_product_level;f_resolution_change;f_grid_resolution;f_zero_no_detection
BES,"Bonaire, Sint Eustatius og Saba",country,1999,burned_area_km2,3.73,km2,K9,gfed5_annual_burned_area,measured,f_product_level;f_resolution_change;f_grid_resolution
BES,"Bonaire, Sint Eustatius og Saba",country,2000,burned_area_km2,0.0,km2,K9,gfed5_annual_burned_area,measured,f_product_level;f_resolution_change;f_grid_resolution;f_zero_no_detection
BES,"Bonaire, Sint Eustatius og Saba",country,2001,burned_area_km2,0.0,km2,K9,gfed5_annual_burned_area,measured,f_product_level;f_grid_resolution;f_zero_no_detection
BES,"Bonaire, Sint Eustatius og Saba",country,2002,burned_area_km2,0.0,km2,K9,gfed5_annual_burned_area,measured,f_product_level;f_grid_resolution;f_zero_no_detection
BES,"Bonaire, Sint Eustatius og Saba",country,2003,burned_area_km2,0.0,km2,K9,gfed5_annual_burned_area,measured,f_product_level;f_grid_resolution;f_zero_no_detection
BES,"Bonaire, Sint Eustatius og Saba",country,2004,burned_area_km2,0.0,km2,K9,gfed5_annual_burned_area,measured,f_product_level;f_grid_resolution;f_zero_no_detection
BES,"Bonaire, Sint Eustatius og Saba",country,2005,burned_area_km2,0.0,km2,K9,gfed5_annual_burned_area,measured,f_product_level;f_grid_resolution;f_zero_no_detection
BES,"Bonaire, Sint Eustatius og Saba",country,2006,burned_area_km2,0.0,km2,K9,gfed5_annual_burned_area,measured,f_product_level;f_grid_resolution;f_zero_no_detection
BES,"Bonaire, Sint Eustatius og Saba",country,2007,burned_area_km2,0.0,km2,K9,gfed5_annual_burned_area,measured,f_product_level;f_grid_resolution;f_zero_no_detection
BES,"Bonaire, Sint Eustatius og Saba",country,2008,burned_area_km2,0.0,km2,K9,gfed5_annual_burned_area,measured,f_product_level;f_grid_resolution;f_zero_no_detection
BES,"Bonaire, Sint Eustatius og Saba",country,2009,burned_area_km2,0.0,km2,K9,gfed5_annual_burned_area,measured,f_product_level;f_grid_resolution;f_zero_no_detection
BES,"Bonaire, Sint Eustatius og Saba",country,2010,burned_area_km2,0.0,km2,K9,gfed5_annual_burned_area,measured,f_product_level;f_grid_resolution;f_zero_no_detection
BES,"Bonaire, Sint Eustatius og Saba",country,2011,burned_area_km2,0.43,km2,K9,gfed5_annual_burned_area,measured,f_product_level;f_grid_resolution
BES,"Bonaire, Sint Eustatius og Saba",country,2012,burned_area_km2,0.0,km2,K9,gfed5_annual_burned_area,measured,f_product_level;f_grid_resolution;f_zero_no_detection
BES,"Bonaire, Sint Eustatius og Saba",country,2013,burned_area_km2,0.0,km2,K9,gfed5_annual_burned_area,measured,f_product_level;f_grid_resolution;f_zero_no_detection
BES,"Bonaire, Sint Eustatius og Saba",country,2014,burned_area_km2,0.0,km2,K9,gfed5_annual_burned_area,measured,f_product_level;f_grid_resolution;f_zero_no_detection
BES,"Bonaire, Sint Eustatius og Saba",country,2015,burned_area_km2,0.0,km2,K9,gfed5_annual_burned_area,measured,f_product_level;f_grid_resolution;f_zero_no_detection
BES,"Bonaire, Sint Eustatius og Saba",country,2016,burned_area_km2,0.16,km2,K9,gfed5_annual_burned_area,measured,f_product_level;f_grid_resolution
BES,"Bonaire, Sint Eustatius og Saba",country,2017,burned_area_km2,0.0,km2,K9,gfed5_annual_burned_area,measured,f_product_level;f_grid_resolution;f_zero_no_detection
BES,"Bonaire, Sint Eustatius og Saba",country,2018,burned_area_km2,0.0,km2,K9,gfed5_annual_burned_area,measured,f_product_level;f_grid_resolution;f_zero_no_detection
BES,"Bonaire, Sint Eustatius og Saba",country,2019,burned_area_km2,0.0,km2,K9,gfed5_annual_burned_area,measured,f_product_level;f_grid_resolution;f_zero_no_detection
BES,"Bonaire, Sint Eustatius og Saba",country,2020,burned_area_km2,0.0,km2,K9,gfed5_annual_burned_area,measured,f_product_level;f_grid_resolution;f_zero_no_detection
BFA,Burkina Faso,country,1997,burned_area_km2,36948.5,km2,K9,gfed5_annual_burned_area,measured,f_product_level;f_resolution_change
BFA,Burkina Faso,country,1998,burned_area_km2,40777.84,km2,K9,gfed5_annual_burned_area,measured,f_product_level;f_resolution_change
BFA,Burkina Faso,country,1999,burned_area_km2,34681.83,km2,K9,gfed5_annual_burned_area,measured,f_product_level;f_resolution_change
BFA,Burkina Faso,country,2000,burned_area_km2,46109.34,km2,K9,gfed5_annual_burned_area,measured,f_product_level;f_resolution_change
BFA,Burkina Faso,country,2001,burned_area_km2,87508.2,km2,K9,gfed5_annual_burned_area,measured,f_product_level
BFA,Burkina Faso,country,2002,burned_area_km2,76199.46,km2,K9,gfed5_annual_burned_area,measured,f_product_level
BFA,Burkina Faso,country,2003,burned_area_km2,70234.32,km2,K9,gfed5_annual_burned_area,measured,f_product_level
BFA,Burkina Faso,country,2004,burned_area_km2,86864.4,km2,K9,gfed5_annual_burned_area,measured,f_product_level
BFA,Burkina Faso,country,2005,burned_area_km2,75818.94,km2,K9,gfed5_annual_burned_area,measured,f_product_level
BFA,Burkina Faso,country,2006,burned_area_km2,68486.41,km2,K9,gfed5_annual_burned_area,measured,f_product_level
BFA,Burkina Faso,country,2007,burned_area_km2,66326.8,km2,K9,gfed5_annual_burned_area,measured,f_product_level
BFA,Burkina Faso,country,2008,burned_area_km2,64349.33,km2,K9,gfed5_annual_burned_area,measured,f_product_level
BFA,Burkina Faso,country,2009,burned_area_km2,65973.88,km2,K9,gfed5_annual_burned_area,measured,f_product_level
BFA,Burkina Faso,country,2010,burned_area_km2,74337.83,km2,K9,gfed5_annual_burned_area,measured,f_product_level
BFA,Burkina Faso,country,2011,burned_area_km2,69987.4,km2,K9,gfed5_annual_burned_area,measured,f_product_level
BFA,Burkina Faso,country,2012,burned_area_km2,50406.8,km2,K9,gfed5_annual_burned_area,measured,f_product_level
BFA,Burkina Faso,country,2013,burned_area_km2,53441.36,km2,K9,gfed5_annual_burned_area,measured,f_product_level
BFA,Burkina Faso,country,2014,burned_area_km2,45009.86,km2,K9,gfed5_annual_burned_area,measured,f_product_level
BFA,Burkina Faso,country,2015,burned_area_km2,41726.68,km2,K9,gfed5_annual_burned_area,measured,f_product_level
BFA,Burkina Faso,country,2016,burned_area_km2,47240.78,km2,K9,gfed5_annual_burned_area,measured,f_product_level
BFA,Burkina Faso,country,2017,burned_area_km2,46862.9,km2,K9,gfed5_annual_burned_area,measured,f_product_level
BFA,Burkina Faso,country,2018,burned_area_km2,33324.19,km2,K9,gfed5_annual_burned_area,measured,f_product_level
BFA,Burkina Faso,country,2019,burned_area_km2,39908.41,km2,K9,gfed5_annual_burned_area,measured,f_product_level
BFA,Burkina Faso,country,2020,burned_area_km2,39889.48,km2,K9,gfed5_annual_burned_area,measured,f_product_level
BGD,Bangladesh,country,1997,burned_area_km2,3744.5,km2,K9,gfed5_annual_burned_area,measured,f_product_level;f_resolution_change
BGD,Bangladesh,country,1998,burned_area_km2,15940.81,km2,K9,gfed5_annual_burned_area,measured,f_product_level;f_resolution_change
BGD,Bangladesh,country,1999,burned_area_km2,17288.79,km2,K9,gfed5_annual_burned_area,measured,f_product_level;f_resolution_change
BGD,Bangladesh,country,2000,burned_area_km2,12619.87,km2,K9,gfed5_annual_burned_area,measured,f_product_level;f_resolution_change
BGD,Bangladesh,country,2001,burned_area_km2,3314.07,km2,K9,gfed5_annual_burned_area,measured,f_product_level
BGD,Bangladesh,country,2002,burned_area_km2,615.64,km2,K9,gfed5_annual_burned_area,measured,f_product_level
BGD,Bangladesh,country,2003,burned_area_km2,4330.09,km2,K9,gfed5_annual_burned_area,measured,f_product_level
BGD,Bangladesh,country,2004,burned_area_km2,4041.19,km2,K9,gfed5_annual_burned_area,measured,f_product_level
BGD,Bangladesh,country,2005,burned_area_km2,5982.35,km2,K9,gfed5_annual_burned_area,measured,f_product_level
BGD,Bangladesh,country,2006,burned_area_km2,6480.2,km2,K9,gfed5_annual_burned_area,measured,f_product_level
BGD,Bangladesh,country,2007,burned_area_km2,5233.67,km2,K9,gfed5_annual_burned_area,measured,f_product_level
BGD,Bangladesh,country,2008,burned_area_km2,5664.83,km2,K9,gfed5_annual_burned_area,measured,f_product_level
BGD,Bangladesh,country,2009,burned_area_km2,8583.72,km2,K9,gfed5_annual_burned_area,measured,f_product_level
BGD,Bangladesh,country,2010,burned_area_km2,5901.14,km2,K9,gfed5_annual_burned_area,measured,f_product_level
BGD,Bangladesh,country,2011,burned_area_km2,5175.18,km2,K9,gfed5_annual_burned_area,measured,f_product_level
BGD,Bangladesh,country,2012,burned_area_km2,6989.88,km2,K9,gfed5_annual_burned_area,measured,f_product_level
BGD,Bangladesh,country,2013,burned_area_km2,5893.43,km2,K9,gfed5_annual_burned_area,measured,f_product_level
BGD,Bangladesh,country,2014,burned_area_km2,3816.29,km2,K9,gfed5_annual_burned_area,measured,f_product_level
BGD,Bangladesh,country,2015,burned_area_km2,3333.59,km2,K9,gfed5_annual_burned_area,measured,f_product_level
BGD,Bangladesh,country,2016,burned_area_km2,4136.52,km2,K9,gfed5_annual_burned_area,measured,f_product_level
BGD,Bangladesh,country,2017,burned_area_km2,2518.83,km2,K9,gfed5_annual_burned_area,measured,f_product_level
BGD,Bangladesh,country,2018,burned_area_km2,3585.16,km2,K9,gfed5_annual_burned_area,measured,f_product_level
BGD,Bangladesh,country,2019,burned_area_km2,4007.12,km2,K9,gfed5_annual_burned_area,measured,f_product_level
BGD,Bangladesh,country,2020,burned_area_km2,4961.74,km2,K9,gfed5_annual_burned_area,measured,f_product_level
BGR,Bulgaria,country,1997,burned_area_km2,1862.41,km2,K9,gfed5_annual_burned_area,measured,f_product_level;f_resolution_change
BGR,Bulgaria,country,1998,burned_area_km2,2419.75,km2,K9,gfed5_annual_burned_area,measured,f_product_level;f_resolution_change
BGR,Bulgaria,country,1999,burned_area_km2,1886.24,km2,K9,gfed5_annual_burned_area,measured,f_product_level;f_resolution_change
BGR,Bulgaria,country,2000,burned_area_km2,3536.24,km2,K9,gfed5_annual_burned_area,measured,f_product_level;f_resolution_change
BGR,Bulgaria,country,2001,burned_area_km2,17326.85,km2,K9,gfed5_annual_burned_area,measured,f_product_level
BGR,Bulgaria,country,2002,burned_area_km2,4221.87,km2,K9,gfed5_annual_burned_area,measured,f_product_level
BGR,Bulgaria,country,2003,burned_area_km2,3743.29,km2,K9,gfed5_annual_burned_area,measured,f_product_level
BGR,Bulgaria,country,2004,burned_area_km2,8113.98,km2,K9,gfed5_annual_burned_area,measured,f_product_level
BGR,Bulgaria,country,2005,burned_area_km2,5669.84,km2,K9,gfed5_annual_burned_area,measured,f_product_level
BGR,Bulgaria,country,2006,burned_area_km2,8290.25,km2,K9,gfed5_annual_burned_area,measured,f_product_level
BGR,Bulgaria,country,2007,burned_area_km2,4054.19,km2,K9,gfed5_annual_burned_area,measured,f_product_level
BGR,Bulgaria,country,2008,burned_area_km2,5204.03,km2,K9,gfed5_annual_burned_area,measured,f_product_level
BGR,Bulgaria,country,2009,burned_area_km2,2347.14,km2,K9,gfed5_annual_burned_area,measured,f_product_level
BGR,Bulgaria,country,2010,burned_area_km2,2832.79,km2,K9,gfed5_annual_burned_area,measured,f_product_level
BGR,Bulgaria,country,2011,burned_area_km2,5482.14,km2,K9,gfed5_annual_burned_area,measured,f_product_level
BGR,Bulgaria,country,2012,burned_area_km2,5415.51,km2,K9,gfed5_annual_burned_area,measured,f_product_level
BGR,Bulgaria,country,2013,burned_area_km2,3840.28,km2,K9,gfed5_annual_burned_area,measured,f_product_level
BGR,Bulgaria,country,2014,burned_area_km2,2532.26,km2,K9,gfed5_annual_burned_area,measured,f_product_level
BGR,Bulgaria,country,2015,burned_area_km2,2528.46,km2,K9,gfed5_annual_burned_area,measured,f_product_level
BGR,Bulgaria,country,2016,burned_area_km2,3820.35,km2,K9,gfed5_annual_burned_area,measured,f_product_level
BGR,Bulgaria,country,2017,burned_area_km2,4294.58,km2,K9,gfed5_annual_burned_area,measured,f_product_level
BGR,Bulgaria,country,2018,burned_area_km2,3481.22,km2,K9,gfed5_annual_burned_area,measured,f_product_level
BGR,Bulgaria,country,2019,burned_area_km2,5799.69,km2,K9,gfed5_annual_burned_area,measured,f_product_level
BGR,Bulgaria,country,2020,burned_area_km2,1522.1,km2,K9,gfed5_annual_burned_area,measured,f_product_level
BHR,Bahrain,country,1997,burned_area_km2,0.0,km2,K9,gfed5_annual_burned_area,measured,f_product_level;f_resolution_change;f_grid_resolution;f_zero_no_detection
BHR,Bahrain,country,1998,burned_area_km2,0.0,km2,K9,gfed5_annual_burned_area,measured,f_product_level;f_resolution_change;f_grid_resolution;f_zero_no_detection
BHR,Bahrain,country,1999,burned_area_km2,0.0,km2,K9,gfed5_annual_burned_area,measured,f_product_level;f_resolution_change;f_grid_resolution;f_zero_no_detection
BHR,Bahrain,country,2000,burned_area_km2,0.0,km2,K9,gfed5_annual_burned_area,measured,f_product_level;f_resolution_change;f_grid_resolution;f_zero_no_detection
BHR,Bahrain,country,2001,burned_area_km2,0.0,km2,K9,gfed5_annual_burned_area,measured,f_product_level;f_grid_resolution;f_zero_no_detection
BHR,Bahrain,country,2002,burned_area_km2,0.0,km2,K9,gfed5_annual_burned_area,measured,f_product_level;f_grid_resolution;f_zero_no_detection
BHR,Bahrain,country,2003,burned_area_km2,0.0,km2,K9,gfed5_annual_burned_area,measured,f_product_level;f_grid_resolution;f_zero_no_detection
BHR,Bahrain,country,2004,burned_area_km2,0.0,km2,K9,gfed5_annual_burned_area,measured,f_product_level;f_grid_resolution;f_zero_no_detection
BHR,Bahrain,country,2005,burned_area_km2,0.0,km2,K9,gfed5_annual_burned_area,measured,f_product_level;f_grid_resolution;f_zero_no_detection
BHR,Bahrain,country,2006,burned_area_km2,0.0,km2,K9,gfed5_annual_burned_area,measured,f_product_level;f_grid_resolution;f_zero_no_detection
BHR,Bahrain,country,2007,burned_area_km2,0.0,km2,K9,gfed5_annual_burned_area,measured,f_product_level;f_grid_resolution;f_zero_no_detection
BHR,Bahrain,country,2008,burned_area_km2,0.0,km2,K9,gfed5_annual_burned_area,measured,f_product_level;f_grid_resolution;f_zero_no_detection
BHR,Bahrain,country,2009,burned_area_km2,0.0,km2,K9,gfed5_annual_burned_area,measured,f_product_level;f_grid_resolution;f_zero_no_detection
BHR,Bahrain,country,2010,burned_area_km2,0.0,km2,K9,gfed5_annual_burned_area,measured,f_product_level;f_grid_resolution;f_zero_no_detection
BHR,Bahrain,country,2011,burned_area_km2,0.0,km2,K9,gfed5_annual_burned_area,measured,f_product_level;f_grid_resolution;f_zero_no_detection
BHR,Bahrain,country,2012,burned_area_km2,0.0,km2,K9,gfed5_annual_burned_area,measured,f_product_level;f_grid_resolution;f_zero_no_detection
BHR,Bahrain,country,2013,burned_area_km2,0.0,km2,K9,gfed5_annual_burned_area,measured,f_product_level;f_grid_resolution;f_zero_no_detection
BHR,Bahrain,country,2014,burned_area_km2,0.0,km2,K9,gfed5_annual_burned_area,measured,f_product_level;f_grid_resolution;f_zero_no_detection
BHR,Bahrain,country,2015,burned_area_km2,0.0,km2,K9,gfed5_annual_burned_area,measured,f_product_level;f_grid_resolution;f_zero_no_detection
BHR,Bahrain,country,2016,burned_area_km2,0.0,km2,K9,gfed5_annual_burned_area,measured,f_product_level;f_grid_resolution;f_zero_no_detection
BHR,Bahrain,country,2017,burned_area_km2,0.0,km2,K9,gfed5_annual_burned_area,measured,f_product_level;f_grid_resolution;f_zero_no_detection
BHR,Bahrain,country,2018,burned_area_km2,0.0,km2,K9,gfed5_annual_burned_area,measured,f_product_level;f_grid_resolution;f_zero_no_detection
BHR,Bahrain,country,2019,burned_area_km2,0.0,km2,K9,gfed5_annual_burned_area,measured,f_product_level;f_grid_resolution;f_zero_no_detection
BHR,Bahrain,country,2020,burned_area_km2,0.0,km2,K9,gfed5_annual_burned_area,measured,f_product_level;f_grid_resolution;f_zero_no_detection
BHS,Bahamas,country,1997,burned_area_km2,372.18,km2,K9,gfed5_annual_burned_area,measured,f_product_level;f_resolution_change
BHS,Bahamas,country,1998,burned_area_km2,827.52,km2,K9,gfed5_annual_burned_area,measured,f_product_level;f_resolution_change
BHS,Bahamas,country,1999,burned_area_km2,429.15,km2,K9,gfed5_annual_burned_area,measured,f_product_level;f_resolution_change
BHS,Bahamas,country,2000,burned_area_km2,592.05,km2,K9,gfed5_annual_burned_area,measured,f_product_level;f_resolution_change
BHS,Bahamas,country,2001,burned_area_km2,133.23,km2,K9,gfed5_annual_burned_area,measured,f_product_level
BHS,Bahamas,country,2002,burned_area_km2,265.68,km2,K9,gfed5_annual_burned_area,measured,f_product_level
BHS,Bahamas,country,2003,burned_area_km2,75.35,km2,K9,gfed5_annual_burned_area,measured,f_product_level
BHS,Bahamas,country,2004,burned_area_km2,507.61,km2,K9,gfed5_annual_burned_area,measured,f_product_level
BHS,Bahamas,country,2005,burned_area_km2,321.33,km2,K9,gfed5_annual_burned_area,measured,f_product_level
BHS,Bahamas,country,2006,burned_area_km2,162.65,km2,K9,gfed5_annual_burned_area,measured,f_product_level
BHS,Bahamas,country,2007,burned_area_km2,179.08,km2,K9,gfed5_annual_burned_area,measured,f_product_level
BHS,Bahamas,country,2008,burned_area_km2,444.02,km2,K9,gfed5_annual_burned_area,measured,f_product_level
BHS,Bahamas,country,2009,burned_area_km2,216.68,km2,K9,gfed5_annual_burned_area,measured,f_product_level
BHS,Bahamas,country,2010,burned_area_km2,108.3,km2,K9,gfed5_annual_burned_area,measured,f_product_level
BHS,Bahamas,country,2011,burned_area_km2,553.22,km2,K9,gfed5_annual_burned_area,measured,f_product_level
BHS,Bahamas,country,2012,burned_area_km2,146.75,km2,K9,gfed5_annual_burned_area,measured,f_product_level
BHS,Bahamas,country,2013,burned_area_km2,428.23,km2,K9,gfed5_annual_burned_area,measured,f_product_level
BHS,Bahamas,country,2014,burned_area_km2,112.12,km2,K9,gfed5_annual_burned_area,measured,f_product_level
BHS,Bahamas,country,2015,burned_area_km2,154.33,km2,K9,gfed5_annual_burned_area,measured,f_product_level
BHS,Bahamas,country,2016,burned_area_km2,223.07,km2,K9,gfed5_annual_burned_area,measured,f_product_level
BHS,Bahamas,country,2017,burned_area_km2,462.56,km2,K9,gfed5_annual_burned_area,measured,f_product_level
BHS,Bahamas,country,2018,burned_area_km2,92.19,km2,K9,gfed5_annual_burned_area,measured,f_product_level
BHS,Bahamas,country,2019,burned_area_km2,166.11,km2,K9,gfed5_annual_burned_area,measured,f_product_level
BHS,Bahamas,country,2020,burned_area_km2,239.14,km2,K9,gfed5_annual_burned_area,measured,f_product_level
BIH,Bosnia-Hercegovina,country,1997,burned_area_km2,440.33,km2,K9,gfed5_annual_burned_area,measured,f_product_level;f_resolution_change
BIH,Bosnia-Hercegovina,country,1998,burned_area_km2,614.8,km2,K9,gfed5_annual_burned_area,measured,f_product_level;f_resolution_change
BIH,Bosnia-Hercegovina,country,1999,burned_area_km2,454.87,km2,K9,gfed5_annual_burned_area,measured,f_product_level;f_resolution_change
BIH,Bosnia-Hercegovina,country,2000,burned_area_km2,1083.77,km2,K9,gfed5_annual_burned_area,measured,f_product_level;f_resolution_change
BIH,Bosnia-Hercegovina,country,2001,burned_area_km2,488.48,km2,K9,gfed5_annual_burned_area,measured,f_product_level
BIH,Bosnia-Hercegovina,country,2002,burned_area_km2,367.87,km2,K9,gfed5_annual_burned_area,measured,f_product_level
BIH,Bosnia-Hercegovina,country,2003,burned_area_km2,1990.49,km2,K9,gfed5_annual_burned_area,measured,f_product_level
BIH,Bosnia-Hercegovina,country,2004,burned_area_km2,363.37,km2,K9,gfed5_annual_burned_area,measured,f_product_level
BIH,Bosnia-Hercegovina,country,2005,burned_area_km2,366.23,km2,K9,gfed5_annual_burned_area,measured,f_product_level
BIH,Bosnia-Hercegovina,country,2006,burned_area_km2,315.31,km2,K9,gfed5_annual_burned_area,measured,f_product_level
BIH,Bosnia-Hercegovina,country,2007,burned_area_km2,1320.54,km2,K9,gfed5_annual_burned_area,measured,f_product_level
BIH,Bosnia-Hercegovina,country,2008,burned_area_km2,780.15,km2,K9,gfed5_annual_burned_area,measured,f_product_level
BIH,Bosnia-Hercegovina,country,2009,burned_area_km2,658.94,km2,K9,gfed5_annual_burned_area,measured,f_product_level
BIH,Bosnia-Hercegovina,country,2010,burned_area_km2,210.64,km2,K9,gfed5_annual_burned_area,measured,f_product_level
BIH,Bosnia-Hercegovina,country,2011,burned_area_km2,1279.52,km2,K9,gfed5_annual_burned_area,measured,f_product_level
BIH,Bosnia-Hercegovina,country,2012,burned_area_km2,2337.44,km2,K9,gfed5_annual_burned_area,measured,f_product_level
BIH,Bosnia-Hercegovina,country,2013,burned_area_km2,256.3,km2,K9,gfed5_annual_burned_area,measured,f_product_level
BIH,Bosnia-Hercegovina,country,2014,burned_area_km2,268.26,km2,K9,gfed5_annual_burned_area,measured,f_product_level
BIH,Bosnia-Hercegovina,country,2015,burned_area_km2,661.47,km2,K9,gfed5_annual_burned_area,measured,f_product_level
BIH,Bosnia-Hercegovina,country,2016,burned_area_km2,513.3,km2,K9,gfed5_annual_burned_area,measured,f_product_level
BIH,Bosnia-Hercegovina,country,2017,burned_area_km2,1363.7,km2,K9,gfed5_annual_burned_area,measured,f_product_level
BIH,Bosnia-Hercegovina,country,2018,burned_area_km2,257.79,km2,K9,gfed5_annual_burned_area,measured,f_product_level
BIH,Bosnia-Hercegovina,country,2019,burned_area_km2,894.06,km2,K9,gfed5_annual_burned_area,measured,f_product_level
BIH,Bosnia-Hercegovina,country,2020,burned_area_km2,1149.56,km2,K9,gfed5_annual_burned_area,measured,f_product_level
BLR,Belarus,country,1997,burned_area_km2,3970.19,km2,K9,gfed5_annual_burned_area,measured,f_product_level;f_resolution_change
BLR,Belarus,country,1998,burned_area_km2,2910.71,km2,K9,gfed5_annual_burned_area,measured,f_product_level;f_resolution_change
BLR,Belarus,country,1999,burned_area_km2,2725.69,km2,K9,gfed5_annual_burned_area,measured,f_product_level;f_resolution_change
BLR,Belarus,country,2000,burned_area_km2,2874.33,km2,K9,gfed5_annual_burned_area,measured,f_product_level;f_resolution_change
BLR,Belarus,country,2001,burned_area_km2,3321.18,km2,K9,gfed5_annual_burned_area,measured,f_product_level
BLR,Belarus,country,2002,burned_area_km2,11565.71,km2,K9,gfed5_annual_burned_area,measured,f_product_level
BLR,Belarus,country,2003,burned_area_km2,4164.29,km2,K9,gfed5_annual_burned_area,measured,f_product_level
BLR,Belarus,country,2004,burned_area_km2,2941.1,km2,K9,gfed5_annual_burned_area,measured,f_product_level
BLR,Belarus,country,2005,burned_area_km2,3207.69,km2,K9,gfed5_annual_burned_area,measured,f_product_level
BLR,Belarus,country,2006,burned_area_km2,6897.13,km2,K9,gfed5_annual_burned_area,measured,f_product_level
BLR,Belarus,country,2007,burned_area_km2,3315.6,km2,K9,gfed5_annual_burned_area,measured,f_product_level
BLR,Belarus,country,2008,burned_area_km2,2607.39,km2,K9,gfed5_annual_burned_area,measured,f_product_level
BLR,Belarus,country,2009,burned_area_km2,4133.87,km2,K9,gfed5_annual_burned_area,measured,f_product_level
BLR,Belarus,country,2010,burned_area_km2,2054.1,km2,K9,gfed5_annual_burned_area,measured,f_product_level
BLR,Belarus,country,2011,burned_area_km2,992.9,km2,K9,gfed5_annual_burned_area,measured,f_product_level
BLR,Belarus,country,2012,burned_area_km2,1704.31,km2,K9,gfed5_annual_burned_area,measured,f_product_level
BLR,Belarus,country,2013,burned_area_km2,1155.23,km2,K9,gfed5_annual_burned_area,measured,f_product_level
BLR,Belarus,country,2014,burned_area_km2,3365.96,km2,K9,gfed5_annual_burned_area,measured,f_product_level
BLR,Belarus,country,2015,burned_area_km2,4009.96,km2,K9,gfed5_annual_burned_area,measured,f_product_level
BLR,Belarus,country,2016,burned_area_km2,894.83,km2,K9,gfed5_annual_burned_area,measured,f_product_level
BLR,Belarus,country,2017,burned_area_km2,1330.64,km2,K9,gfed5_annual_burned_area,measured,f_product_level
BLR,Belarus,country,2018,burned_area_km2,1559.52,km2,K9,gfed5_annual_burned_area,measured,f_product_level
BLR,Belarus,country,2019,burned_area_km2,2568.17,km2,K9,gfed5_annual_burned_area,measured,f_product_level
BLR,Belarus,country,2020,burned_area_km2,1873.8,km2,K9,gfed5_annual_burned_area,measured,f_product_level
BLZ,Belize,country,1997,burned_area_km2,1148.28,km2,K9,gfed5_annual_burned_area,measured,f_product_level;f_resolution_change
BLZ,Belize,country,1998,burned_area_km2,5253.62,km2,K9,gfed5_annual_burned_area,measured,f_product_level;f_resolution_change
BLZ,Belize,country,1999,burned_area_km2,1362.63,km2,K9,gfed5_annual_burned_area,measured,f_product_level;f_resolution_change
BLZ,Belize,country,2000,burned_area_km2,2726.05,km2,K9,gfed5_annual_burned_area,measured,f_product_level;f_resolution_change
BLZ,Belize,country,2001,burned_area_km2,1454.72,km2,K9,gfed5_annual_burned_area,measured,f_product_level
BLZ,Belize,country,2002,burned_area_km2,1568.28,km2,K9,gfed5_annual_burned_area,measured,f_product_level
BLZ,Belize,country,2003,burned_area_km2,2303.12,km2,K9,gfed5_annual_burned_area,measured,f_product_level
BLZ,Belize,country,2004,burned_area_km2,969.84,km2,K9,gfed5_annual_burned_area,measured,f_product_level
BLZ,Belize,country,2005,burned_area_km2,1849.45,km2,K9,gfed5_annual_burned_area,measured,f_product_level
BLZ,Belize,country,2006,burned_area_km2,957.1,km2,K9,gfed5_annual_burned_area,measured,f_product_level
BLZ,Belize,country,2007,burned_area_km2,1750.66,km2,K9,gfed5_annual_burned_area,measured,f_product_level
BLZ,Belize,country,2008,burned_area_km2,1614.24,km2,K9,gfed5_annual_burned_area,measured,f_product_level
BLZ,Belize,country,2009,burned_area_km2,1407.74,km2,K9,gfed5_annual_burned_area,measured,f_product_level
BLZ,Belize,country,2010,burned_area_km2,1407.43,km2,K9,gfed5_annual_burned_area,measured,f_product_level
BLZ,Belize,country,2011,burned_area_km2,3082.22,km2,K9,gfed5_annual_burned_area,measured,f_product_level
BLZ,Belize,country,2012,burned_area_km2,985.56,km2,K9,gfed5_annual_burned_area,measured,f_product_level
BLZ,Belize,country,2013,burned_area_km2,2471.77,km2,K9,gfed5_annual_burned_area,measured,f_product_level
BLZ,Belize,country,2014,burned_area_km2,1456.57,km2,K9,gfed5_annual_burned_area,measured,f_product_level
BLZ,Belize,country,2015,burned_area_km2,1848.64,km2,K9,gfed5_annual_burned_area,measured,f_product_level
BLZ,Belize,country,2016,burned_area_km2,1458.27,km2,K9,gfed5_annual_burned_area,measured,f_product_level
BLZ,Belize,country,2017,burned_area_km2,1582.88,km2,K9,gfed5_annual_burned_area,measured,f_product_level
BLZ,Belize,country,2018,burned_area_km2,1131.7,km2,K9,gfed5_annual_burned_area,measured,f_product_level
BLZ,Belize,country,2019,burned_area_km2,2376.66,km2,K9,gfed5_annual_burned_area,measured,f_product_level
BLZ,Belize,country,2020,burned_area_km2,1727.83,km2,K9,gfed5_annual_burned_area,measured,f_product_level
BMU,Bermuda,country,1997,burned_area_km2,0.0,km2,K9,gfed5_annual_burned_area,measured,f_product_level;f_resolution_change;f_grid_resolution;f_zero_no_detection
BMU,Bermuda,country,1998,burned_area_km2,0.0,km2,K9,gfed5_annual_burned_area,measured,f_product_level;f_resolution_change;f_grid_resolution;f_zero_no_detection
BMU,Bermuda,country,1999,burned_area_km2,0.0,km2,K9,gfed5_annual_burned_area,measured,f_product_level;f_resolution_change;f_grid_resolution;f_zero_no_detection
BMU,Bermuda,country,2000,burned_area_km2,0.0,km2,K9,gfed5_annual_burned_area,measured,f_product_level;f_resolution_change;f_grid_resolution;f_zero_no_detection
BMU,Bermuda,country,2001,burned_area_km2,0.0,km2,K9,gfed5_annual_burned_area,measured,f_product_level;f_grid_resolution;f_zero_no_detection
BMU,Bermuda,country,2002,burned_area_km2,0.0,km2,K9,gfed5_annual_burned_area,measured,f_product_level;f_grid_resolution;f_zero_no_detection
BMU,Bermuda,country,2003,burned_area_km2,0.0,km2,K9,gfed5_annual_burned_area,measured,f_product_level;f_grid_resolution;f_zero_no_detection
BMU,Bermuda,country,2004,burned_area_km2,0.0,km2,K9,gfed5_annual_burned_area,measured,f_product_level;f_grid_resolution;f_zero_no_detection
BMU,Bermuda,country,2005,burned_area_km2,0.0,km2,K9,gfed5_annual_burned_area,measured,f_product_level;f_grid_resolution;f_zero_no_detection
BMU,Bermuda,country,2006,burned_area_km2,0.0,km2,K9,gfed5_annual_burned_area,measured,f_product_level;f_grid_resolution;f_zero_no_detection
BMU,Bermuda,country,2007,burned_area_km2,0.0,km2,K9,gfed5_annual_burned_area,measured,f_product_level;f_grid_resolution;f_zero_no_detection
BMU,Bermuda,country,2008,burned_area_km2,0.0,km2,K9,gfed5_annual_burned_area,measured,f_product_level;f_grid_resolution;f_zero_no_detection
BMU,Bermuda,country,2009,burned_area_km2,0.0,km2,K9,gfed5_annual_burned_area,measured,f_product_level;f_grid_resolution;f_zero_no_detection
BMU,Bermuda,country,2010,burned_area_km2,0.0,km2,K9,gfed5_annual_burned_area,measured,f_product_level;f_grid_resolution;f_zero_no_detection
BMU,Bermuda,country,2011,burned_area_km2,0.0,km2,K9,gfed5_annual_burned_area,measured,f_product_level;f_grid_resolution;f_zero_no_detection
BMU,Bermuda,country,2012,burned_area_km2,0.0,km2,K9,gfed5_annual_burned_area,measured,f_product_level;f_grid_resolution;f_zero_no_detection
BMU,Bermuda,country,2013,burned_area_km2,0.0,km2,K9,gfed5_annual_burned_area,measured,f_product_level;f_grid_resolution;f_zero_no_detection
BMU,Bermuda,country,2014,burned_area_km2,0.0,km2,K9,gfed5_annual_burned_area,measured,f_product_level;f_grid_resolution;f_zero_no_detection
BMU,Bermuda,country,2015,burned_area_km2,0.0,km2,K9,gfed5_annual_burned_area,measured,f_product_level;f_grid_resolution;f_zero_no_detection
BMU,Bermuda,country,2016,burned_area_km2,0.0,km2,K9,gfed5_annual_burned_area,measured,f_product_level;f_grid_resolution;f_zero_no_detection
BMU,Bermuda,country,2017,burned_area_km2,0.0,km2,K9,gfed5_annual_burned_area,measured,f_product_level;f_grid_resolution;f_zero_no_detection
BMU,Bermuda,country,2018,burned_area_km2,0.0,km2,K9,gfed5_annual_burned_area,measured,f_product_level;f_grid_resolution;f_zero_no_detection
BMU,Bermuda,country,2019,burned_area_km2,0.0,km2,K9,gfed5_annual_burned_area,measured,f_product_level;f_grid_resolution;f_zero_no_detection
BMU,Bermuda,country,2020,burned_area_km2,0.0,km2,K9,gfed5_annual_burned_area,measured,f_product_level;f_grid_resolution;f_zero_no_detection
BOL,Bolivia,country,1997,burned_area_km2,59720.54,km2,K9,gfed5_annual_burned_area,measured,f_product_level;f_resolution_change
BOL,Bolivia,country,1998,burned_area_km2,55134.42,km2,K9,gfed5_annual_burned_area,measured,f_product_level;f_resolution_change
BOL,Bolivia,country,1999,burned_area_km2,70518.87,km2,K9,gfed5_annual_burned_area,measured,f_product_level;f_resolution_change
BOL,Bolivia,country,2000,burned_area_km2,34495.26,km2,K9,gfed5_annual_burned_area,measured,f_product_level;f_resolution_change
BOL,Bolivia,country,2001,burned_area_km2,32060.65,km2,K9,gfed5_annual_burned_area,measured,f_product_level
BOL,Bolivia,country,2002,burned_area_km2,52503.84,km2,K9,gfed5_annual_burned_area,measured,f_product_level
BOL,Bolivia,country,2003,burned_area_km2,48164.9,km2,K9,gfed5_annual_burned_area,measured,f_product_level
BOL,Bolivia,country,2004,burned_area_km2,72796.07,km2,K9,gfed5_annual_burned_area,measured,f_product_level
BOL,Bolivia,country,2005,burned_area_km2,69202.13,km2,K9,gfed5_annual_burned_area,measured,f_product_level
BOL,Bolivia,country,2006,burned_area_km2,57559.87,km2,K9,gfed5_annual_burned_area,measured,f_product_level
BOL,Bolivia,country,2007,burned_area_km2,66162.93,km2,K9,gfed5_annual_burned_area,measured,f_product_level
BOL,Bolivia,country,2008,burned_area_km2,51697.53,km2,K9,gfed5_annual_burned_area,measured,f_product_level
BOL,Bolivia,country,2009,burned_area_km2,36619.17,km2,K9,gfed5_annual_burned_area,measured,f_product_level
BOL,Bolivia,country,2010,burned_area_km2,93138.82,km2,K9,gfed5_annual_burned_area,measured,f_product_level
BOL,Bolivia,country,2011,burned_area_km2,45408.3,km2,K9,gfed5_annual_burned_area,measured,f_product_level
BOL,Bolivia,country,2012,burned_area_km2,35684.03,km2,K9,gfed5_annual_burned_area,measured,f_product_level
BOL,Bolivia,country,2013,burned_area_km2,29314.1,km2,K9,gfed5_annual_burned_area,measured,f_product_level
BOL,Bolivia,country,2014,burned_area_km2,23532.68,km2,K9,gfed5_annual_burned_area,measured,f_product_level
BOL,Bolivia,country,2015,burned_area_km2,31956.2,km2,K9,gfed5_annual_burned_area,measured,f_product_level
BOL,Bolivia,country,2016,burned_area_km2,49926.85,km2,K9,gfed5_annual_burned_area,measured,f_product_level
BOL,Bolivia,country,2017,burned_area_km2,38189.45,km2,K9,gfed5_annual_burned_area,measured,f_product_level
BOL,Bolivia,country,2018,burned_area_km2,34681.15,km2,K9,gfed5_annual_burned_area,measured,f_product_level
BOL,Bolivia,country,2019,burned_area_km2,56044.89,km2,K9,gfed5_annual_burned_area,measured,f_product_level
BOL,Bolivia,country,2020,burned_area_km2,54338.99,km2,K9,gfed5_annual_burned_area,measured,f_product_level
BRA,Brasil,country,1997,burned_area_km2,444314.9,km2,K9,gfed5_annual_burned_area,measured,f_product_level;f_resolution_change
BRA,Brasil,country,1998,burned_area_km2,453653.29,km2,K9,gfed5_annual_burned_area,measured,f_product_level;f_resolution_change
BRA,Brasil,country,1999,burned_area_km2,396407.57,km2,K9,gfed5_annual_burned_area,measured,f_product_level;f_resolution_change
BRA,Brasil,country,2000,burned_area_km2,251229.61,km2,K9,gfed5_annual_burned_area,measured,f_product_level;f_resolution_change
BRA,Brasil,country,2001,burned_area_km2,328947.45,km2,K9,gfed5_annual_burned_area,measured,f_product_level
BRA,Brasil,country,2002,burned_area_km2,384818.33,km2,K9,gfed5_annual_burned_area,measured,f_product_level
BRA,Brasil,country,2003,burned_area_km2,456746.64,km2,K9,gfed5_annual_burned_area,measured,f_product_level
BRA,Brasil,country,2004,burned_area_km2,476966.93,km2,K9,gfed5_annual_burned_area,measured,f_product_level
BRA,Brasil,country,2005,burned_area_km2,456206.62,km2,K9,gfed5_annual_burned_area,measured,f_product_level
BRA,Brasil,country,2006,burned_area_km2,347853.36,km2,K9,gfed5_annual_burned_area,measured,f_product_level
BRA,Brasil,country,2007,burned_area_km2,555732.93,km2,K9,gfed5_annual_burned_area,measured,f_product_level
BRA,Brasil,country,2008,burned_area_km2,324869.96,km2,K9,gfed5_annual_burned_area,measured,f_product_level
BRA,Brasil,country,2009,burned_area_km2,240191.93,km2,K9,gfed5_annual_burned_area,measured,f_product_level
BRA,Brasil,country,2010,burned_area_km2,480232.62,km2,K9,gfed5_annual_burned_area,measured,f_product_level
BRA,Brasil,country,2011,burned_area_km2,272912.63,km2,K9,gfed5_annual_burned_area,measured,f_product_level
BRA,Brasil,country,2012,burned_area_km2,365187.02,km2,K9,gfed5_annual_burned_area,measured,f_product_level
BRA,Brasil,country,2013,burned_area_km2,229056.35,km2,K9,gfed5_annual_burned_area,measured,f_product_level
BRA,Brasil,country,2014,burned_area_km2,299715.31,km2,K9,gfed5_annual_burned_area,measured,f_product_level
BRA,Brasil,country,2015,burned_area_km2,347779.85,km2,K9,gfed5_annual_burned_area,measured,f_product_level
BRA,Brasil,country,2016,burned_area_km2,307652.02,km2,K9,gfed5_annual_burned_area,measured,f_product_level
BRA,Brasil,country,2017,burned_area_km2,328621.04,km2,K9,gfed5_annual_burned_area,measured,f_product_level
BRA,Brasil,country,2018,burned_area_km2,208863.72,km2,K9,gfed5_annual_burned_area,measured,f_product_level
BRA,Brasil,country,2019,burned_area_km2,314905.27,km2,K9,gfed5_annual_burned_area,measured,f_product_level
BRA,Brasil,country,2020,burned_area_km2,333216.28,km2,K9,gfed5_annual_burned_area,measured,f_product_level
BRB,Barbados,country,1997,burned_area_km2,9.74,km2,K9,gfed5_annual_burned_area,measured,f_product_level;f_resolution_change;f_grid_resolution
BRB,Barbados,country,1998,burned_area_km2,25.53,km2,K9,gfed5_annual_burned_area,measured,f_product_level;f_resolution_change;f_grid_resolution
BRB,Barbados,country,1999,burned_area_km2,10.39,km2,K9,gfed5_annual_burned_area,measured,f_product_level;f_resolution_change;f_grid_resolution
BRB,Barbados,country,2000,burned_area_km2,27.46,km2,K9,gfed5_annual_burned_area,measured,f_product_level;f_resolution_change;f_grid_resolution
BRB,Barbados,country,2001,burned_area_km2,97.21,km2,K9,gfed5_annual_burned_area,measured,f_product_level;f_grid_resolution
BRB,Barbados,country,2002,burned_area_km2,11.68,km2,K9,gfed5_annual_burned_area,measured,f_product_level;f_grid_resolution
BRB,Barbados,country,2003,burned_area_km2,22.86,km2,K9,gfed5_annual_burned_area,measured,f_product_level;f_grid_resolution
BRB,Barbados,country,2004,burned_area_km2,2.27,km2,K9,gfed5_annual_burned_area,measured,f_product_level;f_grid_resolution
BRB,Barbados,country,2005,burned_area_km2,29.3,km2,K9,gfed5_annual_burned_area,measured,f_product_level;f_grid_resolution
BRB,Barbados,country,2006,burned_area_km2,18.93,km2,K9,gfed5_annual_burned_area,measured,f_product_level;f_grid_resolution
BRB,Barbados,country,2007,burned_area_km2,17.48,km2,K9,gfed5_annual_burned_area,measured,f_product_level;f_grid_resolution
BRB,Barbados,country,2008,burned_area_km2,12.49,km2,K9,gfed5_annual_burned_area,measured,f_product_level;f_grid_resolution
BRB,Barbados,country,2009,burned_area_km2,5.53,km2,K9,gfed5_annual_burned_area,measured,f_product_level;f_grid_resolution
BRB,Barbados,country,2010,burned_area_km2,48.09,km2,K9,gfed5_annual_burned_area,measured,f_product_level;f_grid_resolution
BRB,Barbados,country,2011,burned_area_km2,10.38,km2,K9,gfed5_annual_burned_area,measured,f_product_level;f_grid_resolution
BRB,Barbados,country,2012,burned_area_km2,6.53,km2,K9,gfed5_annual_burned_area,measured,f_product_level;f_grid_resolution
BRB,Barbados,country,2013,burned_area_km2,31.03,km2,K9,gfed5_annual_burned_area,measured,f_product_level;f_grid_resolution
BRB,Barbados,country,2014,burned_area_km2,29.46,km2,K9,gfed5_annual_burned_area,measured,f_product_level;f_grid_resolution
BRB,Barbados,country,2015,burned_area_km2,31.37,km2,K9,gfed5_annual_burned_area,measured,f_product_level;f_grid_resolution
BRB,Barbados,country,2016,burned_area_km2,5.24,km2,K9,gfed5_annual_burned_area,measured,f_product_level;f_grid_resolution
BRB,Barbados,country,2017,burned_area_km2,2.46,km2,K9,gfed5_annual_burned_area,measured,f_product_level;f_grid_resolution
BRB,Barbados,country,2018,burned_area_km2,38.73,km2,K9,gfed5_annual_burned_area,measured,f_product_level;f_grid_resolution
BRB,Barbados,country,2019,burned_area_km2,9.32,km2,K9,gfed5_annual_burned_area,measured,f_product_level;f_grid_resolution
BRB,Barbados,country,2020,burned_area_km2,17.82,km2,K9,gfed5_annual_burned_area,measured,f_product_level;f_grid_resolution
BRN,Brunei,country,1997,burned_area_km2,80.83,km2,K9,gfed5_annual_burned_area,measured,f_product_level;f_resolution_change;f_grid_resolution
BRN,Brunei,country,1998,burned_area_km2,193.0,km2,K9,gfed5_annual_burned_area,measured,f_product_level;f_resolution_change;f_grid_resolution
BRN,Brunei,country,1999,burned_area_km2,29.92,km2,K9,gfed5_annual_burned_area,measured,f_product_level;f_resolution_change;f_grid_resolution
BRN,Brunei,country,2000,burned_area_km2,30.98,km2,K9,gfed5_annual_burned_area,measured,f_product_level;f_resolution_change;f_grid_resolution
BRN,Brunei,country,2001,burned_area_km2,11.07,km2,K9,gfed5_annual_burned_area,measured,f_product_level
BRN,Brunei,country,2002,burned_area_km2,20.18,km2,K9,gfed5_annual_burned_area,measured,f_product_level
BRN,Brunei,country,2003,burned_area_km2,42.03,km2,K9,gfed5_annual_burned_area,measured,f_product_level
BRN,Brunei,country,2004,burned_area_km2,19.68,km2,K9,gfed5_annual_burned_area,measured,f_product_level
BRN,Brunei,country,2005,burned_area_km2,48.66,km2,K9,gfed5_annual_burned_area,measured,f_product_level
BRN,Brunei,country,2006,burned_area_km2,6.19,km2,K9,gfed5_annual_burned_area,measured,f_product_level
BRN,Brunei,country,2007,burned_area_km2,15.05,km2,K9,gfed5_annual_burned_area,measured,f_product_level
BRN,Brunei,country,2008,burned_area_km2,13.38,km2,K9,gfed5_annual_burned_area,measured,f_product_level
BRN,Brunei,country,2009,burned_area_km2,50.91,km2,K9,gfed5_annual_burned_area,measured,f_product_level
BRN,Brunei,country,2010,burned_area_km2,37.38,km2,K9,gfed5_annual_burned_area,measured,f_product_level
BRN,Brunei,country,2011,burned_area_km2,14.47,km2,K9,gfed5_annual_burned_area,measured,f_product_level
BRN,Brunei,country,2012,burned_area_km2,13.71,km2,K9,gfed5_annual_burned_area,measured,f_product_level
BRN,Brunei,country,2013,burned_area_km2,8.79,km2,K9,gfed5_annual_burned_area,measured,f_product_level
BRN,Brunei,country,2014,burned_area_km2,29.93,km2,K9,gfed5_annual_burned_area,measured,f_product_level
BRN,Brunei,country,2015,burned_area_km2,42.45,km2,K9,gfed5_annual_burned_area,measured,f_product_level
BRN,Brunei,country,2016,burned_area_km2,54.48,km2,K9,gfed5_annual_burned_area,measured,f_product_level
BRN,Brunei,country,2017,burned_area_km2,13.21,km2,K9,gfed5_annual_burned_area,measured,f_product_level
BRN,Brunei,country,2018,burned_area_km2,8.59,km2,K9,gfed5_annual_burned_area,measured,f_product_level
BRN,Brunei,country,2019,burned_area_km2,26.89,km2,K9,gfed5_annual_burned_area,measured,f_product_level
BRN,Brunei,country,2020,burned_area_km2,18.52,km2,K9,gfed5_annual_burned_area,measured,f_product_level
BTN,Bhutan,country,1997,burned_area_km2,90.03,km2,K9,gfed5_annual_burned_area,measured,f_product_level;f_resolution_change
BTN,Bhutan,country,1998,burned_area_km2,331.84,km2,K9,gfed5_annual_burned_area,measured,f_product_level;f_resolution_change
BTN,Bhutan,country,1999,burned_area_km2,567.35,km2,K9,gfed5_annual_burned_area,measured,f_product_level;f_resolution_change
BTN,Bhutan,country,2000,burned_area_km2,350.23,km2,K9,gfed5_annual_burned_area,measured,f_product_level;f_resolution_change
BTN,Bhutan,country,2001,burned_area_km2,1359.58,km2,K9,gfed5_annual_burned_area,measured,f_product_level
BTN,Bhutan,country,2002,burned_area_km2,751.4,km2,K9,gfed5_annual_burned_area,measured,f_product_level
BTN,Bhutan,country,2003,burned_area_km2,334.9,km2,K9,gfed5_annual_burned_area,measured,f_product_level
BTN,Bhutan,country,2004,burned_area_km2,627.64,km2,K9,gfed5_annual_burned_area,measured,f_product_level
BTN,Bhutan,country,2005,burned_area_km2,468.05,km2,K9,gfed5_annual_burned_area,measured,f_product_level
BTN,Bhutan,country,2006,burned_area_km2,825.2,km2,K9,gfed5_annual_burned_area,measured,f_product_level
BTN,Bhutan,country,2007,burned_area_km2,545.27,km2,K9,gfed5_annual_burned_area,measured,f_product_level
BTN,Bhutan,country,2008,burned_area_km2,437.6,km2,K9,gfed5_annual_burned_area,measured,f_product_level
BTN,Bhutan,country,2009,burned_area_km2,858.64,km2,K9,gfed5_annual_burned_area,measured,f_product_level
BTN,Bhutan,country,2010,burned_area_km2,779.15,km2,K9,gfed5_annual_burned_area,measured,f_product_level
BTN,Bhutan,country,2011,burned_area_km2,554.14,km2,K9,gfed5_annual_burned_area,measured,f_product_level
BTN,Bhutan,country,2012,burned_area_km2,1069.76,km2,K9,gfed5_annual_burned_area,measured,f_product_level
BTN,Bhutan,country,2013,burned_area_km2,409.5,km2,K9,gfed5_annual_burned_area,measured,f_product_level
BTN,Bhutan,country,2014,burned_area_km2,1002.38,km2,K9,gfed5_annual_burned_area,measured,f_product_level
BTN,Bhutan,country,2015,burned_area_km2,505.77,km2,K9,gfed5_annual_burned_area,measured,f_product_level
BTN,Bhutan,country,2016,burned_area_km2,500.58,km2,K9,gfed5_annual_burned_area,measured,f_product_level
BTN,Bhutan,country,2017,burned_area_km2,416.82,km2,K9,gfed5_annual_burned_area,measured,f_product_level
BTN,Bhutan,country,2018,burned_area_km2,350.08,km2,K9,gfed5_annual_burned_area,measured,f_product_level
BTN,Bhutan,country,2019,burned_area_km2,246.17,km2,K9,gfed5_annual_burned_area,measured,f_product_level
BTN,Bhutan,country,2020,burned_area_km2,248.81,km2,K9,gfed5_annual_burned_area,measured,f_product_level
BVT,Bouvetøya,country,1997,burned_area_km2,0.0,km2,K9,gfed5_annual_burned_area,measured,f_product_level;f_resolution_change;f_grid_resolution;f_zero_no_detection
BVT,Bouvetøya,country,1998,burned_area_km2,0.0,km2,K9,gfed5_annual_burned_area,measured,f_product_level;f_resolution_change;f_grid_resolution;f_zero_no_detection
BVT,Bouvetøya,country,1999,burned_area_km2,0.0,km2,K9,gfed5_annual_burned_area,measured,f_product_level;f_resolution_change;f_grid_resolution;f_zero_no_detection
BVT,Bouvetøya,country,2000,burned_area_km2,0.0,km2,K9,gfed5_annual_burned_area,measured,f_product_level;f_resolution_change;f_grid_resolution;f_zero_no_detection
BVT,Bouvetøya,country,2001,burned_area_km2,0.0,km2,K9,gfed5_annual_burned_area,measured,f_product_level;f_grid_resolution;f_zero_no_detection
BVT,Bouvetøya,country,2002,burned_area_km2,0.0,km2,K9,gfed5_annual_burned_area,measured,f_product_level;f_grid_resolution;f_zero_no_detection
BVT,Bouvetøya,country,2003,burned_area_km2,0.0,km2,K9,gfed5_annual_burned_area,measured,f_product_level;f_grid_resolution;f_zero_no_detection
BVT,Bouvetøya,country,2004,burned_area_km2,0.0,km2,K9,gfed5_annual_burned_area,measured,f_product_level;f_grid_resolution;f_zero_no_detection
BVT,Bouvetøya,country,2005,burned_area_km2,0.0,km2,K9,gfed5_annual_burned_area,measured,f_product_level;f_grid_resolution;f_zero_no_detection
BVT,Bouvetøya,country,2006,burned_area_km2,0.0,km2,K9,gfed5_annual_burned_area,measured,f_product_level;f_grid_resolution;f_zero_no_detection
BVT,Bouvetøya,country,2007,burned_area_km2,0.0,km2,K9,gfed5_annual_burned_area,measured,f_product_level;f_grid_resolution;f_zero_no_detection
BVT,Bouvetøya,country,2008,burned_area_km2,0.0,km2,K9,gfed5_annual_burned_area,measured,f_product_level;f_grid_resolution;f_zero_no_detection
BVT,Bouvetøya,country,2009,burned_area_km2,0.0,km2,K9,gfed5_annual_burned_area,measured,f_product_level;f_grid_resolution;f_zero_no_detection
BVT,Bouvetøya,country,2010,burned_area_km2,0.0,km2,K9,gfed5_annual_burned_area,measured,f_product_level;f_grid_resolution;f_zero_no_detection
BVT,Bouvetøya,country,2011,burned_area_km2,0.0,km2,K9,gfed5_annual_burned_area,measured,f_product_level;f_grid_resolution;f_zero_no_detection
BVT,Bouvetøya,country,2012,burned_area_km2,0.0,km2,K9,gfed5_annual_burned_area,measured,f_product_level;f_grid_resolution;f_zero_no_detection
BVT,Bouvetøya,country,2013,burned_area_km2,0.0,km2,K9,gfed5_annual_burned_area,measured,f_product_level;f_grid_resolution;f_zero_no_detection
BVT,Bouvetøya,country,2014,burned_area_km2,0.0,km2,K9,gfed5_annual_burned_area,measured,f_product_level;f_grid_resolution;f_zero_no_detection
BVT,Bouvetøya,country,2015,burned_area_km2,0.0,km2,K9,gfed5_annual_burned_area,measured,f_product_level;f_grid_resolution;f_zero_no_detection
BVT,Bouvetøya,country,2016,burned_area_km2,0.0,km2,K9,gfed5_annual_burned_area,measured,f_product_level;f_grid_resolution;f_zero_no_detection
BVT,Bouvetøya,country,2017,burned_area_km2,0.0,km2,K9,gfed5_annual_burned_area,measured,f_product_level;f_grid_resolution;f_zero_no_detection
BVT,Bouvetøya,country,2018,burned_area_km2,0.0,km2,K9,gfed5_annual_burned_area,measured,f_product_level;f_grid_resolution;f_zero_no_detection
BVT,Bouvetøya,country,2019,burned_area_km2,0.0,km2,K9,gfed5_annual_burned_area,measured,f_product_level;f_grid_resolution;f_zero_no_detection
BVT,Bouvetøya,country,2020,burned_area_km2,0.0,km2,K9,gfed5_annual_burned_area,measured,f_product_level;f_grid_resolution;f_zero_no_detection
BWA,Botswana,country,1997,burned_area_km2,104175.46,km2,K9,gfed5_annual_burned_area,measured,f_product_level;f_resolution_change
BWA,Botswana,country,1998,burned_area_km2,97197.65,km2,K9,gfed5_annual_burned_area,measured,f_product_level;f_resolution_change
BWA,Botswana,country,1999,burned_area_km2,80559.04,km2,K9,gfed5_annual_burned_area,measured,f_product_level;f_resolution_change
BWA,Botswana,country,2000,burned_area_km2,77605.74,km2,K9,gfed5_annual_burned_area,measured,f_product_level;f_resolution_change
BWA,Botswana,country,2001,burned_area_km2,46696.39,km2,K9,gfed5_annual_burned_area,measured,f_product_level
BWA,Botswana,country,2002,burned_area_km2,43187.57,km2,K9,gfed5_annual_burned_area,measured,f_product_level
BWA,Botswana,country,2003,burned_area_km2,9883.13,km2,K9,gfed5_annual_burned_area,measured,f_product_level
BWA,Botswana,country,2004,burned_area_km2,12520.11,km2,K9,gfed5_annual_burned_area,measured,f_product_level
BWA,Botswana,country,2005,burned_area_km2,12065.3,km2,K9,gfed5_annual_burned_area,measured,f_product_level
BWA,Botswana,country,2006,burned_area_km2,36765.91,km2,K9,gfed5_annual_burned_area,measured,f_product_level
BWA,Botswana,country,2007,burned_area_km2,14097.25,km2,K9,gfed5_annual_burned_area,measured,f_product_level
BWA,Botswana,country,2008,burned_area_km2,46905.63,km2,K9,gfed5_annual_burned_area,measured,f_product_level
BWA,Botswana,country,2009,burned_area_km2,15356.59,km2,K9,gfed5_annual_burned_area,measured,f_product_level
BWA,Botswana,country,2010,burned_area_km2,60150.07,km2,K9,gfed5_annual_burned_area,measured,f_product_level
BWA,Botswana,country,2011,burned_area_km2,72407.21,km2,K9,gfed5_annual_burned_area,measured,f_product_level
BWA,Botswana,country,2012,burned_area_km2,24063.06,km2,K9,gfed5_annual_burned_area,measured,f_product_level
BWA,Botswana,country,2013,burned_area_km2,26980.02,km2,K9,gfed5_annual_burned_area,measured,f_product_level
BWA,Botswana,country,2014,burned_area_km2,19307.17,km2,K9,gfed5_annual_burned_area,measured,f_product_level
BWA,Botswana,country,2015,burned_area_km2,15098.79,km2,K9,gfed5_annual_burned_area,measured,f_product_level
BWA,Botswana,country,2016,burned_area_km2,10823.21,km2,K9,gfed5_annual_burned_area,measured,f_product_level
BWA,Botswana,country,2017,burned_area_km2,33914.38,km2,K9,gfed5_annual_burned_area,measured,f_product_level
BWA,Botswana,country,2018,burned_area_km2,20910.0,km2,K9,gfed5_annual_burned_area,measured,f_product_level
BWA,Botswana,country,2019,burned_area_km2,10342.08,km2,K9,gfed5_annual_burned_area,measured,f_product_level
BWA,Botswana,country,2020,burned_area_km2,26163.45,km2,K9,gfed5_annual_burned_area,measured,f_product_level
CAF,Den sentralafrikanske republikk,country,1997,burned_area_km2,345923.78,km2,K9,gfed5_annual_burned_area,measured,f_product_level;f_resolution_change
CAF,Den sentralafrikanske republikk,country,1998,burned_area_km2,585113.87,km2,K9,gfed5_annual_burned_area,measured,f_product_level;f_resolution_change
CAF,Den sentralafrikanske republikk,country,1999,burned_area_km2,492063.53,km2,K9,gfed5_annual_burned_area,measured,f_product_level;f_resolution_change
CAF,Den sentralafrikanske republikk,country,2000,burned_area_km2,613262.46,km2,K9,gfed5_annual_burned_area,measured,f_product_level;f_resolution_change
CAF,Den sentralafrikanske republikk,country,2001,burned_area_km2,410018.66,km2,K9,gfed5_annual_burned_area,measured,f_product_level
CAF,Den sentralafrikanske republikk,country,2002,burned_area_km2,340568.81,km2,K9,gfed5_annual_burned_area,measured,f_product_level
CAF,Den sentralafrikanske republikk,country,2003,burned_area_km2,373708.12,km2,K9,gfed5_annual_burned_area,measured,f_product_level
CAF,Den sentralafrikanske republikk,country,2004,burned_area_km2,388363.6,km2,K9,gfed5_annual_burned_area,measured,f_product_level
CAF,Den sentralafrikanske republikk,country,2005,burned_area_km2,391260.23,km2,K9,gfed5_annual_burned_area,measured,f_product_level
CAF,Den sentralafrikanske republikk,country,2006,burned_area_km2,313419.85,km2,K9,gfed5_annual_burned_area,measured,f_product_level
CAF,Den sentralafrikanske republikk,country,2007,burned_area_km2,353931.07,km2,K9,gfed5_annual_burned_area,measured,f_product_level
CAF,Den sentralafrikanske republikk,country,2008,burned_area_km2,450589.93,km2,K9,gfed5_annual_burned_area,measured,f_product_level
CAF,Den sentralafrikanske republikk,country,2009,burned_area_km2,286825.78,km2,K9,gfed5_annual_burned_area,measured,f_product_level
CAF,Den sentralafrikanske republikk,country,2010,burned_area_km2,322892.63,km2,K9,gfed5_annual_burned_area,measured,f_product_level
CAF,Den sentralafrikanske republikk,country,2011,burned_area_km2,386737.6,km2,K9,gfed5_annual_burned_area,measured,f_product_level
CAF,Den sentralafrikanske republikk,country,2012,burned_area_km2,325650.4,km2,K9,gfed5_annual_burned_area,measured,f_product_level
CAF,Den sentralafrikanske republikk,country,2013,burned_area_km2,270811.29,km2,K9,gfed5_annual_burned_area,measured,f_product_level
CAF,Den sentralafrikanske republikk,country,2014,burned_area_km2,299397.21,km2,K9,gfed5_annual_burned_area,measured,f_product_level
CAF,Den sentralafrikanske republikk,country,2015,burned_area_km2,358570.14,km2,K9,gfed5_annual_burned_area,measured,f_product_level
CAF,Den sentralafrikanske republikk,country,2016,burned_area_km2,420880.81,km2,K9,gfed5_annual_burned_area,measured,f_product_level
CAF,Den sentralafrikanske republikk,country,2017,burned_area_km2,356534.42,km2,K9,gfed5_annual_burned_area,measured,f_product_level
CAF,Den sentralafrikanske republikk,country,2018,burned_area_km2,351819.06,km2,K9,gfed5_annual_burned_area,measured,f_product_level
CAF,Den sentralafrikanske republikk,country,2019,burned_area_km2,290485.56,km2,K9,gfed5_annual_burned_area,measured,f_product_level
CAF,Den sentralafrikanske republikk,country,2020,burned_area_km2,376523.1,km2,K9,gfed5_annual_burned_area,measured,f_product_level
CAN,Canada,country,1997,burned_area_km2,37654.6,km2,K9,gfed5_annual_burned_area,measured,f_product_level;f_resolution_change
CAN,Canada,country,1998,burned_area_km2,63996.6,km2,K9,gfed5_annual_burned_area,measured,f_product_level;f_resolution_change
CAN,Canada,country,1999,burned_area_km2,23958.4,km2,K9,gfed5_annual_burned_area,measured,f_product_level;f_resolution_change
CAN,Canada,country,2000,burned_area_km2,23115.67,km2,K9,gfed5_annual_burned_area,measured,f_product_level;f_resolution_change
CAN,Canada,country,2001,burned_area_km2,38865.23,km2,K9,gfed5_annual_burned_area,measured,f_product_level
CAN,Canada,country,2002,burned_area_km2,41043.8,km2,K9,gfed5_annual_burned_area,measured,f_product_level
CAN,Canada,country,2003,burned_area_km2,33726.29,km2,K9,gfed5_annual_burned_area,measured,f_product_level
CAN,Canada,country,2004,burned_area_km2,40085.72,km2,K9,gfed5_annual_burned_area,measured,f_product_level
CAN,Canada,country,2005,burned_area_km2,35347.66,km2,K9,gfed5_annual_burned_area,measured,f_product_level
CAN,Canada,country,2006,burned_area_km2,32936.72,km2,K9,gfed5_annual_burned_area,measured,f_product_level
CAN,Canada,country,2007,burned_area_km2,29251.76,km2,K9,gfed5_annual_burned_area,measured,f_product_level
CAN,Canada,country,2008,burned_area_km2,30705.85,km2,K9,gfed5_annual_burned_area,measured,f_product_level
CAN,Canada,country,2009,burned_area_km2,22039.49,km2,K9,gfed5_annual_burned_area,measured,f_product_level
CAN,Canada,country,2010,burned_area_km2,39841.67,km2,K9,gfed5_annual_burned_area,measured,f_product_level
CAN,Canada,country,2011,burned_area_km2,32199.52,km2,K9,gfed5_annual_burned_area,measured,f_product_level
CAN,Canada,country,2012,burned_area_km2,31204.02,km2,K9,gfed5_annual_burned_area,measured,f_product_level
CAN,Canada,country,2013,burned_area_km2,48816.42,km2,K9,gfed5_annual_burned_area,measured,f_product_level
CAN,Canada,country,2014,burned_area_km2,48957.0,km2,K9,gfed5_annual_burned_area,measured,f_product_level
CAN,Canada,country,2015,burned_area_km2,55897.82,km2,K9,gfed5_annual_burned_area,measured,f_product_level
CAN,Canada,country,2016,burned_area_km2,26363.99,km2,K9,gfed5_annual_burned_area,measured,f_product_level
CAN,Canada,country,2017,burned_area_km2,47418.17,km2,K9,gfed5_annual_burned_area,measured,f_product_level
CAN,Canada,country,2018,burned_area_km2,29303.87,km2,K9,gfed5_annual_burned_area,measured,f_product_level
CAN,Canada,country,2019,burned_area_km2,25312.24,km2,K9,gfed5_annual_burned_area,measured,f_product_level
CAN,Canada,country,2020,burned_area_km2,19558.5,km2,K9,gfed5_annual_burned_area,measured,f_product_level
CHE,Sveits,country,1997,burned_area_km2,129.9,km2,K9,gfed5_annual_burned_area,measured,f_product_level;f_resolution_change
CHE,Sveits,country,1998,burned_area_km2,97.02,km2,K9,gfed5_annual_burned_area,measured,f_product_level;f_resolution_change
CHE,Sveits,country,1999,burned_area_km2,67.5,km2,K9,gfed5_annual_burned_area,measured,f_product_level;f_resolution_change
CHE,Sveits,country,2000,burned_area_km2,107.93,km2,K9,gfed5_annual_burned_area,measured,f_product_level;f_resolution_change
CHE,Sveits,country,2001,burned_area_km2,29.16,km2,K9,gfed5_annual_burned_area,measured,f_product_level
CHE,Sveits,country,2002,burned_area_km2,40.17,km2,K9,gfed5_annual_burned_area,measured,f_product_level
CHE,Sveits,country,2003,burned_area_km2,50.7,km2,K9,gfed5_annual_burned_area,measured,f_product_level
CHE,Sveits,country,2004,burned_area_km2,27.93,km2,K9,gfed5_annual_burned_area,measured,f_product_level
CHE,Sveits,country,2005,burned_area_km2,31.59,km2,K9,gfed5_annual_burned_area,measured,f_product_level
CHE,Sveits,country,2006,burned_area_km2,27.43,km2,K9,gfed5_annual_burned_area,measured,f_product_level
CHE,Sveits,country,2007,burned_area_km2,31.29,km2,K9,gfed5_annual_burned_area,measured,f_product_level
CHE,Sveits,country,2008,burned_area_km2,20.2,km2,K9,gfed5_annual_burned_area,measured,f_product_level
CHE,Sveits,country,2009,burned_area_km2,22.71,km2,K9,gfed5_annual_burned_area,measured,f_product_level
CHE,Sveits,country,2010,burned_area_km2,14.24,km2,K9,gfed5_annual_burned_area,measured,f_product_level
CHE,Sveits,country,2011,burned_area_km2,48.95,km2,K9,gfed5_annual_burned_area,measured,f_product_level
CHE,Sveits,country,2012,burned_area_km2,49.73,km2,K9,gfed5_annual_burned_area,measured,f_product_level
CHE,Sveits,country,2013,burned_area_km2,17.43,km2,K9,gfed5_annual_burned_area,measured,f_product_level
CHE,Sveits,country,2014,burned_area_km2,37.23,km2,K9,gfed5_annual_burned_area,measured,f_product_level
CHE,Sveits,country,2015,burned_area_km2,30.25,km2,K9,gfed5_annual_burned_area,measured,f_product_level
CHE,Sveits,country,2016,burned_area_km2,32.72,km2,K9,gfed5_annual_burned_area,measured,f_product_level
CHE,Sveits,country,2017,burned_area_km2,34.94,km2,K9,gfed5_annual_burned_area,measured,f_product_level
CHE,Sveits,country,2018,burned_area_km2,55.56,km2,K9,gfed5_annual_burned_area,measured,f_product_level
CHE,Sveits,country,2019,burned_area_km2,34.87,km2,K9,gfed5_annual_burned_area,measured,f_product_level
CHE,Sveits,country,2020,burned_area_km2,39.36,km2,K9,gfed5_annual_burned_area,measured,f_product_level
CHL,Chile,country,1997,burned_area_km2,2972.1,km2,K9,gfed5_annual_burned_area,measured,f_product_level;f_resolution_change
CHL,Chile,country,1998,burned_area_km2,3220.3,km2,K9,gfed5_annual_burned_area,measured,f_product_level;f_resolution_change
CHL,Chile,country,1999,burned_area_km2,4257.86,km2,K9,gfed5_annual_burned_area,measured,f_product_level;f_resolution_change
CHL,Chile,country,2000,burned_area_km2,2367.07,km2,K9,gfed5_annual_burned_area,measured,f_product_level;f_resolution_change
CHL,Chile,country,2001,burned_area_km2,4388.73,km2,K9,gfed5_annual_burned_area,measured,f_product_level
CHL,Chile,country,2002,burned_area_km2,3257.24,km2,K9,gfed5_annual_burned_area,measured,f_product_level
CHL,Chile,country,2003,burned_area_km2,7734.17,km2,K9,gfed5_annual_burned_area,measured,f_product_level
CHL,Chile,country,2004,burned_area_km2,8834.73,km2,K9,gfed5_annual_burned_area,measured,f_product_level
CHL,Chile,country,2005,burned_area_km2,9471.59,km2,K9,gfed5_annual_burned_area,measured,f_product_level
CHL,Chile,country,2006,burned_area_km2,7347.82,km2,K9,gfed5_annual_burned_area,measured,f_product_level
CHL,Chile,country,2007,burned_area_km2,8172.85,km2,K9,gfed5_annual_burned_area,measured,f_product_level
CHL,Chile,country,2008,burned_area_km2,9509.05,km2,K9,gfed5_annual_burned_area,measured,f_product_level
CHL,Chile,country,2009,burned_area_km2,9657.75,km2,K9,gfed5_annual_burned_area,measured,f_product_level
CHL,Chile,country,2010,burned_area_km2,9883.62,km2,K9,gfed5_annual_burned_area,measured,f_product_level
CHL,Chile,country,2011,burned_area_km2,8075.49,km2,K9,gfed5_annual_burned_area,measured,f_product_level
CHL,Chile,country,2012,burned_area_km2,7943.29,km2,K9,gfed5_annual_burned_area,measured,f_product_level
CHL,Chile,country,2013,burned_area_km2,8908.2,km2,K9,gfed5_annual_burned_area,measured,f_product_level
CHL,Chile,country,2014,burned_area_km2,6926.49,km2,K9,gfed5_annual_burned_area,measured,f_product_level
CHL,Chile,country,2015,burned_area_km2,9052.05,km2,K9,gfed5_annual_burned_area,measured,f_product_level
CHL,Chile,country,2016,burned_area_km2,7527.74,km2,K9,gfed5_annual_burned_area,measured,f_product_level
CHL,Chile,country,2017,burned_area_km2,12775.41,km2,K9,gfed5_annual_burned_area,measured,f_product_level
CHL,Chile,country,2018,burned_area_km2,7579.67,km2,K9,gfed5_annual_burned_area,measured,f_product_level
CHL,Chile,country,2019,burned_area_km2,7098.56,km2,K9,gfed5_annual_burned_area,measured,f_product_level
CHL,Chile,country,2020,burned_area_km2,7472.52,km2,K9,gfed5_annual_burned_area,measured,f_product_level
CHN,Kina,country,1997,burned_area_km2,142034.77,km2,K9,gfed5_annual_burned_area,measured,f_product_level;f_resolution_change
CHN,Kina,country,1998,burned_area_km2,146538.57,km2,K9,gfed5_annual_burned_area,measured,f_product_level;f_resolution_change
CHN,Kina,country,1999,burned_area_km2,115278.49,km2,K9,gfed5_annual_burned_area,measured,f_product_level;f_resolution_change
CHN,Kina,country,2000,burned_area_km2,119948.54,km2,K9,gfed5_annual_burned_area,measured,f_product_level;f_resolution_change
CHN,Kina,country,2001,burned_area_km2,66172.64,km2,K9,gfed5_annual_burned_area,measured,f_product_level
CHN,Kina,country,2002,burned_area_km2,51407.28,km2,K9,gfed5_annual_burned_area,measured,f_product_level
CHN,Kina,country,2003,burned_area_km2,84686.0,km2,K9,gfed5_annual_burned_area,measured,f_product_level
CHN,Kina,country,2004,burned_area_km2,78112.07,km2,K9,gfed5_annual_burned_area,measured,f_product_level
CHN,Kina,country,2005,burned_area_km2,77720.75,km2,K9,gfed5_annual_burned_area,measured,f_product_level
CHN,Kina,country,2006,burned_area_km2,76641.6,km2,K9,gfed5_annual_burned_area,measured,f_product_level
CHN,Kina,country,2007,burned_area_km2,97011.67,km2,K9,gfed5_annual_burned_area,measured,f_product_level
CHN,Kina,country,2008,burned_area_km2,109081.51,km2,K9,gfed5_annual_burned_area,measured,f_product_level
CHN,Kina,country,2009,burned_area_km2,95595.21,km2,K9,gfed5_annual_burned_area,measured,f_product_level
CHN,Kina,country,2010,burned_area_km2,101616.77,km2,K9,gfed5_annual_burned_area,measured,f_product_level
CHN,Kina,country,2011,burned_area_km2,108747.13,km2,K9,gfed5_annual_burned_area,measured,f_product_level
CHN,Kina,country,2012,burned_area_km2,108299.56,km2,K9,gfed5_annual_burned_area,measured,f_product_level
CHN,Kina,country,2013,burned_area_km2,131567.32,km2,K9,gfed5_annual_burned_area,measured,f_product_level
CHN,Kina,country,2014,burned_area_km2,181594.36,km2,K9,gfed5_annual_burned_area,measured,f_product_level
CHN,Kina,country,2015,burned_area_km2,148529.0,km2,K9,gfed5_annual_burned_area,measured,f_product_level
CHN,Kina,country,2016,burned_area_km2,117820.75,km2,K9,gfed5_annual_burned_area,measured,f_product_level
CHN,Kina,country,2017,burned_area_km2,141050.77,km2,K9,gfed5_annual_burned_area,measured,f_product_level
CHN,Kina,country,2018,burned_area_km2,92716.75,km2,K9,gfed5_annual_burned_area,measured,f_product_level
CHN,Kina,country,2019,burned_area_km2,111300.39,km2,K9,gfed5_annual_burned_area,measured,f_product_level
CHN,Kina,country,2020,burned_area_km2,100589.4,km2,K9,gfed5_annual_burned_area,measured,f_product_level
CIV,Elfenbenskysten,country,1997,burned_area_km2,49220.56,km2,K9,gfed5_annual_burned_area,measured,f_product_level;f_resolution_change
CIV,Elfenbenskysten,country,1998,burned_area_km2,189561.13,km2,K9,gfed5_annual_burned_area,measured,f_product_level;f_resolution_change
CIV,Elfenbenskysten,country,1999,burned_area_km2,165970.91,km2,K9,gfed5_annual_burned_area,measured,f_product_level;f_resolution_change
CIV,Elfenbenskysten,country,2000,burned_area_km2,193822.07,km2,K9,gfed5_annual_burned_area,measured,f_product_level;f_resolution_change
CIV,Elfenbenskysten,country,2001,burned_area_km2,138325.83,km2,K9,gfed5_annual_burned_area,measured,f_product_level
CIV,Elfenbenskysten,country,2002,burned_area_km2,129885.59,km2,K9,gfed5_annual_burned_area,measured,f_product_level
CIV,Elfenbenskysten,country,2003,burned_area_km2,113790.2,km2,K9,gfed5_annual_burned_area,measured,f_product_level
CIV,Elfenbenskysten,country,2004,burned_area_km2,114728.12,km2,K9,gfed5_annual_burned_area,measured,f_product_level
CIV,Elfenbenskysten,country,2005,burned_area_km2,134689.73,km2,K9,gfed5_annual_burned_area,measured,f_product_level
CIV,Elfenbenskysten,country,2006,burned_area_km2,123249.55,km2,K9,gfed5_annual_burned_area,measured,f_product_level
CIV,Elfenbenskysten,country,2007,burned_area_km2,123555.46,km2,K9,gfed5_annual_burned_area,measured,f_product_level
CIV,Elfenbenskysten,country,2008,burned_area_km2,146299.75,km2,K9,gfed5_annual_burned_area,measured,f_product_level
CIV,Elfenbenskysten,country,2009,burned_area_km2,115846.1,km2,K9,gfed5_annual_burned_area,measured,f_product_level
CIV,Elfenbenskysten,country,2010,burned_area_km2,106869.0,km2,K9,gfed5_annual_burned_area,measured,f_product_level
CIV,Elfenbenskysten,country,2011,burned_area_km2,132932.55,km2,K9,gfed5_annual_burned_area,measured,f_product_level
CIV,Elfenbenskysten,country,2012,burned_area_km2,112074.09,km2,K9,gfed5_annual_burned_area,measured,f_product_level
CIV,Elfenbenskysten,country,2013,burned_area_km2,107593.56,km2,K9,gfed5_annual_burned_area,measured,f_product_level
CIV,Elfenbenskysten,country,2014,burned_area_km2,80557.15,km2,K9,gfed5_annual_burned_area,measured,f_product_level
CIV,Elfenbenskysten,country,2015,burned_area_km2,84174.37,km2,K9,gfed5_annual_burned_area,measured,f_product_level
CIV,Elfenbenskysten,country,2016,burned_area_km2,80483.05,km2,K9,gfed5_annual_burned_area,measured,f_product_level
CIV,Elfenbenskysten,country,2017,burned_area_km2,71400.15,km2,K9,gfed5_annual_burned_area,measured,f_product_level
CIV,Elfenbenskysten,country,2018,burned_area_km2,56806.54,km2,K9,gfed5_annual_burned_area,measured,f_product_level
CIV,Elfenbenskysten,country,2019,burned_area_km2,56776.57,km2,K9,gfed5_annual_burned_area,measured,f_product_level
CIV,Elfenbenskysten,country,2020,burned_area_km2,63623.9,km2,K9,gfed5_annual_burned_area,measured,f_product_level
CMR,Kamerun,country,1997,burned_area_km2,109663.26,km2,K9,gfed5_annual_burned_area,measured,f_product_level;f_resolution_change
CMR,Kamerun,country,1998,burned_area_km2,162362.62,km2,K9,gfed5_annual_burned_area,measured,f_product_level;f_resolution_change
CMR,Kamerun,country,1999,burned_area_km2,136924.23,km2,K9,gfed5_annual_burned_area,measured,f_product_level;f_resolution_change
CMR,Kamerun,country,2000,burned_area_km2,191991.21,km2,K9,gfed5_annual_burned_area,measured,f_product_level;f_resolution_change
CMR,Kamerun,country,2001,burned_area_km2,148628.73,km2,K9,gfed5_annual_burned_area,measured,f_product_level
CMR,Kamerun,country,2002,burned_area_km2,112071.8,km2,K9,gfed5_annual_burned_area,measured,f_product_level
CMR,Kamerun,country,2003,burned_area_km2,135755.6,km2,K9,gfed5_annual_burned_area,measured,f_product_level
CMR,Kamerun,country,2004,burned_area_km2,139831.33,km2,K9,gfed5_annual_burned_area,measured,f_product_level
CMR,Kamerun,country,2005,burned_area_km2,132463.17,km2,K9,gfed5_annual_burned_area,measured,f_product_level
CMR,Kamerun,country,2006,burned_area_km2,102229.68,km2,K9,gfed5_annual_burned_area,measured,f_product_level
CMR,Kamerun,country,2007,burned_area_km2,121836.17,km2,K9,gfed5_annual_burned_area,measured,f_product_level
CMR,Kamerun,country,2008,burned_area_km2,123359.19,km2,K9,gfed5_annual_burned_area,measured,f_product_level
CMR,Kamerun,country,2009,burned_area_km2,97703.74,km2,K9,gfed5_annual_burned_area,measured,f_product_level
CMR,Kamerun,country,2010,burned_area_km2,109464.36,km2,K9,gfed5_annual_burned_area,measured,f_product_level
CMR,Kamerun,country,2011,burned_area_km2,106286.4,km2,K9,gfed5_annual_burned_area,measured,f_product_level
CMR,Kamerun,country,2012,burned_area_km2,102851.1,km2,K9,gfed5_annual_burned_area,measured,f_product_level
CMR,Kamerun,country,2013,burned_area_km2,78612.33,km2,K9,gfed5_annual_burned_area,measured,f_product_level
CMR,Kamerun,country,2014,burned_area_km2,82887.81,km2,K9,gfed5_annual_burned_area,measured,f_product_level
CMR,Kamerun,country,2015,burned_area_km2,93020.45,km2,K9,gfed5_annual_burned_area,measured,f_product_level
CMR,Kamerun,country,2016,burned_area_km2,104977.06,km2,K9,gfed5_annual_burned_area,measured,f_product_level
CMR,Kamerun,country,2017,burned_area_km2,100350.96,km2,K9,gfed5_annual_burned_area,measured,f_product_level
CMR,Kamerun,country,2018,burned_area_km2,94220.13,km2,K9,gfed5_annual_burned_area,measured,f_product_level
CMR,Kamerun,country,2019,burned_area_km2,88978.58,km2,K9,gfed5_annual_burned_area,measured,f_product_level
CMR,Kamerun,country,2020,burned_area_km2,117444.14,km2,K9,gfed5_annual_burned_area,measured,f_product_level
COD,Kongo-Kinshasa,country,1997,burned_area_km2,728831.41,km2,K9,gfed5_annual_burned_area,measured,f_product_level;f_resolution_change
COD,Kongo-Kinshasa,country,1998,burned_area_km2,1028814.77,km2,K9,gfed5_annual_burned_area,measured,f_product_level;f_resolution_change
COD,Kongo-Kinshasa,country,1999,burned_area_km2,780334.85,km2,K9,gfed5_annual_burned_area,measured,f_product_level;f_resolution_change
COD,Kongo-Kinshasa,country,2000,burned_area_km2,865287.26,km2,K9,gfed5_annual_burned_area,measured,f_product_level;f_resolution_change
COD,Kongo-Kinshasa,country,2001,burned_area_km2,667244.05,km2,K9,gfed5_annual_burned_area,measured,f_product_level
COD,Kongo-Kinshasa,country,2002,burned_area_km2,629290.4,km2,K9,gfed5_annual_burned_area,measured,f_product_level
COD,Kongo-Kinshasa,country,2003,burned_area_km2,650677.47,km2,K9,gfed5_annual_burned_area,measured,f_product_level
COD,Kongo-Kinshasa,country,2004,burned_area_km2,714842.01,km2,K9,gfed5_annual_burned_area,measured,f_product_level
COD,Kongo-Kinshasa,country,2005,burned_area_km2,737017.9,km2,K9,gfed5_annual_burned_area,measured,f_product_level
COD,Kongo-Kinshasa,country,2006,burned_area_km2,693736.62,km2,K9,gfed5_annual_burned_area,measured,f_product_level
COD,Kongo-Kinshasa,country,2007,burned_area_km2,658028.5,km2,K9,gfed5_annual_burned_area,measured,f_product_level
COD,Kongo-Kinshasa,country,2008,burned_area_km2,691697.53,km2,K9,gfed5_annual_burned_area,measured,f_product_level
COD,Kongo-Kinshasa,country,2009,burned_area_km2,727430.1,km2,K9,gfed5_annual_burned_area,measured,f_product_level
COD,Kongo-Kinshasa,country,2010,burned_area_km2,742199.55,km2,K9,gfed5_annual_burned_area,measured,f_product_level
COD,Kongo-Kinshasa,country,2011,burned_area_km2,703894.18,km2,K9,gfed5_annual_burned_area,measured,f_product_level
COD,Kongo-Kinshasa,country,2012,burned_area_km2,680859.77,km2,K9,gfed5_annual_burned_area,measured,f_product_level
COD,Kongo-Kinshasa,country,2013,burned_area_km2,741405.58,km2,K9,gfed5_annual_burned_area,measured,f_product_level
COD,Kongo-Kinshasa,country,2014,burned_area_km2,710797.28,km2,K9,gfed5_annual_burned_area,measured,f_product_level
COD,Kongo-Kinshasa,country,2015,burned_area_km2,773142.49,km2,K9,gfed5_annual_burned_area,measured,f_product_level
COD,Kongo-Kinshasa,country,2016,burned_area_km2,793126.56,km2,K9,gfed5_annual_burned_area,measured,f_product_level
COD,Kongo-Kinshasa,country,2017,burned_area_km2,743506.73,km2,K9,gfed5_annual_burned_area,measured,f_product_level
COD,Kongo-Kinshasa,country,2018,burned_area_km2,736201.2,km2,K9,gfed5_annual_burned_area,measured,f_product_level
COD,Kongo-Kinshasa,country,2019,burned_area_km2,713853.18,km2,K9,gfed5_annual_burned_area,measured,f_product_level
COD,Kongo-Kinshasa,country,2020,burned_area_km2,734425.56,km2,K9,gfed5_annual_burned_area,measured,f_product_level
COG,Kongo-Brazzaville,country,1997,burned_area_km2,47840.4,km2,K9,gfed5_annual_burned_area,measured,f_product_level;f_resolution_change
COG,Kongo-Brazzaville,country,1998,burned_area_km2,62613.85,km2,K9,gfed5_annual_burned_area,measured,f_product_level;f_resolution_change
COG,Kongo-Brazzaville,country,1999,burned_area_km2,46545.14,km2,K9,gfed5_annual_burned_area,measured,f_product_level;f_resolution_change
COG,Kongo-Brazzaville,country,2000,burned_area_km2,44545.12,km2,K9,gfed5_annual_burned_area,measured,f_product_level;f_resolution_change
COG,Kongo-Brazzaville,country,2001,burned_area_km2,48885.08,km2,K9,gfed5_annual_burned_area,measured,f_product_level
COG,Kongo-Brazzaville,country,2002,burned_area_km2,36896.35,km2,K9,gfed5_annual_burned_area,measured,f_product_level
COG,Kongo-Brazzaville,country,2003,burned_area_km2,42264.35,km2,K9,gfed5_annual_burned_area,measured,f_product_level
COG,Kongo-Brazzaville,country,2004,burned_area_km2,47228.48,km2,K9,gfed5_annual_burned_area,measured,f_product_level
COG,Kongo-Brazzaville,country,2005,burned_area_km2,53539.94,km2,K9,gfed5_annual_burned_area,measured,f_product_level
COG,Kongo-Brazzaville,country,2006,burned_area_km2,48614.48,km2,K9,gfed5_annual_burned_area,measured,f_product_level
COG,Kongo-Brazzaville,country,2007,burned_area_km2,46911.84,km2,K9,gfed5_annual_burned_area,measured,f_product_level
COG,Kongo-Brazzaville,country,2008,burned_area_km2,44733.08,km2,K9,gfed5_annual_burned_area,measured,f_product_level
COG,Kongo-Brazzaville,country,2009,burned_area_km2,48346.35,km2,K9,gfed5_annual_burned_area,measured,f_product_level
COG,Kongo-Brazzaville,country,2010,burned_area_km2,53983.85,km2,K9,gfed5_annual_burned_area,measured,f_product_level
COG,Kongo-Brazzaville,country,2011,burned_area_km2,54101.81,km2,K9,gfed5_annual_burned_area,measured,f_product_level
COG,Kongo-Brazzaville,country,2012,burned_area_km2,48978.02,km2,K9,gfed5_annual_burned_area,measured,f_product_level
COG,Kongo-Brazzaville,country,2013,burned_area_km2,57165.4,km2,K9,gfed5_annual_burned_area,measured,f_product_level
COG,Kongo-Brazzaville,country,2014,burned_area_km2,45167.75,km2,K9,gfed5_annual_burned_area,measured,f_product_level
COG,Kongo-Brazzaville,country,2015,burned_area_km2,52165.13,km2,K9,gfed5_annual_burned_area,measured,f_product_level
COG,Kongo-Brazzaville,country,2016,burned_area_km2,56796.02,km2,K9,gfed5_annual_burned_area,measured,f_product_level
COG,Kongo-Brazzaville,country,2017,burned_area_km2,49429.82,km2,K9,gfed5_annual_burned_area,measured,f_product_level
COG,Kongo-Brazzaville,country,2018,burned_area_km2,53331.54,km2,K9,gfed5_annual_burned_area,measured,f_product_level
COG,Kongo-Brazzaville,country,2019,burned_area_km2,50214.13,km2,K9,gfed5_annual_burned_area,measured,f_product_level
COG,Kongo-Brazzaville,country,2020,burned_area_km2,63253.77,km2,K9,gfed5_annual_burned_area,measured,f_product_level
COK,Cookøyene,country,1997,burned_area_km2,0.0,km2,K9,gfed5_annual_burned_area,measured,f_product_level;f_resolution_change;f_grid_resolution;f_zero_no_detection
COK,Cookøyene,country,1998,burned_area_km2,0.0,km2,K9,gfed5_annual_burned_area,measured,f_product_level;f_resolution_change;f_grid_resolution;f_zero_no_detection
COK,Cookøyene,country,1999,burned_area_km2,0.0,km2,K9,gfed5_annual_burned_area,measured,f_product_level;f_resolution_change;f_grid_resolution;f_zero_no_detection
COK,Cookøyene,country,2000,burned_area_km2,0.0,km2,K9,gfed5_annual_burned_area,measured,f_product_level;f_resolution_change;f_grid_resolution;f_zero_no_detection
COK,Cookøyene,country,2001,burned_area_km2,0.0,km2,K9,gfed5_annual_burned_area,measured,f_product_level;f_grid_resolution;f_zero_no_detection
COK,Cookøyene,country,2002,burned_area_km2,0.0,km2,K9,gfed5_annual_burned_area,measured,f_product_level;f_grid_resolution;f_zero_no_detection
COK,Cookøyene,country,2003,burned_area_km2,0.0,km2,K9,gfed5_annual_burned_area,measured,f_product_level;f_grid_resolution;f_zero_no_detection
COK,Cookøyene,country,2004,burned_area_km2,0.0,km2,K9,gfed5_annual_burned_area,measured,f_product_level;f_grid_resolution;f_zero_no_detection
COK,Cookøyene,country,2005,burned_area_km2,0.0,km2,K9,gfed5_annual_burned_area,measured,f_product_level;f_grid_resolution;f_zero_no_detection
COK,Cookøyene,country,2006,burned_area_km2,0.0,km2,K9,gfed5_annual_burned_area,measured,f_product_level;f_grid_resolution;f_zero_no_detection
COK,Cookøyene,country,2007,burned_area_km2,0.0,km2,K9,gfed5_annual_burned_area,measured,f_product_level;f_grid_resolution;f_zero_no_detection
COK,Cookøyene,country,2008,burned_area_km2,0.0,km2,K9,gfed5_annual_burned_area,measured,f_product_level;f_grid_resolution;f_zero_no_detection
COK,Cookøyene,country,2009,burned_area_km2,0.0,km2,K9,gfed5_annual_burned_area,measured,f_product_level;f_grid_resolution;f_zero_no_detection
COK,Cookøyene,country,2010,burned_area_km2,0.0,km2,K9,gfed5_annual_burned_area,measured,f_product_level;f_grid_resolution;f_zero_no_detection
COK,Cookøyene,country,2011,burned_area_km2,0.0,km2,K9,gfed5_annual_burned_area,measured,f_product_level;f_grid_resolution;f_zero_no_detection
COK,Cookøyene,country,2012,burned_area_km2,0.0,km2,K9,gfed5_annual_burned_area,measured,f_product_level;f_grid_resolution;f_zero_no_detection
COK,Cookøyene,country,2013,burned_area_km2,0.0,km2,K9,gfed5_annual_burned_area,measured,f_product_level;f_grid_resolution;f_zero_no_detection
COK,Cookøyene,country,2014,burned_area_km2,0.0,km2,K9,gfed5_annual_burned_area,measured,f_product_level;f_grid_resolution;f_zero_no_detection
COK,Cookøyene,country,2015,burned_area_km2,0.0,km2,K9,gfed5_annual_burned_area,measured,f_product_level;f_grid_resolution;f_zero_no_detection
COK,Cookøyene,country,2016,burned_area_km2,0.0,km2,K9,gfed5_annual_burned_area,measured,f_product_level;f_grid_resolution;f_zero_no_detection
COK,Cookøyene,country,2017,burned_area_km2,0.0,km2,K9,gfed5_annual_burned_area,measured,f_product_level;f_grid_resolution;f_zero_no_detection
COK,Cookøyene,country,2018,burned_area_km2,0.0,km2,K9,gfed5_annual_burned_area,measured,f_product_level;f_grid_resolution;f_zero_no_detection
COK,Cookøyene,country,2019,burned_area_km2,0.0,km2,K9,gfed5_annual_burned_area,measured,f_product_level;f_grid_resolution;f_zero_no_detection
COK,Cookøyene,country,2020,burned_area_km2,0.0,km2,K9,gfed5_annual_burned_area,measured,f_product_level;f_grid_resolution;f_zero_no_detection
COL,Colombia,country,1997,burned_area_km2,26268.15,km2,K9,gfed5_annual_burned_area,measured,f_product_level;f_resolution_change
COL,Colombia,country,1998,burned_area_km2,39487.41,km2,K9,gfed5_annual_burned_area,measured,f_product_level;f_resolution_change
COL,Colombia,country,1999,burned_area_km2,25847.6,km2,K9,gfed5_annual_burned_area,measured,f_product_level;f_resolution_change
COL,Colombia,country,2000,burned_area_km2,42090.54,km2,K9,gfed5_annual_burned_area,measured,f_product_level;f_resolution_change
COL,Colombia,country,2001,burned_area_km2,41543.93,km2,K9,gfed5_annual_burned_area,measured,f_product_level
COL,Colombia,country,2002,burned_area_km2,37373.54,km2,K9,gfed5_annual_burned_area,measured,f_product_level
COL,Colombia,country,2003,burned_area_km2,42368.5,km2,K9,gfed5_annual_burned_area,measured,f_product_level
COL,Colombia,country,2004,burned_area_km2,49177.12,km2,K9,gfed5_annual_burned_area,measured,f_product_level
COL,Colombia,country,2005,burned_area_km2,34578.41,km2,K9,gfed5_annual_burned_area,measured,f_product_level
COL,Colombia,country,2006,burned_area_km2,28185.9,km2,K9,gfed5_annual_burned_area,measured,f_product_level
COL,Colombia,country,2007,burned_area_km2,46671.03,km2,K9,gfed5_annual_burned_area,measured,f_product_level
COL,Colombia,country,2008,burned_area_km2,33579.25,km2,K9,gfed5_annual_burned_area,measured,f_product_level
COL,Colombia,country,2009,burned_area_km2,32013.51,km2,K9,gfed5_annual_burned_area,measured,f_product_level
COL,Colombia,country,2010,burned_area_km2,27394.51,km2,K9,gfed5_annual_burned_area,measured,f_product_level
COL,Colombia,country,2011,burned_area_km2,23552.97,km2,K9,gfed5_annual_burned_area,measured,f_product_level
COL,Colombia,country,2012,burned_area_km2,26663.14,km2,K9,gfed5_annual_burned_area,measured,f_product_level
COL,Colombia,country,2013,burned_area_km2,28672.22,km2,K9,gfed5_annual_burned_area,measured,f_product_level
COL,Colombia,country,2014,burned_area_km2,34164.99,km2,K9,gfed5_annual_burned_area,measured,f_product_level
COL,Colombia,country,2015,burned_area_km2,27597.62,km2,K9,gfed5_annual_burned_area,measured,f_product_level
COL,Colombia,country,2016,burned_area_km2,31717.96,km2,K9,gfed5_annual_burned_area,measured,f_product_level
COL,Colombia,country,2017,burned_area_km2,23761.03,km2,K9,gfed5_annual_burned_area,measured,f_product_level
COL,Colombia,country,2018,burned_area_km2,33516.22,km2,K9,gfed5_annual_burned_area,measured,f_product_level
COL,Colombia,country,2019,burned_area_km2,28211.73,km2,K9,gfed5_annual_burned_area,measured,f_product_level
COL,Colombia,country,2020,burned_area_km2,36173.48,km2,K9,gfed5_annual_burned_area,measured,f_product_level
COM,Komorene,country,1997,burned_area_km2,0.0,km2,K9,gfed5_annual_burned_area,measured,f_product_level;f_resolution_change;f_grid_resolution;f_zero_no_detection
COM,Komorene,country,1998,burned_area_km2,0.0,km2,K9,gfed5_annual_burned_area,measured,f_product_level;f_resolution_change;f_grid_resolution;f_zero_no_detection
COM,Komorene,country,1999,burned_area_km2,0.0,km2,K9,gfed5_annual_burned_area,measured,f_product_level;f_resolution_change;f_grid_resolution;f_zero_no_detection
COM,Komorene,country,2000,burned_area_km2,0.0,km2,K9,gfed5_annual_burned_area,measured,f_product_level;f_resolution_change;f_grid_resolution;f_zero_no_detection
COM,Komorene,country,2001,burned_area_km2,2.36,km2,K9,gfed5_annual_burned_area,measured,f_product_level
COM,Komorene,country,2002,burned_area_km2,0.0,km2,K9,gfed5_annual_burned_area,measured,f_product_level;f_zero_no_detection
COM,Komorene,country,2003,burned_area_km2,11.81,km2,K9,gfed5_annual_burned_area,measured,f_product_level
COM,Komorene,country,2004,burned_area_km2,0.21,km2,K9,gfed5_annual_burned_area,measured,f_product_level
COM,Komorene,country,2005,burned_area_km2,101.75,km2,K9,gfed5_annual_burned_area,measured,f_product_level
COM,Komorene,country,2006,burned_area_km2,11.63,km2,K9,gfed5_annual_burned_area,measured,f_product_level
COM,Komorene,country,2007,burned_area_km2,8.58,km2,K9,gfed5_annual_burned_area,measured,f_product_level
COM,Komorene,country,2008,burned_area_km2,30.95,km2,K9,gfed5_annual_burned_area,measured,f_product_level
COM,Komorene,country,2009,burned_area_km2,3.01,km2,K9,gfed5_annual_burned_area,measured,f_product_level
COM,Komorene,country,2010,burned_area_km2,7.51,km2,K9,gfed5_annual_burned_area,measured,f_product_level
COM,Komorene,country,2011,burned_area_km2,11.25,km2,K9,gfed5_annual_burned_area,measured,f_product_level
COM,Komorene,country,2012,burned_area_km2,4.94,km2,K9,gfed5_annual_burned_area,measured,f_product_level
COM,Komorene,country,2013,burned_area_km2,9.66,km2,K9,gfed5_annual_burned_area,measured,f_product_level
COM,Komorene,country,2014,burned_area_km2,11.2,km2,K9,gfed5_annual_burned_area,measured,f_product_level
COM,Komorene,country,2015,burned_area_km2,13.31,km2,K9,gfed5_annual_burned_area,measured,f_product_level
COM,Komorene,country,2016,burned_area_km2,12.92,km2,K9,gfed5_annual_burned_area,measured,f_product_level
COM,Komorene,country,2017,burned_area_km2,0.21,km2,K9,gfed5_annual_burned_area,measured,f_product_level
COM,Komorene,country,2018,burned_area_km2,7.6,km2,K9,gfed5_annual_burned_area,measured,f_product_level
COM,Komorene,country,2019,burned_area_km2,24.04,km2,K9,gfed5_annual_burned_area,measured,f_product_level
COM,Komorene,country,2020,burned_area_km2,0.43,km2,K9,gfed5_annual_burned_area,measured,f_product_level
CPV,Kapp Verde,country,1997,burned_area_km2,0.0,km2,K9,gfed5_annual_burned_area,measured,f_product_level;f_resolution_change;f_grid_resolution;f_zero_no_detection
CPV,Kapp Verde,country,1998,burned_area_km2,0.0,km2,K9,gfed5_annual_burned_area,measured,f_product_level;f_resolution_change;f_grid_resolution;f_zero_no_detection
CPV,Kapp Verde,country,1999,burned_area_km2,0.0,km2,K9,gfed5_annual_burned_area,measured,f_product_level;f_resolution_change;f_grid_resolution;f_zero_no_detection
CPV,Kapp Verde,country,2000,burned_area_km2,0.0,km2,K9,gfed5_annual_burned_area,measured,f_product_level;f_resolution_change;f_grid_resolution;f_zero_no_detection
CPV,Kapp Verde,country,2001,burned_area_km2,0.0,km2,K9,gfed5_annual_burned_area,measured,f_product_level;f_zero_no_detection
CPV,Kapp Verde,country,2002,burned_area_km2,0.0,km2,K9,gfed5_annual_burned_area,measured,f_product_level;f_zero_no_detection
CPV,Kapp Verde,country,2003,burned_area_km2,0.0,km2,K9,gfed5_annual_burned_area,measured,f_product_level;f_zero_no_detection
CPV,Kapp Verde,country,2004,burned_area_km2,0.0,km2,K9,gfed5_annual_burned_area,measured,f_product_level;f_zero_no_detection
CPV,Kapp Verde,country,2005,burned_area_km2,0.0,km2,K9,gfed5_annual_burned_area,measured,f_product_level;f_zero_no_detection
CPV,Kapp Verde,country,2006,burned_area_km2,0.0,km2,K9,gfed5_annual_burned_area,measured,f_product_level;f_zero_no_detection
CPV,Kapp Verde,country,2007,burned_area_km2,0.0,km2,K9,gfed5_annual_burned_area,measured,f_product_level;f_zero_no_detection
CPV,Kapp Verde,country,2008,burned_area_km2,0.0,km2,K9,gfed5_annual_burned_area,measured,f_product_level;f_zero_no_detection
CPV,Kapp Verde,country,2009,burned_area_km2,0.0,km2,K9,gfed5_annual_burned_area,measured,f_product_level;f_zero_no_detection
CPV,Kapp Verde,country,2010,burned_area_km2,0.0,km2,K9,gfed5_annual_burned_area,measured,f_product_level;f_zero_no_detection
CPV,Kapp Verde,country,2011,burned_area_km2,0.0,km2,K9,gfed5_annual_burned_area,measured,f_product_level;f_zero_no_detection
CPV,Kapp Verde,country,2012,burned_area_km2,0.0,km2,K9,gfed5_annual_burned_area,measured,f_product_level;f_zero_no_detection
CPV,Kapp Verde,country,2013,burned_area_km2,0.0,km2,K9,gfed5_annual_burned_area,measured,f_product_level;f_zero_no_detection
CPV,Kapp Verde,country,2014,burned_area_km2,0.0,km2,K9,gfed5_annual_burned_area,measured,f_product_level;f_zero_no_detection
CPV,Kapp Verde,country,2015,burned_area_km2,0.0,km2,K9,gfed5_annual_burned_area,measured,f_product_level;f_zero_no_detection
CPV,Kapp Verde,country,2016,burned_area_km2,0.0,km2,K9,gfed5_annual_burned_area,measured,f_product_level;f_zero_no_detection
CPV,Kapp Verde,country,2017,burned_area_km2,0.0,km2,K9,gfed5_annual_burned_area,measured,f_product_level;f_zero_no_detection
CPV,Kapp Verde,country,2018,burned_area_km2,0.0,km2,K9,gfed5_annual_burned_area,measured,f_product_level;f_zero_no_detection
CPV,Kapp Verde,country,2019,burned_area_km2,0.0,km2,K9,gfed5_annual_burned_area,measured,f_product_level;f_zero_no_detection
CPV,Kapp Verde,country,2020,burned_area_km2,0.0,km2,K9,gfed5_annual_burned_area,measured,f_product_level;f_zero_no_detection
CRI,Costa Rica,country,1997,burned_area_km2,1210.04,km2,K9,gfed5_annual_burned_area,measured,f_product_level;f_resolution_change
CRI,Costa Rica,country,1998,burned_area_km2,2197.28,km2,K9,gfed5_annual_burned_area,measured,f_product_level;f_resolution_change
CRI,Costa Rica,country,1999,burned_area_km2,929.65,km2,K9,gfed5_annual_burned_area,measured,f_product_level;f_resolution_change
CRI,Costa Rica,country,2000,burned_area_km2,1682.19,km2,K9,gfed5_annual_burned_area,measured,f_product_level;f_resolution_change
CRI,Costa Rica,country,2001,burned_area_km2,3346.03,km2,K9,gfed5_annual_burned_area,measured,f_product_level
CRI,Costa Rica,country,2002,burned_area_km2,2457.06,km2,K9,gfed5_annual_burned_area,measured,f_product_level
CRI,Costa Rica,country,2003,burned_area_km2,2064.11,km2,K9,gfed5_annual_burned_area,measured,f_product_level
CRI,Costa Rica,country,2004,burned_area_km2,1744.89,km2,K9,gfed5_annual_burned_area,measured,f_product_level
CRI,Costa Rica,country,2005,burned_area_km2,1360.9,km2,K9,gfed5_annual_burned_area,measured,f_product_level
CRI,Costa Rica,country,2006,burned_area_km2,1210.94,km2,K9,gfed5_annual_burned_area,measured,f_product_level
CRI,Costa Rica,country,2007,burned_area_km2,1303.58,km2,K9,gfed5_annual_burned_area,measured,f_product_level
CRI,Costa Rica,country,2008,burned_area_km2,983.62,km2,K9,gfed5_annual_burned_area,measured,f_product_level
CRI,Costa Rica,country,2009,burned_area_km2,1383.74,km2,K9,gfed5_annual_burned_area,measured,f_product_level
CRI,Costa Rica,country,2010,burned_area_km2,1278.47,km2,K9,gfed5_annual_burned_area,measured,f_product_level
CRI,Costa Rica,country,2011,burned_area_km2,1129.25,km2,K9,gfed5_annual_burned_area,measured,f_product_level
CRI,Costa Rica,country,2012,burned_area_km2,1451.26,km2,K9,gfed5_annual_burned_area,measured,f_product_level
CRI,Costa Rica,country,2013,burned_area_km2,2120.99,km2,K9,gfed5_annual_burned_area,measured,f_product_level
CRI,Costa Rica,country,2014,burned_area_km2,1695.74,km2,K9,gfed5_annual_burned_area,measured,f_product_level
CRI,Costa Rica,country,2015,burned_area_km2,1850.65,km2,K9,gfed5_annual_burned_area,measured,f_product_level
CRI,Costa Rica,country,2016,burned_area_km2,1754.52,km2,K9,gfed5_annual_burned_area,measured,f_product_level
CRI,Costa Rica,country,2017,burned_area_km2,1238.41,km2,K9,gfed5_annual_burned_area,measured,f_product_level
CRI,Costa Rica,country,2018,burned_area_km2,1295.07,km2,K9,gfed5_annual_burned_area,measured,f_product_level
CRI,Costa Rica,country,2019,burned_area_km2,1389.33,km2,K9,gfed5_annual_burned_area,measured,f_product_level
CRI,Costa Rica,country,2020,burned_area_km2,1354.06,km2,K9,gfed5_annual_burned_area,measured,f_product_level
CUB,Cuba,country,1997,burned_area_km2,8359.11,km2,K9,gfed5_annual_burned_area,measured,f_product_level;f_resolution_change
CUB,Cuba,country,1998,burned_area_km2,18509.93,km2,K9,gfed5_annual_burned_area,measured,f_product_level;f_resolution_change
CUB,Cuba,country,1999,burned_area_km2,9686.53,km2,K9,gfed5_annual_burned_area,measured,f_product_level;f_resolution_change
CUB,Cuba,country,2000,burned_area_km2,13424.03,km2,K9,gfed5_annual_burned_area,measured,f_product_level;f_resolution_change
CUB,Cuba,country,2001,burned_area_km2,7320.58,km2,K9,gfed5_annual_burned_area,measured,f_product_level
CUB,Cuba,country,2002,burned_area_km2,8660.38,km2,K9,gfed5_annual_burned_area,measured,f_product_level
CUB,Cuba,country,2003,burned_area_km2,5896.24,km2,K9,gfed5_annual_burned_area,measured,f_product_level
CUB,Cuba,country,2004,burned_area_km2,16018.66,km2,K9,gfed5_annual_burned_area,measured,f_product_level
CUB,Cuba,country,2005,burned_area_km2,8743.38,km2,K9,gfed5_annual_burned_area,measured,f_product_level
CUB,Cuba,country,2006,burned_area_km2,10414.08,km2,K9,gfed5_annual_burned_area,measured,f_product_level
CUB,Cuba,country,2007,burned_area_km2,7358.84,km2,K9,gfed5_annual_burned_area,measured,f_product_level
CUB,Cuba,country,2008,burned_area_km2,8051.69,km2,K9,gfed5_annual_burned_area,measured,f_product_level
CUB,Cuba,country,2009,burned_area_km2,12145.47,km2,K9,gfed5_annual_burned_area,measured,f_product_level
CUB,Cuba,country,2010,burned_area_km2,7307.61,km2,K9,gfed5_annual_burned_area,measured,f_product_level
CUB,Cuba,country,2011,burned_area_km2,12012.95,km2,K9,gfed5_annual_burned_area,measured,f_product_level
CUB,Cuba,country,2012,burned_area_km2,7101.81,km2,K9,gfed5_annual_burned_area,measured,f_product_level
CUB,Cuba,country,2013,burned_area_km2,8288.0,km2,K9,gfed5_annual_burned_area,measured,f_product_level
CUB,Cuba,country,2014,burned_area_km2,5880.88,km2,K9,gfed5_annual_burned_area,measured,f_product_level
CUB,Cuba,country,2015,burned_area_km2,9079.71,km2,K9,gfed5_annual_burned_area,measured,f_product_level
CUB,Cuba,country,2016,burned_area_km2,5537.54,km2,K9,gfed5_annual_burned_area,measured,f_product_level
CUB,Cuba,country,2017,burned_area_km2,8533.51,km2,K9,gfed5_annual_burned_area,measured,f_product_level
CUB,Cuba,country,2018,burned_area_km2,4785.35,km2,K9,gfed5_annual_burned_area,measured,f_product_level
CUB,Cuba,country,2019,burned_area_km2,5815.67,km2,K9,gfed5_annual_burned_area,measured,f_product_level
CUB,Cuba,country,2020,burned_area_km2,11024.67,km2,K9,gfed5_annual_burned_area,measured,f_product_level
CUW,Curaçao,country,1997,burned_area_km2,0.0,km2,K9,gfed5_annual_burned_area,measured,f_product_level;f_resolution_change;f_grid_resolution;f_zero_no_detection
CUW,Curaçao,country,1998,burned_area_km2,0.0,km2,K9,gfed5_annual_burned_area,measured,f_product_level;f_resolution_change;f_grid_resolution;f_zero_no_detection
CUW,Curaçao,country,1999,burned_area_km2,3.36,km2,K9,gfed5_annual_burned_area,measured,f_product_level;f_resolution_change;f_grid_resolution
CUW,Curaçao,country,2000,burned_area_km2,0.0,km2,K9,gfed5_annual_burned_area,measured,f_product_level;f_resolution_change;f_grid_resolution;f_zero_no_detection
CUW,Curaçao,country,2001,burned_area_km2,0.0,km2,K9,gfed5_annual_burned_area,measured,f_product_level;f_grid_resolution;f_zero_no_detection
CUW,Curaçao,country,2002,burned_area_km2,0.0,km2,K9,gfed5_annual_burned_area,measured,f_product_level;f_grid_resolution;f_zero_no_detection
CUW,Curaçao,country,2003,burned_area_km2,0.0,km2,K9,gfed5_annual_burned_area,measured,f_product_level;f_grid_resolution;f_zero_no_detection
CUW,Curaçao,country,2004,burned_area_km2,0.0,km2,K9,gfed5_annual_burned_area,measured,f_product_level;f_grid_resolution;f_zero_no_detection
CUW,Curaçao,country,2005,burned_area_km2,0.0,km2,K9,gfed5_annual_burned_area,measured,f_product_level;f_grid_resolution;f_zero_no_detection
CUW,Curaçao,country,2006,burned_area_km2,0.0,km2,K9,gfed5_annual_burned_area,measured,f_product_level;f_grid_resolution;f_zero_no_detection
CUW,Curaçao,country,2007,burned_area_km2,0.0,km2,K9,gfed5_annual_burned_area,measured,f_product_level;f_grid_resolution;f_zero_no_detection
CUW,Curaçao,country,2008,burned_area_km2,0.0,km2,K9,gfed5_annual_burned_area,measured,f_product_level;f_grid_resolution;f_zero_no_detection
CUW,Curaçao,country,2009,burned_area_km2,0.0,km2,K9,gfed5_annual_burned_area,measured,f_product_level;f_grid_resolution;f_zero_no_detection
CUW,Curaçao,country,2010,burned_area_km2,0.0,km2,K9,gfed5_annual_burned_area,measured,f_product_level;f_grid_resolution;f_zero_no_detection
CUW,Curaçao,country,2011,burned_area_km2,0.0,km2,K9,gfed5_annual_burned_area,measured,f_product_level;f_grid_resolution;f_zero_no_detection
CUW,Curaçao,country,2012,burned_area_km2,0.0,km2,K9,gfed5_annual_burned_area,measured,f_product_level;f_grid_resolution;f_zero_no_detection
CUW,Curaçao,country,2013,burned_area_km2,0.0,km2,K9,gfed5_annual_burned_area,measured,f_product_level;f_grid_resolution;f_zero_no_detection
CUW,Curaçao,country,2014,burned_area_km2,0.0,km2,K9,gfed5_annual_burned_area,measured,f_product_level;f_grid_resolution;f_zero_no_detection
CUW,Curaçao,country,2015,burned_area_km2,0.0,km2,K9,gfed5_annual_burned_area,measured,f_product_level;f_grid_resolution;f_zero_no_detection
CUW,Curaçao,country,2016,burned_area_km2,0.0,km2,K9,gfed5_annual_burned_area,measured,f_product_level;f_grid_resolution;f_zero_no_detection
CUW,Curaçao,country,2017,burned_area_km2,0.0,km2,K9,gfed5_annual_burned_area,measured,f_product_level;f_grid_resolution;f_zero_no_detection
CUW,Curaçao,country,2018,burned_area_km2,0.0,km2,K9,gfed5_annual_burned_area,measured,f_product_level;f_grid_resolution;f_zero_no_detection
CUW,Curaçao,country,2019,burned_area_km2,0.0,km2,K9,gfed5_annual_burned_area,measured,f_product_level;f_grid_resolution;f_zero_no_detection
CUW,Curaçao,country,2020,burned_area_km2,0.0,km2,K9,gfed5_annual_burned_area,measured,f_product_level;f_grid_resolution;f_zero_no_detection
CXR,Christmasøya,country,1997,burned_area_km2,0.0,km2,K9,gfed5_annual_burned_area,measured,f_product_level;f_resolution_change;f_grid_resolution;f_zero_no_detection
CXR,Christmasøya,country,1998,burned_area_km2,0.0,km2,K9,gfed5_annual_burned_area,measured,f_product_level;f_resolution_change;f_grid_resolution;f_zero_no_detection
CXR,Christmasøya,country,1999,burned_area_km2,0.0,km2,K9,gfed5_annual_burned_area,measured,f_product_level;f_resolution_change;f_grid_resolution;f_zero_no_detection
CXR,Christmasøya,country,2000,burned_area_km2,0.0,km2,K9,gfed5_annual_burned_area,measured,f_product_level;f_resolution_change;f_grid_resolution;f_zero_no_detection
CXR,Christmasøya,country,2001,burned_area_km2,0.0,km2,K9,gfed5_annual_burned_area,measured,f_product_level;f_grid_resolution;f_zero_no_detection
CXR,Christmasøya,country,2002,burned_area_km2,0.0,km2,K9,gfed5_annual_burned_area,measured,f_product_level;f_grid_resolution;f_zero_no_detection
CXR,Christmasøya,country,2003,burned_area_km2,0.0,km2,K9,gfed5_annual_burned_area,measured,f_product_level;f_grid_resolution;f_zero_no_detection
CXR,Christmasøya,country,2004,burned_area_km2,0.0,km2,K9,gfed5_annual_burned_area,measured,f_product_level;f_grid_resolution;f_zero_no_detection
CXR,Christmasøya,country,2005,burned_area_km2,0.0,km2,K9,gfed5_annual_burned_area,measured,f_product_level;f_grid_resolution;f_zero_no_detection
CXR,Christmasøya,country,2006,burned_area_km2,0.0,km2,K9,gfed5_annual_burned_area,measured,f_product_level;f_grid_resolution;f_zero_no_detection
CXR,Christmasøya,country,2007,burned_area_km2,0.0,km2,K9,gfed5_annual_burned_area,measured,f_product_level;f_grid_resolution;f_zero_no_detection
CXR,Christmasøya,country,2008,burned_area_km2,0.0,km2,K9,gfed5_annual_burned_area,measured,f_product_level;f_grid_resolution;f_zero_no_detection
CXR,Christmasøya,country,2009,burned_area_km2,0.0,km2,K9,gfed5_annual_burned_area,measured,f_product_level;f_grid_resolution;f_zero_no_detection
CXR,Christmasøya,country,2010,burned_area_km2,0.0,km2,K9,gfed5_annual_burned_area,measured,f_product_level;f_grid_resolution;f_zero_no_detection
CXR,Christmasøya,country,2011,burned_area_km2,0.0,km2,K9,gfed5_annual_burned_area,measured,f_product_level;f_grid_resolution;f_zero_no_detection
CXR,Christmasøya,country,2012,burned_area_km2,0.0,km2,K9,gfed5_annual_burned_area,measured,f_product_level;f_grid_resolution;f_zero_no_detection
CXR,Christmasøya,country,2013,burned_area_km2,0.0,km2,K9,gfed5_annual_burned_area,measured,f_product_level;f_grid_resolution;f_zero_no_detection
CXR,Christmasøya,country,2014,burned_area_km2,0.0,km2,K9,gfed5_annual_burned_area,measured,f_product_level;f_grid_resolution;f_zero_no_detection
CXR,Christmasøya,country,2015,burned_area_km2,0.0,km2,K9,gfed5_annual_burned_area,measured,f_product_level;f_grid_resolution;f_zero_no_detection
CXR,Christmasøya,country,2016,burned_area_km2,0.0,km2,K9,gfed5_annual_burned_area,measured,f_product_level;f_grid_resolution;f_zero_no_detection
CXR,Christmasøya,country,2017,burned_area_km2,0.0,km2,K9,gfed5_annual_burned_area,measured,f_product_level;f_grid_resolution;f_zero_no_detection
CXR,Christmasøya,country,2018,burned_area_km2,0.0,km2,K9,gfed5_annual_burned_area,measured,f_product_level;f_grid_resolution;f_zero_no_detection
CXR,Christmasøya,country,2019,burned_area_km2,0.0,km2,K9,gfed5_annual_burned_area,measured,f_product_level;f_grid_resolution;f_zero_no_detection
CXR,Christmasøya,country,2020,burned_area_km2,0.0,km2,K9,gfed5_annual_burned_area,measured,f_product_level;f_grid_resolution;f_zero_no_detection
CYM,Caymanøyene,country,1997,burned_area_km2,0.0,km2,K9,gfed5_annual_burned_area,measured,f_product_level;f_resolution_change;f_grid_resolution;f_zero_no_detection
CYM,Caymanøyene,country,1998,burned_area_km2,0.0,km2,K9,gfed5_annual_burned_area,measured,f_product_level;f_resolution_change;f_grid_resolution;f_zero_no_detection
CYM,Caymanøyene,country,1999,burned_area_km2,0.0,km2,K9,gfed5_annual_burned_area,measured,f_product_level;f_resolution_change;f_grid_resolution;f_zero_no_detection
CYM,Caymanøyene,country,2000,burned_area_km2,0.0,km2,K9,gfed5_annual_burned_area,measured,f_product_level;f_resolution_change;f_grid_resolution;f_zero_no_detection
CYM,Caymanøyene,country,2001,burned_area_km2,0.0,km2,K9,gfed5_annual_burned_area,measured,f_product_level;f_grid_resolution;f_zero_no_detection
CYM,Caymanøyene,country,2002,burned_area_km2,0.0,km2,K9,gfed5_annual_burned_area,measured,f_product_level;f_grid_resolution;f_zero_no_detection
CYM,Caymanøyene,country,2003,burned_area_km2,0.14,km2,K9,gfed5_annual_burned_area,measured,f_product_level;f_grid_resolution
CYM,Caymanøyene,country,2004,burned_area_km2,0.0,km2,K9,gfed5_annual_burned_area,measured,f_product_level;f_grid_resolution;f_zero_no_detection
CYM,Caymanøyene,country,2005,burned_area_km2,0.0,km2,K9,gfed5_annual_burned_area,measured,f_product_level;f_grid_resolution;f_zero_no_detection
CYM,Caymanøyene,country,2006,burned_area_km2,0.0,km2,K9,gfed5_annual_burned_area,measured,f_product_level;f_grid_resolution;f_zero_no_detection
CYM,Caymanøyene,country,2007,burned_area_km2,0.0,km2,K9,gfed5_annual_burned_area,measured,f_product_level;f_grid_resolution;f_zero_no_detection
CYM,Caymanøyene,country,2008,burned_area_km2,0.58,km2,K9,gfed5_annual_burned_area,measured,f_product_level;f_grid_resolution
CYM,Caymanøyene,country,2009,burned_area_km2,0.0,km2,K9,gfed5_annual_burned_area,measured,f_product_level;f_grid_resolution;f_zero_no_detection
CYM,Caymanøyene,country,2010,burned_area_km2,0.0,km2,K9,gfed5_annual_burned_area,measured,f_product_level;f_grid_resolution;f_zero_no_detection
CYM,Caymanøyene,country,2011,burned_area_km2,0.0,km2,K9,gfed5_annual_burned_area,measured,f_product_level;f_grid_resolution;f_zero_no_detection
CYM,Caymanøyene,country,2012,burned_area_km2,0.0,km2,K9,gfed5_annual_burned_area,measured,f_product_level;f_grid_resolution;f_zero_no_detection
CYM,Caymanøyene,country,2013,burned_area_km2,0.0,km2,K9,gfed5_annual_burned_area,measured,f_product_level;f_grid_resolution;f_zero_no_detection
CYM,Caymanøyene,country,2014,burned_area_km2,0.0,km2,K9,gfed5_annual_burned_area,measured,f_product_level;f_grid_resolution;f_zero_no_detection
CYM,Caymanøyene,country,2015,burned_area_km2,0.0,km2,K9,gfed5_annual_burned_area,measured,f_product_level;f_grid_resolution;f_zero_no_detection
CYM,Caymanøyene,country,2016,burned_area_km2,0.0,km2,K9,gfed5_annual_burned_area,measured,f_product_level;f_grid_resolution;f_zero_no_detection
CYM,Caymanøyene,country,2017,burned_area_km2,0.0,km2,K9,gfed5_annual_burned_area,measured,f_product_level;f_grid_resolution;f_zero_no_detection
CYM,Caymanøyene,country,2018,burned_area_km2,0.0,km2,K9,gfed5_annual_burned_area,measured,f_product_level;f_grid_resolution;f_zero_no_detection
CYM,Caymanøyene,country,2019,burned_area_km2,0.0,km2,K9,gfed5_annual_burned_area,measured,f_product_level;f_grid_resolution;f_zero_no_detection
CYM,Caymanøyene,country,2020,burned_area_km2,0.0,km2,K9,gfed5_annual_burned_area,measured,f_product_level;f_grid_resolution;f_zero_no_detection
CYP,Kypros,country,1997,burned_area_km2,47.79,km2,K9,gfed5_annual_burned_area,measured,f_product_level;f_resolution_change;f_grid_resolution
CYP,Kypros,country,1998,burned_area_km2,47.98,km2,K9,gfed5_annual_burned_area,measured,f_product_level;f_resolution_change;f_grid_resolution
CYP,Kypros,country,1999,burned_area_km2,52.57,km2,K9,gfed5_annual_burned_area,measured,f_product_level;f_resolution_change;f_grid_resolution
CYP,Kypros,country,2000,burned_area_km2,105.51,km2,K9,gfed5_annual_burned_area,measured,f_product_level;f_resolution_change;f_grid_resolution
CYP,Kypros,country,2001,burned_area_km2,91.43,km2,K9,gfed5_annual_burned_area,measured,f_product_level
CYP,Kypros,country,2002,burned_area_km2,45.36,km2,K9,gfed5_annual_burned_area,measured,f_product_level
CYP,Kypros,country,2003,burned_area_km2,170.71,km2,K9,gfed5_annual_burned_area,measured,f_product_level
CYP,Kypros,country,2004,burned_area_km2,67.61,km2,K9,gfed5_annual_burned_area,measured,f_product_level
CYP,Kypros,country,2005,burned_area_km2,61.77,km2,K9,gfed5_annual_burned_area,measured,f_product_level
CYP,Kypros,country,2006,burned_area_km2,46.14,km2,K9,gfed5_annual_burned_area,measured,f_product_level
CYP,Kypros,country,2007,burned_area_km2,73.02,km2,K9,gfed5_annual_burned_area,measured,f_product_level
CYP,Kypros,country,2008,burned_area_km2,44.97,km2,K9,gfed5_annual_burned_area,measured,f_product_level
CYP,Kypros,country,2009,burned_area_km2,25.09,km2,K9,gfed5_annual_burned_area,measured,f_product_level
CYP,Kypros,country,2010,burned_area_km2,54.85,km2,K9,gfed5_annual_burned_area,measured,f_product_level
CYP,Kypros,country,2011,burned_area_km2,51.72,km2,K9,gfed5_annual_burned_area,measured,f_product_level
CYP,Kypros,country,2012,burned_area_km2,62.14,km2,K9,gfed5_annual_burned_area,measured,f_product_level
CYP,Kypros,country,2013,burned_area_km2,83.93,km2,K9,gfed5_annual_burned_area,measured,f_product_level
CYP,Kypros,country,2014,burned_area_km2,48.41,km2,K9,gfed5_annual_burned_area,measured,f_product_level
CYP,Kypros,country,2015,burned_area_km2,56.65,km2,K9,gfed5_annual_burned_area,measured,f_product_level
CYP,Kypros,country,2016,burned_area_km2,30.01,km2,K9,gfed5_annual_burned_area,measured,f_product_level
CYP,Kypros,country,2017,burned_area_km2,20.81,km2,K9,gfed5_annual_burned_area,measured,f_product_level
CYP,Kypros,country,2018,burned_area_km2,23.25,km2,K9,gfed5_annual_burned_area,measured,f_product_level
CYP,Kypros,country,2019,burned_area_km2,24.58,km2,K9,gfed5_annual_burned_area,measured,f_product_level
CYP,Kypros,country,2020,burned_area_km2,62.24,km2,K9,gfed5_annual_burned_area,measured,f_product_level
CZE,Tsjekkia,country,1997,burned_area_km2,86.87,km2,K9,gfed5_annual_burned_area,measured,f_product_level;f_resolution_change
CZE,Tsjekkia,country,1998,burned_area_km2,75.11,km2,K9,gfed5_annual_burned_area,measured,f_product_level;f_resolution_change
CZE,Tsjekkia,country,1999,burned_area_km2,65.28,km2,K9,gfed5_annual_burned_area,measured,f_product_level;f_resolution_change
CZE,Tsjekkia,country,2000,burned_area_km2,96.79,km2,K9,gfed5_annual_burned_area,measured,f_product_level;f_resolution_change
CZE,Tsjekkia,country,2001,burned_area_km2,110.4,km2,K9,gfed5_annual_burned_area,measured,f_product_level
CZE,Tsjekkia,country,2002,burned_area_km2,271.32,km2,K9,gfed5_annual_burned_area,measured,f_product_level
CZE,Tsjekkia,country,2003,burned_area_km2,146.99,km2,K9,gfed5_annual_burned_area,measured,f_product_level
CZE,Tsjekkia,country,2004,burned_area_km2,110.5,km2,K9,gfed5_annual_burned_area,measured,f_product_level
CZE,Tsjekkia,country,2005,burned_area_km2,130.36,km2,K9,gfed5_annual_burned_area,measured,f_product_level
CZE,Tsjekkia,country,2006,burned_area_km2,141.24,km2,K9,gfed5_annual_burned_area,measured,f_product_level
CZE,Tsjekkia,country,2007,burned_area_km2,91.64,km2,K9,gfed5_annual_burned_area,measured,f_product_level
CZE,Tsjekkia,country,2008,burned_area_km2,96.87,km2,K9,gfed5_annual_burned_area,measured,f_product_level
CZE,Tsjekkia,country,2009,burned_area_km2,106.15,km2,K9,gfed5_annual_burned_area,measured,f_product_level
CZE,Tsjekkia,country,2010,burned_area_km2,71.48,km2,K9,gfed5_annual_burned_area,measured,f_product_level
CZE,Tsjekkia,country,2011,burned_area_km2,136.38,km2,K9,gfed5_annual_burned_area,measured,f_product_level
CZE,Tsjekkia,country,2012,burned_area_km2,141.27,km2,K9,gfed5_annual_burned_area,measured,f_product_level
CZE,Tsjekkia,country,2013,burned_area_km2,80.77,km2,K9,gfed5_annual_burned_area,measured,f_product_level
CZE,Tsjekkia,country,2014,burned_area_km2,141.8,km2,K9,gfed5_annual_burned_area,measured,f_product_level
CZE,Tsjekkia,country,2015,burned_area_km2,162.12,km2,K9,gfed5_annual_burned_area,measured,f_product_level
CZE,Tsjekkia,country,2016,burned_area_km2,111.61,km2,K9,gfed5_annual_burned_area,measured,f_product_level
CZE,Tsjekkia,country,2017,burned_area_km2,103.69,km2,K9,gfed5_annual_burned_area,measured,f_product_level
CZE,Tsjekkia,country,2018,burned_area_km2,159.77,km2,K9,gfed5_annual_burned_area,measured,f_product_level
CZE,Tsjekkia,country,2019,burned_area_km2,165.52,km2,K9,gfed5_annual_burned_area,measured,f_product_level
CZE,Tsjekkia,country,2020,burned_area_km2,205.73,km2,K9,gfed5_annual_burned_area,measured,f_product_level
DEU,Tyskland,country,1997,burned_area_km2,1030.98,km2,K9,gfed5_annual_burned_area,measured,f_product_level;f_resolution_change
DEU,Tyskland,country,1998,burned_area_km2,825.74,km2,K9,gfed5_annual_burned_area,measured,f_product_level;f_resolution_change
DEU,Tyskland,country,1999,burned_area_km2,657.7,km2,K9,gfed5_annual_burned_area,measured,f_product_level;f_resolution_change
DEU,Tyskland,country,2000,burned_area_km2,919.59,km2,K9,gfed5_annual_burned_area,measured,f_product_level;f_resolution_change
DEU,Tyskland,country,2001,burned_area_km2,282.74,km2,K9,gfed5_annual_burned_area,measured,f_product_level
DEU,Tyskland,country,2002,burned_area_km2,285.05,km2,K9,gfed5_annual_burned_area,measured,f_product_level
DEU,Tyskland,country,2003,burned_area_km2,374.47,km2,K9,gfed5_annual_burned_area,measured,f_product_level
DEU,Tyskland,country,2004,burned_area_km2,332.63,km2,K9,gfed5_annual_burned_area,measured,f_product_level
DEU,Tyskland,country,2005,burned_area_km2,279.47,km2,K9,gfed5_annual_burned_area,measured,f_product_level
DEU,Tyskland,country,2006,burned_area_km2,271.11,km2,K9,gfed5_annual_burned_area,measured,f_product_level
DEU,Tyskland,country,2007,burned_area_km2,173.25,km2,K9,gfed5_annual_burned_area,measured,f_product_level
DEU,Tyskland,country,2008,burned_area_km2,369.8,km2,K9,gfed5_annual_burned_area,measured,f_product_level
DEU,Tyskland,country,2009,burned_area_km2,320.06,km2,K9,gfed5_annual_burned_area,measured,f_product_level
DEU,Tyskland,country,2010,burned_area_km2,326.34,km2,K9,gfed5_annual_burned_area,measured,f_product_level
DEU,Tyskland,country,2011,burned_area_km2,492.48,km2,K9,gfed5_annual_burned_area,measured,f_product_level
DEU,Tyskland,country,2012,burned_area_km2,583.25,km2,K9,gfed5_annual_burned_area,measured,f_product_level
DEU,Tyskland,country,2013,burned_area_km2,521.26,km2,K9,gfed5_annual_burned_area,measured,f_product_level
DEU,Tyskland,country,2014,burned_area_km2,688.54,km2,K9,gfed5_annual_burned_area,measured,f_product_level
DEU,Tyskland,country,2015,burned_area_km2,715.86,km2,K9,gfed5_annual_burned_area,measured,f_product_level
DEU,Tyskland,country,2016,burned_area_km2,707.48,km2,K9,gfed5_annual_burned_area,measured,f_product_level
DEU,Tyskland,country,2017,burned_area_km2,521.35,km2,K9,gfed5_annual_burned_area,measured,f_product_level
DEU,Tyskland,country,2018,burned_area_km2,1117.78,km2,K9,gfed5_annual_burned_area,measured,f_product_level
DEU,Tyskland,country,2019,burned_area_km2,1064.54,km2,K9,gfed5_annual_burned_area,measured,f_product_level
DEU,Tyskland,country,2020,burned_area_km2,978.32,km2,K9,gfed5_annual_burned_area,measured,f_product_level
DJI,Djibouti,country,1997,burned_area_km2,408.02,km2,K9,gfed5_annual_burned_area,measured,f_product_level;f_resolution_change
DJI,Djibouti,country,1998,burned_area_km2,312.13,km2,K9,gfed5_annual_burned_area,measured,f_product_level;f_resolution_change
DJI,Djibouti,country,1999,burned_area_km2,148.46,km2,K9,gfed5_annual_burned_area,measured,f_product_level;f_resolution_change
DJI,Djibouti,country,2000,burned_area_km2,103.63,km2,K9,gfed5_annual_burned_area,measured,f_product_level;f_resolution_change
DJI,Djibouti,country,2001,burned_area_km2,29.32,km2,K9,gfed5_annual_burned_area,measured,f_product_level
DJI,Djibouti,country,2002,burned_area_km2,0.08,km2,K9,gfed5_annual_burned_area,measured,f_product_level
DJI,Djibouti,country,2003,burned_area_km2,0.0,km2,K9,gfed5_annual_burned_area,measured,f_product_level;f_zero_no_detection
DJI,Djibouti,country,2004,burned_area_km2,0.0,km2,K9,gfed5_annual_burned_area,measured,f_product_level;f_zero_no_detection
DJI,Djibouti,country,2005,burned_area_km2,1.0,km2,K9,gfed5_annual_burned_area,measured,f_product_level
DJI,Djibouti,country,2006,burned_area_km2,0.0,km2,K9,gfed5_annual_burned_area,measured,f_product_level;f_zero_no_detection
DJI,Djibouti,country,2007,burned_area_km2,0.0,km2,K9,gfed5_annual_burned_area,measured,f_product_level;f_zero_no_detection
DJI,Djibouti,country,2008,burned_area_km2,0.49,km2,K9,gfed5_annual_burned_area,measured,f_product_level
DJI,Djibouti,country,2009,burned_area_km2,0.0,km2,K9,gfed5_annual_burned_area,measured,f_product_level;f_zero_no_detection
DJI,Djibouti,country,2010,burned_area_km2,0.0,km2,K9,gfed5_annual_burned_area,measured,f_product_level;f_zero_no_detection
DJI,Djibouti,country,2011,burned_area_km2,0.0,km2,K9,gfed5_annual_burned_area,measured,f_product_level;f_zero_no_detection
DJI,Djibouti,country,2012,burned_area_km2,0.0,km2,K9,gfed5_annual_burned_area,measured,f_product_level;f_zero_no_detection
DJI,Djibouti,country,2013,burned_area_km2,0.0,km2,K9,gfed5_annual_burned_area,measured,f_product_level;f_zero_no_detection
DJI,Djibouti,country,2014,burned_area_km2,0.0,km2,K9,gfed5_annual_burned_area,measured,f_product_level;f_zero_no_detection
DJI,Djibouti,country,2015,burned_area_km2,0.55,km2,K9,gfed5_annual_burned_area,measured,f_product_level
DJI,Djibouti,country,2016,burned_area_km2,0.32,km2,K9,gfed5_annual_burned_area,measured,f_product_level
DJI,Djibouti,country,2017,burned_area_km2,0.0,km2,K9,gfed5_annual_burned_area,measured,f_product_level;f_zero_no_detection
DJI,Djibouti,country,2018,burned_area_km2,1.0,km2,K9,gfed5_annual_burned_area,measured,f_product_level
DJI,Djibouti,country,2019,burned_area_km2,1.45,km2,K9,gfed5_annual_burned_area,measured,f_product_level
DJI,Djibouti,country,2020,burned_area_km2,8.87,km2,K9,gfed5_annual_burned_area,measured,f_product_level
DMA,Dominica,country,1997,burned_area_km2,0.0,km2,K9,gfed5_annual_burned_area,measured,f_product_level;f_resolution_change;f_grid_resolution;f_zero_no_detection
DMA,Dominica,country,1998,burned_area_km2,0.0,km2,K9,gfed5_annual_burned_area,measured,f_product_level;f_resolution_change;f_grid_resolution;f_zero_no_detection
DMA,Dominica,country,1999,burned_area_km2,0.0,km2,K9,gfed5_annual_burned_area,measured,f_product_level;f_resolution_change;f_grid_resolution;f_zero_no_detection
DMA,Dominica,country,2000,burned_area_km2,0.0,km2,K9,gfed5_annual_burned_area,measured,f_product_level;f_resolution_change;f_grid_resolution;f_zero_no_detection
DMA,Dominica,country,2001,burned_area_km2,0.0,km2,K9,gfed5_annual_burned_area,measured,f_product_level;f_grid_resolution;f_zero_no_detection
DMA,Dominica,country,2002,burned_area_km2,0.0,km2,K9,gfed5_annual_burned_area,measured,f_product_level;f_grid_resolution;f_zero_no_detection
DMA,Dominica,country,2003,burned_area_km2,0.0,km2,K9,gfed5_annual_burned_area,measured,f_product_level;f_grid_resolution;f_zero_no_detection
DMA,Dominica,country,2004,burned_area_km2,0.0,km2,K9,gfed5_annual_burned_area,measured,f_product_level;f_grid_resolution;f_zero_no_detection
DMA,Dominica,country,2005,burned_area_km2,0.0,km2,K9,gfed5_annual_burned_area,measured,f_product_level;f_grid_resolution;f_zero_no_detection
DMA,Dominica,country,2006,burned_area_km2,0.0,km2,K9,gfed5_annual_burned_area,measured,f_product_level;f_grid_resolution;f_zero_no_detection
DMA,Dominica,country,2007,burned_area_km2,0.0,km2,K9,gfed5_annual_burned_area,measured,f_product_level;f_grid_resolution;f_zero_no_detection
DMA,Dominica,country,2008,burned_area_km2,0.0,km2,K9,gfed5_annual_burned_area,measured,f_product_level;f_grid_resolution;f_zero_no_detection
DMA,Dominica,country,2009,burned_area_km2,0.0,km2,K9,gfed5_annual_burned_area,measured,f_product_level;f_grid_resolution;f_zero_no_detection
DMA,Dominica,country,2010,burned_area_km2,0.0,km2,K9,gfed5_annual_burned_area,measured,f_product_level;f_grid_resolution;f_zero_no_detection
DMA,Dominica,country,2011,burned_area_km2,0.0,km2,K9,gfed5_annual_burned_area,measured,f_product_level;f_grid_resolution;f_zero_no_detection
DMA,Dominica,country,2012,burned_area_km2,0.0,km2,K9,gfed5_annual_burned_area,measured,f_product_level;f_grid_resolution;f_zero_no_detection
DMA,Dominica,country,2013,burned_area_km2,0.0,km2,K9,gfed5_annual_burned_area,measured,f_product_level;f_grid_resolution;f_zero_no_detection
DMA,Dominica,country,2014,burned_area_km2,0.0,km2,K9,gfed5_annual_burned_area,measured,f_product_level;f_grid_resolution;f_zero_no_detection
DMA,Dominica,country,2015,burned_area_km2,2.89,km2,K9,gfed5_annual_burned_area,measured,f_product_level;f_grid_resolution
DMA,Dominica,country,2016,burned_area_km2,0.0,km2,K9,gfed5_annual_burned_area,measured,f_product_level;f_grid_resolution;f_zero_no_detection
DMA,Dominica,country,2017,burned_area_km2,0.0,km2,K9,gfed5_annual_burned_area,measured,f_product_level;f_grid_resolution;f_zero_no_detection
DMA,Dominica,country,2018,burned_area_km2,0.0,km2,K9,gfed5_annual_burned_area,measured,f_product_level;f_grid_resolution;f_zero_no_detection
DMA,Dominica,country,2019,burned_area_km2,6.07,km2,K9,gfed5_annual_burned_area,measured,f_product_level;f_grid_resolution
DMA,Dominica,country,2020,burned_area_km2,7.25,km2,K9,gfed5_annual_burned_area,measured,f_product_level;f_grid_resolution
DNK,Danmark,country,1997,burned_area_km2,25.7,km2,K9,gfed5_annual_burned_area,measured,f_product_level;f_resolution_change
DNK,Danmark,country,1998,burned_area_km2,22.82,km2,K9,gfed5_annual_burned_area,measured,f_product_level;f_resolution_change
DNK,Danmark,country,1999,burned_area_km2,30.78,km2,K9,gfed5_annual_burned_area,measured,f_product_level;f_resolution_change
DNK,Danmark,country,2000,burned_area_km2,39.8,km2,K9,gfed5_annual_burned_area,measured,f_product_level;f_resolution_change
DNK,Danmark,country,2001,burned_area_km2,154.77,km2,K9,gfed5_annual_burned_area,measured,f_product_level
DNK,Danmark,country,2002,burned_area_km2,321.66,km2,K9,gfed5_annual_burned_area,measured,f_product_level
DNK,Danmark,country,2003,burned_area_km2,429.56,km2,K9,gfed5_annual_burned_area,measured,f_product_level
DNK,Danmark,country,2004,burned_area_km2,382.72,km2,K9,gfed5_annual_burned_area,measured,f_product_level
DNK,Danmark,country,2005,burned_area_km2,354.01,km2,K9,gfed5_annual_burned_area,measured,f_product_level
DNK,Danmark,country,2006,burned_area_km2,265.32,km2,K9,gfed5_annual_burned_area,measured,f_product_level
DNK,Danmark,country,2007,burned_area_km2,198.89,km2,K9,gfed5_annual_burned_area,measured,f_product_level
DNK,Danmark,country,2008,burned_area_km2,137.94,km2,K9,gfed5_annual_burned_area,measured,f_product_level
DNK,Danmark,country,2009,burned_area_km2,124.35,km2,K9,gfed5_annual_burned_area,measured,f_product_level
DNK,Danmark,country,2010,burned_area_km2,71.75,km2,K9,gfed5_annual_burned_area,measured,f_product_level
DNK,Danmark,country,2011,burned_area_km2,52.95,km2,K9,gfed5_annual_burned_area,measured,f_product_level
DNK,Danmark,country,2012,burned_area_km2,78.24,km2,K9,gfed5_annual_burned_area,measured,f_product_level
DNK,Danmark,country,2013,burned_area_km2,102.59,km2,K9,gfed5_annual_burned_area,measured,f_product_level
DNK,Danmark,country,2014,burned_area_km2,90.6,km2,K9,gfed5_annual_burned_area,measured,f_product_level
DNK,Danmark,country,2015,burned_area_km2,123.45,km2,K9,gfed5_annual_burned_area,measured,f_product_level
DNK,Danmark,country,2016,burned_area_km2,64.83,km2,K9,gfed5_annual_burned_area,measured,f_product_level
DNK,Danmark,country,2017,burned_area_km2,43.19,km2,K9,gfed5_annual_burned_area,measured,f_product_level
DNK,Danmark,country,2018,burned_area_km2,92.04,km2,K9,gfed5_annual_burned_area,measured,f_product_level
DNK,Danmark,country,2019,burned_area_km2,76.93,km2,K9,gfed5_annual_burned_area,measured,f_product_level
DNK,Danmark,country,2020,burned_area_km2,69.97,km2,K9,gfed5_annual_burned_area,measured,f_product_level
DOM,Den dominikanske republikk,country,1997,burned_area_km2,996.37,km2,K9,gfed5_annual_burned_area,measured,f_product_level;f_resolution_change
DOM,Den dominikanske republikk,country,1998,burned_area_km2,1284.51,km2,K9,gfed5_annual_burned_area,measured,f_product_level;f_resolution_change
DOM,Den dominikanske republikk,country,1999,burned_area_km2,713.39,km2,K9,gfed5_annual_burned_area,measured,f_product_level;f_resolution_change
DOM,Den dominikanske republikk,country,2000,burned_area_km2,1158.72,km2,K9,gfed5_annual_burned_area,measured,f_product_level;f_resolution_change
DOM,Den dominikanske republikk,country,2001,burned_area_km2,2398.71,km2,K9,gfed5_annual_burned_area,measured,f_product_level
DOM,Den dominikanske republikk,country,2002,burned_area_km2,1672.27,km2,K9,gfed5_annual_burned_area,measured,f_product_level
DOM,Den dominikanske republikk,country,2003,burned_area_km2,1641.98,km2,K9,gfed5_annual_burned_area,measured,f_product_level
DOM,Den dominikanske republikk,country,2004,burned_area_km2,1696.65,km2,K9,gfed5_annual_burned_area,measured,f_product_level
DOM,Den dominikanske republikk,country,2005,burned_area_km2,2194.91,km2,K9,gfed5_annual_burned_area,measured,f_product_level
DOM,Den dominikanske republikk,country,2006,burned_area_km2,2107.48,km2,K9,gfed5_annual_burned_area,measured,f_product_level
DOM,Den dominikanske republikk,country,2007,burned_area_km2,2077.7,km2,K9,gfed5_annual_burned_area,measured,f_product_level
DOM,Den dominikanske republikk,country,2008,burned_area_km2,2209.12,km2,K9,gfed5_annual_burned_area,measured,f_product_level
DOM,Den dominikanske republikk,country,2009,burned_area_km2,2141.5,km2,K9,gfed5_annual_burned_area,measured,f_product_level
DOM,Den dominikanske republikk,country,2010,burned_area_km2,1666.22,km2,K9,gfed5_annual_burned_area,measured,f_product_level
DOM,Den dominikanske republikk,country,2011,burned_area_km2,2626.33,km2,K9,gfed5_annual_burned_area,measured,f_product_level
DOM,Den dominikanske republikk,country,2012,burned_area_km2,2122.08,km2,K9,gfed5_annual_burned_area,measured,f_product_level
DOM,Den dominikanske republikk,country,2013,burned_area_km2,2686.03,km2,K9,gfed5_annual_burned_area,measured,f_product_level
DOM,Den dominikanske republikk,country,2014,burned_area_km2,2153.74,km2,K9,gfed5_annual_burned_area,measured,f_product_level
DOM,Den dominikanske republikk,country,2015,burned_area_km2,2287.77,km2,K9,gfed5_annual_burned_area,measured,f_product_level
DOM,Den dominikanske republikk,country,2016,burned_area_km2,1037.39,km2,K9,gfed5_annual_burned_area,measured,f_product_level
DOM,Den dominikanske republikk,country,2017,burned_area_km2,976.53,km2,K9,gfed5_annual_burned_area,measured,f_product_level
DOM,Den dominikanske republikk,country,2018,burned_area_km2,1553.67,km2,K9,gfed5_annual_burned_area,measured,f_product_level
DOM,Den dominikanske republikk,country,2019,burned_area_km2,1496.83,km2,K9,gfed5_annual_burned_area,measured,f_product_level
DOM,Den dominikanske republikk,country,2020,burned_area_km2,1710.41,km2,K9,gfed5_annual_burned_area,measured,f_product_level
DZA,Algerie,country,1997,burned_area_km2,1081.22,km2,K9,gfed5_annual_burned_area,measured,f_product_level;f_resolution_change
DZA,Algerie,country,1998,burned_area_km2,2094.03,km2,K9,gfed5_annual_burned_area,measured,f_product_level;f_resolution_change
DZA,Algerie,country,1999,burned_area_km2,1535.49,km2,K9,gfed5_annual_burned_area,measured,f_product_level;f_resolution_change
DZA,Algerie,country,2000,burned_area_km2,1052.49,km2,K9,gfed5_annual_burned_area,measured,f_product_level;f_resolution_change
DZA,Algerie,country,2001,burned_area_km2,1521.73,km2,K9,gfed5_annual_burned_area,measured,f_product_level
DZA,Algerie,country,2002,burned_area_km2,820.28,km2,K9,gfed5_annual_burned_area,measured,f_product_level
DZA,Algerie,country,2003,burned_area_km2,1728.62,km2,K9,gfed5_annual_burned_area,measured,f_product_level
DZA,Algerie,country,2004,burned_area_km2,2514.81,km2,K9,gfed5_annual_burned_area,measured,f_product_level
DZA,Algerie,country,2005,burned_area_km2,2273.54,km2,K9,gfed5_annual_burned_area,measured,f_product_level
DZA,Algerie,country,2006,burned_area_km2,1917.02,km2,K9,gfed5_annual_burned_area,measured,f_product_level
DZA,Algerie,country,2007,burned_area_km2,3169.88,km2,K9,gfed5_annual_burned_area,measured,f_product_level
DZA,Algerie,country,2008,burned_area_km2,1898.64,km2,K9,gfed5_annual_burned_area,measured,f_product_level
DZA,Algerie,country,2009,burned_area_km2,2358.06,km2,K9,gfed5_annual_burned_area,measured,f_product_level
DZA,Algerie,country,2010,burned_area_km2,2550.71,km2,K9,gfed5_annual_burned_area,measured,f_product_level
DZA,Algerie,country,2011,burned_area_km2,1705.28,km2,K9,gfed5_annual_burned_area,measured,f_product_level
DZA,Algerie,country,2012,burned_area_km2,5083.52,km2,K9,gfed5_annual_burned_area,measured,f_product_level
DZA,Algerie,country,2013,burned_area_km2,1532.96,km2,K9,gfed5_annual_burned_area,measured,f_product_level
DZA,Algerie,country,2014,burned_area_km2,3110.97,km2,K9,gfed5_annual_burned_area,measured,f_product_level
DZA,Algerie,country,2015,burned_area_km2,1372.78,km2,K9,gfed5_annual_burned_area,measured,f_product_level
DZA,Algerie,country,2016,burned_area_km2,2062.4,km2,K9,gfed5_annual_burned_area,measured,f_product_level
DZA,Algerie,country,2017,burned_area_km2,2696.77,km2,K9,gfed5_annual_burned_area,measured,f_product_level
DZA,Algerie,country,2018,burned_area_km2,668.25,km2,K9,gfed5_annual_burned_area,measured,f_product_level
DZA,Algerie,country,2019,burned_area_km2,2193.66,km2,K9,gfed5_annual_burned_area,measured,f_product_level
DZA,Algerie,country,2020,burned_area_km2,3032.9,km2,K9,gfed5_annual_burned_area,measured,f_product_level
ECU,Ecuador,country,1997,burned_area_km2,450.9,km2,K9,gfed5_annual_burned_area,measured,f_product_level;f_resolution_change
ECU,Ecuador,country,1998,burned_area_km2,314.08,km2,K9,gfed5_annual_burned_area,measured,f_product_level;f_resolution_change
ECU,Ecuador,country,1999,burned_area_km2,284.53,km2,K9,gfed5_annual_burned_area,measured,f_product_level;f_resolution_change
ECU,Ecuador,country,2000,burned_area_km2,538.86,km2,K9,gfed5_annual_burned_area,measured,f_product_level;f_resolution_change
ECU,Ecuador,country,2001,burned_area_km2,5033.78,km2,K9,gfed5_annual_burned_area,measured,f_product_level
ECU,Ecuador,country,2002,burned_area_km2,2066.21,km2,K9,gfed5_annual_burned_area,measured,f_product_level
ECU,Ecuador,country,2003,burned_area_km2,4040.42,km2,K9,gfed5_annual_burned_area,measured,f_product_level
ECU,Ecuador,country,2004,burned_area_km2,3942.03,km2,K9,gfed5_annual_burned_area,measured,f_product_level
ECU,Ecuador,country,2005,burned_area_km2,5139.45,km2,K9,gfed5_annual_burned_area,measured,f_product_level
ECU,Ecuador,country,2006,burned_area_km2,2696.53,km2,K9,gfed5_annual_burned_area,measured,f_product_level
ECU,Ecuador,country,2007,burned_area_km2,5507.12,km2,K9,gfed5_annual_burned_area,measured,f_product_level
ECU,Ecuador,country,2008,burned_area_km2,3983.09,km2,K9,gfed5_annual_burned_area,measured,f_product_level
ECU,Ecuador,country,2009,burned_area_km2,7792.7,km2,K9,gfed5_annual_burned_area,measured,f_product_level
ECU,Ecuador,country,2010,burned_area_km2,2492.2,km2,K9,gfed5_annual_burned_area,measured,f_product_level
ECU,Ecuador,country,2011,burned_area_km2,5398.35,km2,K9,gfed5_annual_burned_area,measured,f_product_level
ECU,Ecuador,country,2012,burned_area_km2,4489.38,km2,K9,gfed5_annual_burned_area,measured,f_product_level
ECU,Ecuador,country,2013,burned_area_km2,6044.78,km2,K9,gfed5_annual_burned_area,measured,f_product_level
ECU,Ecuador,country,2014,burned_area_km2,3169.01,km2,K9,gfed5_annual_burned_area,measured,f_product_level
ECU,Ecuador,country,2015,burned_area_km2,2061.31,km2,K9,gfed5_annual_burned_area,measured,f_product_level
ECU,Ecuador,country,2016,burned_area_km2,7086.3,km2,K9,gfed5_annual_burned_area,measured,f_product_level
ECU,Ecuador,country,2017,burned_area_km2,3649.17,km2,K9,gfed5_annual_burned_area,measured,f_product_level
ECU,Ecuador,country,2018,burned_area_km2,4609.39,km2,K9,gfed5_annual_burned_area,measured,f_product_level
ECU,Ecuador,country,2019,burned_area_km2,3116.27,km2,K9,gfed5_annual_burned_area,measured,f_product_level
ECU,Ecuador,country,2020,burned_area_km2,5781.81,km2,K9,gfed5_annual_burned_area,measured,f_product_level
EGY,Egypt,country,1997,burned_area_km2,1025.35,km2,K9,gfed5_annual_burned_area,measured,f_product_level;f_resolution_change
EGY,Egypt,country,1998,burned_area_km2,2619.18,km2,K9,gfed5_annual_burned_area,measured,f_product_level;f_resolution_change
EGY,Egypt,country,1999,burned_area_km2,1023.91,km2,K9,gfed5_annual_burned_area,measured,f_product_level;f_resolution_change
EGY,Egypt,country,2000,burned_area_km2,997.16,km2,K9,gfed5_annual_burned_area,measured,f_product_level;f_resolution_change
EGY,Egypt,country,2001,burned_area_km2,981.43,km2,K9,gfed5_annual_burned_area,measured,f_product_level
EGY,Egypt,country,2002,burned_area_km2,1198.92,km2,K9,gfed5_annual_burned_area,measured,f_product_level
EGY,Egypt,country,2003,burned_area_km2,810.88,km2,K9,gfed5_annual_burned_area,measured,f_product_level
EGY,Egypt,country,2004,burned_area_km2,1143.64,km2,K9,gfed5_annual_burned_area,measured,f_product_level
EGY,Egypt,country,2005,burned_area_km2,1360.85,km2,K9,gfed5_annual_burned_area,measured,f_product_level
EGY,Egypt,country,2006,burned_area_km2,1890.98,km2,K9,gfed5_annual_burned_area,measured,f_product_level
EGY,Egypt,country,2007,burned_area_km2,1728.82,km2,K9,gfed5_annual_burned_area,measured,f_product_level
EGY,Egypt,country,2008,burned_area_km2,1609.32,km2,K9,gfed5_annual_burned_area,measured,f_product_level
EGY,Egypt,country,2009,burned_area_km2,1689.39,km2,K9,gfed5_annual_burned_area,measured,f_product_level
EGY,Egypt,country,2010,burned_area_km2,1718.33,km2,K9,gfed5_annual_burned_area,measured,f_product_level
EGY,Egypt,country,2011,burned_area_km2,1538.71,km2,K9,gfed5_annual_burned_area,measured,f_product_level
EGY,Egypt,country,2012,burned_area_km2,1470.2,km2,K9,gfed5_annual_burned_area,measured,f_product_level
EGY,Egypt,country,2013,burned_area_km2,2154.69,km2,K9,gfed5_annual_burned_area,measured,f_product_level
EGY,Egypt,country,2014,burned_area_km2,1942.32,km2,K9,gfed5_annual_burned_area,measured,f_product_level
EGY,Egypt,country,2015,burned_area_km2,1625.58,km2,K9,gfed5_annual_burned_area,measured,f_product_level
EGY,Egypt,country,2016,burned_area_km2,2046.48,km2,K9,gfed5_annual_burned_area,measured,f_product_level
EGY,Egypt,country,2017,burned_area_km2,1566.64,km2,K9,gfed5_annual_burned_area,measured,f_product_level
EGY,Egypt,country,2018,burned_area_km2,862.88,km2,K9,gfed5_annual_burned_area,measured,f_product_level
EGY,Egypt,country,2019,burned_area_km2,975.75,km2,K9,gfed5_annual_burned_area,measured,f_product_level
EGY,Egypt,country,2020,burned_area_km2,1088.7,km2,K9,gfed5_annual_burned_area,measured,f_product_level
ERI,Eritrea,country,1997,burned_area_km2,9098.59,km2,K9,gfed5_annual_burned_area,measured,f_product_level;f_resolution_change
ERI,Eritrea,country,1998,burned_area_km2,2336.3,km2,K9,gfed5_annual_burned_area,measured,f_product_level;f_resolution_change
ERI,Eritrea,country,1999,burned_area_km2,2765.2,km2,K9,gfed5_annual_burned_area,measured,f_product_level;f_resolution_change
ERI,Eritrea,country,2000,burned_area_km2,2619.85,km2,K9,gfed5_annual_burned_area,measured,f_product_level;f_resolution_change
ERI,Eritrea,country,2001,burned_area_km2,1619.41,km2,K9,gfed5_annual_burned_area,measured,f_product_level
ERI,Eritrea,country,2002,burned_area_km2,863.35,km2,K9,gfed5_annual_burned_area,measured,f_product_level
ERI,Eritrea,country,2003,burned_area_km2,1003.79,km2,K9,gfed5_annual_burned_area,measured,f_product_level
ERI,Eritrea,country,2004,burned_area_km2,549.11,km2,K9,gfed5_annual_burned_area,measured,f_product_level
ERI,Eritrea,country,2005,burned_area_km2,646.09,km2,K9,gfed5_annual_burned_area,measured,f_product_level
ERI,Eritrea,country,2006,burned_area_km2,693.78,km2,K9,gfed5_annual_burned_area,measured,f_product_level
ERI,Eritrea,country,2007,burned_area_km2,1451.08,km2,K9,gfed5_annual_burned_area,measured,f_product_level
ERI,Eritrea,country,2008,burned_area_km2,1363.49,km2,K9,gfed5_annual_burned_area,measured,f_product_level
ERI,Eritrea,country,2009,burned_area_km2,794.45,km2,K9,gfed5_annual_burned_area,measured,f_product_level
ERI,Eritrea,country,2010,burned_area_km2,435.19,km2,K9,gfed5_annual_burned_area,measured,f_product_level
ERI,Eritrea,country,2011,burned_area_km2,461.75,km2,K9,gfed5_annual_burned_area,measured,f_product_level
ERI,Eritrea,country,2012,burned_area_km2,428.17,km2,K9,gfed5_annual_burned_area,measured,f_product_level
ERI,Eritrea,country,2013,burned_area_km2,571.15,km2,K9,gfed5_annual_burned_area,measured,f_product_level
ERI,Eritrea,country,2014,burned_area_km2,456.84,km2,K9,gfed5_annual_burned_area,measured,f_product_level
ERI,Eritrea,country,2015,burned_area_km2,466.05,km2,K9,gfed5_annual_burned_area,measured,f_product_level
ERI,Eritrea,country,2016,burned_area_km2,309.37,km2,K9,gfed5_annual_burned_area,measured,f_product_level
ERI,Eritrea,country,2017,burned_area_km2,268.44,km2,K9,gfed5_annual_burned_area,measured,f_product_level
ERI,Eritrea,country,2018,burned_area_km2,367.24,km2,K9,gfed5_annual_burned_area,measured,f_product_level
ERI,Eritrea,country,2019,burned_area_km2,738.89,km2,K9,gfed5_annual_burned_area,measured,f_product_level
ERI,Eritrea,country,2020,burned_area_km2,1279.78,km2,K9,gfed5_annual_burned_area,measured,f_product_level
ESH,Vest-Sahara,country,1997,burned_area_km2,0.0,km2,K9,gfed5_annual_burned_area,measured,f_product_level;f_resolution_change;f_zero_no_detection
ESH,Vest-Sahara,country,1998,burned_area_km2,0.0,km2,K9,gfed5_annual_burned_area,measured,f_product_level;f_resolution_change;f_zero_no_detection
ESH,Vest-Sahara,country,1999,burned_area_km2,0.0,km2,K9,gfed5_annual_burned_area,measured,f_product_level;f_resolution_change;f_zero_no_detection
ESH,Vest-Sahara,country,2000,burned_area_km2,0.0,km2,K9,gfed5_annual_burned_area,measured,f_product_level;f_resolution_change;f_zero_no_detection
ESH,Vest-Sahara,country,2001,burned_area_km2,0.0,km2,K9,gfed5_annual_burned_area,measured,f_product_level;f_zero_no_detection
ESH,Vest-Sahara,country,2002,burned_area_km2,0.0,km2,K9,gfed5_annual_burned_area,measured,f_product_level;f_zero_no_detection
ESH,Vest-Sahara,country,2003,burned_area_km2,0.0,km2,K9,gfed5_annual_burned_area,measured,f_product_level;f_zero_no_detection
ESH,Vest-Sahara,country,2004,burned_area_km2,0.0,km2,K9,gfed5_annual_burned_area,measured,f_product_level;f_zero_no_detection
ESH,Vest-Sahara,country,2005,burned_area_km2,0.0,km2,K9,gfed5_annual_burned_area,measured,f_product_level;f_zero_no_detection
ESH,Vest-Sahara,country,2006,burned_area_km2,0.0,km2,K9,gfed5_annual_burned_area,measured,f_product_level;f_zero_no_detection
ESH,Vest-Sahara,country,2007,burned_area_km2,0.0,km2,K9,gfed5_annual_burned_area,measured,f_product_level;f_zero_no_detection
ESH,Vest-Sahara,country,2008,burned_area_km2,0.0,km2,K9,gfed5_annual_burned_area,measured,f_product_level;f_zero_no_detection
ESH,Vest-Sahara,country,2009,burned_area_km2,0.0,km2,K9,gfed5_annual_burned_area,measured,f_product_level;f_zero_no_detection
ESH,Vest-Sahara,country,2010,burned_area_km2,0.0,km2,K9,gfed5_annual_burned_area,measured,f_product_level;f_zero_no_detection
ESH,Vest-Sahara,country,2011,burned_area_km2,0.0,km2,K9,gfed5_annual_burned_area,measured,f_product_level;f_zero_no_detection
ESH,Vest-Sahara,country,2012,burned_area_km2,0.0,km2,K9,gfed5_annual_burned_area,measured,f_product_level;f_zero_no_detection
ESH,Vest-Sahara,country,2013,burned_area_km2,0.0,km2,K9,gfed5_annual_burned_area,measured,f_product_level;f_zero_no_detection
ESH,Vest-Sahara,country,2014,burned_area_km2,0.0,km2,K9,gfed5_annual_burned_area,measured,f_product_level;f_zero_no_detection
ESH,Vest-Sahara,country,2015,burned_area_km2,0.0,km2,K9,gfed5_annual_burned_area,measured,f_product_level;f_zero_no_detection
ESH,Vest-Sahara,country,2016,burned_area_km2,0.0,km2,K9,gfed5_annual_burned_area,measured,f_product_level;f_zero_no_detection
ESH,Vest-Sahara,country,2017,burned_area_km2,0.0,km2,K9,gfed5_annual_burned_area,measured,f_product_level;f_zero_no_detection
ESH,Vest-Sahara,country,2018,burned_area_km2,0.0,km2,K9,gfed5_annual_burned_area,measured,f_product_level;f_zero_no_detection
ESH,Vest-Sahara,country,2019,burned_area_km2,0.0,km2,K9,gfed5_annual_burned_area,measured,f_product_level;f_zero_no_detection
ESH,Vest-Sahara,country,2020,burned_area_km2,0.0,km2,K9,gfed5_annual_burned_area,measured,f_product_level;f_zero_no_detection
ESP,Spania,country,1997,burned_area_km2,8522.67,km2,K9,gfed5_annual_burned_area,measured,f_product_level;f_resolution_change
ESP,Spania,country,1998,burned_area_km2,9516.82,km2,K9,gfed5_annual_burned_area,measured,f_product_level;f_resolution_change
ESP,Spania,country,1999,burned_area_km2,7388.86,km2,K9,gfed5_annual_burned_area,measured,f_product_level;f_resolution_change
ESP,Spania,country,2000,burned_area_km2,12824.0,km2,K9,gfed5_annual_burned_area,measured,f_product_level;f_resolution_change
ESP,Spania,country,2001,burned_area_km2,6501.29,km2,K9,gfed5_annual_burned_area,measured,f_product_level
ESP,Spania,country,2002,burned_area_km2,6580.06,km2,K9,gfed5_annual_burned_area,measured,f_product_level
ESP,Spania,country,2003,burned_area_km2,7394.37,km2,K9,gfed5_annual_burned_area,measured,f_product_level
ESP,Spania,country,2004,burned_area_km2,8756.79,km2,K9,gfed5_annual_burned_area,measured,f_product_level
ESP,Spania,country,2005,burned_area_km2,5319.37,km2,K9,gfed5_annual_burned_area,measured,f_product_level
ESP,Spania,country,2006,burned_area_km2,4128.53,km2,K9,gfed5_annual_burned_area,measured,f_product_level
ESP,Spania,country,2007,burned_area_km2,4654.45,km2,K9,gfed5_annual_burned_area,measured,f_product_level
ESP,Spania,country,2008,burned_area_km2,3033.27,km2,K9,gfed5_annual_burned_area,measured,f_product_level
ESP,Spania,country,2009,burned_area_km2,4025.17,km2,K9,gfed5_annual_burned_area,measured,f_product_level
ESP,Spania,country,2010,burned_area_km2,2568.66,km2,K9,gfed5_annual_burned_area,measured,f_product_level
ESP,Spania,country,2011,burned_area_km2,4310.98,km2,K9,gfed5_annual_burned_area,measured,f_product_level
ESP,Spania,country,2012,burned_area_km2,4891.97,km2,K9,gfed5_annual_burned_area,measured,f_product_level
ESP,Spania,country,2013,burned_area_km2,3717.05,km2,K9,gfed5_annual_burned_area,measured,f_product_level
ESP,Spania,country,2014,burned_area_km2,2825.83,km2,K9,gfed5_annual_burned_area,measured,f_product_level
ESP,Spania,country,2015,burned_area_km2,3065.93,km2,K9,gfed5_annual_burned_area,measured,f_product_level
ESP,Spania,country,2016,burned_area_km2,3294.49,km2,K9,gfed5_annual_burned_area,measured,f_product_level
ESP,Spania,country,2017,burned_area_km2,4583.37,km2,K9,gfed5_annual_burned_area,measured,f_product_level
ESP,Spania,country,2018,burned_area_km2,1795.92,km2,K9,gfed5_annual_burned_area,measured,f_product_level
ESP,Spania,country,2019,burned_area_km2,2935.69,km2,K9,gfed5_annual_burned_area,measured,f_product_level
ESP,Spania,country,2020,burned_area_km2,2912.48,km2,K9,gfed5_annual_burned_area,measured,f_product_level
EST,Estland,country,1997,burned_area_km2,115.37,km2,K9,gfed5_annual_burned_area,measured,f_product_level;f_resolution_change
EST,Estland,country,1998,burned_area_km2,146.34,km2,K9,gfed5_annual_burned_area,measured,f_product_level;f_resolution_change
EST,Estland,country,1999,burned_area_km2,115.94,km2,K9,gfed5_annual_burned_area,measured,f_product_level;f_resolution_change
EST,Estland,country,2000,burned_area_km2,212.29,km2,K9,gfed5_annual_burned_area,measured,f_product_level;f_resolution_change
EST,Estland,country,2001,burned_area_km2,79.25,km2,K9,gfed5_annual_burned_area,measured,f_product_level
EST,Estland,country,2002,burned_area_km2,402.95,km2,K9,gfed5_annual_burned_area,measured,f_product_level
EST,Estland,country,2003,burned_area_km2,191.64,km2,K9,gfed5_annual_burned_area,measured,f_product_level
EST,Estland,country,2004,burned_area_km2,283.73,km2,K9,gfed5_annual_burned_area,measured,f_product_level
EST,Estland,country,2005,burned_area_km2,63.34,km2,K9,gfed5_annual_burned_area,measured,f_product_level
EST,Estland,country,2006,burned_area_km2,236.39,km2,K9,gfed5_annual_burned_area,measured,f_product_level
EST,Estland,country,2007,burned_area_km2,46.49,km2,K9,gfed5_annual_burned_area,measured,f_product_level
EST,Estland,country,2008,burned_area_km2,73.42,km2,K9,gfed5_annual_burned_area,measured,f_product_level
EST,Estland,country,2009,burned_area_km2,62.96,km2,K9,gfed5_annual_burned_area,measured,f_product_level
EST,Estland,country,2010,burned_area_km2,41.33,km2,K9,gfed5_annual_burned_area,measured,f_product_level
EST,Estland,country,2011,burned_area_km2,17.92,km2,K9,gfed5_annual_burned_area,measured,f_product_level
EST,Estland,country,2012,burned_area_km2,12.14,km2,K9,gfed5_annual_burned_area,measured,f_product_level
EST,Estland,country,2013,burned_area_km2,53.34,km2,K9,gfed5_annual_burned_area,measured,f_product_level
EST,Estland,country,2014,burned_area_km2,81.68,km2,K9,gfed5_annual_burned_area,measured,f_product_level
EST,Estland,country,2015,burned_area_km2,23.44,km2,K9,gfed5_annual_burned_area,measured,f_product_level
EST,Estland,country,2016,burned_area_km2,50.08,km2,K9,gfed5_annual_burned_area,measured,f_product_level
EST,Estland,country,2017,burned_area_km2,21.16,km2,K9,gfed5_annual_burned_area,measured,f_product_level
EST,Estland,country,2018,burned_area_km2,57.68,km2,K9,gfed5_annual_burned_area,measured,f_product_level
EST,Estland,country,2019,burned_area_km2,43.15,km2,K9,gfed5_annual_burned_area,measured,f_product_level
EST,Estland,country,2020,burned_area_km2,23.78,km2,K9,gfed5_annual_burned_area,measured,f_product_level
ETH,Etiopia,country,1997,burned_area_km2,337930.97,km2,K9,gfed5_annual_burned_area,measured,f_product_level;f_resolution_change
ETH,Etiopia,country,1998,burned_area_km2,185962.54,km2,K9,gfed5_annual_burned_area,measured,f_product_level;f_resolution_change
ETH,Etiopia,country,1999,burned_area_km2,191528.52,km2,K9,gfed5_annual_burned_area,measured,f_product_level;f_resolution_change
ETH,Etiopia,country,2000,burned_area_km2,196849.37,km2,K9,gfed5_annual_burned_area,measured,f_product_level;f_resolution_change
ETH,Etiopia,country,2001,burned_area_km2,126792.34,km2,K9,gfed5_annual_burned_area,measured,f_product_level
ETH,Etiopia,country,2002,burned_area_km2,155398.04,km2,K9,gfed5_annual_burned_area,measured,f_product_level
ETH,Etiopia,country,2003,burned_area_km2,116783.21,km2,K9,gfed5_annual_burned_area,measured,f_product_level
ETH,Etiopia,country,2004,burned_area_km2,123959.87,km2,K9,gfed5_annual_burned_area,measured,f_product_level
ETH,Etiopia,country,2005,burned_area_km2,136118.86,km2,K9,gfed5_annual_burned_area,measured,f_product_level
ETH,Etiopia,country,2006,burned_area_km2,95280.95,km2,K9,gfed5_annual_burned_area,measured,f_product_level
ETH,Etiopia,country,2007,burned_area_km2,134991.46,km2,K9,gfed5_annual_burned_area,measured,f_product_level
ETH,Etiopia,country,2008,burned_area_km2,131031.28,km2,K9,gfed5_annual_burned_area,measured,f_product_level
ETH,Etiopia,country,2009,burned_area_km2,113089.59,km2,K9,gfed5_annual_burned_area,measured,f_product_level
ETH,Etiopia,country,2010,burned_area_km2,100203.74,km2,K9,gfed5_annual_burned_area,measured,f_product_level
ETH,Etiopia,country,2011,burned_area_km2,114601.61,km2,K9,gfed5_annual_burned_area,measured,f_product_level
ETH,Etiopia,country,2012,burned_area_km2,120662.97,km2,K9,gfed5_annual_burned_area,measured,f_product_level
ETH,Etiopia,country,2013,burned_area_km2,113821.88,km2,K9,gfed5_annual_burned_area,measured,f_product_level
ETH,Etiopia,country,2014,burned_area_km2,94650.36,km2,K9,gfed5_annual_burned_area,measured,f_product_level
ETH,Etiopia,country,2015,burned_area_km2,113734.71,km2,K9,gfed5_annual_burned_area,measured,f_product_level
ETH,Etiopia,country,2016,burned_area_km2,126333.53,km2,K9,gfed5_annual_burned_area,measured,f_product_level
ETH,Etiopia,country,2017,burned_area_km2,108238.92,km2,K9,gfed5_annual_burned_area,measured,f_product_level
ETH,Etiopia,country,2018,burned_area_km2,102362.1,km2,K9,gfed5_annual_burned_area,measured,f_product_level
ETH,Etiopia,country,2019,burned_area_km2,83883.37,km2,K9,gfed5_annual_burned_area,measured,f_product_level
ETH,Etiopia,country,2020,burned_area_km2,111360.98,km2,K9,gfed5_annual_burned_area,measured,f_product_level
FIN,Finland,country,1997,burned_area_km2,228.83,km2,K9,gfed5_annual_burned_area,measured,f_product_level;f_resolution_change
FIN,Finland,country,1998,burned_area_km2,272.85,km2,K9,gfed5_annual_burned_area,measured,f_product_level;f_resolution_change
FIN,Finland,country,1999,burned_area_km2,195.66,km2,K9,gfed5_annual_burned_area,measured,f_product_level;f_resolution_change
FIN,Finland,country,2000,burned_area_km2,369.52,km2,K9,gfed5_annual_burned_area,measured,f_product_level;f_resolution_change
FIN,Finland,country,2001,burned_area_km2,318.01,km2,K9,gfed5_annual_burned_area,measured,f_product_level
FIN,Finland,country,2002,burned_area_km2,707.96,km2,K9,gfed5_annual_burned_area,measured,f_product_level
FIN,Finland,country,2003,burned_area_km2,739.31,km2,K9,gfed5_annual_burned_area,measured,f_product_level
FIN,Finland,country,2004,burned_area_km2,169.85,km2,K9,gfed5_annual_burned_area,measured,f_product_level
FIN,Finland,country,2005,burned_area_km2,699.3,km2,K9,gfed5_annual_burned_area,measured,f_product_level
FIN,Finland,country,2006,burned_area_km2,627.86,km2,K9,gfed5_annual_burned_area,measured,f_product_level
FIN,Finland,country,2007,burned_area_km2,250.26,km2,K9,gfed5_annual_burned_area,measured,f_product_level
FIN,Finland,country,2008,burned_area_km2,214.82,km2,K9,gfed5_annual_burned_area,measured,f_product_level
FIN,Finland,country,2009,burned_area_km2,370.62,km2,K9,gfed5_annual_burned_area,measured,f_product_level
FIN,Finland,country,2010,burned_area_km2,271.53,km2,K9,gfed5_annual_burned_area,measured,f_product_level
FIN,Finland,country,2011,burned_area_km2,379.47,km2,K9,gfed5_annual_burned_area,measured,f_product_level
FIN,Finland,country,2012,burned_area_km2,212.94,km2,K9,gfed5_annual_burned_area,measured,f_product_level
FIN,Finland,country,2013,burned_area_km2,419.28,km2,K9,gfed5_annual_burned_area,measured,f_product_level
FIN,Finland,country,2014,burned_area_km2,228.64,km2,K9,gfed5_annual_burned_area,measured,f_product_level
FIN,Finland,country,2015,burned_area_km2,176.98,km2,K9,gfed5_annual_burned_area,measured,f_product_level
FIN,Finland,country,2016,burned_area_km2,322.37,km2,K9,gfed5_annual_burned_area,measured,f_product_level
FIN,Finland,country,2017,burned_area_km2,210.46,km2,K9,gfed5_annual_burned_area,measured,f_product_level
FIN,Finland,country,2018,burned_area_km2,614.44,km2,K9,gfed5_annual_burned_area,measured,f_product_level
FIN,Finland,country,2019,burned_area_km2,179.98,km2,K9,gfed5_annual_burned_area,measured,f_product_level
FIN,Finland,country,2020,burned_area_km2,170.47,km2,K9,gfed5_annual_burned_area,measured,f_product_level
FJI,Fiji,country,1997,burned_area_km2,232.83,km2,K9,gfed5_annual_burned_area,measured,f_product_level;f_resolution_change
FJI,Fiji,country,1998,burned_area_km2,497.86,km2,K9,gfed5_annual_burned_area,measured,f_product_level;f_resolution_change
FJI,Fiji,country,1999,burned_area_km2,64.56,km2,K9,gfed5_annual_burned_area,measured,f_product_level;f_resolution_change
FJI,Fiji,country,2000,burned_area_km2,81.32,km2,K9,gfed5_annual_burned_area,measured,f_product_level;f_resolution_change
FJI,Fiji,country,2001,burned_area_km2,820.12,km2,K9,gfed5_annual_burned_area,measured,f_product_level
FJI,Fiji,country,2002,burned_area_km2,755.29,km2,K9,gfed5_annual_burned_area,measured,f_product_level
FJI,Fiji,country,2003,burned_area_km2,1752.38,km2,K9,gfed5_annual_burned_area,measured,f_product_level
FJI,Fiji,country,2004,burned_area_km2,536.73,km2,K9,gfed5_annual_burned_area,measured,f_product_level
FJI,Fiji,country,2005,burned_area_km2,697.73,km2,K9,gfed5_annual_burned_area,measured,f_product_level
FJI,Fiji,country,2006,burned_area_km2,650.67,km2,K9,gfed5_annual_burned_area,measured,f_product_level
FJI,Fiji,country,2007,burned_area_km2,557.46,km2,K9,gfed5_annual_burned_area,measured,f_product_level
FJI,Fiji,country,2008,burned_area_km2,761.4,km2,K9,gfed5_annual_burned_area,measured,f_product_level
FJI,Fiji,country,2009,burned_area_km2,854.47,km2,K9,gfed5_annual_burned_area,measured,f_product_level
FJI,Fiji,country,2010,burned_area_km2,1272.79,km2,K9,gfed5_annual_burned_area,measured,f_product_level
FJI,Fiji,country,2011,burned_area_km2,133.55,km2,K9,gfed5_annual_burned_area,measured,f_product_level
FJI,Fiji,country,2012,burned_area_km2,650.04,km2,K9,gfed5_annual_burned_area,measured,f_product_level
FJI,Fiji,country,2013,burned_area_km2,754.38,km2,K9,gfed5_annual_burned_area,measured,f_product_level
FJI,Fiji,country,2014,burned_area_km2,1803.1,km2,K9,gfed5_annual_burned_area,measured,f_product_level
FJI,Fiji,country,2015,burned_area_km2,1051.98,km2,K9,gfed5_annual_burned_area,measured,f_product_level
FJI,Fiji,country,2016,burned_area_km2,967.13,km2,K9,gfed5_annual_burned_area,measured,f_product_level
FJI,Fiji,country,2017,burned_area_km2,1084.82,km2,K9,gfed5_annual_burned_area,measured,f_product_level
FJI,Fiji,country,2018,burned_area_km2,898.36,km2,K9,gfed5_annual_burned_area,measured,f_product_level
FJI,Fiji,country,2019,burned_area_km2,489.28,km2,K9,gfed5_annual_burned_area,measured,f_product_level
FJI,Fiji,country,2020,burned_area_km2,615.52,km2,K9,gfed5_annual_burned_area,measured,f_product_level
FLK,Falklandsøyene,country,1997,burned_area_km2,247.15,km2,K9,gfed5_annual_burned_area,measured,f_product_level;f_resolution_change;f_grid_resolution
FLK,Falklandsøyene,country,1998,burned_area_km2,109.2,km2,K9,gfed5_annual_burned_area,measured,f_product_level;f_resolution_change;f_grid_resolution
FLK,Falklandsøyene,country,1999,burned_area_km2,87.7,km2,K9,gfed5_annual_burned_area,measured,f_product_level;f_resolution_change;f_grid_resolution
FLK,Falklandsøyene,country,2000,burned_area_km2,149.11,km2,K9,gfed5_annual_burned_area,measured,f_product_level;f_resolution_change;f_grid_resolution
FLK,Falklandsøyene,country,2001,burned_area_km2,82.27,km2,K9,gfed5_annual_burned_area,measured,f_product_level
FLK,Falklandsøyene,country,2002,burned_area_km2,17.86,km2,K9,gfed5_annual_burned_area,measured,f_product_level
FLK,Falklandsøyene,country,2003,burned_area_km2,5.92,km2,K9,gfed5_annual_burned_area,measured,f_product_level
FLK,Falklandsøyene,country,2004,burned_area_km2,43.4,km2,K9,gfed5_annual_burned_area,measured,f_product_level
FLK,Falklandsøyene,country,2005,burned_area_km2,18.56,km2,K9,gfed5_annual_burned_area,measured,f_product_level
FLK,Falklandsøyene,country,2006,burned_area_km2,41.4,km2,K9,gfed5_annual_burned_area,measured,f_product_level
FLK,Falklandsøyene,country,2007,burned_area_km2,2.48,km2,K9,gfed5_annual_burned_area,measured,f_product_level
FLK,Falklandsøyene,country,2008,burned_area_km2,25.44,km2,K9,gfed5_annual_burned_area,measured,f_product_level
FLK,Falklandsøyene,country,2009,burned_area_km2,13.57,km2,K9,gfed5_annual_burned_area,measured,f_product_level
FLK,Falklandsøyene,country,2010,burned_area_km2,11.4,km2,K9,gfed5_annual_burned_area,measured,f_product_level
FLK,Falklandsøyene,country,2011,burned_area_km2,16.7,km2,K9,gfed5_annual_burned_area,measured,f_product_level
FLK,Falklandsøyene,country,2012,burned_area_km2,46.71,km2,K9,gfed5_annual_burned_area,measured,f_product_level
FLK,Falklandsøyene,country,2013,burned_area_km2,20.9,km2,K9,gfed5_annual_burned_area,measured,f_product_level
FLK,Falklandsøyene,country,2014,burned_area_km2,11.5,km2,K9,gfed5_annual_burned_area,measured,f_product_level
FLK,Falklandsøyene,country,2015,burned_area_km2,0.0,km2,K9,gfed5_annual_burned_area,measured,f_product_level;f_zero_no_detection
FLK,Falklandsøyene,country,2016,burned_area_km2,11.39,km2,K9,gfed5_annual_burned_area,measured,f_product_level
FLK,Falklandsøyene,country,2017,burned_area_km2,9.59,km2,K9,gfed5_annual_burned_area,measured,f_product_level
FLK,Falklandsøyene,country,2018,burned_area_km2,0.0,km2,K9,gfed5_annual_burned_area,measured,f_product_level;f_zero_no_detection
FLK,Falklandsøyene,country,2019,burned_area_km2,0.0,km2,K9,gfed5_annual_burned_area,measured,f_product_level;f_zero_no_detection
FLK,Falklandsøyene,country,2020,burned_area_km2,5.71,km2,K9,gfed5_annual_burned_area,measured,f_product_level
FRA,Frankrike,country,1997,burned_area_km2,1356.33,km2,K9,gfed5_annual_burned_area,measured,f_product_level;f_resolution_change
FRA,Frankrike,country,1998,burned_area_km2,1471.83,km2,K9,gfed5_annual_burned_area,measured,f_product_level;f_resolution_change
FRA,Frankrike,country,1999,burned_area_km2,1249.84,km2,K9,gfed5_annual_burned_area,measured,f_product_level;f_resolution_change
FRA,Frankrike,country,2000,burned_area_km2,1929.79,km2,K9,gfed5_annual_burned_area,measured,f_product_level;f_resolution_change
FRA,Frankrike,country,2001,burned_area_km2,2699.72,km2,K9,gfed5_annual_burned_area,measured,f_product_level
FRA,Frankrike,country,2002,burned_area_km2,1987.6,km2,K9,gfed5_annual_burned_area,measured,f_product_level
FRA,Frankrike,country,2003,burned_area_km2,3382.77,km2,K9,gfed5_annual_burned_area,measured,f_product_level
FRA,Frankrike,country,2004,burned_area_km2,2451.73,km2,K9,gfed5_annual_burned_area,measured,f_product_level
FRA,Frankrike,country,2005,burned_area_km2,2076.28,km2,K9,gfed5_annual_burned_area,measured,f_product_level
FRA,Frankrike,country,2006,burned_area_km2,1244.69,km2,K9,gfed5_annual_burned_area,measured,f_product_level
FRA,Frankrike,country,2007,burned_area_km2,1075.52,km2,K9,gfed5_annual_burned_area,measured,f_product_level
FRA,Frankrike,country,2008,burned_area_km2,1211.87,km2,K9,gfed5_annual_burned_area,measured,f_product_level
FRA,Frankrike,country,2009,burned_area_km2,1689.85,km2,K9,gfed5_annual_burned_area,measured,f_product_level
FRA,Frankrike,country,2010,burned_area_km2,894.03,km2,K9,gfed5_annual_burned_area,measured,f_product_level
FRA,Frankrike,country,2011,burned_area_km2,1260.13,km2,K9,gfed5_annual_burned_area,measured,f_product_level
FRA,Frankrike,country,2012,burned_area_km2,1437.21,km2,K9,gfed5_annual_burned_area,measured,f_product_level
FRA,Frankrike,country,2013,burned_area_km2,836.32,km2,K9,gfed5_annual_burned_area,measured,f_product_level
FRA,Frankrike,country,2014,burned_area_km2,1108.78,km2,K9,gfed5_annual_burned_area,measured,f_product_level
FRA,Frankrike,country,2015,burned_area_km2,1249.39,km2,K9,gfed5_annual_burned_area,measured,f_product_level
FRA,Frankrike,country,2016,burned_area_km2,1194.5,km2,K9,gfed5_annual_burned_area,measured,f_product_level
FRA,Frankrike,country,2017,burned_area_km2,1782.66,km2,K9,gfed5_annual_burned_area,measured,f_product_level
FRA,Frankrike,country,2018,burned_area_km2,790.5,km2,K9,gfed5_annual_burned_area,measured,f_product_level
FRA,Frankrike,country,2019,burned_area_km2,1759.03,km2,K9,gfed5_annual_burned_area,measured,f_product_level
FRA,Frankrike,country,2020,burned_area_km2,1083.74,km2,K9,gfed5_annual_burned_area,measured,f_product_level
FRO,Færøyene,country,1997,burned_area_km2,0.0,km2,K9,gfed5_annual_burned_area,measured,f_product_level;f_resolution_change;f_grid_resolution;f_zero_no_detection
FRO,Færøyene,country,1998,burned_area_km2,0.0,km2,K9,gfed5_annual_burned_area,measured,f_product_level;f_resolution_change;f_grid_resolution;f_zero_no_detection
FRO,Færøyene,country,1999,burned_area_km2,0.0,km2,K9,gfed5_annual_burned_area,measured,f_product_level;f_resolution_change;f_grid_resolution;f_zero_no_detection
FRO,Færøyene,country,2000,burned_area_km2,0.0,km2,K9,gfed5_annual_burned_area,measured,f_product_level;f_resolution_change;f_grid_resolution;f_zero_no_detection
FRO,Færøyene,country,2001,burned_area_km2,0.0,km2,K9,gfed5_annual_burned_area,measured,f_product_level;f_zero_no_detection
FRO,Færøyene,country,2002,burned_area_km2,0.0,km2,K9,gfed5_annual_burned_area,measured,f_product_level;f_zero_no_detection
FRO,Færøyene,country,2003,burned_area_km2,0.0,km2,K9,gfed5_annual_burned_area,measured,f_product_level;f_zero_no_detection
FRO,Færøyene,country,2004,burned_area_km2,0.0,km2,K9,gfed5_annual_burned_area,measured,f_product_level;f_zero_no_detection
FRO,Færøyene,country,2005,burned_area_km2,0.0,km2,K9,gfed5_annual_burned_area,measured,f_product_level;f_zero_no_detection
FRO,Færøyene,country,2006,burned_area_km2,0.0,km2,K9,gfed5_annual_burned_area,measured,f_product_level;f_zero_no_detection
FRO,Færøyene,country,2007,burned_area_km2,0.0,km2,K9,gfed5_annual_burned_area,measured,f_product_level;f_zero_no_detection
FRO,Færøyene,country,2008,burned_area_km2,0.0,km2,K9,gfed5_annual_burned_area,measured,f_product_level;f_zero_no_detection
FRO,Færøyene,country,2009,burned_area_km2,0.0,km2,K9,gfed5_annual_burned_area,measured,f_product_level;f_zero_no_detection
FRO,Færøyene,country,2010,burned_area_km2,0.0,km2,K9,gfed5_annual_burned_area,measured,f_product_level;f_zero_no_detection
FRO,Færøyene,country,2011,burned_area_km2,0.0,km2,K9,gfed5_annual_burned_area,measured,f_product_level;f_zero_no_detection
FRO,Færøyene,country,2012,burned_area_km2,0.0,km2,K9,gfed5_annual_burned_area,measured,f_product_level;f_zero_no_detection
FRO,Færøyene,country,2013,burned_area_km2,0.0,km2,K9,gfed5_annual_burned_area,measured,f_product_level;f_zero_no_detection
FRO,Færøyene,country,2014,burned_area_km2,0.0,km2,K9,gfed5_annual_burned_area,measured,f_product_level;f_zero_no_detection
FRO,Færøyene,country,2015,burned_area_km2,0.0,km2,K9,gfed5_annual_burned_area,measured,f_product_level;f_zero_no_detection
FRO,Færøyene,country,2016,burned_area_km2,0.0,km2,K9,gfed5_annual_burned_area,measured,f_product_level;f_zero_no_detection
FRO,Færøyene,country,2017,burned_area_km2,0.0,km2,K9,gfed5_annual_burned_area,measured,f_product_level;f_zero_no_detection
FRO,Færøyene,country,2018,burned_area_km2,0.0,km2,K9,gfed5_annual_burned_area,measured,f_product_level;f_zero_no_detection
FRO,Færøyene,country,2019,burned_area_km2,0.0,km2,K9,gfed5_annual_burned_area,measured,f_product_level;f_zero_no_detection
FRO,Færøyene,country,2020,burned_area_km2,0.0,km2,K9,gfed5_annual_burned_area,measured,f_product_level;f_zero_no_detection
FSM,Mikronesiaføderasjonen,country,1997,burned_area_km2,0.0,km2,K9,gfed5_annual_burned_area,measured,f_product_level;f_resolution_change;f_grid_resolution;f_zero_no_detection
FSM,Mikronesiaføderasjonen,country,1998,burned_area_km2,0.0,km2,K9,gfed5_annual_burned_area,measured,f_product_level;f_resolution_change;f_grid_resolution;f_zero_no_detection
FSM,Mikronesiaføderasjonen,country,1999,burned_area_km2,0.0,km2,K9,gfed5_annual_burned_area,measured,f_product_level;f_resolution_change;f_grid_resolution;f_zero_no_detection
FSM,Mikronesiaføderasjonen,country,2000,burned_area_km2,0.0,km2,K9,gfed5_annual_burned_area,measured,f_product_level;f_resolution_change;f_grid_resolution;f_zero_no_detection
FSM,Mikronesiaføderasjonen,country,2001,burned_area_km2,0.0,km2,K9,gfed5_annual_burned_area,measured,f_product_level;f_grid_resolution;f_zero_no_detection
FSM,Mikronesiaføderasjonen,country,2002,burned_area_km2,0.0,km2,K9,gfed5_annual_burned_area,measured,f_product_level;f_grid_resolution;f_zero_no_detection
FSM,Mikronesiaføderasjonen,country,2003,burned_area_km2,0.0,km2,K9,gfed5_annual_burned_area,measured,f_product_level;f_grid_resolution;f_zero_no_detection
FSM,Mikronesiaføderasjonen,country,2004,burned_area_km2,0.0,km2,K9,gfed5_annual_burned_area,measured,f_product_level;f_grid_resolution;f_zero_no_detection
FSM,Mikronesiaføderasjonen,country,2005,burned_area_km2,0.0,km2,K9,gfed5_annual_burned_area,measured,f_product_level;f_grid_resolution;f_zero_no_detection
FSM,Mikronesiaføderasjonen,country,2006,burned_area_km2,0.0,km2,K9,gfed5_annual_burned_area,measured,f_product_level;f_grid_resolution;f_zero_no_detection
FSM,Mikronesiaføderasjonen,country,2007,burned_area_km2,0.0,km2,K9,gfed5_annual_burned_area,measured,f_product_level;f_grid_resolution;f_zero_no_detection
FSM,Mikronesiaføderasjonen,country,2008,burned_area_km2,0.0,km2,K9,gfed5_annual_burned_area,measured,f_product_level;f_grid_resolution;f_zero_no_detection
FSM,Mikronesiaføderasjonen,country,2009,burned_area_km2,0.0,km2,K9,gfed5_annual_burned_area,measured,f_product_level;f_grid_resolution;f_zero_no_detection
FSM,Mikronesiaføderasjonen,country,2010,burned_area_km2,0.0,km2,K9,gfed5_annual_burned_area,measured,f_product_level;f_grid_resolution;f_zero_no_detection
FSM,Mikronesiaføderasjonen,country,2011,burned_area_km2,0.0,km2,K9,gfed5_annual_burned_area,measured,f_product_level;f_grid_resolution;f_zero_no_detection
FSM,Mikronesiaføderasjonen,country,2012,burned_area_km2,0.0,km2,K9,gfed5_annual_burned_area,measured,f_product_level;f_grid_resolution;f_zero_no_detection
FSM,Mikronesiaføderasjonen,country,2013,burned_area_km2,0.0,km2,K9,gfed5_annual_burned_area,measured,f_product_level;f_grid_resolution;f_zero_no_detection
FSM,Mikronesiaføderasjonen,country,2014,burned_area_km2,0.0,km2,K9,gfed5_annual_burned_area,measured,f_product_level;f_grid_resolution;f_zero_no_detection
FSM,Mikronesiaføderasjonen,country,2015,burned_area_km2,0.0,km2,K9,gfed5_annual_burned_area,measured,f_product_level;f_grid_resolution;f_zero_no_detection
FSM,Mikronesiaføderasjonen,country,2016,burned_area_km2,0.0,km2,K9,gfed5_annual_burned_area,measured,f_product_level;f_grid_resolution;f_zero_no_detection
FSM,Mikronesiaføderasjonen,country,2017,burned_area_km2,0.0,km2,K9,gfed5_annual_burned_area,measured,f_product_level;f_grid_resolution;f_zero_no_detection
FSM,Mikronesiaføderasjonen,country,2018,burned_area_km2,0.0,km2,K9,gfed5_annual_burned_area,measured,f_product_level;f_grid_resolution;f_zero_no_detection
FSM,Mikronesiaføderasjonen,country,2019,burned_area_km2,0.0,km2,K9,gfed5_annual_burned_area,measured,f_product_level;f_grid_resolution;f_zero_no_detection
FSM,Mikronesiaføderasjonen,country,2020,burned_area_km2,0.0,km2,K9,gfed5_annual_burned_area,measured,f_product_level;f_grid_resolution;f_zero_no_detection
GAB,Gabon,country,1997,burned_area_km2,7948.29,km2,K9,gfed5_annual_burned_area,measured,f_product_level;f_resolution_change
GAB,Gabon,country,1998,burned_area_km2,9493.09,km2,K9,gfed5_annual_burned_area,measured,f_product_level;f_resolution_change
GAB,Gabon,country,1999,burned_area_km2,7261.52,km2,K9,gfed5_annual_burned_area,measured,f_product_level;f_resolution_change
GAB,Gabon,country,2000,burned_area_km2,7526.66,km2,K9,gfed5_annual_burned_area,measured,f_product_level;f_resolution_change
GAB,Gabon,country,2001,burned_area_km2,7807.65,km2,K9,gfed5_annual_burned_area,measured,f_product_level
GAB,Gabon,country,2002,burned_area_km2,5149.59,km2,K9,gfed5_annual_burned_area,measured,f_product_level
GAB,Gabon,country,2003,burned_area_km2,4969.47,km2,K9,gfed5_annual_burned_area,measured,f_product_level
GAB,Gabon,country,2004,burned_area_km2,6937.46,km2,K9,gfed5_annual_burned_area,measured,f_product_level
GAB,Gabon,country,2005,burned_area_km2,5547.89,km2,K9,gfed5_annual_burned_area,measured,f_product_level
GAB,Gabon,country,2006,burned_area_km2,5336.98,km2,K9,gfed5_annual_burned_area,measured,f_product_level
GAB,Gabon,country,2007,burned_area_km2,5348.35,km2,K9,gfed5_annual_burned_area,measured,f_product_level
GAB,Gabon,country,2008,burned_area_km2,5925.62,km2,K9,gfed5_annual_burned_area,measured,f_product_level
GAB,Gabon,country,2009,burned_area_km2,4508.21,km2,K9,gfed5_annual_burned_area,measured,f_product_level
GAB,Gabon,country,2010,burned_area_km2,5537.9,km2,K9,gfed5_annual_burned_area,measured,f_product_level
GAB,Gabon,country,2011,burned_area_km2,6749.12,km2,K9,gfed5_annual_burned_area,measured,f_product_level
GAB,Gabon,country,2012,burned_area_km2,5165.24,km2,K9,gfed5_annual_burned_area,measured,f_product_level
GAB,Gabon,country,2013,burned_area_km2,6499.84,km2,K9,gfed5_annual_burned_area,measured,f_product_level
GAB,Gabon,country,2014,burned_area_km2,5098.25,km2,K9,gfed5_annual_burned_area,measured,f_product_level
GAB,Gabon,country,2015,burned_area_km2,6115.34,km2,K9,gfed5_annual_burned_area,measured,f_product_level
GAB,Gabon,country,2016,burned_area_km2,6020.75,km2,K9,gfed5_annual_burned_area,measured,f_product_level
GAB,Gabon,country,2017,burned_area_km2,5834.27,km2,K9,gfed5_annual_burned_area,measured,f_product_level
GAB,Gabon,country,2018,burned_area_km2,4940.68,km2,K9,gfed5_annual_burned_area,measured,f_product_level
GAB,Gabon,country,2019,burned_area_km2,5338.83,km2,K9,gfed5_annual_burned_area,measured,f_product_level
GAB,Gabon,country,2020,burned_area_km2,5745.02,km2,K9,gfed5_annual_burned_area,measured,f_product_level
GBR,Storbritannia,country,1997,burned_area_km2,4388.29,km2,K9,gfed5_annual_burned_area,measured,f_product_level;f_resolution_change
GBR,Storbritannia,country,1998,burned_area_km2,3783.99,km2,K9,gfed5_annual_burned_area,measured,f_product_level;f_resolution_change
GBR,Storbritannia,country,1999,burned_area_km2,2813.07,km2,K9,gfed5_annual_burned_area,measured,f_product_level;f_resolution_change
GBR,Storbritannia,country,2000,burned_area_km2,3688.31,km2,K9,gfed5_annual_burned_area,measured,f_product_level;f_resolution_change
GBR,Storbritannia,country,2001,burned_area_km2,461.59,km2,K9,gfed5_annual_burned_area,measured,f_product_level
GBR,Storbritannia,country,2002,burned_area_km2,640.49,km2,K9,gfed5_annual_burned_area,measured,f_product_level
GBR,Storbritannia,country,2003,burned_area_km2,2052.66,km2,K9,gfed5_annual_burned_area,measured,f_product_level
GBR,Storbritannia,country,2004,burned_area_km2,485.34,km2,K9,gfed5_annual_burned_area,measured,f_product_level
GBR,Storbritannia,country,2005,burned_area_km2,529.09,km2,K9,gfed5_annual_burned_area,measured,f_product_level
GBR,Storbritannia,country,2006,burned_area_km2,517.24,km2,K9,gfed5_annual_burned_area,measured,f_product_level
GBR,Storbritannia,country,2007,burned_area_km2,1519.49,km2,K9,gfed5_annual_burned_area,measured,f_product_level
GBR,Storbritannia,country,2008,burned_area_km2,309.99,km2,K9,gfed5_annual_burned_area,measured,f_product_level
GBR,Storbritannia,country,2009,burned_area_km2,955.76,km2,K9,gfed5_annual_burned_area,measured,f_product_level
GBR,Storbritannia,country,2010,burned_area_km2,840.75,km2,K9,gfed5_annual_burned_area,measured,f_product_level
GBR,Storbritannia,country,2011,burned_area_km2,948.97,km2,K9,gfed5_annual_burned_area,measured,f_product_level
GBR,Storbritannia,country,2012,burned_area_km2,886.83,km2,K9,gfed5_annual_burned_area,measured,f_product_level
GBR,Storbritannia,country,2013,burned_area_km2,375.03,km2,K9,gfed5_annual_burned_area,measured,f_product_level
GBR,Storbritannia,country,2014,burned_area_km2,402.33,km2,K9,gfed5_annual_burned_area,measured,f_product_level
GBR,Storbritannia,country,2015,burned_area_km2,918.08,km2,K9,gfed5_annual_burned_area,measured,f_product_level
GBR,Storbritannia,country,2016,burned_area_km2,496.11,km2,K9,gfed5_annual_burned_area,measured,f_product_level
GBR,Storbritannia,country,2017,burned_area_km2,591.36,km2,K9,gfed5_annual_burned_area,measured,f_product_level
GBR,Storbritannia,country,2018,burned_area_km2,661.28,km2,K9,gfed5_annual_burned_area,measured,f_product_level
GBR,Storbritannia,country,2019,burned_area_km2,846.09,km2,K9,gfed5_annual_burned_area,measured,f_product_level
GBR,Storbritannia,country,2020,burned_area_km2,578.7,km2,K9,gfed5_annual_burned_area,measured,f_product_level
GEO,Georgia,country,1997,burned_area_km2,812.26,km2,K9,gfed5_annual_burned_area,measured,f_product_level;f_resolution_change
GEO,Georgia,country,1998,burned_area_km2,833.54,km2,K9,gfed5_annual_burned_area,measured,f_product_level;f_resolution_change
GEO,Georgia,country,1999,burned_area_km2,654.99,km2,K9,gfed5_annual_burned_area,measured,f_product_level;f_resolution_change
GEO,Georgia,country,2000,burned_area_km2,727.97,km2,K9,gfed5_annual_burned_area,measured,f_product_level;f_resolution_change
GEO,Georgia,country,2001,burned_area_km2,1881.44,km2,K9,gfed5_annual_burned_area,measured,f_product_level
GEO,Georgia,country,2002,burned_area_km2,532.86,km2,K9,gfed5_annual_burned_area,measured,f_product_level
GEO,Georgia,country,2003,burned_area_km2,615.72,km2,K9,gfed5_annual_burned_area,measured,f_product_level
GEO,Georgia,country,2004,burned_area_km2,1255.81,km2,K9,gfed5_annual_burned_area,measured,f_product_level
GEO,Georgia,country,2005,burned_area_km2,787.32,km2,K9,gfed5_annual_burned_area,measured,f_product_level
GEO,Georgia,country,2006,burned_area_km2,798.41,km2,K9,gfed5_annual_burned_area,measured,f_product_level
GEO,Georgia,country,2007,burned_area_km2,840.96,km2,K9,gfed5_annual_burned_area,measured,f_product_level
GEO,Georgia,country,2008,burned_area_km2,1173.54,km2,K9,gfed5_annual_burned_area,measured,f_product_level
GEO,Georgia,country,2009,burned_area_km2,385.19,km2,K9,gfed5_annual_burned_area,measured,f_product_level
GEO,Georgia,country,2010,burned_area_km2,1445.41,km2,K9,gfed5_annual_burned_area,measured,f_product_level
GEO,Georgia,country,2011,burned_area_km2,798.72,km2,K9,gfed5_annual_burned_area,measured,f_product_level
GEO,Georgia,country,2012,burned_area_km2,890.61,km2,K9,gfed5_annual_burned_area,measured,f_product_level
GEO,Georgia,country,2013,burned_area_km2,722.61,km2,K9,gfed5_annual_burned_area,measured,f_product_level
GEO,Georgia,country,2014,burned_area_km2,516.44,km2,K9,gfed5_annual_burned_area,measured,f_product_level
GEO,Georgia,country,2015,burned_area_km2,1137.79,km2,K9,gfed5_annual_burned_area,measured,f_product_level
GEO,Georgia,country,2016,burned_area_km2,866.07,km2,K9,gfed5_annual_burned_area,measured,f_product_level
GEO,Georgia,country,2017,burned_area_km2,959.42,km2,K9,gfed5_annual_burned_area,measured,f_product_level
GEO,Georgia,country,2018,burned_area_km2,599.9,km2,K9,gfed5_annual_burned_area,measured,f_product_level
GEO,Georgia,country,2019,burned_area_km2,899.05,km2,K9,gfed5_annual_burned_area,measured,f_product_level
GEO,Georgia,country,2020,burned_area_km2,726.97,km2,K9,gfed5_annual_burned_area,measured,f_product_level
GGY,Guernsey,country,1997,burned_area_km2,0.0,km2,K9,gfed5_annual_burned_area,measured,f_product_level;f_resolution_change;f_grid_resolution;f_zero_no_detection
GGY,Guernsey,country,1998,burned_area_km2,0.0,km2,K9,gfed5_annual_burned_area,measured,f_product_level;f_resolution_change;f_grid_resolution;f_zero_no_detection
GGY,Guernsey,country,1999,burned_area_km2,0.0,km2,K9,gfed5_annual_burned_area,measured,f_product_level;f_resolution_change;f_grid_resolution;f_zero_no_detection
GGY,Guernsey,country,2000,burned_area_km2,0.0,km2,K9,gfed5_annual_burned_area,measured,f_product_level;f_resolution_change;f_grid_resolution;f_zero_no_detection
GGY,Guernsey,country,2001,burned_area_km2,0.0,km2,K9,gfed5_annual_burned_area,measured,f_product_level;f_grid_resolution;f_zero_no_detection
GGY,Guernsey,country,2002,burned_area_km2,0.0,km2,K9,gfed5_annual_burned_area,measured,f_product_level;f_grid_resolution;f_zero_no_detection
GGY,Guernsey,country,2003,burned_area_km2,0.0,km2,K9,gfed5_annual_burned_area,measured,f_product_level;f_grid_resolution;f_zero_no_detection
GGY,Guernsey,country,2004,burned_area_km2,0.0,km2,K9,gfed5_annual_burned_area,measured,f_product_level;f_grid_resolution;f_zero_no_detection
GGY,Guernsey,country,2005,burned_area_km2,0.0,km2,K9,gfed5_annual_burned_area,measured,f_product_level;f_grid_resolution;f_zero_no_detection
GGY,Guernsey,country,2006,burned_area_km2,0.0,km2,K9,gfed5_annual_burned_area,measured,f_product_level;f_grid_resolution;f_zero_no_detection
GGY,Guernsey,country,2007,burned_area_km2,0.0,km2,K9,gfed5_annual_burned_area,measured,f_product_level;f_grid_resolution;f_zero_no_detection
GGY,Guernsey,country,2008,burned_area_km2,0.0,km2,K9,gfed5_annual_burned_area,measured,f_product_level;f_grid_resolution;f_zero_no_detection
GGY,Guernsey,country,2009,burned_area_km2,0.0,km2,K9,gfed5_annual_burned_area,measured,f_product_level;f_grid_resolution;f_zero_no_detection
GGY,Guernsey,country,2010,burned_area_km2,0.0,km2,K9,gfed5_annual_burned_area,measured,f_product_level;f_grid_resolution;f_zero_no_detection
GGY,Guernsey,country,2011,burned_area_km2,0.0,km2,K9,gfed5_annual_burned_area,measured,f_product_level;f_grid_resolution;f_zero_no_detection
GGY,Guernsey,country,2012,burned_area_km2,0.0,km2,K9,gfed5_annual_burned_area,measured,f_product_level;f_grid_resolution;f_zero_no_detection
GGY,Guernsey,country,2013,burned_area_km2,0.0,km2,K9,gfed5_annual_burned_area,measured,f_product_level;f_grid_resolution;f_zero_no_detection
GGY,Guernsey,country,2014,burned_area_km2,0.0,km2,K9,gfed5_annual_burned_area,measured,f_product_level;f_grid_resolution;f_zero_no_detection
GGY,Guernsey,country,2015,burned_area_km2,0.0,km2,K9,gfed5_annual_burned_area,measured,f_product_level;f_grid_resolution;f_zero_no_detection
GGY,Guernsey,country,2016,burned_area_km2,0.0,km2,K9,gfed5_annual_burned_area,measured,f_product_level;f_grid_resolution;f_zero_no_detection
GGY,Guernsey,country,2017,burned_area_km2,0.0,km2,K9,gfed5_annual_burned_area,measured,f_product_level;f_grid_resolution;f_zero_no_detection
GGY,Guernsey,country,2018,burned_area_km2,0.0,km2,K9,gfed5_annual_burned_area,measured,f_product_level;f_grid_resolution;f_zero_no_detection
GGY,Guernsey,country,2019,burned_area_km2,0.0,km2,K9,gfed5_annual_burned_area,measured,f_product_level;f_grid_resolution;f_zero_no_detection
GGY,Guernsey,country,2020,burned_area_km2,0.0,km2,K9,gfed5_annual_burned_area,measured,f_product_level;f_grid_resolution;f_zero_no_detection
GHA,Ghana,country,1997,burned_area_km2,64323.49,km2,K9,gfed5_annual_burned_area,measured,f_product_level;f_resolution_change
GHA,Ghana,country,1998,burned_area_km2,164738.05,km2,K9,gfed5_annual_burned_area,measured,f_product_level;f_resolution_change
GHA,Ghana,country,1999,burned_area_km2,122224.16,km2,K9,gfed5_annual_burned_area,measured,f_product_level;f_resolution_change
GHA,Ghana,country,2000,burned_area_km2,162066.07,km2,K9,gfed5_annual_burned_area,measured,f_product_level;f_resolution_change
GHA,Ghana,country,2001,burned_area_km2,145117.88,km2,K9,gfed5_annual_burned_area,measured,f_product_level
GHA,Ghana,country,2002,burned_area_km2,108913.38,km2,K9,gfed5_annual_burned_area,measured,f_product_level
GHA,Ghana,country,2003,burned_area_km2,131674.23,km2,K9,gfed5_annual_burned_area,measured,f_product_level
GHA,Ghana,country,2004,burned_area_km2,136227.22,km2,K9,gfed5_annual_burned_area,measured,f_product_level
GHA,Ghana,country,2005,burned_area_km2,143086.41,km2,K9,gfed5_annual_burned_area,measured,f_product_level
GHA,Ghana,country,2006,burned_area_km2,141186.96,km2,K9,gfed5_annual_burned_area,measured,f_product_level
GHA,Ghana,country,2007,burned_area_km2,129437.76,km2,K9,gfed5_annual_burned_area,measured,f_product_level
GHA,Ghana,country,2008,burned_area_km2,138377.2,km2,K9,gfed5_annual_burned_area,measured,f_product_level
GHA,Ghana,country,2009,burned_area_km2,134788.6,km2,K9,gfed5_annual_burned_area,measured,f_product_level
GHA,Ghana,country,2010,burned_area_km2,134634.01,km2,K9,gfed5_annual_burned_area,measured,f_product_level
GHA,Ghana,country,2011,burned_area_km2,149151.05,km2,K9,gfed5_annual_burned_area,measured,f_product_level
GHA,Ghana,country,2012,burned_area_km2,114951.09,km2,K9,gfed5_annual_burned_area,measured,f_product_level
GHA,Ghana,country,2013,burned_area_km2,136855.1,km2,K9,gfed5_annual_burned_area,measured,f_product_level
GHA,Ghana,country,2014,burned_area_km2,111939.59,km2,K9,gfed5_annual_burned_area,measured,f_product_level
GHA,Ghana,country,2015,burned_area_km2,134200.59,km2,K9,gfed5_annual_burned_area,measured,f_product_level
GHA,Ghana,country,2016,burned_area_km2,113093.82,km2,K9,gfed5_annual_burned_area,measured,f_product_level
GHA,Ghana,country,2017,burned_area_km2,135176.78,km2,K9,gfed5_annual_burned_area,measured,f_product_level
GHA,Ghana,country,2018,burned_area_km2,121180.62,km2,K9,gfed5_annual_burned_area,measured,f_product_level
GHA,Ghana,country,2019,burned_area_km2,120424.36,km2,K9,gfed5_annual_burned_area,measured,f_product_level
GHA,Ghana,country,2020,burned_area_km2,146129.51,km2,K9,gfed5_annual_burned_area,measured,f_product_level
GIN,Guinea,country,1997,burned_area_km2,88486.11,km2,K9,gfed5_annual_burned_area,measured,f_product_level;f_resolution_change
GIN,Guinea,country,1998,burned_area_km2,199739.97,km2,K9,gfed5_annual_burned_area,measured,f_product_level;f_resolution_change
GIN,Guinea,country,1999,burned_area_km2,152551.0,km2,K9,gfed5_annual_burned_area,measured,f_product_level;f_resolution_change
GIN,Guinea,country,2000,burned_area_km2,187252.72,km2,K9,gfed5_annual_burned_area,measured,f_product_level;f_resolution_change
GIN,Guinea,country,2001,burned_area_km2,135528.45,km2,K9,gfed5_annual_burned_area,measured,f_product_level
GIN,Guinea,country,2002,burned_area_km2,135302.88,km2,K9,gfed5_annual_burned_area,measured,f_product_level
GIN,Guinea,country,2003,burned_area_km2,144521.18,km2,K9,gfed5_annual_burned_area,measured,f_product_level
GIN,Guinea,country,2004,burned_area_km2,153547.0,km2,K9,gfed5_annual_burned_area,measured,f_product_level
GIN,Guinea,country,2005,burned_area_km2,170954.22,km2,K9,gfed5_annual_burned_area,measured,f_product_level
GIN,Guinea,country,2006,burned_area_km2,152244.42,km2,K9,gfed5_annual_burned_area,measured,f_product_level
GIN,Guinea,country,2007,burned_area_km2,165771.2,km2,K9,gfed5_annual_burned_area,measured,f_product_level
GIN,Guinea,country,2008,burned_area_km2,187603.69,km2,K9,gfed5_annual_burned_area,measured,f_product_level
GIN,Guinea,country,2009,burned_area_km2,167289.77,km2,K9,gfed5_annual_burned_area,measured,f_product_level
GIN,Guinea,country,2010,burned_area_km2,149700.63,km2,K9,gfed5_annual_burned_area,measured,f_product_level
GIN,Guinea,country,2011,burned_area_km2,168198.57,km2,K9,gfed5_annual_burned_area,measured,f_product_level
GIN,Guinea,country,2012,burned_area_km2,158869.82,km2,K9,gfed5_annual_burned_area,measured,f_product_level
GIN,Guinea,country,2013,burned_area_km2,151297.59,km2,K9,gfed5_annual_burned_area,measured,f_product_level
GIN,Guinea,country,2014,burned_area_km2,146960.44,km2,K9,gfed5_annual_burned_area,measured,f_product_level
GIN,Guinea,country,2015,burned_area_km2,139166.82,km2,K9,gfed5_annual_burned_area,measured,f_product_level
GIN,Guinea,country,2016,burned_area_km2,184001.22,km2,K9,gfed5_annual_burned_area,measured,f_product_level
GIN,Guinea,country,2017,burned_area_km2,168070.61,km2,K9,gfed5_annual_burned_area,measured,f_product_level
GIN,Guinea,country,2018,burned_area_km2,130092.36,km2,K9,gfed5_annual_burned_area,measured,f_product_level
GIN,Guinea,country,2019,burned_area_km2,136100.85,km2,K9,gfed5_annual_burned_area,measured,f_product_level
GIN,Guinea,country,2020,burned_area_km2,160283.33,km2,K9,gfed5_annual_burned_area,measured,f_product_level
GLP,Guadeloupe,country,1997,burned_area_km2,0.0,km2,K9,gfed5_annual_burned_area,measured,f_product_level;f_resolution_change;f_grid_resolution;f_zero_no_detection
GLP,Guadeloupe,country,1998,burned_area_km2,0.0,km2,K9,gfed5_annual_burned_area,measured,f_product_level;f_resolution_change;f_grid_resolution;f_zero_no_detection
GLP,Guadeloupe,country,1999,burned_area_km2,0.0,km2,K9,gfed5_annual_burned_area,measured,f_product_level;f_resolution_change;f_grid_resolution;f_zero_no_detection
GLP,Guadeloupe,country,2000,burned_area_km2,0.0,km2,K9,gfed5_annual_burned_area,measured,f_product_level;f_resolution_change;f_grid_resolution;f_zero_no_detection
GLP,Guadeloupe,country,2001,burned_area_km2,0.0,km2,K9,gfed5_annual_burned_area,measured,f_product_level;f_zero_no_detection
GLP,Guadeloupe,country,2002,burned_area_km2,0.0,km2,K9,gfed5_annual_burned_area,measured,f_product_level;f_zero_no_detection
GLP,Guadeloupe,country,2003,burned_area_km2,9.2,km2,K9,gfed5_annual_burned_area,measured,f_product_level
GLP,Guadeloupe,country,2004,burned_area_km2,0.0,km2,K9,gfed5_annual_burned_area,measured,f_product_level;f_zero_no_detection
GLP,Guadeloupe,country,2005,burned_area_km2,0.0,km2,K9,gfed5_annual_burned_area,measured,f_product_level;f_zero_no_detection
GLP,Guadeloupe,country,2006,burned_area_km2,11.54,km2,K9,gfed5_annual_burned_area,measured,f_product_level
GLP,Guadeloupe,country,2007,burned_area_km2,3.14,km2,K9,gfed5_annual_burned_area,measured,f_product_level
GLP,Guadeloupe,country,2008,burned_area_km2,1.02,km2,K9,gfed5_annual_burned_area,measured,f_product_level
GLP,Guadeloupe,country,2009,burned_area_km2,3.93,km2,K9,gfed5_annual_burned_area,measured,f_product_level
GLP,Guadeloupe,country,2010,burned_area_km2,7.59,km2,K9,gfed5_annual_burned_area,measured,f_product_level
GLP,Guadeloupe,country,2011,burned_area_km2,0.0,km2,K9,gfed5_annual_burned_area,measured,f_product_level;f_zero_no_detection
GLP,Guadeloupe,country,2012,burned_area_km2,5.1,km2,K9,gfed5_annual_burned_area,measured,f_product_level
GLP,Guadeloupe,country,2013,burned_area_km2,3.56,km2,K9,gfed5_annual_burned_area,measured,f_product_level
GLP,Guadeloupe,country,2014,burned_area_km2,7.93,km2,K9,gfed5_annual_burned_area,measured,f_product_level
GLP,Guadeloupe,country,2015,burned_area_km2,10.59,km2,K9,gfed5_annual_burned_area,measured,f_product_level
GLP,Guadeloupe,country,2016,burned_area_km2,1.02,km2,K9,gfed5_annual_burned_area,measured,f_product_level
GLP,Guadeloupe,country,2017,burned_area_km2,0.0,km2,K9,gfed5_annual_burned_area,measured,f_product_level;f_zero_no_detection
GLP,Guadeloupe,country,2018,burned_area_km2,1.02,km2,K9,gfed5_annual_burned_area,measured,f_product_level
GLP,Guadeloupe,country,2019,burned_area_km2,5.1,km2,K9,gfed5_annual_burned_area,measured,f_product_level
GLP,Guadeloupe,country,2020,burned_area_km2,0.0,km2,K9,gfed5_annual_burned_area,measured,f_product_level;f_zero_no_detection
GMB,Gambia,country,1997,burned_area_km2,6044.35,km2,K9,gfed5_annual_burned_area,measured,f_product_level;f_resolution_change;f_grid_resolution
GMB,Gambia,country,1998,burned_area_km2,3219.87,km2,K9,gfed5_annual_burned_area,measured,f_product_level;f_resolution_change;f_grid_resolution
GMB,Gambia,country,1999,burned_area_km2,3219.66,km2,K9,gfed5_annual_burned_area,measured,f_product_level;f_resolution_change;f_grid_resolution
GMB,Gambia,country,2000,burned_area_km2,3529.75,km2,K9,gfed5_annual_burned_area,measured,f_product_level;f_resolution_change;f_grid_resolution
GMB,Gambia,country,2001,burned_area_km2,4396.01,km2,K9,gfed5_annual_burned_area,measured,f_product_level
GMB,Gambia,country,2002,burned_area_km2,4166.81,km2,K9,gfed5_annual_burned_area,measured,f_product_level
GMB,Gambia,country,2003,burned_area_km2,2109.5,km2,K9,gfed5_annual_burned_area,measured,f_product_level
GMB,Gambia,country,2004,burned_area_km2,3541.77,km2,K9,gfed5_annual_burned_area,measured,f_product_level
GMB,Gambia,country,2005,burned_area_km2,3425.63,km2,K9,gfed5_annual_burned_area,measured,f_product_level
GMB,Gambia,country,2006,burned_area_km2,4302.63,km2,K9,gfed5_annual_burned_area,measured,f_product_level
GMB,Gambia,country,2007,burned_area_km2,3701.18,km2,K9,gfed5_annual_burned_area,measured,f_product_level
GMB,Gambia,country,2008,burned_area_km2,3281.95,km2,K9,gfed5_annual_burned_area,measured,f_product_level
GMB,Gambia,country,2009,burned_area_km2,3420.81,km2,K9,gfed5_annual_burned_area,measured,f_product_level
GMB,Gambia,country,2010,burned_area_km2,3286.09,km2,K9,gfed5_annual_burned_area,measured,f_product_level
GMB,Gambia,country,2011,burned_area_km2,3923.06,km2,K9,gfed5_annual_burned_area,measured,f_product_level
GMB,Gambia,country,2012,burned_area_km2,3065.77,km2,K9,gfed5_annual_burned_area,measured,f_product_level
GMB,Gambia,country,2013,burned_area_km2,3055.11,km2,K9,gfed5_annual_burned_area,measured,f_product_level
GMB,Gambia,country,2014,burned_area_km2,2792.75,km2,K9,gfed5_annual_burned_area,measured,f_product_level
GMB,Gambia,country,2015,burned_area_km2,1678.75,km2,K9,gfed5_annual_burned_area,measured,f_product_level
GMB,Gambia,country,2016,burned_area_km2,2857.84,km2,K9,gfed5_annual_burned_area,measured,f_product_level
GMB,Gambia,country,2017,burned_area_km2,3095.59,km2,K9,gfed5_annual_burned_area,measured,f_product_level
GMB,Gambia,country,2018,burned_area_km2,2752.61,km2,K9,gfed5_annual_burned_area,measured,f_product_level
GMB,Gambia,country,2019,burned_area_km2,2362.23,km2,K9,gfed5_annual_burned_area,measured,f_product_level
GMB,Gambia,country,2020,burned_area_km2,3093.46,km2,K9,gfed5_annual_burned_area,measured,f_product_level
GNB,Guinea-Bissau,country,1997,burned_area_km2,9207.07,km2,K9,gfed5_annual_burned_area,measured,f_product_level;f_resolution_change
GNB,Guinea-Bissau,country,1998,burned_area_km2,15236.56,km2,K9,gfed5_annual_burned_area,measured,f_product_level;f_resolution_change
GNB,Guinea-Bissau,country,1999,burned_area_km2,16878.73,km2,K9,gfed5_annual_burned_area,measured,f_product_level;f_resolution_change
GNB,Guinea-Bissau,country,2000,burned_area_km2,16162.95,km2,K9,gfed5_annual_burned_area,measured,f_product_level;f_resolution_change
GNB,Guinea-Bissau,country,2001,burned_area_km2,12245.16,km2,K9,gfed5_annual_burned_area,measured,f_product_level
GNB,Guinea-Bissau,country,2002,burned_area_km2,13878.47,km2,K9,gfed5_annual_burned_area,measured,f_product_level
GNB,Guinea-Bissau,country,2003,burned_area_km2,12075.88,km2,K9,gfed5_annual_burned_area,measured,f_product_level
GNB,Guinea-Bissau,country,2004,burned_area_km2,14398.21,km2,K9,gfed5_annual_burned_area,measured,f_product_level
GNB,Guinea-Bissau,country,2005,burned_area_km2,12882.98,km2,K9,gfed5_annual_burned_area,measured,f_product_level
GNB,Guinea-Bissau,country,2006,burned_area_km2,10954.1,km2,K9,gfed5_annual_burned_area,measured,f_product_level
GNB,Guinea-Bissau,country,2007,burned_area_km2,12688.33,km2,K9,gfed5_annual_burned_area,measured,f_product_level
GNB,Guinea-Bissau,country,2008,burned_area_km2,11067.73,km2,K9,gfed5_annual_burned_area,measured,f_product_level
GNB,Guinea-Bissau,country,2009,burned_area_km2,11051.78,km2,K9,gfed5_annual_burned_area,measured,f_product_level
GNB,Guinea-Bissau,country,2010,burned_area_km2,10367.73,km2,K9,gfed5_annual_burned_area,measured,f_product_level
GNB,Guinea-Bissau,country,2011,burned_area_km2,12130.82,km2,K9,gfed5_annual_burned_area,measured,f_product_level
GNB,Guinea-Bissau,country,2012,burned_area_km2,12196.91,km2,K9,gfed5_annual_burned_area,measured,f_product_level
GNB,Guinea-Bissau,country,2013,burned_area_km2,9268.42,km2,K9,gfed5_annual_burned_area,measured,f_product_level
GNB,Guinea-Bissau,country,2014,burned_area_km2,9443.36,km2,K9,gfed5_annual_burned_area,measured,f_product_level
GNB,Guinea-Bissau,country,2015,burned_area_km2,9296.53,km2,K9,gfed5_annual_burned_area,measured,f_product_level
GNB,Guinea-Bissau,country,2016,burned_area_km2,12020.82,km2,K9,gfed5_annual_burned_area,measured,f_product_level
GNB,Guinea-Bissau,country,2017,burned_area_km2,9055.36,km2,K9,gfed5_annual_burned_area,measured,f_product_level
GNB,Guinea-Bissau,country,2018,burned_area_km2,9078.04,km2,K9,gfed5_annual_burned_area,measured,f_product_level
GNB,Guinea-Bissau,country,2019,burned_area_km2,9445.44,km2,K9,gfed5_annual_burned_area,measured,f_product_level
GNB,Guinea-Bissau,country,2020,burned_area_km2,9904.61,km2,K9,gfed5_annual_burned_area,measured,f_product_level
GNQ,Ekvatorial-Guinea,country,1997,burned_area_km2,66.31,km2,K9,gfed5_annual_burned_area,measured,f_product_level;f_resolution_change
GNQ,Ekvatorial-Guinea,country,1998,burned_area_km2,64.86,km2,K9,gfed5_annual_burned_area,measured,f_product_level;f_resolution_change
GNQ,Ekvatorial-Guinea,country,1999,burned_area_km2,48.43,km2,K9,gfed5_annual_burned_area,measured,f_product_level;f_resolution_change
GNQ,Ekvatorial-Guinea,country,2000,burned_area_km2,76.49,km2,K9,gfed5_annual_burned_area,measured,f_product_level;f_resolution_change
GNQ,Ekvatorial-Guinea,country,2001,burned_area_km2,41.15,km2,K9,gfed5_annual_burned_area,measured,f_product_level
GNQ,Ekvatorial-Guinea,country,2002,burned_area_km2,0.0,km2,K9,gfed5_annual_burned_area,measured,f_product_level;f_zero_no_detection
GNQ,Ekvatorial-Guinea,country,2003,burned_area_km2,212.36,km2,K9,gfed5_annual_burned_area,measured,f_product_level
GNQ,Ekvatorial-Guinea,country,2004,burned_area_km2,358.1,km2,K9,gfed5_annual_burned_area,measured,f_product_level
GNQ,Ekvatorial-Guinea,country,2005,burned_area_km2,238.24,km2,K9,gfed5_annual_burned_area,measured,f_product_level
GNQ,Ekvatorial-Guinea,country,2006,burned_area_km2,196.73,km2,K9,gfed5_annual_burned_area,measured,f_product_level
GNQ,Ekvatorial-Guinea,country,2007,burned_area_km2,376.81,km2,K9,gfed5_annual_burned_area,measured,f_product_level
GNQ,Ekvatorial-Guinea,country,2008,burned_area_km2,595.92,km2,K9,gfed5_annual_burned_area,measured,f_product_level
GNQ,Ekvatorial-Guinea,country,2009,burned_area_km2,306.57,km2,K9,gfed5_annual_burned_area,measured,f_product_level
GNQ,Ekvatorial-Guinea,country,2010,burned_area_km2,280.41,km2,K9,gfed5_annual_burned_area,measured,f_product_level
GNQ,Ekvatorial-Guinea,country,2011,burned_area_km2,470.81,km2,K9,gfed5_annual_burned_area,measured,f_product_level
GNQ,Ekvatorial-Guinea,country,2012,burned_area_km2,162.82,km2,K9,gfed5_annual_burned_area,measured,f_product_level
GNQ,Ekvatorial-Guinea,country,2013,burned_area_km2,304.44,km2,K9,gfed5_annual_burned_area,measured,f_product_level
GNQ,Ekvatorial-Guinea,country,2014,burned_area_km2,452.46,km2,K9,gfed5_annual_burned_area,measured,f_product_level
GNQ,Ekvatorial-Guinea,country,2015,burned_area_km2,470.22,km2,K9,gfed5_annual_burned_area,measured,f_product_level
GNQ,Ekvatorial-Guinea,country,2016,burned_area_km2,582.2,km2,K9,gfed5_annual_burned_area,measured,f_product_level
GNQ,Ekvatorial-Guinea,country,2017,burned_area_km2,190.04,km2,K9,gfed5_annual_burned_area,measured,f_product_level
GNQ,Ekvatorial-Guinea,country,2018,burned_area_km2,329.36,km2,K9,gfed5_annual_burned_area,measured,f_product_level
GNQ,Ekvatorial-Guinea,country,2019,burned_area_km2,417.12,km2,K9,gfed5_annual_burned_area,measured,f_product_level
GNQ,Ekvatorial-Guinea,country,2020,burned_area_km2,451.6,km2,K9,gfed5_annual_burned_area,measured,f_product_level
GRC,Hellas,country,1997,burned_area_km2,2253.87,km2,K9,gfed5_annual_burned_area,measured,f_product_level;f_resolution_change
GRC,Hellas,country,1998,burned_area_km2,3558.39,km2,K9,gfed5_annual_burned_area,measured,f_product_level;f_resolution_change
GRC,Hellas,country,1999,burned_area_km2,2435.82,km2,K9,gfed5_annual_burned_area,measured,f_product_level;f_resolution_change
GRC,Hellas,country,2000,burned_area_km2,5205.95,km2,K9,gfed5_annual_burned_area,measured,f_product_level;f_resolution_change
GRC,Hellas,country,2001,burned_area_km2,6467.66,km2,K9,gfed5_annual_burned_area,measured,f_product_level
GRC,Hellas,country,2002,burned_area_km2,1300.25,km2,K9,gfed5_annual_burned_area,measured,f_product_level
GRC,Hellas,country,2003,burned_area_km2,2139.49,km2,K9,gfed5_annual_burned_area,measured,f_product_level
GRC,Hellas,country,2004,burned_area_km2,2976.81,km2,K9,gfed5_annual_burned_area,measured,f_product_level
GRC,Hellas,country,2005,burned_area_km2,2587.34,km2,K9,gfed5_annual_burned_area,measured,f_product_level
GRC,Hellas,country,2006,burned_area_km2,1825.19,km2,K9,gfed5_annual_burned_area,measured,f_product_level
GRC,Hellas,country,2007,burned_area_km2,5694.75,km2,K9,gfed5_annual_burned_area,measured,f_product_level
GRC,Hellas,country,2008,burned_area_km2,3435.53,km2,K9,gfed5_annual_burned_area,measured,f_product_level
GRC,Hellas,country,2009,burned_area_km2,2003.96,km2,K9,gfed5_annual_burned_area,measured,f_product_level
GRC,Hellas,country,2010,burned_area_km2,1161.35,km2,K9,gfed5_annual_burned_area,measured,f_product_level
GRC,Hellas,country,2011,burned_area_km2,3500.43,km2,K9,gfed5_annual_burned_area,measured,f_product_level
GRC,Hellas,country,2012,burned_area_km2,2407.43,km2,K9,gfed5_annual_burned_area,measured,f_product_level
GRC,Hellas,country,2013,burned_area_km2,2479.23,km2,K9,gfed5_annual_burned_area,measured,f_product_level
GRC,Hellas,country,2014,burned_area_km2,1973.42,km2,K9,gfed5_annual_burned_area,measured,f_product_level
GRC,Hellas,country,2015,burned_area_km2,1780.07,km2,K9,gfed5_annual_burned_area,measured,f_product_level
GRC,Hellas,country,2016,burned_area_km2,2011.4,km2,K9,gfed5_annual_burned_area,measured,f_product_level
GRC,Hellas,country,2017,burned_area_km2,1788.71,km2,K9,gfed5_annual_burned_area,measured,f_product_level
GRC,Hellas,country,2018,burned_area_km2,1098.94,km2,K9,gfed5_annual_burned_area,measured,f_product_level
GRC,Hellas,country,2019,burned_area_km2,1319.47,km2,K9,gfed5_annual_burned_area,measured,f_product_level
GRC,Hellas,country,2020,burned_area_km2,1359.26,km2,K9,gfed5_annual_burned_area,measured,f_product_level
GRD,Grenada,country,1997,burned_area_km2,0.0,km2,K9,gfed5_annual_burned_area,measured,f_product_level;f_resolution_change;f_grid_resolution;f_zero_no_detection
GRD,Grenada,country,1998,burned_area_km2,0.0,km2,K9,gfed5_annual_burned_area,measured,f_product_level;f_resolution_change;f_grid_resolution;f_zero_no_detection
GRD,Grenada,country,1999,burned_area_km2,0.0,km2,K9,gfed5_annual_burned_area,measured,f_product_level;f_resolution_change;f_grid_resolution;f_zero_no_detection
GRD,Grenada,country,2000,burned_area_km2,0.0,km2,K9,gfed5_annual_burned_area,measured,f_product_level;f_resolution_change;f_grid_resolution;f_zero_no_detection
GRD,Grenada,country,2001,burned_area_km2,0.0,km2,K9,gfed5_annual_burned_area,measured,f_product_level;f_grid_resolution;f_zero_no_detection
GRD,Grenada,country,2002,burned_area_km2,0.0,km2,K9,gfed5_annual_burned_area,measured,f_product_level;f_grid_resolution;f_zero_no_detection
GRD,Grenada,country,2003,burned_area_km2,0.0,km2,K9,gfed5_annual_burned_area,measured,f_product_level;f_grid_resolution;f_zero_no_detection
GRD,Grenada,country,2004,burned_area_km2,0.0,km2,K9,gfed5_annual_burned_area,measured,f_product_level;f_grid_resolution;f_zero_no_detection
GRD,Grenada,country,2005,burned_area_km2,0.0,km2,K9,gfed5_annual_burned_area,measured,f_product_level;f_grid_resolution;f_zero_no_detection
GRD,Grenada,country,2006,burned_area_km2,0.0,km2,K9,gfed5_annual_burned_area,measured,f_product_level;f_grid_resolution;f_zero_no_detection
GRD,Grenada,country,2007,burned_area_km2,0.26,km2,K9,gfed5_annual_burned_area,measured,f_product_level;f_grid_resolution
GRD,Grenada,country,2008,burned_area_km2,0.0,km2,K9,gfed5_annual_burned_area,measured,f_product_level;f_grid_resolution;f_zero_no_detection
GRD,Grenada,country,2009,burned_area_km2,0.0,km2,K9,gfed5_annual_burned_area,measured,f_product_level;f_grid_resolution;f_zero_no_detection
GRD,Grenada,country,2010,burned_area_km2,5.38,km2,K9,gfed5_annual_burned_area,measured,f_product_level;f_grid_resolution
GRD,Grenada,country,2011,burned_area_km2,0.0,km2,K9,gfed5_annual_burned_area,measured,f_product_level;f_grid_resolution;f_zero_no_detection
GRD,Grenada,country,2012,burned_area_km2,0.0,km2,K9,gfed5_annual_burned_area,measured,f_product_level;f_grid_resolution;f_zero_no_detection
GRD,Grenada,country,2013,burned_area_km2,0.0,km2,K9,gfed5_annual_burned_area,measured,f_product_level;f_grid_resolution;f_zero_no_detection
GRD,Grenada,country,2014,burned_area_km2,0.0,km2,K9,gfed5_annual_burned_area,measured,f_product_level;f_grid_resolution;f_zero_no_detection
GRD,Grenada,country,2015,burned_area_km2,0.0,km2,K9,gfed5_annual_burned_area,measured,f_product_level;f_grid_resolution;f_zero_no_detection
GRD,Grenada,country,2016,burned_area_km2,0.14,km2,K9,gfed5_annual_burned_area,measured,f_product_level;f_grid_resolution
GRD,Grenada,country,2017,burned_area_km2,0.0,km2,K9,gfed5_annual_burned_area,measured,f_product_level;f_grid_resolution;f_zero_no_detection
GRD,Grenada,country,2018,burned_area_km2,0.0,km2,K9,gfed5_annual_burned_area,measured,f_product_level;f_grid_resolution;f_zero_no_detection
GRD,Grenada,country,2019,burned_area_km2,2.62,km2,K9,gfed5_annual_burned_area,measured,f_product_level;f_grid_resolution
GRD,Grenada,country,2020,burned_area_km2,0.0,km2,K9,gfed5_annual_burned_area,measured,f_product_level;f_grid_resolution;f_zero_no_detection
GRL,Grønland,country,1997,burned_area_km2,6.84,km2,K9,gfed5_annual_burned_area,measured,f_product_level;f_resolution_change
GRL,Grønland,country,1998,burned_area_km2,137.99,km2,K9,gfed5_annual_burned_area,measured,f_product_level;f_resolution_change
GRL,Grønland,country,1999,burned_area_km2,8.98,km2,K9,gfed5_annual_burned_area,measured,f_product_level;f_resolution_change
GRL,Grønland,country,2000,burned_area_km2,6.74,km2,K9,gfed5_annual_burned_area,measured,f_product_level;f_resolution_change
GRL,Grønland,country,2001,burned_area_km2,14.41,km2,K9,gfed5_annual_burned_area,measured,f_product_level
GRL,Grønland,country,2002,burned_area_km2,14.41,km2,K9,gfed5_annual_burned_area,measured,f_product_level
GRL,Grønland,country,2003,burned_area_km2,18.02,km2,K9,gfed5_annual_burned_area,measured,f_product_level
GRL,Grønland,country,2004,burned_area_km2,18.02,km2,K9,gfed5_annual_burned_area,measured,f_product_level
GRL,Grønland,country,2005,burned_area_km2,4.35,km2,K9,gfed5_annual_burned_area,measured,f_product_level
GRL,Grønland,country,2006,burned_area_km2,4.97,km2,K9,gfed5_annual_burned_area,measured,f_product_level
GRL,Grønland,country,2007,burned_area_km2,4.97,km2,K9,gfed5_annual_burned_area,measured,f_product_level
GRL,Grønland,country,2008,burned_area_km2,16.77,km2,K9,gfed5_annual_burned_area,measured,f_product_level
GRL,Grønland,country,2009,burned_area_km2,11.18,km2,K9,gfed5_annual_burned_area,measured,f_product_level
GRL,Grønland,country,2010,burned_area_km2,14.29,km2,K9,gfed5_annual_burned_area,measured,f_product_level
GRL,Grønland,country,2011,burned_area_km2,0.0,km2,K9,gfed5_annual_burned_area,measured,f_product_level;f_zero_no_detection
GRL,Grønland,country,2012,burned_area_km2,19.38,km2,K9,gfed5_annual_burned_area,measured,f_product_level
GRL,Grønland,country,2013,burned_area_km2,3.73,km2,K9,gfed5_annual_burned_area,measured,f_product_level
GRL,Grønland,country,2014,burned_area_km2,15.98,km2,K9,gfed5_annual_burned_area,measured,f_product_level
GRL,Grønland,country,2015,burned_area_km2,22.83,km2,K9,gfed5_annual_burned_area,measured,f_product_level
GRL,Grønland,country,2016,burned_area_km2,21.07,km2,K9,gfed5_annual_burned_area,measured,f_product_level
GRL,Grønland,country,2017,burned_area_km2,35.01,km2,K9,gfed5_annual_burned_area,measured,f_product_level
GRL,Grønland,country,2018,burned_area_km2,9.32,km2,K9,gfed5_annual_burned_area,measured,f_product_level
GRL,Grønland,country,2019,burned_area_km2,45.48,km2,K9,gfed5_annual_burned_area,measured,f_product_level
GRL,Grønland,country,2020,burned_area_km2,11.18,km2,K9,gfed5_annual_burned_area,measured,f_product_level
GTM,Guatemala,country,1997,burned_area_km2,9322.69,km2,K9,gfed5_annual_burned_area,measured,f_product_level;f_resolution_change
GTM,Guatemala,country,1998,burned_area_km2,35830.07,km2,K9,gfed5_annual_burned_area,measured,f_product_level;f_resolution_change
GTM,Guatemala,country,1999,burned_area_km2,11029.5,km2,K9,gfed5_annual_burned_area,measured,f_product_level;f_resolution_change
GTM,Guatemala,country,2000,burned_area_km2,24100.26,km2,K9,gfed5_annual_burned_area,measured,f_product_level;f_resolution_change
GTM,Guatemala,country,2001,burned_area_km2,11318.45,km2,K9,gfed5_annual_burned_area,measured,f_product_level
GTM,Guatemala,country,2002,burned_area_km2,14248.0,km2,K9,gfed5_annual_burned_area,measured,f_product_level
GTM,Guatemala,country,2003,burned_area_km2,18589.4,km2,K9,gfed5_annual_burned_area,measured,f_product_level
GTM,Guatemala,country,2004,burned_area_km2,9712.83,km2,K9,gfed5_annual_burned_area,measured,f_product_level
GTM,Guatemala,country,2005,burned_area_km2,15989.03,km2,K9,gfed5_annual_burned_area,measured,f_product_level
GTM,Guatemala,country,2006,burned_area_km2,10748.06,km2,K9,gfed5_annual_burned_area,measured,f_product_level
GTM,Guatemala,country,2007,burned_area_km2,14947.5,km2,K9,gfed5_annual_burned_area,measured,f_product_level
GTM,Guatemala,country,2008,burned_area_km2,13250.25,km2,K9,gfed5_annual_burned_area,measured,f_product_level
GTM,Guatemala,country,2009,burned_area_km2,13227.19,km2,K9,gfed5_annual_burned_area,measured,f_product_level
GTM,Guatemala,country,2010,burned_area_km2,11440.62,km2,K9,gfed5_annual_burned_area,measured,f_product_level
GTM,Guatemala,country,2011,burned_area_km2,13274.32,km2,K9,gfed5_annual_burned_area,measured,f_product_level
GTM,Guatemala,country,2012,burned_area_km2,10239.84,km2,K9,gfed5_annual_burned_area,measured,f_product_level
GTM,Guatemala,country,2013,burned_area_km2,15219.06,km2,K9,gfed5_annual_burned_area,measured,f_product_level
GTM,Guatemala,country,2014,burned_area_km2,9370.73,km2,K9,gfed5_annual_burned_area,measured,f_product_level
GTM,Guatemala,country,2015,burned_area_km2,10135.61,km2,K9,gfed5_annual_burned_area,measured,f_product_level
GTM,Guatemala,country,2016,burned_area_km2,11701.18,km2,K9,gfed5_annual_burned_area,measured,f_product_level
GTM,Guatemala,country,2017,burned_area_km2,10873.31,km2,K9,gfed5_annual_burned_area,measured,f_product_level
GTM,Guatemala,country,2018,burned_area_km2,9031.36,km2,K9,gfed5_annual_burned_area,measured,f_product_level
GTM,Guatemala,country,2019,burned_area_km2,11030.38,km2,K9,gfed5_annual_burned_area,measured,f_product_level
GTM,Guatemala,country,2020,burned_area_km2,9906.06,km2,K9,gfed5_annual_burned_area,measured,f_product_level
GUF,Fransk Guyana,country,1997,burned_area_km2,652.03,km2,K9,gfed5_annual_burned_area,measured,f_product_level;f_resolution_change
GUF,Fransk Guyana,country,1998,burned_area_km2,305.87,km2,K9,gfed5_annual_burned_area,measured,f_product_level;f_resolution_change
GUF,Fransk Guyana,country,1999,burned_area_km2,354.16,km2,K9,gfed5_annual_burned_area,measured,f_product_level;f_resolution_change
GUF,Fransk Guyana,country,2000,burned_area_km2,309.54,km2,K9,gfed5_annual_burned_area,measured,f_product_level;f_resolution_change
GUF,Fransk Guyana,country,2001,burned_area_km2,119.31,km2,K9,gfed5_annual_burned_area,measured,f_product_level
GUF,Fransk Guyana,country,2002,burned_area_km2,160.35,km2,K9,gfed5_annual_burned_area,measured,f_product_level
GUF,Fransk Guyana,country,2003,burned_area_km2,271.08,km2,K9,gfed5_annual_burned_area,measured,f_product_level
GUF,Fransk Guyana,country,2004,burned_area_km2,284.09,km2,K9,gfed5_annual_burned_area,measured,f_product_level
GUF,Fransk Guyana,country,2005,burned_area_km2,240.15,km2,K9,gfed5_annual_burned_area,measured,f_product_level
GUF,Fransk Guyana,country,2006,burned_area_km2,158.64,km2,K9,gfed5_annual_burned_area,measured,f_product_level
GUF,Fransk Guyana,country,2007,burned_area_km2,186.87,km2,K9,gfed5_annual_burned_area,measured,f_product_level
GUF,Fransk Guyana,country,2008,burned_area_km2,300.58,km2,K9,gfed5_annual_burned_area,measured,f_product_level
GUF,Fransk Guyana,country,2009,burned_area_km2,251.56,km2,K9,gfed5_annual_burned_area,measured,f_product_level
GUF,Fransk Guyana,country,2010,burned_area_km2,196.04,km2,K9,gfed5_annual_burned_area,measured,f_product_level
GUF,Fransk Guyana,country,2011,burned_area_km2,124.92,km2,K9,gfed5_annual_burned_area,measured,f_product_level
GUF,Fransk Guyana,country,2012,burned_area_km2,295.35,km2,K9,gfed5_annual_burned_area,measured,f_product_level
GUF,Fransk Guyana,country,2013,burned_area_km2,134.94,km2,K9,gfed5_annual_burned_area,measured,f_product_level
GUF,Fransk Guyana,country,2014,burned_area_km2,175.94,km2,K9,gfed5_annual_burned_area,measured,f_product_level
GUF,Fransk Guyana,country,2015,burned_area_km2,219.8,km2,K9,gfed5_annual_burned_area,measured,f_product_level
GUF,Fransk Guyana,country,2016,burned_area_km2,277.38,km2,K9,gfed5_annual_burned_area,measured,f_product_level
GUF,Fransk Guyana,country,2017,burned_area_km2,130.84,km2,K9,gfed5_annual_burned_area,measured,f_product_level
GUF,Fransk Guyana,country,2018,burned_area_km2,156.45,km2,K9,gfed5_annual_burned_area,measured,f_product_level
GUF,Fransk Guyana,country,2019,burned_area_km2,141.57,km2,K9,gfed5_annual_burned_area,measured,f_product_level
GUF,Fransk Guyana,country,2020,burned_area_km2,133.5,km2,K9,gfed5_annual_burned_area,measured,f_product_level
GUM,Guam,country,1997,burned_area_km2,0.0,km2,K9,gfed5_annual_burned_area,measured,f_product_level;f_resolution_change;f_grid_resolution;f_zero_no_detection
GUM,Guam,country,1998,burned_area_km2,0.0,km2,K9,gfed5_annual_burned_area,measured,f_product_level;f_resolution_change;f_grid_resolution;f_zero_no_detection
GUM,Guam,country,1999,burned_area_km2,0.0,km2,K9,gfed5_annual_burned_area,measured,f_product_level;f_resolution_change;f_grid_resolution;f_zero_no_detection
GUM,Guam,country,2000,burned_area_km2,0.0,km2,K9,gfed5_annual_burned_area,measured,f_product_level;f_resolution_change;f_grid_resolution;f_zero_no_detection
GUM,Guam,country,2001,burned_area_km2,3.71,km2,K9,gfed5_annual_burned_area,measured,f_product_level;f_grid_resolution
GUM,Guam,country,2002,burned_area_km2,17.29,km2,K9,gfed5_annual_burned_area,measured,f_product_level;f_grid_resolution
GUM,Guam,country,2003,burned_area_km2,4.35,km2,K9,gfed5_annual_burned_area,measured,f_product_level;f_grid_resolution
GUM,Guam,country,2004,burned_area_km2,4.35,km2,K9,gfed5_annual_burned_area,measured,f_product_level;f_grid_resolution
GUM,Guam,country,2005,burned_area_km2,10.15,km2,K9,gfed5_annual_burned_area,measured,f_product_level;f_grid_resolution
GUM,Guam,country,2006,burned_area_km2,14.81,km2,K9,gfed5_annual_burned_area,measured,f_product_level;f_grid_resolution
GUM,Guam,country,2007,burned_area_km2,13.05,km2,K9,gfed5_annual_burned_area,measured,f_product_level;f_grid_resolution
GUM,Guam,country,2008,burned_area_km2,5.8,km2,K9,gfed5_annual_burned_area,measured,f_product_level;f_grid_resolution
GUM,Guam,country,2009,burned_area_km2,4.35,km2,K9,gfed5_annual_burned_area,measured,f_product_level;f_grid_resolution
GUM,Guam,country,2010,burned_area_km2,21.75,km2,K9,gfed5_annual_burned_area,measured,f_product_level;f_grid_resolution
GUM,Guam,country,2011,burned_area_km2,0.0,km2,K9,gfed5_annual_burned_area,measured,f_product_level;f_grid_resolution;f_zero_no_detection
GUM,Guam,country,2012,burned_area_km2,1.45,km2,K9,gfed5_annual_burned_area,measured,f_product_level;f_grid_resolution
GUM,Guam,country,2013,burned_area_km2,5.8,km2,K9,gfed5_annual_burned_area,measured,f_product_level;f_grid_resolution
GUM,Guam,country,2014,burned_area_km2,23.2,km2,K9,gfed5_annual_burned_area,measured,f_product_level;f_grid_resolution
GUM,Guam,country,2015,burned_area_km2,10.15,km2,K9,gfed5_annual_burned_area,measured,f_product_level;f_grid_resolution
GUM,Guam,country,2016,burned_area_km2,20.3,km2,K9,gfed5_annual_burned_area,measured,f_product_level;f_grid_resolution
GUM,Guam,country,2017,burned_area_km2,1.45,km2,K9,gfed5_annual_burned_area,measured,f_product_level;f_grid_resolution
GUM,Guam,country,2018,burned_area_km2,11.6,km2,K9,gfed5_annual_burned_area,measured,f_product_level;f_grid_resolution
GUM,Guam,country,2019,burned_area_km2,23.2,km2,K9,gfed5_annual_burned_area,measured,f_product_level;f_grid_resolution
GUM,Guam,country,2020,burned_area_km2,26.1,km2,K9,gfed5_annual_burned_area,measured,f_product_level;f_grid_resolution
GUY,Guyana,country,1997,burned_area_km2,1303.74,km2,K9,gfed5_annual_burned_area,measured,f_product_level;f_resolution_change
GUY,Guyana,country,1998,burned_area_km2,2716.34,km2,K9,gfed5_annual_burned_area,measured,f_product_level;f_resolution_change
GUY,Guyana,country,1999,burned_area_km2,750.2,km2,K9,gfed5_annual_burned_area,measured,f_product_level;f_resolution_change
GUY,Guyana,country,2000,burned_area_km2,970.23,km2,K9,gfed5_annual_burned_area,measured,f_product_level;f_resolution_change
GUY,Guyana,country,2001,burned_area_km2,2714.46,km2,K9,gfed5_annual_burned_area,measured,f_product_level
GUY,Guyana,country,2002,burned_area_km2,2106.93,km2,K9,gfed5_annual_burned_area,measured,f_product_level
GUY,Guyana,country,2003,burned_area_km2,3177.48,km2,K9,gfed5_annual_burned_area,measured,f_product_level
GUY,Guyana,country,2004,burned_area_km2,2484.53,km2,K9,gfed5_annual_burned_area,measured,f_product_level
GUY,Guyana,country,2005,burned_area_km2,1904.74,km2,K9,gfed5_annual_burned_area,measured,f_product_level
GUY,Guyana,country,2006,burned_area_km2,2123.6,km2,K9,gfed5_annual_burned_area,measured,f_product_level
GUY,Guyana,country,2007,burned_area_km2,1877.27,km2,K9,gfed5_annual_burned_area,measured,f_product_level
GUY,Guyana,country,2008,burned_area_km2,1556.88,km2,K9,gfed5_annual_burned_area,measured,f_product_level
GUY,Guyana,country,2009,burned_area_km2,2575.74,km2,K9,gfed5_annual_burned_area,measured,f_product_level
GUY,Guyana,country,2010,burned_area_km2,1814.42,km2,K9,gfed5_annual_burned_area,measured,f_product_level
GUY,Guyana,country,2011,burned_area_km2,2127.18,km2,K9,gfed5_annual_burned_area,measured,f_product_level
GUY,Guyana,country,2012,burned_area_km2,2199.94,km2,K9,gfed5_annual_burned_area,measured,f_product_level
GUY,Guyana,country,2013,burned_area_km2,2105.95,km2,K9,gfed5_annual_burned_area,measured,f_product_level
GUY,Guyana,country,2014,burned_area_km2,2649.54,km2,K9,gfed5_annual_burned_area,measured,f_product_level
GUY,Guyana,country,2015,burned_area_km2,3798.32,km2,K9,gfed5_annual_burned_area,measured,f_product_level
GUY,Guyana,country,2016,burned_area_km2,2263.09,km2,K9,gfed5_annual_burned_area,measured,f_product_level
GUY,Guyana,country,2017,burned_area_km2,2186.79,km2,K9,gfed5_annual_burned_area,measured,f_product_level
GUY,Guyana,country,2018,burned_area_km2,1976.22,km2,K9,gfed5_annual_burned_area,measured,f_product_level
GUY,Guyana,country,2019,burned_area_km2,2383.73,km2,K9,gfed5_annual_burned_area,measured,f_product_level
GUY,Guyana,country,2020,burned_area_km2,2602.88,km2,K9,gfed5_annual_burned_area,measured,f_product_level
HKG,Hongkong,country,1997,burned_area_km2,49.84,km2,K9,gfed5_annual_burned_area,measured,f_product_level;f_resolution_change;f_grid_resolution
HKG,Hongkong,country,1998,burned_area_km2,57.08,km2,K9,gfed5_annual_burned_area,measured,f_product_level;f_resolution_change;f_grid_resolution
HKG,Hongkong,country,1999,burned_area_km2,30.28,km2,K9,gfed5_annual_burned_area,measured,f_product_level;f_resolution_change;f_grid_resolution
HKG,Hongkong,country,2000,burned_area_km2,34.35,km2,K9,gfed5_annual_burned_area,measured,f_product_level;f_resolution_change;f_grid_resolution
HKG,Hongkong,country,2001,burned_area_km2,0.6,km2,K9,gfed5_annual_burned_area,measured,f_product_level
HKG,Hongkong,country,2002,burned_area_km2,2.83,km2,K9,gfed5_annual_burned_area,measured,f_product_level
HKG,Hongkong,country,2003,burned_area_km2,11.54,km2,K9,gfed5_annual_burned_area,measured,f_product_level
HKG,Hongkong,country,2004,burned_area_km2,12.69,km2,K9,gfed5_annual_burned_area,measured,f_product_level
HKG,Hongkong,country,2005,burned_area_km2,4.85,km2,K9,gfed5_annual_burned_area,measured,f_product_level
HKG,Hongkong,country,2006,burned_area_km2,22.29,km2,K9,gfed5_annual_burned_area,measured,f_product_level
HKG,Hongkong,country,2007,burned_area_km2,4.92,km2,K9,gfed5_annual_burned_area,measured,f_product_level
HKG,Hongkong,country,2008,burned_area_km2,21.05,km2,K9,gfed5_annual_burned_area,measured,f_product_level
HKG,Hongkong,country,2009,burned_area_km2,8.34,km2,K9,gfed5_annual_burned_area,measured,f_product_level
HKG,Hongkong,country,2010,burned_area_km2,8.97,km2,K9,gfed5_annual_burned_area,measured,f_product_level
HKG,Hongkong,country,2011,burned_area_km2,3.87,km2,K9,gfed5_annual_burned_area,measured,f_product_level
HKG,Hongkong,country,2012,burned_area_km2,1.95,km2,K9,gfed5_annual_burned_area,measured,f_product_level
HKG,Hongkong,country,2013,burned_area_km2,5.78,km2,K9,gfed5_annual_burned_area,measured,f_product_level
HKG,Hongkong,country,2014,burned_area_km2,3.81,km2,K9,gfed5_annual_burned_area,measured,f_product_level
HKG,Hongkong,country,2015,burned_area_km2,6.35,km2,K9,gfed5_annual_burned_area,measured,f_product_level
HKG,Hongkong,country,2016,burned_area_km2,13.41,km2,K9,gfed5_annual_burned_area,measured,f_product_level
HKG,Hongkong,country,2017,burned_area_km2,6.16,km2,K9,gfed5_annual_burned_area,measured,f_product_level
HKG,Hongkong,country,2018,burned_area_km2,4.83,km2,K9,gfed5_annual_burned_area,measured,f_product_level
HKG,Hongkong,country,2019,burned_area_km2,0.42,km2,K9,gfed5_annual_burned_area,measured,f_product_level
HKG,Hongkong,country,2020,burned_area_km2,3.22,km2,K9,gfed5_annual_burned_area,measured,f_product_level
HMD,Heard- og McDonaldøyene,country,1997,burned_area_km2,0.0,km2,K9,gfed5_annual_burned_area,measured,f_product_level;f_resolution_change;f_grid_resolution;f_zero_no_detection
HMD,Heard- og McDonaldøyene,country,1998,burned_area_km2,0.0,km2,K9,gfed5_annual_burned_area,measured,f_product_level;f_resolution_change;f_grid_resolution;f_zero_no_detection
HMD,Heard- og McDonaldøyene,country,1999,burned_area_km2,0.0,km2,K9,gfed5_annual_burned_area,measured,f_product_level;f_resolution_change;f_grid_resolution;f_zero_no_detection
HMD,Heard- og McDonaldøyene,country,2000,burned_area_km2,0.0,km2,K9,gfed5_annual_burned_area,measured,f_product_level;f_resolution_change;f_grid_resolution;f_zero_no_detection
HMD,Heard- og McDonaldøyene,country,2001,burned_area_km2,0.0,km2,K9,gfed5_annual_burned_area,measured,f_product_level;f_grid_resolution;f_zero_no_detection
HMD,Heard- og McDonaldøyene,country,2002,burned_area_km2,0.0,km2,K9,gfed5_annual_burned_area,measured,f_product_level;f_grid_resolution;f_zero_no_detection
HMD,Heard- og McDonaldøyene,country,2003,burned_area_km2,0.0,km2,K9,gfed5_annual_burned_area,measured,f_product_level;f_grid_resolution;f_zero_no_detection
HMD,Heard- og McDonaldøyene,country,2004,burned_area_km2,0.0,km2,K9,gfed5_annual_burned_area,measured,f_product_level;f_grid_resolution;f_zero_no_detection
HMD,Heard- og McDonaldøyene,country,2005,burned_area_km2,0.0,km2,K9,gfed5_annual_burned_area,measured,f_product_level;f_grid_resolution;f_zero_no_detection
HMD,Heard- og McDonaldøyene,country,2006,burned_area_km2,0.0,km2,K9,gfed5_annual_burned_area,measured,f_product_level;f_grid_resolution;f_zero_no_detection
HMD,Heard- og McDonaldøyene,country,2007,burned_area_km2,0.0,km2,K9,gfed5_annual_burned_area,measured,f_product_level;f_grid_resolution;f_zero_no_detection
HMD,Heard- og McDonaldøyene,country,2008,burned_area_km2,0.0,km2,K9,gfed5_annual_burned_area,measured,f_product_level;f_grid_resolution;f_zero_no_detection
HMD,Heard- og McDonaldøyene,country,2009,burned_area_km2,0.0,km2,K9,gfed5_annual_burned_area,measured,f_product_level;f_grid_resolution;f_zero_no_detection
HMD,Heard- og McDonaldøyene,country,2010,burned_area_km2,0.0,km2,K9,gfed5_annual_burned_area,measured,f_product_level;f_grid_resolution;f_zero_no_detection
HMD,Heard- og McDonaldøyene,country,2011,burned_area_km2,0.0,km2,K9,gfed5_annual_burned_area,measured,f_product_level;f_grid_resolution;f_zero_no_detection
HMD,Heard- og McDonaldøyene,country,2012,burned_area_km2,0.0,km2,K9,gfed5_annual_burned_area,measured,f_product_level;f_grid_resolution;f_zero_no_detection
HMD,Heard- og McDonaldøyene,country,2013,burned_area_km2,0.0,km2,K9,gfed5_annual_burned_area,measured,f_product_level;f_grid_resolution;f_zero_no_detection
HMD,Heard- og McDonaldøyene,country,2014,burned_area_km2,0.0,km2,K9,gfed5_annual_burned_area,measured,f_product_level;f_grid_resolution;f_zero_no_detection
HMD,Heard- og McDonaldøyene,country,2015,burned_area_km2,0.0,km2,K9,gfed5_annual_burned_area,measured,f_product_level;f_grid_resolution;f_zero_no_detection
HMD,Heard- og McDonaldøyene,country,2016,burned_area_km2,0.0,km2,K9,gfed5_annual_burned_area,measured,f_product_level;f_grid_resolution;f_zero_no_detection
HMD,Heard- og McDonaldøyene,country,2017,burned_area_km2,0.0,km2,K9,gfed5_annual_burned_area,measured,f_product_level;f_grid_resolution;f_zero_no_detection
HMD,Heard- og McDonaldøyene,country,2018,burned_area_km2,0.0,km2,K9,gfed5_annual_burned_area,measured,f_product_level;f_grid_resolution;f_zero_no_detection
HMD,Heard- og McDonaldøyene,country,2019,burned_area_km2,0.0,km2,K9,gfed5_annual_burned_area,measured,f_product_level;f_grid_resolution;f_zero_no_detection
HMD,Heard- og McDonaldøyene,country,2020,burned_area_km2,0.0,km2,K9,gfed5_annual_burned_area,measured,f_product_level;f_grid_resolution;f_zero_no_detection
HND,Honduras,country,1997,burned_area_km2,5283.91,km2,K9,gfed5_annual_burned_area,measured,f_product_level;f_resolution_change
HND,Honduras,country,1998,burned_area_km2,17351.28,km2,K9,gfed5_annual_burned_area,measured,f_product_level;f_resolution_change
HND,Honduras,country,1999,burned_area_km2,4675.48,km2,K9,gfed5_annual_burned_area,measured,f_product_level;f_resolution_change
HND,Honduras,country,2000,burned_area_km2,9171.13,km2,K9,gfed5_annual_burned_area,measured,f_product_level;f_resolution_change
HND,Honduras,country,2001,burned_area_km2,13104.63,km2,K9,gfed5_annual_burned_area,measured,f_product_level
HND,Honduras,country,2002,burned_area_km2,8316.52,km2,K9,gfed5_annual_burned_area,measured,f_product_level
HND,Honduras,country,2003,burned_area_km2,14529.42,km2,K9,gfed5_annual_burned_area,measured,f_product_level
HND,Honduras,country,2004,burned_area_km2,4792.4,km2,K9,gfed5_annual_burned_area,measured,f_product_level
HND,Honduras,country,2005,burned_area_km2,15662.47,km2,K9,gfed5_annual_burned_area,measured,f_product_level
HND,Honduras,country,2006,burned_area_km2,8898.87,km2,K9,gfed5_annual_burned_area,measured,f_product_level
HND,Honduras,country,2007,burned_area_km2,7990.57,km2,K9,gfed5_annual_burned_area,measured,f_product_level
HND,Honduras,country,2008,burned_area_km2,10309.97,km2,K9,gfed5_annual_burned_area,measured,f_product_level
HND,Honduras,country,2009,burned_area_km2,8940.64,km2,K9,gfed5_annual_burned_area,measured,f_product_level
HND,Honduras,country,2010,burned_area_km2,6466.94,km2,K9,gfed5_annual_burned_area,measured,f_product_level
HND,Honduras,country,2011,burned_area_km2,14364.67,km2,K9,gfed5_annual_burned_area,measured,f_product_level
HND,Honduras,country,2012,burned_area_km2,4841.41,km2,K9,gfed5_annual_burned_area,measured,f_product_level
HND,Honduras,country,2013,burned_area_km2,12162.68,km2,K9,gfed5_annual_burned_area,measured,f_product_level
HND,Honduras,country,2014,burned_area_km2,10954.25,km2,K9,gfed5_annual_burned_area,measured,f_product_level
HND,Honduras,country,2015,burned_area_km2,9442.0,km2,K9,gfed5_annual_burned_area,measured,f_product_level
HND,Honduras,country,2016,burned_area_km2,10537.09,km2,K9,gfed5_annual_burned_area,measured,f_product_level
HND,Honduras,country,2017,burned_area_km2,6846.77,km2,K9,gfed5_annual_burned_area,measured,f_product_level
HND,Honduras,country,2018,burned_area_km2,10555.13,km2,K9,gfed5_annual_burned_area,measured,f_product_level
HND,Honduras,country,2019,burned_area_km2,11802.19,km2,K9,gfed5_annual_burned_area,measured,f_product_level
HND,Honduras,country,2020,burned_area_km2,14599.86,km2,K9,gfed5_annual_burned_area,measured,f_product_level
HRV,Kroatia,country,1997,burned_area_km2,547.01,km2,K9,gfed5_annual_burned_area,measured,f_product_level;f_resolution_change
HRV,Kroatia,country,1998,burned_area_km2,632.12,km2,K9,gfed5_annual_burned_area,measured,f_product_level;f_resolution_change
HRV,Kroatia,country,1999,burned_area_km2,491.54,km2,K9,gfed5_annual_burned_area,measured,f_product_level;f_resolution_change
HRV,Kroatia,country,2000,burned_area_km2,842.68,km2,K9,gfed5_annual_burned_area,measured,f_product_level;f_resolution_change
HRV,Kroatia,country,2001,burned_area_km2,1325.99,km2,K9,gfed5_annual_burned_area,measured,f_product_level
HRV,Kroatia,country,2002,burned_area_km2,783.24,km2,K9,gfed5_annual_burned_area,measured,f_product_level
HRV,Kroatia,country,2003,burned_area_km2,1315.49,km2,K9,gfed5_annual_burned_area,measured,f_product_level
HRV,Kroatia,country,2004,burned_area_km2,695.55,km2,K9,gfed5_annual_burned_area,measured,f_product_level
HRV,Kroatia,country,2005,burned_area_km2,687.56,km2,K9,gfed5_annual_burned_area,measured,f_product_level
HRV,Kroatia,country,2006,burned_area_km2,609.97,km2,K9,gfed5_annual_burned_area,measured,f_product_level
HRV,Kroatia,country,2007,burned_area_km2,1196.93,km2,K9,gfed5_annual_burned_area,measured,f_product_level
HRV,Kroatia,country,2008,burned_area_km2,1000.67,km2,K9,gfed5_annual_burned_area,measured,f_product_level
HRV,Kroatia,country,2009,burned_area_km2,1154.96,km2,K9,gfed5_annual_burned_area,measured,f_product_level
HRV,Kroatia,country,2010,burned_area_km2,229.05,km2,K9,gfed5_annual_burned_area,measured,f_product_level
HRV,Kroatia,country,2011,burned_area_km2,1637.28,km2,K9,gfed5_annual_burned_area,measured,f_product_level
HRV,Kroatia,country,2012,burned_area_km2,1390.87,km2,K9,gfed5_annual_burned_area,measured,f_product_level
HRV,Kroatia,country,2013,burned_area_km2,253.21,km2,K9,gfed5_annual_burned_area,measured,f_product_level
HRV,Kroatia,country,2014,burned_area_km2,186.21,km2,K9,gfed5_annual_burned_area,measured,f_product_level
HRV,Kroatia,country,2015,burned_area_km2,334.68,km2,K9,gfed5_annual_burned_area,measured,f_product_level
HRV,Kroatia,country,2016,burned_area_km2,233.09,km2,K9,gfed5_annual_burned_area,measured,f_product_level
HRV,Kroatia,country,2017,burned_area_km2,994.13,km2,K9,gfed5_annual_burned_area,measured,f_product_level
HRV,Kroatia,country,2018,burned_area_km2,356.23,km2,K9,gfed5_annual_burned_area,measured,f_product_level
HRV,Kroatia,country,2019,burned_area_km2,569.36,km2,K9,gfed5_annual_burned_area,measured,f_product_level
HRV,Kroatia,country,2020,burned_area_km2,348.81,km2,K9,gfed5_annual_burned_area,measured,f_product_level
HTI,Haiti,country,1997,burned_area_km2,282.59,km2,K9,gfed5_annual_burned_area,measured,f_product_level;f_resolution_change
HTI,Haiti,country,1998,burned_area_km2,365.65,km2,K9,gfed5_annual_burned_area,measured,f_product_level;f_resolution_change
HTI,Haiti,country,1999,burned_area_km2,255.36,km2,K9,gfed5_annual_burned_area,measured,f_product_level;f_resolution_change
HTI,Haiti,country,2000,burned_area_km2,374.74,km2,K9,gfed5_annual_burned_area,measured,f_product_level;f_resolution_change
HTI,Haiti,country,2001,burned_area_km2,542.18,km2,K9,gfed5_annual_burned_area,measured,f_product_level
HTI,Haiti,country,2002,burned_area_km2,403.56,km2,K9,gfed5_annual_burned_area,measured,f_product_level
HTI,Haiti,country,2003,burned_area_km2,377.34,km2,K9,gfed5_annual_burned_area,measured,f_product_level
HTI,Haiti,country,2004,burned_area_km2,574.37,km2,K9,gfed5_annual_burned_area,measured,f_product_level
HTI,Haiti,country,2005,burned_area_km2,557.97,km2,K9,gfed5_annual_burned_area,measured,f_product_level
HTI,Haiti,country,2006,burned_area_km2,927.97,km2,K9,gfed5_annual_burned_area,measured,f_product_level
HTI,Haiti,country,2007,burned_area_km2,557.6,km2,K9,gfed5_annual_burned_area,measured,f_product_level
HTI,Haiti,country,2008,burned_area_km2,712.47,km2,K9,gfed5_annual_burned_area,measured,f_product_level
HTI,Haiti,country,2009,burned_area_km2,538.28,km2,K9,gfed5_annual_burned_area,measured,f_product_level
HTI,Haiti,country,2010,burned_area_km2,415.87,km2,K9,gfed5_annual_burned_area,measured,f_product_level
HTI,Haiti,country,2011,burned_area_km2,716.27,km2,K9,gfed5_annual_burned_area,measured,f_product_level
HTI,Haiti,country,2012,burned_area_km2,686.81,km2,K9,gfed5_annual_burned_area,measured,f_product_level
HTI,Haiti,country,2013,burned_area_km2,652.18,km2,K9,gfed5_annual_burned_area,measured,f_product_level
HTI,Haiti,country,2014,burned_area_km2,483.68,km2,K9,gfed5_annual_burned_area,measured,f_product_level
HTI,Haiti,country,2015,burned_area_km2,530.66,km2,K9,gfed5_annual_burned_area,measured,f_product_level
HTI,Haiti,country,2016,burned_area_km2,274.58,km2,K9,gfed5_annual_burned_area,measured,f_product_level
HTI,Haiti,country,2017,burned_area_km2,376.1,km2,K9,gfed5_annual_burned_area,measured,f_product_level
HTI,Haiti,country,2018,burned_area_km2,635.19,km2,K9,gfed5_annual_burned_area,measured,f_product_level
HTI,Haiti,country,2019,burned_area_km2,503.71,km2,K9,gfed5_annual_burned_area,measured,f_product_level
HTI,Haiti,country,2020,burned_area_km2,650.75,km2,K9,gfed5_annual_burned_area,measured,f_product_level
HUN,Ungarn,country,1997,burned_area_km2,324.84,km2,K9,gfed5_annual_burned_area,measured,f_product_level;f_resolution_change
HUN,Ungarn,country,1998,burned_area_km2,366.93,km2,K9,gfed5_annual_burned_area,measured,f_product_level;f_resolution_change
HUN,Ungarn,country,1999,burned_area_km2,280.59,km2,K9,gfed5_annual_burned_area,measured,f_product_level;f_resolution_change
HUN,Ungarn,country,2000,burned_area_km2,408.49,km2,K9,gfed5_annual_burned_area,measured,f_product_level;f_resolution_change
HUN,Ungarn,country,2001,burned_area_km2,5828.15,km2,K9,gfed5_annual_burned_area,measured,f_product_level
HUN,Ungarn,country,2002,burned_area_km2,2170.31,km2,K9,gfed5_annual_burned_area,measured,f_product_level
HUN,Ungarn,country,2003,burned_area_km2,1876.77,km2,K9,gfed5_annual_burned_area,measured,f_product_level
HUN,Ungarn,country,2004,burned_area_km2,2087.78,km2,K9,gfed5_annual_burned_area,measured,f_product_level
HUN,Ungarn,country,2005,burned_area_km2,2089.49,km2,K9,gfed5_annual_burned_area,measured,f_product_level
HUN,Ungarn,country,2006,burned_area_km2,1546.8,km2,K9,gfed5_annual_burned_area,measured,f_product_level
HUN,Ungarn,country,2007,burned_area_km2,2137.78,km2,K9,gfed5_annual_burned_area,measured,f_product_level
HUN,Ungarn,country,2008,burned_area_km2,2105.46,km2,K9,gfed5_annual_burned_area,measured,f_product_level
HUN,Ungarn,country,2009,burned_area_km2,1170.19,km2,K9,gfed5_annual_burned_area,measured,f_product_level
HUN,Ungarn,country,2010,burned_area_km2,428.84,km2,K9,gfed5_annual_burned_area,measured,f_product_level
HUN,Ungarn,country,2011,burned_area_km2,1768.1,km2,K9,gfed5_annual_burned_area,measured,f_product_level
HUN,Ungarn,country,2012,burned_area_km2,1651.0,km2,K9,gfed5_annual_burned_area,measured,f_product_level
HUN,Ungarn,country,2013,burned_area_km2,570.97,km2,K9,gfed5_annual_burned_area,measured,f_product_level
HUN,Ungarn,country,2014,burned_area_km2,751.63,km2,K9,gfed5_annual_burned_area,measured,f_product_level
HUN,Ungarn,country,2015,burned_area_km2,435.51,km2,K9,gfed5_annual_burned_area,measured,f_product_level
HUN,Ungarn,country,2016,burned_area_km2,248.71,km2,K9,gfed5_annual_burned_area,measured,f_product_level
HUN,Ungarn,country,2017,burned_area_km2,403.01,km2,K9,gfed5_annual_burned_area,measured,f_product_level
HUN,Ungarn,country,2018,burned_area_km2,406.54,km2,K9,gfed5_annual_burned_area,measured,f_product_level
HUN,Ungarn,country,2019,burned_area_km2,771.18,km2,K9,gfed5_annual_burned_area,measured,f_product_level
HUN,Ungarn,country,2020,burned_area_km2,372.54,km2,K9,gfed5_annual_burned_area,measured,f_product_level
IDN,Indonesia,country,1997,burned_area_km2,149040.31,km2,K9,gfed5_annual_burned_area,measured,f_product_level;f_resolution_change
IDN,Indonesia,country,1998,burned_area_km2,36287.67,km2,K9,gfed5_annual_burned_area,measured,f_product_level;f_resolution_change
IDN,Indonesia,country,1999,burned_area_km2,28236.6,km2,K9,gfed5_annual_burned_area,measured,f_product_level;f_resolution_change
IDN,Indonesia,country,2000,burned_area_km2,25471.71,km2,K9,gfed5_annual_burned_area,measured,f_product_level;f_resolution_change
IDN,Indonesia,country,2001,burned_area_km2,20406.38,km2,K9,gfed5_annual_burned_area,measured,f_product_level
IDN,Indonesia,country,2002,burned_area_km2,49916.89,km2,K9,gfed5_annual_burned_area,measured,f_product_level
IDN,Indonesia,country,2003,burned_area_km2,29120.81,km2,K9,gfed5_annual_burned_area,measured,f_product_level
IDN,Indonesia,country,2004,burned_area_km2,52927.55,km2,K9,gfed5_annual_burned_area,measured,f_product_level
IDN,Indonesia,country,2005,burned_area_km2,28909.66,km2,K9,gfed5_annual_burned_area,measured,f_product_level
IDN,Indonesia,country,2006,burned_area_km2,70090.91,km2,K9,gfed5_annual_burned_area,measured,f_product_level
IDN,Indonesia,country,2007,burned_area_km2,21296.64,km2,K9,gfed5_annual_burned_area,measured,f_product_level
IDN,Indonesia,country,2008,burned_area_km2,18867.36,km2,K9,gfed5_annual_burned_area,measured,f_product_level
IDN,Indonesia,country,2009,burned_area_km2,44100.17,km2,K9,gfed5_annual_burned_area,measured,f_product_level
IDN,Indonesia,country,2010,burned_area_km2,8605.15,km2,K9,gfed5_annual_burned_area,measured,f_product_level
IDN,Indonesia,country,2011,burned_area_km2,29850.57,km2,K9,gfed5_annual_burned_area,measured,f_product_level
IDN,Indonesia,country,2012,burned_area_km2,32210.07,km2,K9,gfed5_annual_burned_area,measured,f_product_level
IDN,Indonesia,country,2013,burned_area_km2,21095.86,km2,K9,gfed5_annual_burned_area,measured,f_product_level
IDN,Indonesia,country,2014,burned_area_km2,48552.12,km2,K9,gfed5_annual_burned_area,measured,f_product_level
IDN,Indonesia,country,2015,burned_area_km2,68199.23,km2,K9,gfed5_annual_burned_area,measured,f_product_level
IDN,Indonesia,country,2016,burned_area_km2,10511.51,km2,K9,gfed5_annual_burned_area,measured,f_product_level
IDN,Indonesia,country,2017,burned_area_km2,9725.06,km2,K9,gfed5_annual_burned_area,measured,f_product_level
IDN,Indonesia,country,2018,burned_area_km2,19766.71,km2,K9,gfed5_annual_burned_area,measured,f_product_level
IDN,Indonesia,country,2019,burned_area_km2,40738.63,km2,K9,gfed5_annual_burned_area,measured,f_product_level
IDN,Indonesia,country,2020,burned_area_km2,8771.45,km2,K9,gfed5_annual_burned_area,measured,f_product_level
IMN,Man,country,1997,burned_area_km2,0.0,km2,K9,gfed5_annual_burned_area,measured,f_product_level;f_resolution_change;f_grid_resolution;f_zero_no_detection
IMN,Man,country,1998,burned_area_km2,0.0,km2,K9,gfed5_annual_burned_area,measured,f_product_level;f_resolution_change;f_grid_resolution;f_zero_no_detection
IMN,Man,country,1999,burned_area_km2,0.0,km2,K9,gfed5_annual_burned_area,measured,f_product_level;f_resolution_change;f_grid_resolution;f_zero_no_detection
IMN,Man,country,2000,burned_area_km2,0.21,km2,K9,gfed5_annual_burned_area,measured,f_product_level;f_resolution_change;f_grid_resolution
IMN,Man,country,2001,burned_area_km2,0.0,km2,K9,gfed5_annual_burned_area,measured,f_product_level;f_grid_resolution;f_zero_no_detection
IMN,Man,country,2002,burned_area_km2,0.57,km2,K9,gfed5_annual_burned_area,measured,f_product_level;f_grid_resolution
IMN,Man,country,2003,burned_area_km2,3.77,km2,K9,gfed5_annual_burned_area,measured,f_product_level;f_grid_resolution
IMN,Man,country,2004,burned_area_km2,0.0,km2,K9,gfed5_annual_burned_area,measured,f_product_level;f_grid_resolution;f_zero_no_detection
IMN,Man,country,2005,burned_area_km2,0.0,km2,K9,gfed5_annual_burned_area,measured,f_product_level;f_grid_resolution;f_zero_no_detection
IMN,Man,country,2006,burned_area_km2,0.0,km2,K9,gfed5_annual_burned_area,measured,f_product_level;f_grid_resolution;f_zero_no_detection
IMN,Man,country,2007,burned_area_km2,1.47,km2,K9,gfed5_annual_burned_area,measured,f_product_level;f_grid_resolution
IMN,Man,country,2008,burned_area_km2,0.0,km2,K9,gfed5_annual_burned_area,measured,f_product_level;f_grid_resolution;f_zero_no_detection
IMN,Man,country,2009,burned_area_km2,0.0,km2,K9,gfed5_annual_burned_area,measured,f_product_level;f_grid_resolution;f_zero_no_detection
IMN,Man,country,2010,burned_area_km2,0.0,km2,K9,gfed5_annual_burned_area,measured,f_product_level;f_grid_resolution;f_zero_no_detection
IMN,Man,country,2011,burned_area_km2,0.0,km2,K9,gfed5_annual_burned_area,measured,f_product_level;f_grid_resolution;f_zero_no_detection
IMN,Man,country,2012,burned_area_km2,0.0,km2,K9,gfed5_annual_burned_area,measured,f_product_level;f_grid_resolution;f_zero_no_detection
IMN,Man,country,2013,burned_area_km2,0.0,km2,K9,gfed5_annual_burned_area,measured,f_product_level;f_grid_resolution;f_zero_no_detection
IMN,Man,country,2014,burned_area_km2,0.0,km2,K9,gfed5_annual_burned_area,measured,f_product_level;f_grid_resolution;f_zero_no_detection
IMN,Man,country,2015,burned_area_km2,0.0,km2,K9,gfed5_annual_burned_area,measured,f_product_level;f_grid_resolution;f_zero_no_detection
IMN,Man,country,2016,burned_area_km2,0.0,km2,K9,gfed5_annual_burned_area,measured,f_product_level;f_grid_resolution;f_zero_no_detection
IMN,Man,country,2017,burned_area_km2,0.0,km2,K9,gfed5_annual_burned_area,measured,f_product_level;f_grid_resolution;f_zero_no_detection
IMN,Man,country,2018,burned_area_km2,1.48,km2,K9,gfed5_annual_burned_area,measured,f_product_level;f_grid_resolution
IMN,Man,country,2019,burned_area_km2,0.0,km2,K9,gfed5_annual_burned_area,measured,f_product_level;f_grid_resolution;f_zero_no_detection
IMN,Man,country,2020,burned_area_km2,0.0,km2,K9,gfed5_annual_burned_area,measured,f_product_level;f_grid_resolution;f_zero_no_detection
IND,India,country,1997,burned_area_km2,102363.36,km2,K9,gfed5_annual_burned_area,measured,f_product_level;f_resolution_change
IND,India,country,1998,burned_area_km2,76561.55,km2,K9,gfed5_annual_burned_area,measured,f_product_level;f_resolution_change
IND,India,country,1999,burned_area_km2,110849.53,km2,K9,gfed5_annual_burned_area,measured,f_product_level;f_resolution_change
IND,India,country,2000,burned_area_km2,97220.06,km2,K9,gfed5_annual_burned_area,measured,f_product_level;f_resolution_change
IND,India,country,2001,burned_area_km2,152104.24,km2,K9,gfed5_annual_burned_area,measured,f_product_level
IND,India,country,2002,burned_area_km2,124730.0,km2,K9,gfed5_annual_burned_area,measured,f_product_level
IND,India,country,2003,burned_area_km2,130115.24,km2,K9,gfed5_annual_burned_area,measured,f_product_level
IND,India,country,2004,burned_area_km2,134662.36,km2,K9,gfed5_annual_burned_area,measured,f_product_level
IND,India,country,2005,burned_area_km2,137215.79,km2,K9,gfed5_annual_burned_area,measured,f_product_level
IND,India,country,2006,burned_area_km2,137600.66,km2,K9,gfed5_annual_burned_area,measured,f_product_level
IND,India,country,2007,burned_area_km2,152809.33,km2,K9,gfed5_annual_burned_area,measured,f_product_level
IND,India,country,2008,burned_area_km2,160378.22,km2,K9,gfed5_annual_burned_area,measured,f_product_level
IND,India,country,2009,burned_area_km2,202310.78,km2,K9,gfed5_annual_burned_area,measured,f_product_level
IND,India,country,2010,burned_area_km2,165553.05,km2,K9,gfed5_annual_burned_area,measured,f_product_level
IND,India,country,2011,burned_area_km2,158270.83,km2,K9,gfed5_annual_burned_area,measured,f_product_level
IND,India,country,2012,burned_area_km2,213877.09,km2,K9,gfed5_annual_burned_area,measured,f_product_level
IND,India,country,2013,burned_area_km2,157866.84,km2,K9,gfed5_annual_burned_area,measured,f_product_level
IND,India,country,2014,burned_area_km2,158167.23,km2,K9,gfed5_annual_burned_area,measured,f_product_level
IND,India,country,2015,burned_area_km2,133819.84,km2,K9,gfed5_annual_burned_area,measured,f_product_level
IND,India,country,2016,burned_area_km2,202177.51,km2,K9,gfed5_annual_burned_area,measured,f_product_level
IND,India,country,2017,burned_area_km2,190835.41,km2,K9,gfed5_annual_burned_area,measured,f_product_level
IND,India,country,2018,burned_area_km2,199467.65,km2,K9,gfed5_annual_burned_area,measured,f_product_level
IND,India,country,2019,burned_area_km2,155266.2,km2,K9,gfed5_annual_burned_area,measured,f_product_level
IND,India,country,2020,burned_area_km2,146717.37,km2,K9,gfed5_annual_burned_area,measured,f_product_level
IOT,Det britiske territorium i Indiahavet,country,1997,burned_area_km2,0.0,km2,K9,gfed5_annual_burned_area,measured,f_product_level;f_resolution_change;f_grid_resolution;f_zero_no_detection
IOT,Det britiske territorium i Indiahavet,country,1998,burned_area_km2,0.0,km2,K9,gfed5_annual_burned_area,measured,f_product_level;f_resolution_change;f_grid_resolution;f_zero_no_detection
IOT,Det britiske territorium i Indiahavet,country,1999,burned_area_km2,0.0,km2,K9,gfed5_annual_burned_area,measured,f_product_level;f_resolution_change;f_grid_resolution;f_zero_no_detection
IOT,Det britiske territorium i Indiahavet,country,2000,burned_area_km2,0.0,km2,K9,gfed5_annual_burned_area,measured,f_product_level;f_resolution_change;f_grid_resolution;f_zero_no_detection
IOT,Det britiske territorium i Indiahavet,country,2001,burned_area_km2,0.0,km2,K9,gfed5_annual_burned_area,measured,f_product_level;f_grid_resolution;f_zero_no_detection
IOT,Det britiske territorium i Indiahavet,country,2002,burned_area_km2,0.0,km2,K9,gfed5_annual_burned_area,measured,f_product_level;f_grid_resolution;f_zero_no_detection
IOT,Det britiske territorium i Indiahavet,country,2003,burned_area_km2,0.0,km2,K9,gfed5_annual_burned_area,measured,f_product_level;f_grid_resolution;f_zero_no_detection
IOT,Det britiske territorium i Indiahavet,country,2004,burned_area_km2,0.0,km2,K9,gfed5_annual_burned_area,measured,f_product_level;f_grid_resolution;f_zero_no_detection
IOT,Det britiske territorium i Indiahavet,country,2005,burned_area_km2,0.0,km2,K9,gfed5_annual_burned_area,measured,f_product_level;f_grid_resolution;f_zero_no_detection
IOT,Det britiske territorium i Indiahavet,country,2006,burned_area_km2,0.0,km2,K9,gfed5_annual_burned_area,measured,f_product_level;f_grid_resolution;f_zero_no_detection
IOT,Det britiske territorium i Indiahavet,country,2007,burned_area_km2,0.0,km2,K9,gfed5_annual_burned_area,measured,f_product_level;f_grid_resolution;f_zero_no_detection
IOT,Det britiske territorium i Indiahavet,country,2008,burned_area_km2,0.0,km2,K9,gfed5_annual_burned_area,measured,f_product_level;f_grid_resolution;f_zero_no_detection
IOT,Det britiske territorium i Indiahavet,country,2009,burned_area_km2,0.0,km2,K9,gfed5_annual_burned_area,measured,f_product_level;f_grid_resolution;f_zero_no_detection
IOT,Det britiske territorium i Indiahavet,country,2010,burned_area_km2,0.0,km2,K9,gfed5_annual_burned_area,measured,f_product_level;f_grid_resolution;f_zero_no_detection
IOT,Det britiske territorium i Indiahavet,country,2011,burned_area_km2,0.0,km2,K9,gfed5_annual_burned_area,measured,f_product_level;f_grid_resolution;f_zero_no_detection
IOT,Det britiske territorium i Indiahavet,country,2012,burned_area_km2,0.0,km2,K9,gfed5_annual_burned_area,measured,f_product_level;f_grid_resolution;f_zero_no_detection
IOT,Det britiske territorium i Indiahavet,country,2013,burned_area_km2,0.0,km2,K9,gfed5_annual_burned_area,measured,f_product_level;f_grid_resolution;f_zero_no_detection
IOT,Det britiske territorium i Indiahavet,country,2014,burned_area_km2,0.0,km2,K9,gfed5_annual_burned_area,measured,f_product_level;f_grid_resolution;f_zero_no_detection
IOT,Det britiske territorium i Indiahavet,country,2015,burned_area_km2,0.0,km2,K9,gfed5_annual_burned_area,measured,f_product_level;f_grid_resolution;f_zero_no_detection
IOT,Det britiske territorium i Indiahavet,country,2016,burned_area_km2,0.0,km2,K9,gfed5_annual_burned_area,measured,f_product_level;f_grid_resolution;f_zero_no_detection
IOT,Det britiske territorium i Indiahavet,country,2017,burned_area_km2,0.0,km2,K9,gfed5_annual_burned_area,measured,f_product_level;f_grid_resolution;f_zero_no_detection
IOT,Det britiske territorium i Indiahavet,country,2018,burned_area_km2,0.0,km2,K9,gfed5_annual_burned_area,measured,f_product_level;f_grid_resolution;f_zero_no_detection
IOT,Det britiske territorium i Indiahavet,country,2019,burned_area_km2,0.0,km2,K9,gfed5_annual_burned_area,measured,f_product_level;f_grid_resolution;f_zero_no_detection
IOT,Det britiske territorium i Indiahavet,country,2020,burned_area_km2,0.0,km2,K9,gfed5_annual_burned_area,measured,f_product_level;f_grid_resolution;f_zero_no_detection
IRL,Irland,country,1997,burned_area_km2,155.37,km2,K9,gfed5_annual_burned_area,measured,f_product_level;f_resolution_change
IRL,Irland,country,1998,burned_area_km2,148.51,km2,K9,gfed5_annual_burned_area,measured,f_product_level;f_resolution_change
IRL,Irland,country,1999,burned_area_km2,96.88,km2,K9,gfed5_annual_burned_area,measured,f_product_level;f_resolution_change
IRL,Irland,country,2000,burned_area_km2,120.07,km2,K9,gfed5_annual_burned_area,measured,f_product_level;f_resolution_change
IRL,Irland,country,2001,burned_area_km2,83.87,km2,K9,gfed5_annual_burned_area,measured,f_product_level
IRL,Irland,country,2002,burned_area_km2,84.95,km2,K9,gfed5_annual_burned_area,measured,f_product_level
IRL,Irland,country,2003,burned_area_km2,180.18,km2,K9,gfed5_annual_burned_area,measured,f_product_level
IRL,Irland,country,2004,burned_area_km2,35.13,km2,K9,gfed5_annual_burned_area,measured,f_product_level
IRL,Irland,country,2005,burned_area_km2,24.04,km2,K9,gfed5_annual_burned_area,measured,f_product_level
IRL,Irland,country,2006,burned_area_km2,79.99,km2,K9,gfed5_annual_burned_area,measured,f_product_level
IRL,Irland,country,2007,burned_area_km2,153.97,km2,K9,gfed5_annual_burned_area,measured,f_product_level
IRL,Irland,country,2008,burned_area_km2,35.42,km2,K9,gfed5_annual_burned_area,measured,f_product_level
IRL,Irland,country,2009,burned_area_km2,30.09,km2,K9,gfed5_annual_burned_area,measured,f_product_level
IRL,Irland,country,2010,burned_area_km2,188.48,km2,K9,gfed5_annual_burned_area,measured,f_product_level
IRL,Irland,country,2011,burned_area_km2,267.8,km2,K9,gfed5_annual_burned_area,measured,f_product_level
IRL,Irland,country,2012,burned_area_km2,35.27,km2,K9,gfed5_annual_burned_area,measured,f_product_level
IRL,Irland,country,2013,burned_area_km2,60.03,km2,K9,gfed5_annual_burned_area,measured,f_product_level
IRL,Irland,country,2014,burned_area_km2,20.24,km2,K9,gfed5_annual_burned_area,measured,f_product_level
IRL,Irland,country,2015,burned_area_km2,136.02,km2,K9,gfed5_annual_burned_area,measured,f_product_level
IRL,Irland,country,2016,burned_area_km2,22.88,km2,K9,gfed5_annual_burned_area,measured,f_product_level
IRL,Irland,country,2017,burned_area_km2,102.39,km2,K9,gfed5_annual_burned_area,measured,f_product_level
IRL,Irland,country,2018,burned_area_km2,64.99,km2,K9,gfed5_annual_burned_area,measured,f_product_level
IRL,Irland,country,2019,burned_area_km2,47.93,km2,K9,gfed5_annual_burned_area,measured,f_product_level
IRL,Irland,country,2020,burned_area_km2,32.78,km2,K9,gfed5_annual_burned_area,measured,f_product_level
IRN,Iran,country,1997,burned_area_km2,4238.43,km2,K9,gfed5_annual_burned_area,measured,f_product_level;f_resolution_change
IRN,Iran,country,1998,burned_area_km2,8987.84,km2,K9,gfed5_annual_burned_area,measured,f_product_level;f_resolution_change
IRN,Iran,country,1999,burned_area_km2,6390.54,km2,K9,gfed5_annual_burned_area,measured,f_product_level;f_resolution_change
IRN,Iran,country,2000,burned_area_km2,4168.03,km2,K9,gfed5_annual_burned_area,measured,f_product_level;f_resolution_change
IRN,Iran,country,2001,burned_area_km2,2614.51,km2,K9,gfed5_annual_burned_area,measured,f_product_level
IRN,Iran,country,2002,burned_area_km2,5582.78,km2,K9,gfed5_annual_burned_area,measured,f_product_level
IRN,Iran,country,2003,burned_area_km2,5588.31,km2,K9,gfed5_annual_burned_area,measured,f_product_level
IRN,Iran,country,2004,burned_area_km2,5608.12,km2,K9,gfed5_annual_burned_area,measured,f_product_level
IRN,Iran,country,2005,burned_area_km2,5139.56,km2,K9,gfed5_annual_burned_area,measured,f_product_level
IRN,Iran,country,2006,burned_area_km2,5792.97,km2,K9,gfed5_annual_burned_area,measured,f_product_level
IRN,Iran,country,2007,burned_area_km2,8504.92,km2,K9,gfed5_annual_burned_area,measured,f_product_level
IRN,Iran,country,2008,burned_area_km2,3535.42,km2,K9,gfed5_annual_burned_area,measured,f_product_level
IRN,Iran,country,2009,burned_area_km2,4394.03,km2,K9,gfed5_annual_burned_area,measured,f_product_level
IRN,Iran,country,2010,burned_area_km2,10403.23,km2,K9,gfed5_annual_burned_area,measured,f_product_level
IRN,Iran,country,2011,burned_area_km2,3884.92,km2,K9,gfed5_annual_burned_area,measured,f_product_level
IRN,Iran,country,2012,burned_area_km2,2822.54,km2,K9,gfed5_annual_burned_area,measured,f_product_level
IRN,Iran,country,2013,burned_area_km2,5115.37,km2,K9,gfed5_annual_burned_area,measured,f_product_level
IRN,Iran,country,2014,burned_area_km2,4259.59,km2,K9,gfed5_annual_burned_area,measured,f_product_level
IRN,Iran,country,2015,burned_area_km2,3995.9,km2,K9,gfed5_annual_burned_area,measured,f_product_level
IRN,Iran,country,2016,burned_area_km2,6195.22,km2,K9,gfed5_annual_burned_area,measured,f_product_level
IRN,Iran,country,2017,burned_area_km2,5009.51,km2,K9,gfed5_annual_burned_area,measured,f_product_level
IRN,Iran,country,2018,burned_area_km2,4486.84,km2,K9,gfed5_annual_burned_area,measured,f_product_level
IRN,Iran,country,2019,burned_area_km2,5917.2,km2,K9,gfed5_annual_burned_area,measured,f_product_level
IRN,Iran,country,2020,burned_area_km2,6460.77,km2,K9,gfed5_annual_burned_area,measured,f_product_level
IRQ,Irak,country,1997,burned_area_km2,2526.11,km2,K9,gfed5_annual_burned_area,measured,f_product_level;f_resolution_change
IRQ,Irak,country,1998,burned_area_km2,4008.86,km2,K9,gfed5_annual_burned_area,measured,f_product_level;f_resolution_change
IRQ,Irak,country,1999,burned_area_km2,3348.25,km2,K9,gfed5_annual_burned_area,measured,f_product_level;f_resolution_change
IRQ,Irak,country,2000,burned_area_km2,2520.0,km2,K9,gfed5_annual_burned_area,measured,f_product_level;f_resolution_change
IRQ,Irak,country,2001,burned_area_km2,2301.13,km2,K9,gfed5_annual_burned_area,measured,f_product_level
IRQ,Irak,country,2002,burned_area_km2,1645.62,km2,K9,gfed5_annual_burned_area,measured,f_product_level
IRQ,Irak,country,2003,burned_area_km2,1171.78,km2,K9,gfed5_annual_burned_area,measured,f_product_level
IRQ,Irak,country,2004,burned_area_km2,742.82,km2,K9,gfed5_annual_burned_area,measured,f_product_level
IRQ,Irak,country,2005,burned_area_km2,689.03,km2,K9,gfed5_annual_burned_area,measured,f_product_level
IRQ,Irak,country,2006,burned_area_km2,1063.19,km2,K9,gfed5_annual_burned_area,measured,f_product_level
IRQ,Irak,country,2007,burned_area_km2,1920.79,km2,K9,gfed5_annual_burned_area,measured,f_product_level
IRQ,Irak,country,2008,burned_area_km2,2025.46,km2,K9,gfed5_annual_burned_area,measured,f_product_level
IRQ,Irak,country,2009,burned_area_km2,2160.53,km2,K9,gfed5_annual_burned_area,measured,f_product_level
IRQ,Irak,country,2010,burned_area_km2,2832.95,km2,K9,gfed5_annual_burned_area,measured,f_product_level
IRQ,Irak,country,2011,burned_area_km2,1424.94,km2,K9,gfed5_annual_burned_area,measured,f_product_level
IRQ,Irak,country,2012,burned_area_km2,1111.43,km2,K9,gfed5_annual_burned_area,measured,f_product_level
IRQ,Irak,country,2013,burned_area_km2,2006.26,km2,K9,gfed5_annual_burned_area,measured,f_product_level
IRQ,Irak,country,2014,burned_area_km2,2921.92,km2,K9,gfed5_annual_burned_area,measured,f_product_level
IRQ,Irak,country,2015,burned_area_km2,4990.83,km2,K9,gfed5_annual_burned_area,measured,f_product_level
IRQ,Irak,country,2016,burned_area_km2,4266.72,km2,K9,gfed5_annual_burned_area,measured,f_product_level
IRQ,Irak,country,2017,burned_area_km2,2471.53,km2,K9,gfed5_annual_burned_area,measured,f_product_level
IRQ,Irak,country,2018,burned_area_km2,2565.78,km2,K9,gfed5_annual_burned_area,measured,f_product_level
IRQ,Irak,country,2019,burned_area_km2,9679.55,km2,K9,gfed5_annual_burned_area,measured,f_product_level
IRQ,Irak,country,2020,burned_area_km2,7174.66,km2,K9,gfed5_annual_burned_area,measured,f_product_level
ISL,Island,country,1997,burned_area_km2,0.0,km2,K9,gfed5_annual_burned_area,measured,f_product_level;f_resolution_change;f_zero_no_detection
ISL,Island,country,1998,burned_area_km2,0.0,km2,K9,gfed5_annual_burned_area,measured,f_product_level;f_resolution_change;f_zero_no_detection
ISL,Island,country,1999,burned_area_km2,0.0,km2,K9,gfed5_annual_burned_area,measured,f_product_level;f_resolution_change;f_zero_no_detection
ISL,Island,country,2000,burned_area_km2,29.88,km2,K9,gfed5_annual_burned_area,measured,f_product_level;f_resolution_change
ISL,Island,country,2001,burned_area_km2,0.0,km2,K9,gfed5_annual_burned_area,measured,f_product_level;f_zero_no_detection
ISL,Island,country,2002,burned_area_km2,0.0,km2,K9,gfed5_annual_burned_area,measured,f_product_level;f_zero_no_detection
ISL,Island,country,2003,burned_area_km2,0.0,km2,K9,gfed5_annual_burned_area,measured,f_product_level;f_zero_no_detection
ISL,Island,country,2004,burned_area_km2,0.0,km2,K9,gfed5_annual_burned_area,measured,f_product_level;f_zero_no_detection
ISL,Island,country,2005,burned_area_km2,13.78,km2,K9,gfed5_annual_burned_area,measured,f_product_level
ISL,Island,country,2006,burned_area_km2,58.07,km2,K9,gfed5_annual_burned_area,measured,f_product_level
ISL,Island,country,2007,burned_area_km2,4.28,km2,K9,gfed5_annual_burned_area,measured,f_product_level
ISL,Island,country,2008,burned_area_km2,0.0,km2,K9,gfed5_annual_burned_area,measured,f_product_level;f_zero_no_detection
ISL,Island,country,2009,burned_area_km2,7.71,km2,K9,gfed5_annual_burned_area,measured,f_product_level
ISL,Island,country,2010,burned_area_km2,22.93,km2,K9,gfed5_annual_burned_area,measured,f_product_level
ISL,Island,country,2011,burned_area_km2,0.0,km2,K9,gfed5_annual_burned_area,measured,f_product_level;f_zero_no_detection
ISL,Island,country,2012,burned_area_km2,9.28,km2,K9,gfed5_annual_burned_area,measured,f_product_level
ISL,Island,country,2013,burned_area_km2,11.86,km2,K9,gfed5_annual_burned_area,measured,f_product_level
ISL,Island,country,2014,burned_area_km2,10.56,km2,K9,gfed5_annual_burned_area,measured,f_product_level
ISL,Island,country,2015,burned_area_km2,0.0,km2,K9,gfed5_annual_burned_area,measured,f_product_level;f_zero_no_detection
ISL,Island,country,2016,burned_area_km2,0.0,km2,K9,gfed5_annual_burned_area,measured,f_product_level;f_zero_no_detection
ISL,Island,country,2017,burned_area_km2,0.0,km2,K9,gfed5_annual_burned_area,measured,f_product_level;f_zero_no_detection
ISL,Island,country,2018,burned_area_km2,0.0,km2,K9,gfed5_annual_burned_area,measured,f_product_level;f_zero_no_detection
ISL,Island,country,2019,burned_area_km2,0.0,km2,K9,gfed5_annual_burned_area,measured,f_product_level;f_zero_no_detection
ISL,Island,country,2020,burned_area_km2,0.0,km2,K9,gfed5_annual_burned_area,measured,f_product_level;f_zero_no_detection
ISR,Israel,country,1997,burned_area_km2,363.56,km2,K9,gfed5_annual_burned_area,measured,f_product_level;f_resolution_change
ISR,Israel,country,1998,burned_area_km2,335.49,km2,K9,gfed5_annual_burned_area,measured,f_product_level;f_resolution_change
ISR,Israel,country,1999,burned_area_km2,343.6,km2,K9,gfed5_annual_burned_area,measured,f_product_level;f_resolution_change
ISR,Israel,country,2000,burned_area_km2,374.38,km2,K9,gfed5_annual_burned_area,measured,f_product_level;f_resolution_change
ISR,Israel,country,2001,burned_area_km2,299.76,km2,K9,gfed5_annual_burned_area,measured,f_product_level
ISR,Israel,country,2002,burned_area_km2,200.98,km2,K9,gfed5_annual_burned_area,measured,f_product_level
ISR,Israel,country,2003,burned_area_km2,220.66,km2,K9,gfed5_annual_burned_area,measured,f_product_level
ISR,Israel,country,2004,burned_area_km2,150.49,km2,K9,gfed5_annual_burned_area,measured,f_product_level
ISR,Israel,country,2005,burned_area_km2,231.91,km2,K9,gfed5_annual_burned_area,measured,f_product_level
ISR,Israel,country,2006,burned_area_km2,266.38,km2,K9,gfed5_annual_burned_area,measured,f_product_level
ISR,Israel,country,2007,burned_area_km2,157.09,km2,K9,gfed5_annual_burned_area,measured,f_product_level
ISR,Israel,country,2008,burned_area_km2,125.69,km2,K9,gfed5_annual_burned_area,measured,f_product_level
ISR,Israel,country,2009,burned_area_km2,117.69,km2,K9,gfed5_annual_burned_area,measured,f_product_level
ISR,Israel,country,2010,burned_area_km2,314.16,km2,K9,gfed5_annual_burned_area,measured,f_product_level
ISR,Israel,country,2011,burned_area_km2,156.32,km2,K9,gfed5_annual_burned_area,measured,f_product_level
ISR,Israel,country,2012,burned_area_km2,153.4,km2,K9,gfed5_annual_burned_area,measured,f_product_level
ISR,Israel,country,2013,burned_area_km2,183.21,km2,K9,gfed5_annual_burned_area,measured,f_product_level
ISR,Israel,country,2014,burned_area_km2,108.37,km2,K9,gfed5_annual_burned_area,measured,f_product_level
ISR,Israel,country,2015,burned_area_km2,134.03,km2,K9,gfed5_annual_burned_area,measured,f_product_level
ISR,Israel,country,2016,burned_area_km2,173.15,km2,K9,gfed5_annual_burned_area,measured,f_product_level
ISR,Israel,country,2017,burned_area_km2,113.25,km2,K9,gfed5_annual_burned_area,measured,f_product_level
ISR,Israel,country,2018,burned_area_km2,141.89,km2,K9,gfed5_annual_burned_area,measured,f_product_level
ISR,Israel,country,2019,burned_area_km2,215.02,km2,K9,gfed5_annual_burned_area,measured,f_product_level
ISR,Israel,country,2020,burned_area_km2,154.02,km2,K9,gfed5_annual_burned_area,measured,f_product_level
ITA,Italia,country,1997,burned_area_km2,6736.29,km2,K9,gfed5_annual_burned_area,measured,f_product_level;f_resolution_change
ITA,Italia,country,1998,burned_area_km2,7516.05,km2,K9,gfed5_annual_burned_area,measured,f_product_level;f_resolution_change
ITA,Italia,country,1999,burned_area_km2,5958.06,km2,K9,gfed5_annual_burned_area,measured,f_product_level;f_resolution_change
ITA,Italia,country,2000,burned_area_km2,9857.94,km2,K9,gfed5_annual_burned_area,measured,f_product_level;f_resolution_change
ITA,Italia,country,2001,burned_area_km2,8356.8,km2,K9,gfed5_annual_burned_area,measured,f_product_level
ITA,Italia,country,2002,burned_area_km2,3360.92,km2,K9,gfed5_annual_burned_area,measured,f_product_level
ITA,Italia,country,2003,burned_area_km2,6569.92,km2,K9,gfed5_annual_burned_area,measured,f_product_level
ITA,Italia,country,2004,burned_area_km2,7084.11,km2,K9,gfed5_annual_burned_area,measured,f_product_level
ITA,Italia,country,2005,burned_area_km2,3865.83,km2,K9,gfed5_annual_burned_area,measured,f_product_level
ITA,Italia,country,2006,burned_area_km2,3985.97,km2,K9,gfed5_annual_burned_area,measured,f_product_level
ITA,Italia,country,2007,burned_area_km2,9478.34,km2,K9,gfed5_annual_burned_area,measured,f_product_level
ITA,Italia,country,2008,burned_area_km2,7816.31,km2,K9,gfed5_annual_burned_area,measured,f_product_level
ITA,Italia,country,2009,burned_area_km2,3891.43,km2,K9,gfed5_annual_burned_area,measured,f_product_level
ITA,Italia,country,2010,burned_area_km2,5325.22,km2,K9,gfed5_annual_burned_area,measured,f_product_level
ITA,Italia,country,2011,burned_area_km2,7047.46,km2,K9,gfed5_annual_burned_area,measured,f_product_level
ITA,Italia,country,2012,burned_area_km2,8255.34,km2,K9,gfed5_annual_burned_area,measured,f_product_level
ITA,Italia,country,2013,burned_area_km2,4188.7,km2,K9,gfed5_annual_burned_area,measured,f_product_level
ITA,Italia,country,2014,burned_area_km2,5174.6,km2,K9,gfed5_annual_burned_area,measured,f_product_level
ITA,Italia,country,2015,burned_area_km2,4033.98,km2,K9,gfed5_annual_burned_area,measured,f_product_level
ITA,Italia,country,2016,burned_area_km2,5097.8,km2,K9,gfed5_annual_burned_area,measured,f_product_level
ITA,Italia,country,2017,burned_area_km2,7646.95,km2,K9,gfed5_annual_burned_area,measured,f_product_level
ITA,Italia,country,2018,burned_area_km2,3015.14,km2,K9,gfed5_annual_burned_area,measured,f_product_level
ITA,Italia,country,2019,burned_area_km2,5194.93,km2,K9,gfed5_annual_burned_area,measured,f_product_level
ITA,Italia,country,2020,burned_area_km2,4541.81,km2,K9,gfed5_annual_burned_area,measured,f_product_level
JAM,Jamaica,country,1997,burned_area_km2,67.31,km2,K9,gfed5_annual_burned_area,measured,f_product_level;f_resolution_change;f_grid_resolution
JAM,Jamaica,country,1998,burned_area_km2,125.59,km2,K9,gfed5_annual_burned_area,measured,f_product_level;f_resolution_change;f_grid_resolution
JAM,Jamaica,country,1999,burned_area_km2,70.16,km2,K9,gfed5_annual_burned_area,measured,f_product_level;f_resolution_change;f_grid_resolution
JAM,Jamaica,country,2000,burned_area_km2,119.02,km2,K9,gfed5_annual_burned_area,measured,f_product_level;f_resolution_change;f_grid_resolution
JAM,Jamaica,country,2001,burned_area_km2,145.6,km2,K9,gfed5_annual_burned_area,measured,f_product_level
JAM,Jamaica,country,2002,burned_area_km2,169.7,km2,K9,gfed5_annual_burned_area,measured,f_product_level
JAM,Jamaica,country,2003,burned_area_km2,119.39,km2,K9,gfed5_annual_burned_area,measured,f_product_level
JAM,Jamaica,country,2004,burned_area_km2,273.13,km2,K9,gfed5_annual_burned_area,measured,f_product_level
JAM,Jamaica,country,2005,burned_area_km2,352.3,km2,K9,gfed5_annual_burned_area,measured,f_product_level
JAM,Jamaica,country,2006,burned_area_km2,265.65,km2,K9,gfed5_annual_burned_area,measured,f_product_level
JAM,Jamaica,country,2007,burned_area_km2,195.48,km2,K9,gfed5_annual_burned_area,measured,f_product_level
JAM,Jamaica,country,2008,burned_area_km2,241.22,km2,K9,gfed5_annual_burned_area,measured,f_product_level
JAM,Jamaica,country,2009,burned_area_km2,390.51,km2,K9,gfed5_annual_burned_area,measured,f_product_level
JAM,Jamaica,country,2010,burned_area_km2,327.13,km2,K9,gfed5_annual_burned_area,measured,f_product_level
JAM,Jamaica,country,2011,burned_area_km2,259.54,km2,K9,gfed5_annual_burned_area,measured,f_product_level
JAM,Jamaica,country,2012,burned_area_km2,261.74,km2,K9,gfed5_annual_burned_area,measured,f_product_level
JAM,Jamaica,country,2013,burned_area_km2,337.04,km2,K9,gfed5_annual_burned_area,measured,f_product_level
JAM,Jamaica,country,2014,burned_area_km2,233.35,km2,K9,gfed5_annual_burned_area,measured,f_product_level
JAM,Jamaica,country,2015,burned_area_km2,293.41,km2,K9,gfed5_annual_burned_area,measured,f_product_level
JAM,Jamaica,country,2016,burned_area_km2,151.27,km2,K9,gfed5_annual_burned_area,measured,f_product_level
JAM,Jamaica,country,2017,burned_area_km2,222.22,km2,K9,gfed5_annual_burned_area,measured,f_product_level
JAM,Jamaica,country,2018,burned_area_km2,251.75,km2,K9,gfed5_annual_burned_area,measured,f_product_level
JAM,Jamaica,country,2019,burned_area_km2,216.63,km2,K9,gfed5_annual_burned_area,measured,f_product_level
JAM,Jamaica,country,2020,burned_area_km2,257.01,km2,K9,gfed5_annual_burned_area,measured,f_product_level
JEY,Jersey,country,1997,burned_area_km2,0.0,km2,K9,gfed5_annual_burned_area,measured,f_product_level;f_resolution_change;f_grid_resolution;f_zero_no_detection
JEY,Jersey,country,1998,burned_area_km2,0.0,km2,K9,gfed5_annual_burned_area,measured,f_product_level;f_resolution_change;f_grid_resolution;f_zero_no_detection
JEY,Jersey,country,1999,burned_area_km2,0.0,km2,K9,gfed5_annual_burned_area,measured,f_product_level;f_resolution_change;f_grid_resolution;f_zero_no_detection
JEY,Jersey,country,2000,burned_area_km2,0.0,km2,K9,gfed5_annual_burned_area,measured,f_product_level;f_resolution_change;f_grid_resolution;f_zero_no_detection
JEY,Jersey,country,2001,burned_area_km2,0.0,km2,K9,gfed5_annual_burned_area,measured,f_product_level;f_grid_resolution;f_zero_no_detection
JEY,Jersey,country,2002,burned_area_km2,0.0,km2,K9,gfed5_annual_burned_area,measured,f_product_level;f_grid_resolution;f_zero_no_detection
JEY,Jersey,country,2003,burned_area_km2,0.0,km2,K9,gfed5_annual_burned_area,measured,f_product_level;f_grid_resolution;f_zero_no_detection
JEY,Jersey,country,2004,burned_area_km2,0.0,km2,K9,gfed5_annual_burned_area,measured,f_product_level;f_grid_resolution;f_zero_no_detection
JEY,Jersey,country,2005,burned_area_km2,0.0,km2,K9,gfed5_annual_burned_area,measured,f_product_level;f_grid_resolution;f_zero_no_detection
JEY,Jersey,country,2006,burned_area_km2,0.0,km2,K9,gfed5_annual_burned_area,measured,f_product_level;f_grid_resolution;f_zero_no_detection
JEY,Jersey,country,2007,burned_area_km2,0.0,km2,K9,gfed5_annual_burned_area,measured,f_product_level;f_grid_resolution;f_zero_no_detection
JEY,Jersey,country,2008,burned_area_km2,0.0,km2,K9,gfed5_annual_burned_area,measured,f_product_level;f_grid_resolution;f_zero_no_detection
JEY,Jersey,country,2009,burned_area_km2,0.0,km2,K9,gfed5_annual_burned_area,measured,f_product_level;f_grid_resolution;f_zero_no_detection
JEY,Jersey,country,2010,burned_area_km2,0.0,km2,K9,gfed5_annual_burned_area,measured,f_product_level;f_grid_resolution;f_zero_no_detection
JEY,Jersey,country,2011,burned_area_km2,0.0,km2,K9,gfed5_annual_burned_area,measured,f_product_level;f_grid_resolution;f_zero_no_detection
JEY,Jersey,country,2012,burned_area_km2,0.0,km2,K9,gfed5_annual_burned_area,measured,f_product_level;f_grid_resolution;f_zero_no_detection
JEY,Jersey,country,2013,burned_area_km2,1.76,km2,K9,gfed5_annual_burned_area,measured,f_product_level;f_grid_resolution
JEY,Jersey,country,2014,burned_area_km2,0.0,km2,K9,gfed5_annual_burned_area,measured,f_product_level;f_grid_resolution;f_zero_no_detection
JEY,Jersey,country,2015,burned_area_km2,0.0,km2,K9,gfed5_annual_burned_area,measured,f_product_level;f_grid_resolution;f_zero_no_detection
JEY,Jersey,country,2016,burned_area_km2,0.0,km2,K9,gfed5_annual_burned_area,measured,f_product_level;f_grid_resolution;f_zero_no_detection
JEY,Jersey,country,2017,burned_area_km2,0.0,km2,K9,gfed5_annual_burned_area,measured,f_product_level;f_grid_resolution;f_zero_no_detection
JEY,Jersey,country,2018,burned_area_km2,0.0,km2,K9,gfed5_annual_burned_area,measured,f_product_level;f_grid_resolution;f_zero_no_detection
JEY,Jersey,country,2019,burned_area_km2,1.76,km2,K9,gfed5_annual_burned_area,measured,f_product_level;f_grid_resolution
JEY,Jersey,country,2020,burned_area_km2,0.0,km2,K9,gfed5_annual_burned_area,measured,f_product_level;f_grid_resolution;f_zero_no_detection
JOR,Jordan,country,1997,burned_area_km2,771.3,km2,K9,gfed5_annual_burned_area,measured,f_product_level;f_resolution_change
JOR,Jordan,country,1998,burned_area_km2,697.26,km2,K9,gfed5_annual_burned_area,measured,f_product_level;f_resolution_change
JOR,Jordan,country,1999,burned_area_km2,673.2,km2,K9,gfed5_annual_burned_area,measured,f_product_level;f_resolution_change
JOR,Jordan,country,2000,burned_area_km2,800.46,km2,K9,gfed5_annual_burned_area,measured,f_product_level;f_resolution_change
JOR,Jordan,country,2001,burned_area_km2,21.92,km2,K9,gfed5_annual_burned_area,measured,f_product_level
JOR,Jordan,country,2002,burned_area_km2,26.66,km2,K9,gfed5_annual_burned_area,measured,f_product_level
JOR,Jordan,country,2003,burned_area_km2,30.88,km2,K9,gfed5_annual_burned_area,measured,f_product_level
JOR,Jordan,country,2004,burned_area_km2,21.45,km2,K9,gfed5_annual_burned_area,measured,f_product_level
JOR,Jordan,country,2005,burned_area_km2,19.69,km2,K9,gfed5_annual_burned_area,measured,f_product_level
JOR,Jordan,country,2006,burned_area_km2,33.21,km2,K9,gfed5_annual_burned_area,measured,f_product_level
JOR,Jordan,country,2007,burned_area_km2,24.29,km2,K9,gfed5_annual_burned_area,measured,f_product_level
JOR,Jordan,country,2008,burned_area_km2,40.9,km2,K9,gfed5_annual_burned_area,measured,f_product_level
JOR,Jordan,country,2009,burned_area_km2,19.42,km2,K9,gfed5_annual_burned_area,measured,f_product_level
JOR,Jordan,country,2010,burned_area_km2,42.59,km2,K9,gfed5_annual_burned_area,measured,f_product_level
JOR,Jordan,country,2011,burned_area_km2,35.74,km2,K9,gfed5_annual_burned_area,measured,f_product_level
JOR,Jordan,country,2012,burned_area_km2,14.0,km2,K9,gfed5_annual_burned_area,measured,f_product_level
JOR,Jordan,country,2013,burned_area_km2,22.59,km2,K9,gfed5_annual_burned_area,measured,f_product_level
JOR,Jordan,country,2014,burned_area_km2,9.81,km2,K9,gfed5_annual_burned_area,measured,f_product_level
JOR,Jordan,country,2015,burned_area_km2,61.73,km2,K9,gfed5_annual_burned_area,measured,f_product_level
JOR,Jordan,country,2016,burned_area_km2,33.96,km2,K9,gfed5_annual_burned_area,measured,f_product_level
JOR,Jordan,country,2017,burned_area_km2,22.13,km2,K9,gfed5_annual_burned_area,measured,f_product_level
JOR,Jordan,country,2018,burned_area_km2,5.78,km2,K9,gfed5_annual_burned_area,measured,f_product_level
JOR,Jordan,country,2019,burned_area_km2,57.66,km2,K9,gfed5_annual_burned_area,measured,f_product_level
JOR,Jordan,country,2020,burned_area_km2,53.83,km2,K9,gfed5_annual_burned_area,measured,f_product_level
JPN,Japan,country,1997,burned_area_km2,1597.83,km2,K9,gfed5_annual_burned_area,measured,f_product_level;f_resolution_change
JPN,Japan,country,1998,burned_area_km2,1060.04,km2,K9,gfed5_annual_burned_area,measured,f_product_level;f_resolution_change
JPN,Japan,country,1999,burned_area_km2,1151.68,km2,K9,gfed5_annual_burned_area,measured,f_product_level;f_resolution_change
JPN,Japan,country,2000,burned_area_km2,1414.48,km2,K9,gfed5_annual_burned_area,measured,f_product_level;f_resolution_change
JPN,Japan,country,2001,burned_area_km2,459.84,km2,K9,gfed5_annual_burned_area,measured,f_product_level
JPN,Japan,country,2002,burned_area_km2,458.19,km2,K9,gfed5_annual_burned_area,measured,f_product_level
JPN,Japan,country,2003,burned_area_km2,425.17,km2,K9,gfed5_annual_burned_area,measured,f_product_level
JPN,Japan,country,2004,burned_area_km2,520.84,km2,K9,gfed5_annual_burned_area,measured,f_product_level
JPN,Japan,country,2005,burned_area_km2,392.13,km2,K9,gfed5_annual_burned_area,measured,f_product_level
JPN,Japan,country,2006,burned_area_km2,476.12,km2,K9,gfed5_annual_burned_area,measured,f_product_level
JPN,Japan,country,2007,burned_area_km2,450.57,km2,K9,gfed5_annual_burned_area,measured,f_product_level
JPN,Japan,country,2008,burned_area_km2,453.46,km2,K9,gfed5_annual_burned_area,measured,f_product_level
JPN,Japan,country,2009,burned_area_km2,508.13,km2,K9,gfed5_annual_burned_area,measured,f_product_level
JPN,Japan,country,2010,burned_area_km2,565.33,km2,K9,gfed5_annual_burned_area,measured,f_product_level
JPN,Japan,country,2011,burned_area_km2,522.6,km2,K9,gfed5_annual_burned_area,measured,f_product_level
JPN,Japan,country,2012,burned_area_km2,271.12,km2,K9,gfed5_annual_burned_area,measured,f_product_level
JPN,Japan,country,2013,burned_area_km2,610.45,km2,K9,gfed5_annual_burned_area,measured,f_product_level
JPN,Japan,country,2014,burned_area_km2,650.57,km2,K9,gfed5_annual_burned_area,measured,f_product_level
JPN,Japan,country,2015,burned_area_km2,617.94,km2,K9,gfed5_annual_burned_area,measured,f_product_level
JPN,Japan,country,2016,burned_area_km2,590.78,km2,K9,gfed5_annual_burned_area,measured,f_product_level
JPN,Japan,country,2017,burned_area_km2,804.72,km2,K9,gfed5_annual_burned_area,measured,f_product_level
JPN,Japan,country,2018,burned_area_km2,1016.99,km2,K9,gfed5_annual_burned_area,measured,f_product_level
JPN,Japan,country,2019,burned_area_km2,1004.66,km2,K9,gfed5_annual_burned_area,measured,f_product_level
JPN,Japan,country,2020,burned_area_km2,962.23,km2,K9,gfed5_annual_burned_area,measured,f_product_level
KAZ,Kasakhstan,country,1997,burned_area_km2,169416.55,km2,K9,gfed5_annual_burned_area,measured,f_product_level;f_resolution_change
KAZ,Kasakhstan,country,1998,burned_area_km2,131108.11,km2,K9,gfed5_annual_burned_area,measured,f_product_level;f_resolution_change
KAZ,Kasakhstan,country,1999,burned_area_km2,87378.55,km2,K9,gfed5_annual_burned_area,measured,f_product_level;f_resolution_change
KAZ,Kasakhstan,country,2000,burned_area_km2,106746.12,km2,K9,gfed5_annual_burned_area,measured,f_product_level;f_resolution_change
KAZ,Kasakhstan,country,2001,burned_area_km2,143907.06,km2,K9,gfed5_annual_burned_area,measured,f_product_level
KAZ,Kasakhstan,country,2002,burned_area_km2,293076.78,km2,K9,gfed5_annual_burned_area,measured,f_product_level
KAZ,Kasakhstan,country,2003,burned_area_km2,226068.33,km2,K9,gfed5_annual_burned_area,measured,f_product_level
KAZ,Kasakhstan,country,2004,burned_area_km2,215622.78,km2,K9,gfed5_annual_burned_area,measured,f_product_level
KAZ,Kasakhstan,country,2005,burned_area_km2,163955.44,km2,K9,gfed5_annual_burned_area,measured,f_product_level
KAZ,Kasakhstan,country,2006,burned_area_km2,183377.93,km2,K9,gfed5_annual_burned_area,measured,f_product_level
KAZ,Kasakhstan,country,2007,burned_area_km2,125219.01,km2,K9,gfed5_annual_burned_area,measured,f_product_level
KAZ,Kasakhstan,country,2008,burned_area_km2,158797.72,km2,K9,gfed5_annual_burned_area,measured,f_product_level
KAZ,Kasakhstan,country,2009,burned_area_km2,93219.8,km2,K9,gfed5_annual_burned_area,measured,f_product_level
KAZ,Kasakhstan,country,2010,burned_area_km2,114832.36,km2,K9,gfed5_annual_burned_area,measured,f_product_level
KAZ,Kasakhstan,country,2011,burned_area_km2,42147.3,km2,K9,gfed5_annual_burned_area,measured,f_product_level
KAZ,Kasakhstan,country,2012,burned_area_km2,127677.69,km2,K9,gfed5_annual_burned_area,measured,f_product_level
KAZ,Kasakhstan,country,2013,burned_area_km2,34502.18,km2,K9,gfed5_annual_burned_area,measured,f_product_level
KAZ,Kasakhstan,country,2014,burned_area_km2,94658.12,km2,K9,gfed5_annual_burned_area,measured,f_product_level
KAZ,Kasakhstan,country,2015,burned_area_km2,104236.11,km2,K9,gfed5_annual_burned_area,measured,f_product_level
KAZ,Kasakhstan,country,2016,burned_area_km2,52757.43,km2,K9,gfed5_annual_burned_area,measured,f_product_level
KAZ,Kasakhstan,country,2017,burned_area_km2,143667.78,km2,K9,gfed5_annual_burned_area,measured,f_product_level
KAZ,Kasakhstan,country,2018,burned_area_km2,68650.03,km2,K9,gfed5_annual_burned_area,measured,f_product_level
KAZ,Kasakhstan,country,2019,burned_area_km2,120849.97,km2,K9,gfed5_annual_burned_area,measured,f_product_level
KAZ,Kasakhstan,country,2020,burned_area_km2,77337.14,km2,K9,gfed5_annual_burned_area,measured,f_product_level
KEN,Kenya,country,1997,burned_area_km2,23541.32,km2,K9,gfed5_annual_burned_area,measured,f_product_level;f_resolution_change
KEN,Kenya,country,1998,burned_area_km2,41174.32,km2,K9,gfed5_annual_burned_area,measured,f_product_level;f_resolution_change
KEN,Kenya,country,1999,burned_area_km2,17522.95,km2,K9,gfed5_annual_burned_area,measured,f_product_level;f_resolution_change
KEN,Kenya,country,2000,burned_area_km2,16409.72,km2,K9,gfed5_annual_burned_area,measured,f_product_level;f_resolution_change
KEN,Kenya,country,2001,burned_area_km2,11301.43,km2,K9,gfed5_annual_burned_area,measured,f_product_level
KEN,Kenya,country,2002,burned_area_km2,9704.17,km2,K9,gfed5_annual_burned_area,measured,f_product_level
KEN,Kenya,country,2003,burned_area_km2,14386.58,km2,K9,gfed5_annual_burned_area,measured,f_product_level
KEN,Kenya,country,2004,burned_area_km2,9578.29,km2,K9,gfed5_annual_burned_area,measured,f_product_level
KEN,Kenya,country,2005,burned_area_km2,10825.03,km2,K9,gfed5_annual_burned_area,measured,f_product_level
KEN,Kenya,country,2006,burned_area_km2,6276.11,km2,K9,gfed5_annual_burned_area,measured,f_product_level
KEN,Kenya,country,2007,burned_area_km2,14404.52,km2,K9,gfed5_annual_burned_area,measured,f_product_level
KEN,Kenya,country,2008,burned_area_km2,11911.94,km2,K9,gfed5_annual_burned_area,measured,f_product_level
KEN,Kenya,country,2009,burned_area_km2,7673.2,km2,K9,gfed5_annual_burned_area,measured,f_product_level
KEN,Kenya,country,2010,burned_area_km2,6433.74,km2,K9,gfed5_annual_burned_area,measured,f_product_level
KEN,Kenya,country,2011,burned_area_km2,6545.08,km2,K9,gfed5_annual_burned_area,measured,f_product_level
KEN,Kenya,country,2012,burned_area_km2,14200.76,km2,K9,gfed5_annual_burned_area,measured,f_product_level
KEN,Kenya,country,2013,burned_area_km2,9674.27,km2,K9,gfed5_annual_burned_area,measured,f_product_level
KEN,Kenya,country,2014,burned_area_km2,6865.16,km2,K9,gfed5_annual_burned_area,measured,f_product_level
KEN,Kenya,country,2015,burned_area_km2,8891.58,km2,K9,gfed5_annual_burned_area,measured,f_product_level
KEN,Kenya,country,2016,burned_area_km2,6832.71,km2,K9,gfed5_annual_burned_area,measured,f_product_level
KEN,Kenya,country,2017,burned_area_km2,4653.07,km2,K9,gfed5_annual_burned_area,measured,f_product_level
KEN,Kenya,country,2018,burned_area_km2,4896.55,km2,K9,gfed5_annual_burned_area,measured,f_product_level
KEN,Kenya,country,2019,burned_area_km2,7193.04,km2,K9,gfed5_annual_burned_area,measured,f_product_level
KEN,Kenya,country,2020,burned_area_km2,10405.67,km2,K9,gfed5_annual_burned_area,measured,f_product_level
KGZ,Kirgisistan,country,1997,burned_area_km2,3137.56,km2,K9,gfed5_annual_burned_area,measured,f_product_level;f_resolution_change
KGZ,Kirgisistan,country,1998,burned_area_km2,1725.71,km2,K9,gfed5_annual_burned_area,measured,f_product_level;f_resolution_change
KGZ,Kirgisistan,country,1999,burned_area_km2,1234.39,km2,K9,gfed5_annual_burned_area,measured,f_product_level;f_resolution_change
KGZ,Kirgisistan,country,2000,burned_area_km2,1755.02,km2,K9,gfed5_annual_burned_area,measured,f_product_level;f_resolution_change
KGZ,Kirgisistan,country,2001,burned_area_km2,1595.01,km2,K9,gfed5_annual_burned_area,measured,f_product_level
KGZ,Kirgisistan,country,2002,burned_area_km2,3105.25,km2,K9,gfed5_annual_burned_area,measured,f_product_level
KGZ,Kirgisistan,country,2003,burned_area_km2,2052.5,km2,K9,gfed5_annual_burned_area,measured,f_product_level
KGZ,Kirgisistan,country,2004,burned_area_km2,2309.73,km2,K9,gfed5_annual_burned_area,measured,f_product_level
KGZ,Kirgisistan,country,2005,burned_area_km2,2085.94,km2,K9,gfed5_annual_burned_area,measured,f_product_level
KGZ,Kirgisistan,country,2006,burned_area_km2,1920.13,km2,K9,gfed5_annual_burned_area,measured,f_product_level
KGZ,Kirgisistan,country,2007,burned_area_km2,2145.88,km2,K9,gfed5_annual_burned_area,measured,f_product_level
KGZ,Kirgisistan,country,2008,burned_area_km2,1055.48,km2,K9,gfed5_annual_burned_area,measured,f_product_level
KGZ,Kirgisistan,country,2009,burned_area_km2,1162.8,km2,K9,gfed5_annual_burned_area,measured,f_product_level
KGZ,Kirgisistan,country,2010,burned_area_km2,786.16,km2,K9,gfed5_annual_burned_area,measured,f_product_level
KGZ,Kirgisistan,country,2011,burned_area_km2,1110.57,km2,K9,gfed5_annual_burned_area,measured,f_product_level
KGZ,Kirgisistan,country,2012,burned_area_km2,812.43,km2,K9,gfed5_annual_burned_area,measured,f_product_level
KGZ,Kirgisistan,country,2013,burned_area_km2,696.89,km2,K9,gfed5_annual_burned_area,measured,f_product_level
KGZ,Kirgisistan,country,2014,burned_area_km2,792.9,km2,K9,gfed5_annual_burned_area,measured,f_product_level
KGZ,Kirgisistan,country,2015,burned_area_km2,493.63,km2,K9,gfed5_annual_burned_area,measured,f_product_level
KGZ,Kirgisistan,country,2016,burned_area_km2,847.42,km2,K9,gfed5_annual_burned_area,measured,f_product_level
KGZ,Kirgisistan,country,2017,burned_area_km2,716.46,km2,K9,gfed5_annual_burned_area,measured,f_product_level
KGZ,Kirgisistan,country,2018,burned_area_km2,851.45,km2,K9,gfed5_annual_burned_area,measured,f_product_level
KGZ,Kirgisistan,country,2019,burned_area_km2,876.65,km2,K9,gfed5_annual_burned_area,measured,f_product_level
KGZ,Kirgisistan,country,2020,burned_area_km2,845.76,km2,K9,gfed5_annual_burned_area,measured,f_product_level
KHM,Kambodsja,country,1997,burned_area_km2,18245.8,km2,K9,gfed5_annual_burned_area,measured,f_product_level;f_resolution_change
KHM,Kambodsja,country,1998,burned_area_km2,70637.57,km2,K9,gfed5_annual_burned_area,measured,f_product_level;f_resolution_change
KHM,Kambodsja,country,1999,burned_area_km2,43653.17,km2,K9,gfed5_annual_burned_area,measured,f_product_level;f_resolution_change
KHM,Kambodsja,country,2000,burned_area_km2,38060.95,km2,K9,gfed5_annual_burned_area,measured,f_product_level;f_resolution_change
KHM,Kambodsja,country,2001,burned_area_km2,52170.04,km2,K9,gfed5_annual_burned_area,measured,f_product_level
KHM,Kambodsja,country,2002,burned_area_km2,52271.64,km2,K9,gfed5_annual_burned_area,measured,f_product_level
KHM,Kambodsja,country,2003,burned_area_km2,56680.59,km2,K9,gfed5_annual_burned_area,measured,f_product_level
KHM,Kambodsja,country,2004,burned_area_km2,80567.18,km2,K9,gfed5_annual_burned_area,measured,f_product_level
KHM,Kambodsja,country,2005,burned_area_km2,51503.1,km2,K9,gfed5_annual_burned_area,measured,f_product_level
KHM,Kambodsja,country,2006,burned_area_km2,54254.84,km2,K9,gfed5_annual_burned_area,measured,f_product_level
KHM,Kambodsja,country,2007,burned_area_km2,56221.97,km2,K9,gfed5_annual_burned_area,measured,f_product_level
KHM,Kambodsja,country,2008,burned_area_km2,54394.77,km2,K9,gfed5_annual_burned_area,measured,f_product_level
KHM,Kambodsja,country,2009,burned_area_km2,51203.97,km2,K9,gfed5_annual_burned_area,measured,f_product_level
KHM,Kambodsja,country,2010,burned_area_km2,59795.69,km2,K9,gfed5_annual_burned_area,measured,f_product_level
KHM,Kambodsja,country,2011,burned_area_km2,62859.98,km2,K9,gfed5_annual_burned_area,measured,f_product_level
KHM,Kambodsja,country,2012,burned_area_km2,53698.49,km2,K9,gfed5_annual_burned_area,measured,f_product_level
KHM,Kambodsja,country,2013,burned_area_km2,58563.94,km2,K9,gfed5_annual_burned_area,measured,f_product_level
KHM,Kambodsja,country,2014,burned_area_km2,61545.04,km2,K9,gfed5_annual_burned_area,measured,f_product_level
KHM,Kambodsja,country,2015,burned_area_km2,69671.86,km2,K9,gfed5_annual_burned_area,measured,f_product_level
KHM,Kambodsja,country,2016,burned_area_km2,65872.92,km2,K9,gfed5_annual_burned_area,measured,f_product_level
KHM,Kambodsja,country,2017,burned_area_km2,48814.05,km2,K9,gfed5_annual_burned_area,measured,f_product_level
KHM,Kambodsja,country,2018,burned_area_km2,59487.05,km2,K9,gfed5_annual_burned_area,measured,f_product_level
KHM,Kambodsja,country,2019,burned_area_km2,63271.0,km2,K9,gfed5_annual_burned_area,measured,f_product_level
KHM,Kambodsja,country,2020,burned_area_km2,62888.82,km2,K9,gfed5_annual_burned_area,measured,f_product_level
KIR,Kiribati,country,1997,burned_area_km2,0.0,km2,K9,gfed5_annual_burned_area,measured,f_product_level;f_resolution_change;f_grid_resolution;f_zero_no_detection
KIR,Kiribati,country,1998,burned_area_km2,0.0,km2,K9,gfed5_annual_burned_area,measured,f_product_level;f_resolution_change;f_grid_resolution;f_zero_no_detection
KIR,Kiribati,country,1999,burned_area_km2,0.0,km2,K9,gfed5_annual_burned_area,measured,f_product_level;f_resolution_change;f_grid_resolution;f_zero_no_detection
KIR,Kiribati,country,2000,burned_area_km2,0.0,km2,K9,gfed5_annual_burned_area,measured,f_product_level;f_resolution_change;f_grid_resolution;f_zero_no_detection
KIR,Kiribati,country,2001,burned_area_km2,0.0,km2,K9,gfed5_annual_burned_area,measured,f_product_level;f_zero_no_detection
KIR,Kiribati,country,2002,burned_area_km2,0.0,km2,K9,gfed5_annual_burned_area,measured,f_product_level;f_zero_no_detection
KIR,Kiribati,country,2003,burned_area_km2,0.0,km2,K9,gfed5_annual_burned_area,measured,f_product_level;f_zero_no_detection
KIR,Kiribati,country,2004,burned_area_km2,0.0,km2,K9,gfed5_annual_burned_area,measured,f_product_level;f_zero_no_detection
KIR,Kiribati,country,2005,burned_area_km2,0.0,km2,K9,gfed5_annual_burned_area,measured,f_product_level;f_zero_no_detection
KIR,Kiribati,country,2006,burned_area_km2,0.0,km2,K9,gfed5_annual_burned_area,measured,f_product_level;f_zero_no_detection
KIR,Kiribati,country,2007,burned_area_km2,0.0,km2,K9,gfed5_annual_burned_area,measured,f_product_level;f_zero_no_detection
KIR,Kiribati,country,2008,burned_area_km2,0.0,km2,K9,gfed5_annual_burned_area,measured,f_product_level;f_zero_no_detection
KIR,Kiribati,country,2009,burned_area_km2,0.0,km2,K9,gfed5_annual_burned_area,measured,f_product_level;f_zero_no_detection
KIR,Kiribati,country,2010,burned_area_km2,0.0,km2,K9,gfed5_annual_burned_area,measured,f_product_level;f_zero_no_detection
KIR,Kiribati,country,2011,burned_area_km2,0.0,km2,K9,gfed5_annual_burned_area,measured,f_product_level;f_zero_no_detection
KIR,Kiribati,country,2012,burned_area_km2,0.0,km2,K9,gfed5_annual_burned_area,measured,f_product_level;f_zero_no_detection
KIR,Kiribati,country,2013,burned_area_km2,0.0,km2,K9,gfed5_annual_burned_area,measured,f_product_level;f_zero_no_detection
KIR,Kiribati,country,2014,burned_area_km2,0.0,km2,K9,gfed5_annual_burned_area,measured,f_product_level;f_zero_no_detection
KIR,Kiribati,country,2015,burned_area_km2,0.0,km2,K9,gfed5_annual_burned_area,measured,f_product_level;f_zero_no_detection
KIR,Kiribati,country,2016,burned_area_km2,0.0,km2,K9,gfed5_annual_burned_area,measured,f_product_level;f_zero_no_detection
KIR,Kiribati,country,2017,burned_area_km2,0.0,km2,K9,gfed5_annual_burned_area,measured,f_product_level;f_zero_no_detection
KIR,Kiribati,country,2018,burned_area_km2,0.0,km2,K9,gfed5_annual_burned_area,measured,f_product_level;f_zero_no_detection
KIR,Kiribati,country,2019,burned_area_km2,0.0,km2,K9,gfed5_annual_burned_area,measured,f_product_level;f_zero_no_detection
KIR,Kiribati,country,2020,burned_area_km2,0.0,km2,K9,gfed5_annual_burned_area,measured,f_product_level;f_zero_no_detection
KNA,St. Kitts og Nevis,country,1997,burned_area_km2,0.0,km2,K9,gfed5_annual_burned_area,measured,f_product_level;f_resolution_change;f_grid_resolution;f_zero_no_detection
KNA,St. Kitts og Nevis,country,1998,burned_area_km2,0.0,km2,K9,gfed5_annual_burned_area,measured,f_product_level;f_resolution_change;f_grid_resolution;f_zero_no_detection
KNA,St. Kitts og Nevis,country,1999,burned_area_km2,0.0,km2,K9,gfed5_annual_burned_area,measured,f_product_level;f_resolution_change;f_grid_resolution;f_zero_no_detection
KNA,St. Kitts og Nevis,country,2000,burned_area_km2,0.0,km2,K9,gfed5_annual_burned_area,measured,f_product_level;f_resolution_change;f_grid_resolution;f_zero_no_detection
KNA,St. Kitts og Nevis,country,2001,burned_area_km2,0.0,km2,K9,gfed5_annual_burned_area,measured,f_product_level;f_grid_resolution;f_zero_no_detection
KNA,St. Kitts og Nevis,country,2002,burned_area_km2,0.0,km2,K9,gfed5_annual_burned_area,measured,f_product_level;f_grid_resolution;f_zero_no_detection
KNA,St. Kitts og Nevis,country,2003,burned_area_km2,0.0,km2,K9,gfed5_annual_burned_area,measured,f_product_level;f_grid_resolution;f_zero_no_detection
KNA,St. Kitts og Nevis,country,2004,burned_area_km2,0.0,km2,K9,gfed5_annual_burned_area,measured,f_product_level;f_grid_resolution;f_zero_no_detection
KNA,St. Kitts og Nevis,country,2005,burned_area_km2,0.0,km2,K9,gfed5_annual_burned_area,measured,f_product_level;f_grid_resolution;f_zero_no_detection
KNA,St. Kitts og Nevis,country,2006,burned_area_km2,0.0,km2,K9,gfed5_annual_burned_area,measured,f_product_level;f_grid_resolution;f_zero_no_detection
KNA,St. Kitts og Nevis,country,2007,burned_area_km2,0.0,km2,K9,gfed5_annual_burned_area,measured,f_product_level;f_grid_resolution;f_zero_no_detection
KNA,St. Kitts og Nevis,country,2008,burned_area_km2,0.0,km2,K9,gfed5_annual_burned_area,measured,f_product_level;f_grid_resolution;f_zero_no_detection
KNA,St. Kitts og Nevis,country,2009,burned_area_km2,0.0,km2,K9,gfed5_annual_burned_area,measured,f_product_level;f_grid_resolution;f_zero_no_detection
KNA,St. Kitts og Nevis,country,2010,burned_area_km2,0.86,km2,K9,gfed5_annual_burned_area,measured,f_product_level;f_grid_resolution
KNA,St. Kitts og Nevis,country,2011,burned_area_km2,0.0,km2,K9,gfed5_annual_burned_area,measured,f_product_level;f_grid_resolution;f_zero_no_detection
KNA,St. Kitts og Nevis,country,2012,burned_area_km2,1.74,km2,K9,gfed5_annual_burned_area,measured,f_product_level;f_grid_resolution
KNA,St. Kitts og Nevis,country,2013,burned_area_km2,2.76,km2,K9,gfed5_annual_burned_area,measured,f_product_level;f_grid_resolution
KNA,St. Kitts og Nevis,country,2014,burned_area_km2,0.0,km2,K9,gfed5_annual_burned_area,measured,f_product_level;f_grid_resolution;f_zero_no_detection
KNA,St. Kitts og Nevis,country,2015,burned_area_km2,0.0,km2,K9,gfed5_annual_burned_area,measured,f_product_level;f_grid_resolution;f_zero_no_detection
KNA,St. Kitts og Nevis,country,2016,burned_area_km2,0.48,km2,K9,gfed5_annual_burned_area,measured,f_product_level;f_grid_resolution
KNA,St. Kitts og Nevis,country,2017,burned_area_km2,0.0,km2,K9,gfed5_annual_burned_area,measured,f_product_level;f_grid_resolution;f_zero_no_detection
KNA,St. Kitts og Nevis,country,2018,burned_area_km2,0.0,km2,K9,gfed5_annual_burned_area,measured,f_product_level;f_grid_resolution;f_zero_no_detection
KNA,St. Kitts og Nevis,country,2019,burned_area_km2,0.0,km2,K9,gfed5_annual_burned_area,measured,f_product_level;f_grid_resolution;f_zero_no_detection
KNA,St. Kitts og Nevis,country,2020,burned_area_km2,0.0,km2,K9,gfed5_annual_burned_area,measured,f_product_level;f_grid_resolution;f_zero_no_detection
KOR,Sør-Korea,country,1997,burned_area_km2,2250.92,km2,K9,gfed5_annual_burned_area,measured,f_product_level;f_resolution_change
KOR,Sør-Korea,country,1998,burned_area_km2,1814.78,km2,K9,gfed5_annual_burned_area,measured,f_product_level;f_resolution_change
KOR,Sør-Korea,country,1999,burned_area_km2,1672.29,km2,K9,gfed5_annual_burned_area,measured,f_product_level;f_resolution_change
KOR,Sør-Korea,country,2000,burned_area_km2,1888.07,km2,K9,gfed5_annual_burned_area,measured,f_product_level;f_resolution_change
KOR,Sør-Korea,country,2001,burned_area_km2,531.68,km2,K9,gfed5_annual_burned_area,measured,f_product_level
KOR,Sør-Korea,country,2002,burned_area_km2,557.21,km2,K9,gfed5_annual_burned_area,measured,f_product_level
KOR,Sør-Korea,country,2003,burned_area_km2,307.55,km2,K9,gfed5_annual_burned_area,measured,f_product_level
KOR,Sør-Korea,country,2004,burned_area_km2,505.53,km2,K9,gfed5_annual_burned_area,measured,f_product_level
KOR,Sør-Korea,country,2005,burned_area_km2,455.85,km2,K9,gfed5_annual_burned_area,measured,f_product_level
KOR,Sør-Korea,country,2006,burned_area_km2,366.59,km2,K9,gfed5_annual_burned_area,measured,f_product_level
KOR,Sør-Korea,country,2007,burned_area_km2,448.05,km2,K9,gfed5_annual_burned_area,measured,f_product_level
KOR,Sør-Korea,country,2008,burned_area_km2,386.19,km2,K9,gfed5_annual_burned_area,measured,f_product_level
KOR,Sør-Korea,country,2009,burned_area_km2,506.2,km2,K9,gfed5_annual_burned_area,measured,f_product_level
KOR,Sør-Korea,country,2010,burned_area_km2,276.06,km2,K9,gfed5_annual_burned_area,measured,f_product_level
KOR,Sør-Korea,country,2011,burned_area_km2,533.29,km2,K9,gfed5_annual_burned_area,measured,f_product_level
KOR,Sør-Korea,country,2012,burned_area_km2,338.74,km2,K9,gfed5_annual_burned_area,measured,f_product_level
KOR,Sør-Korea,country,2013,burned_area_km2,443.69,km2,K9,gfed5_annual_burned_area,measured,f_product_level
KOR,Sør-Korea,country,2014,burned_area_km2,608.44,km2,K9,gfed5_annual_burned_area,measured,f_product_level
KOR,Sør-Korea,country,2015,burned_area_km2,553.96,km2,K9,gfed5_annual_burned_area,measured,f_product_level
KOR,Sør-Korea,country,2016,burned_area_km2,530.09,km2,K9,gfed5_annual_burned_area,measured,f_product_level
KOR,Sør-Korea,country,2017,burned_area_km2,625.87,km2,K9,gfed5_annual_burned_area,measured,f_product_level
KOR,Sør-Korea,country,2018,burned_area_km2,722.57,km2,K9,gfed5_annual_burned_area,measured,f_product_level
KOR,Sør-Korea,country,2019,burned_area_km2,742.53,km2,K9,gfed5_annual_burned_area,measured,f_product_level
KOR,Sør-Korea,country,2020,burned_area_km2,680.97,km2,K9,gfed5_annual_burned_area,measured,f_product_level
KWT,Kuwait,country,1997,burned_area_km2,13.46,km2,K9,gfed5_annual_burned_area,measured,f_product_level;f_resolution_change
KWT,Kuwait,country,1998,burned_area_km2,11.62,km2,K9,gfed5_annual_burned_area,measured,f_product_level;f_resolution_change
KWT,Kuwait,country,1999,burned_area_km2,10.61,km2,K9,gfed5_annual_burned_area,measured,f_product_level;f_resolution_change
KWT,Kuwait,country,2000,burned_area_km2,9.41,km2,K9,gfed5_annual_burned_area,measured,f_product_level;f_resolution_change
KWT,Kuwait,country,2001,burned_area_km2,0.0,km2,K9,gfed5_annual_burned_area,measured,f_product_level;f_zero_no_detection
KWT,Kuwait,country,2002,burned_area_km2,1.6,km2,K9,gfed5_annual_burned_area,measured,f_product_level
KWT,Kuwait,country,2003,burned_area_km2,0.0,km2,K9,gfed5_annual_burned_area,measured,f_product_level;f_zero_no_detection
KWT,Kuwait,country,2004,burned_area_km2,0.62,km2,K9,gfed5_annual_burned_area,measured,f_product_level
KWT,Kuwait,country,2005,burned_area_km2,0.0,km2,K9,gfed5_annual_burned_area,measured,f_product_level;f_zero_no_detection
KWT,Kuwait,country,2006,burned_area_km2,0.22,km2,K9,gfed5_annual_burned_area,measured,f_product_level
KWT,Kuwait,country,2007,burned_area_km2,0.0,km2,K9,gfed5_annual_burned_area,measured,f_product_level;f_zero_no_detection
KWT,Kuwait,country,2008,burned_area_km2,0.0,km2,K9,gfed5_annual_burned_area,measured,f_product_level;f_zero_no_detection
KWT,Kuwait,country,2009,burned_area_km2,0.0,km2,K9,gfed5_annual_burned_area,measured,f_product_level;f_zero_no_detection
KWT,Kuwait,country,2010,burned_area_km2,0.0,km2,K9,gfed5_annual_burned_area,measured,f_product_level;f_zero_no_detection
KWT,Kuwait,country,2011,burned_area_km2,0.0,km2,K9,gfed5_annual_burned_area,measured,f_product_level;f_zero_no_detection
KWT,Kuwait,country,2012,burned_area_km2,1.45,km2,K9,gfed5_annual_burned_area,measured,f_product_level
KWT,Kuwait,country,2013,burned_area_km2,0.62,km2,K9,gfed5_annual_burned_area,measured,f_product_level
KWT,Kuwait,country,2014,burned_area_km2,0.0,km2,K9,gfed5_annual_burned_area,measured,f_product_level;f_zero_no_detection
KWT,Kuwait,country,2015,burned_area_km2,0.0,km2,K9,gfed5_annual_burned_area,measured,f_product_level;f_zero_no_detection
KWT,Kuwait,country,2016,burned_area_km2,0.0,km2,K9,gfed5_annual_burned_area,measured,f_product_level;f_zero_no_detection
KWT,Kuwait,country,2017,burned_area_km2,6.81,km2,K9,gfed5_annual_burned_area,measured,f_product_level
KWT,Kuwait,country,2018,burned_area_km2,0.41,km2,K9,gfed5_annual_burned_area,measured,f_product_level
KWT,Kuwait,country,2019,burned_area_km2,0.82,km2,K9,gfed5_annual_burned_area,measured,f_product_level
KWT,Kuwait,country,2020,burned_area_km2,0.0,km2,K9,gfed5_annual_burned_area,measured,f_product_level;f_zero_no_detection
LAO,Laos,country,1997,burned_area_km2,19642.39,km2,K9,gfed5_annual_burned_area,measured,f_product_level;f_resolution_change
LAO,Laos,country,1998,burned_area_km2,99742.3,km2,K9,gfed5_annual_burned_area,measured,f_product_level;f_resolution_change
LAO,Laos,country,1999,burned_area_km2,79367.94,km2,K9,gfed5_annual_burned_area,measured,f_product_level;f_resolution_change
LAO,Laos,country,2000,burned_area_km2,57215.78,km2,K9,gfed5_annual_burned_area,measured,f_product_level;f_resolution_change
LAO,Laos,country,2001,burned_area_km2,17931.28,km2,K9,gfed5_annual_burned_area,measured,f_product_level
LAO,Laos,country,2002,burned_area_km2,20236.28,km2,K9,gfed5_annual_burned_area,measured,f_product_level
LAO,Laos,country,2003,burned_area_km2,64581.45,km2,K9,gfed5_annual_burned_area,measured,f_product_level
LAO,Laos,country,2004,burned_area_km2,74685.12,km2,K9,gfed5_annual_burned_area,measured,f_product_level
LAO,Laos,country,2005,burned_area_km2,65320.84,km2,K9,gfed5_annual_burned_area,measured,f_product_level
LAO,Laos,country,2006,burned_area_km2,61872.42,km2,K9,gfed5_annual_burned_area,measured,f_product_level
LAO,Laos,country,2007,burned_area_km2,79934.44,km2,K9,gfed5_annual_burned_area,measured,f_product_level
LAO,Laos,country,2008,burned_area_km2,50542.86,km2,K9,gfed5_annual_burned_area,measured,f_product_level
LAO,Laos,country,2009,burned_area_km2,60599.53,km2,K9,gfed5_annual_burned_area,measured,f_product_level
LAO,Laos,country,2010,burned_area_km2,75595.56,km2,K9,gfed5_annual_burned_area,measured,f_product_level
LAO,Laos,country,2011,burned_area_km2,50983.9,km2,K9,gfed5_annual_burned_area,measured,f_product_level
LAO,Laos,country,2012,burned_area_km2,60051.52,km2,K9,gfed5_annual_burned_area,measured,f_product_level
LAO,Laos,country,2013,burned_area_km2,57202.89,km2,K9,gfed5_annual_burned_area,measured,f_product_level
LAO,Laos,country,2014,burned_area_km2,71965.23,km2,K9,gfed5_annual_burned_area,measured,f_product_level
LAO,Laos,country,2015,burned_area_km2,62237.36,km2,K9,gfed5_annual_burned_area,measured,f_product_level
LAO,Laos,country,2016,burned_area_km2,56320.44,km2,K9,gfed5_annual_burned_area,measured,f_product_level
LAO,Laos,country,2017,burned_area_km2,49901.11,km2,K9,gfed5_annual_burned_area,measured,f_product_level
LAO,Laos,country,2018,burned_area_km2,45349.59,km2,K9,gfed5_annual_burned_area,measured,f_product_level
LAO,Laos,country,2019,burned_area_km2,106988.0,km2,K9,gfed5_annual_burned_area,measured,f_product_level
LAO,Laos,country,2020,burned_area_km2,77179.61,km2,K9,gfed5_annual_burned_area,measured,f_product_level
LBN,Libanon,country,1997,burned_area_km2,10.5,km2,K9,gfed5_annual_burned_area,measured,f_product_level;f_resolution_change;f_grid_resolution
LBN,Libanon,country,1998,burned_area_km2,14.41,km2,K9,gfed5_annual_burned_area,measured,f_product_level;f_resolution_change;f_grid_resolution
LBN,Libanon,country,1999,burned_area_km2,16.78,km2,K9,gfed5_annual_burned_area,measured,f_product_level;f_resolution_change;f_grid_resolution
LBN,Libanon,country,2000,burned_area_km2,10.02,km2,K9,gfed5_annual_burned_area,measured,f_product_level;f_resolution_change;f_grid_resolution
LBN,Libanon,country,2001,burned_area_km2,19.77,km2,K9,gfed5_annual_burned_area,measured,f_product_level
LBN,Libanon,country,2002,burned_area_km2,157.3,km2,K9,gfed5_annual_burned_area,measured,f_product_level
LBN,Libanon,country,2003,burned_area_km2,65.23,km2,K9,gfed5_annual_burned_area,measured,f_product_level
LBN,Libanon,country,2004,burned_area_km2,66.76,km2,K9,gfed5_annual_burned_area,measured,f_product_level
LBN,Libanon,country,2005,burned_area_km2,39.7,km2,K9,gfed5_annual_burned_area,measured,f_product_level
LBN,Libanon,country,2006,burned_area_km2,200.45,km2,K9,gfed5_annual_burned_area,measured,f_product_level
LBN,Libanon,country,2007,burned_area_km2,195.66,km2,K9,gfed5_annual_burned_area,measured,f_product_level
LBN,Libanon,country,2008,burned_area_km2,36.84,km2,K9,gfed5_annual_burned_area,measured,f_product_level
LBN,Libanon,country,2009,burned_area_km2,79.09,km2,K9,gfed5_annual_burned_area,measured,f_product_level
LBN,Libanon,country,2010,burned_area_km2,152.74,km2,K9,gfed5_annual_burned_area,measured,f_product_level
LBN,Libanon,country,2011,burned_area_km2,44.5,km2,K9,gfed5_annual_burned_area,measured,f_product_level
LBN,Libanon,country,2012,burned_area_km2,61.86,km2,K9,gfed5_annual_burned_area,measured,f_product_level
LBN,Libanon,country,2013,burned_area_km2,152.1,km2,K9,gfed5_annual_burned_area,measured,f_product_level
LBN,Libanon,country,2014,burned_area_km2,44.93,km2,K9,gfed5_annual_burned_area,measured,f_product_level
LBN,Libanon,country,2015,burned_area_km2,96.99,km2,K9,gfed5_annual_burned_area,measured,f_product_level
LBN,Libanon,country,2016,burned_area_km2,126.78,km2,K9,gfed5_annual_burned_area,measured,f_product_level
LBN,Libanon,country,2017,burned_area_km2,44.0,km2,K9,gfed5_annual_burned_area,measured,f_product_level
LBN,Libanon,country,2018,burned_area_km2,51.25,km2,K9,gfed5_annual_burned_area,measured,f_product_level
LBN,Libanon,country,2019,burned_area_km2,118.57,km2,K9,gfed5_annual_burned_area,measured,f_product_level
LBN,Libanon,country,2020,burned_area_km2,168.85,km2,K9,gfed5_annual_burned_area,measured,f_product_level
LBR,Liberia,country,1997,burned_area_km2,3544.53,km2,K9,gfed5_annual_burned_area,measured,f_product_level;f_resolution_change
LBR,Liberia,country,1998,burned_area_km2,23280.23,km2,K9,gfed5_annual_burned_area,measured,f_product_level;f_resolution_change
LBR,Liberia,country,1999,burned_area_km2,17880.38,km2,K9,gfed5_annual_burned_area,measured,f_product_level;f_resolution_change
LBR,Liberia,country,2000,burned_area_km2,15209.84,km2,K9,gfed5_annual_burned_area,measured,f_product_level;f_resolution_change
LBR,Liberia,country,2001,burned_area_km2,748.1,km2,K9,gfed5_annual_burned_area,measured,f_product_level
LBR,Liberia,country,2002,burned_area_km2,425.76,km2,K9,gfed5_annual_burned_area,measured,f_product_level
LBR,Liberia,country,2003,burned_area_km2,14038.16,km2,K9,gfed5_annual_burned_area,measured,f_product_level
LBR,Liberia,country,2004,burned_area_km2,10265.02,km2,K9,gfed5_annual_burned_area,measured,f_product_level
LBR,Liberia,country,2005,burned_area_km2,5410.87,km2,K9,gfed5_annual_burned_area,measured,f_product_level
LBR,Liberia,country,2006,burned_area_km2,10392.02,km2,K9,gfed5_annual_burned_area,measured,f_product_level
LBR,Liberia,country,2007,burned_area_km2,13691.65,km2,K9,gfed5_annual_burned_area,measured,f_product_level
LBR,Liberia,country,2008,burned_area_km2,13303.7,km2,K9,gfed5_annual_burned_area,measured,f_product_level
LBR,Liberia,country,2009,burned_area_km2,21524.94,km2,K9,gfed5_annual_burned_area,measured,f_product_level
LBR,Liberia,country,2010,burned_area_km2,10663.16,km2,K9,gfed5_annual_burned_area,measured,f_product_level
LBR,Liberia,country,2011,burned_area_km2,13385.13,km2,K9,gfed5_annual_burned_area,measured,f_product_level
LBR,Liberia,country,2012,burned_area_km2,15970.41,km2,K9,gfed5_annual_burned_area,measured,f_product_level
LBR,Liberia,country,2013,burned_area_km2,9952.71,km2,K9,gfed5_annual_burned_area,measured,f_product_level
LBR,Liberia,country,2014,burned_area_km2,17412.56,km2,K9,gfed5_annual_burned_area,measured,f_product_level
LBR,Liberia,country,2015,burned_area_km2,21149.33,km2,K9,gfed5_annual_burned_area,measured,f_product_level
LBR,Liberia,country,2016,burned_area_km2,14962.24,km2,K9,gfed5_annual_burned_area,measured,f_product_level
LBR,Liberia,country,2017,burned_area_km2,15736.18,km2,K9,gfed5_annual_burned_area,measured,f_product_level
LBR,Liberia,country,2018,burned_area_km2,9268.3,km2,K9,gfed5_annual_burned_area,measured,f_product_level
LBR,Liberia,country,2019,burned_area_km2,18340.51,km2,K9,gfed5_annual_burned_area,measured,f_product_level
LBR,Liberia,country,2020,burned_area_km2,10814.28,km2,K9,gfed5_annual_burned_area,measured,f_product_level
LBY,Libya,country,1997,burned_area_km2,96.07,km2,K9,gfed5_annual_burned_area,measured,f_product_level;f_resolution_change
LBY,Libya,country,1998,burned_area_km2,61.72,km2,K9,gfed5_annual_burned_area,measured,f_product_level;f_resolution_change
LBY,Libya,country,1999,burned_area_km2,54.65,km2,K9,gfed5_annual_burned_area,measured,f_product_level;f_resolution_change
LBY,Libya,country,2000,burned_area_km2,61.23,km2,K9,gfed5_annual_burned_area,measured,f_product_level;f_resolution_change
LBY,Libya,country,2001,burned_area_km2,98.78,km2,K9,gfed5_annual_burned_area,measured,f_product_level
LBY,Libya,country,2002,burned_area_km2,107.83,km2,K9,gfed5_annual_burned_area,measured,f_product_level
LBY,Libya,country,2003,burned_area_km2,116.74,km2,K9,gfed5_annual_burned_area,measured,f_product_level
LBY,Libya,country,2004,burned_area_km2,73.38,km2,K9,gfed5_annual_burned_area,measured,f_product_level
LBY,Libya,country,2005,burned_area_km2,40.24,km2,K9,gfed5_annual_burned_area,measured,f_product_level
LBY,Libya,country,2006,burned_area_km2,62.43,km2,K9,gfed5_annual_burned_area,measured,f_product_level
LBY,Libya,country,2007,burned_area_km2,74.72,km2,K9,gfed5_annual_burned_area,measured,f_product_level
LBY,Libya,country,2008,burned_area_km2,54.82,km2,K9,gfed5_annual_burned_area,measured,f_product_level
LBY,Libya,country,2009,burned_area_km2,25.35,km2,K9,gfed5_annual_burned_area,measured,f_product_level
LBY,Libya,country,2010,burned_area_km2,46.64,km2,K9,gfed5_annual_burned_area,measured,f_product_level
LBY,Libya,country,2011,burned_area_km2,52.22,km2,K9,gfed5_annual_burned_area,measured,f_product_level
LBY,Libya,country,2012,burned_area_km2,59.34,km2,K9,gfed5_annual_burned_area,measured,f_product_level
LBY,Libya,country,2013,burned_area_km2,68.0,km2,K9,gfed5_annual_burned_area,measured,f_product_level
LBY,Libya,country,2014,burned_area_km2,103.0,km2,K9,gfed5_annual_burned_area,measured,f_product_level
LBY,Libya,country,2015,burned_area_km2,26.24,km2,K9,gfed5_annual_burned_area,measured,f_product_level
LBY,Libya,country,2016,burned_area_km2,67.59,km2,K9,gfed5_annual_burned_area,measured,f_product_level
LBY,Libya,country,2017,burned_area_km2,63.77,km2,K9,gfed5_annual_burned_area,measured,f_product_level
LBY,Libya,country,2018,burned_area_km2,50.16,km2,K9,gfed5_annual_burned_area,measured,f_product_level
LBY,Libya,country,2019,burned_area_km2,99.08,km2,K9,gfed5_annual_burned_area,measured,f_product_level
LBY,Libya,country,2020,burned_area_km2,221.92,km2,K9,gfed5_annual_burned_area,measured,f_product_level
LCA,St. Lucia,country,1997,burned_area_km2,0.0,km2,K9,gfed5_annual_burned_area,measured,f_product_level;f_resolution_change;f_grid_resolution;f_zero_no_detection
LCA,St. Lucia,country,1998,burned_area_km2,0.0,km2,K9,gfed5_annual_burned_area,measured,f_product_level;f_resolution_change;f_grid_resolution;f_zero_no_detection
LCA,St. Lucia,country,1999,burned_area_km2,0.0,km2,K9,gfed5_annual_burned_area,measured,f_product_level;f_resolution_change;f_grid_resolution;f_zero_no_detection
LCA,St. Lucia,country,2000,burned_area_km2,0.0,km2,K9,gfed5_annual_burned_area,measured,f_product_level;f_resolution_change;f_grid_resolution;f_zero_no_detection
LCA,St. Lucia,country,2001,burned_area_km2,0.0,km2,K9,gfed5_annual_burned_area,measured,f_product_level;f_grid_resolution;f_zero_no_detection
LCA,St. Lucia,country,2002,burned_area_km2,0.0,km2,K9,gfed5_annual_burned_area,measured,f_product_level;f_grid_resolution;f_zero_no_detection
LCA,St. Lucia,country,2003,burned_area_km2,0.0,km2,K9,gfed5_annual_burned_area,measured,f_product_level;f_grid_resolution;f_zero_no_detection
LCA,St. Lucia,country,2004,burned_area_km2,0.0,km2,K9,gfed5_annual_burned_area,measured,f_product_level;f_grid_resolution;f_zero_no_detection
LCA,St. Lucia,country,2005,burned_area_km2,0.0,km2,K9,gfed5_annual_burned_area,measured,f_product_level;f_grid_resolution;f_zero_no_detection
LCA,St. Lucia,country,2006,burned_area_km2,0.0,km2,K9,gfed5_annual_burned_area,measured,f_product_level;f_grid_resolution;f_zero_no_detection
LCA,St. Lucia,country,2007,burned_area_km2,0.0,km2,K9,gfed5_annual_burned_area,measured,f_product_level;f_grid_resolution;f_zero_no_detection
LCA,St. Lucia,country,2008,burned_area_km2,0.0,km2,K9,gfed5_annual_burned_area,measured,f_product_level;f_grid_resolution;f_zero_no_detection
LCA,St. Lucia,country,2009,burned_area_km2,0.0,km2,K9,gfed5_annual_burned_area,measured,f_product_level;f_grid_resolution;f_zero_no_detection
LCA,St. Lucia,country,2010,burned_area_km2,0.0,km2,K9,gfed5_annual_burned_area,measured,f_product_level;f_grid_resolution;f_zero_no_detection
LCA,St. Lucia,country,2011,burned_area_km2,0.0,km2,K9,gfed5_annual_burned_area,measured,f_product_level;f_grid_resolution;f_zero_no_detection
LCA,St. Lucia,country,2012,burned_area_km2,0.0,km2,K9,gfed5_annual_burned_area,measured,f_product_level;f_grid_resolution;f_zero_no_detection
LCA,St. Lucia,country,2013,burned_area_km2,0.0,km2,K9,gfed5_annual_burned_area,measured,f_product_level;f_grid_resolution;f_zero_no_detection
LCA,St. Lucia,country,2014,burned_area_km2,0.0,km2,K9,gfed5_annual_burned_area,measured,f_product_level;f_grid_resolution;f_zero_no_detection
LCA,St. Lucia,country,2015,burned_area_km2,0.0,km2,K9,gfed5_annual_burned_area,measured,f_product_level;f_grid_resolution;f_zero_no_detection
LCA,St. Lucia,country,2016,burned_area_km2,0.0,km2,K9,gfed5_annual_burned_area,measured,f_product_level;f_grid_resolution;f_zero_no_detection
LCA,St. Lucia,country,2017,burned_area_km2,0.0,km2,K9,gfed5_annual_burned_area,measured,f_product_level;f_grid_resolution;f_zero_no_detection
LCA,St. Lucia,country,2018,burned_area_km2,0.0,km2,K9,gfed5_annual_burned_area,measured,f_product_level;f_grid_resolution;f_zero_no_detection
LCA,St. Lucia,country,2019,burned_area_km2,0.0,km2,K9,gfed5_annual_burned_area,measured,f_product_level;f_grid_resolution;f_zero_no_detection
LCA,St. Lucia,country,2020,burned_area_km2,0.0,km2,K9,gfed5_annual_burned_area,measured,f_product_level;f_grid_resolution;f_zero_no_detection
LIE,Liechtenstein,country,1997,burned_area_km2,0.0,km2,K9,gfed5_annual_burned_area,measured,f_product_level;f_resolution_change;f_grid_resolution;f_zero_no_detection
LIE,Liechtenstein,country,1998,burned_area_km2,0.0,km2,K9,gfed5_annual_burned_area,measured,f_product_level;f_resolution_change;f_grid_resolution;f_zero_no_detection
LIE,Liechtenstein,country,1999,burned_area_km2,0.0,km2,K9,gfed5_annual_burned_area,measured,f_product_level;f_resolution_change;f_grid_resolution;f_zero_no_detection
LIE,Liechtenstein,country,2000,burned_area_km2,0.0,km2,K9,gfed5_annual_burned_area,measured,f_product_level;f_resolution_change;f_grid_resolution;f_zero_no_detection
LIE,Liechtenstein,country,2001,burned_area_km2,0.0,km2,K9,gfed5_annual_burned_area,measured,f_product_level;f_grid_resolution;f_zero_no_detection
LIE,Liechtenstein,country,2002,burned_area_km2,0.0,km2,K9,gfed5_annual_burned_area,measured,f_product_level;f_grid_resolution;f_zero_no_detection
LIE,Liechtenstein,country,2003,burned_area_km2,0.0,km2,K9,gfed5_annual_burned_area,measured,f_product_level;f_grid_resolution;f_zero_no_detection
LIE,Liechtenstein,country,2004,burned_area_km2,0.0,km2,K9,gfed5_annual_burned_area,measured,f_product_level;f_grid_resolution;f_zero_no_detection
LIE,Liechtenstein,country,2005,burned_area_km2,0.0,km2,K9,gfed5_annual_burned_area,measured,f_product_level;f_grid_resolution;f_zero_no_detection
LIE,Liechtenstein,country,2006,burned_area_km2,0.0,km2,K9,gfed5_annual_burned_area,measured,f_product_level;f_grid_resolution;f_zero_no_detection
LIE,Liechtenstein,country,2007,burned_area_km2,0.0,km2,K9,gfed5_annual_burned_area,measured,f_product_level;f_grid_resolution;f_zero_no_detection
LIE,Liechtenstein,country,2008,burned_area_km2,0.0,km2,K9,gfed5_annual_burned_area,measured,f_product_level;f_grid_resolution;f_zero_no_detection
LIE,Liechtenstein,country,2009,burned_area_km2,0.0,km2,K9,gfed5_annual_burned_area,measured,f_product_level;f_grid_resolution;f_zero_no_detection
LIE,Liechtenstein,country,2010,burned_area_km2,0.0,km2,K9,gfed5_annual_burned_area,measured,f_product_level;f_grid_resolution;f_zero_no_detection
LIE,Liechtenstein,country,2011,burned_area_km2,0.0,km2,K9,gfed5_annual_burned_area,measured,f_product_level;f_grid_resolution;f_zero_no_detection
LIE,Liechtenstein,country,2012,burned_area_km2,0.0,km2,K9,gfed5_annual_burned_area,measured,f_product_level;f_grid_resolution;f_zero_no_detection
LIE,Liechtenstein,country,2013,burned_area_km2,0.0,km2,K9,gfed5_annual_burned_area,measured,f_product_level;f_grid_resolution;f_zero_no_detection
LIE,Liechtenstein,country,2014,burned_area_km2,0.0,km2,K9,gfed5_annual_burned_area,measured,f_product_level;f_grid_resolution;f_zero_no_detection
LIE,Liechtenstein,country,2015,burned_area_km2,0.0,km2,K9,gfed5_annual_burned_area,measured,f_product_level;f_grid_resolution;f_zero_no_detection
LIE,Liechtenstein,country,2016,burned_area_km2,0.0,km2,K9,gfed5_annual_burned_area,measured,f_product_level;f_grid_resolution;f_zero_no_detection
LIE,Liechtenstein,country,2017,burned_area_km2,0.0,km2,K9,gfed5_annual_burned_area,measured,f_product_level;f_grid_resolution;f_zero_no_detection
LIE,Liechtenstein,country,2018,burned_area_km2,0.0,km2,K9,gfed5_annual_burned_area,measured,f_product_level;f_grid_resolution;f_zero_no_detection
LIE,Liechtenstein,country,2019,burned_area_km2,0.0,km2,K9,gfed5_annual_burned_area,measured,f_product_level;f_grid_resolution;f_zero_no_detection
LIE,Liechtenstein,country,2020,burned_area_km2,0.0,km2,K9,gfed5_annual_burned_area,measured,f_product_level;f_grid_resolution;f_zero_no_detection
LKA,Sri Lanka,country,1997,burned_area_km2,1444.47,km2,K9,gfed5_annual_burned_area,measured,f_product_level;f_resolution_change
LKA,Sri Lanka,country,1998,burned_area_km2,4319.66,km2,K9,gfed5_annual_burned_area,measured,f_product_level;f_resolution_change
LKA,Sri Lanka,country,1999,burned_area_km2,4114.75,km2,K9,gfed5_annual_burned_area,measured,f_product_level;f_resolution_change
LKA,Sri Lanka,country,2000,burned_area_km2,4039.94,km2,K9,gfed5_annual_burned_area,measured,f_product_level;f_resolution_change
LKA,Sri Lanka,country,2001,burned_area_km2,3611.23,km2,K9,gfed5_annual_burned_area,measured,f_product_level
LKA,Sri Lanka,country,2002,burned_area_km2,3877.25,km2,K9,gfed5_annual_burned_area,measured,f_product_level
LKA,Sri Lanka,country,2003,burned_area_km2,3822.32,km2,K9,gfed5_annual_burned_area,measured,f_product_level
LKA,Sri Lanka,country,2004,burned_area_km2,4459.38,km2,K9,gfed5_annual_burned_area,measured,f_product_level
LKA,Sri Lanka,country,2005,burned_area_km2,5269.65,km2,K9,gfed5_annual_burned_area,measured,f_product_level
LKA,Sri Lanka,country,2006,burned_area_km2,3637.15,km2,K9,gfed5_annual_burned_area,measured,f_product_level
LKA,Sri Lanka,country,2007,burned_area_km2,3460.69,km2,K9,gfed5_annual_burned_area,measured,f_product_level
LKA,Sri Lanka,country,2008,burned_area_km2,4173.74,km2,K9,gfed5_annual_burned_area,measured,f_product_level
LKA,Sri Lanka,country,2009,burned_area_km2,5917.95,km2,K9,gfed5_annual_burned_area,measured,f_product_level
LKA,Sri Lanka,country,2010,burned_area_km2,3064.73,km2,K9,gfed5_annual_burned_area,measured,f_product_level
LKA,Sri Lanka,country,2011,burned_area_km2,3539.75,km2,K9,gfed5_annual_burned_area,measured,f_product_level
LKA,Sri Lanka,country,2012,burned_area_km2,5053.58,km2,K9,gfed5_annual_burned_area,measured,f_product_level
LKA,Sri Lanka,country,2013,burned_area_km2,3111.37,km2,K9,gfed5_annual_burned_area,measured,f_product_level
LKA,Sri Lanka,country,2014,burned_area_km2,3957.39,km2,K9,gfed5_annual_burned_area,measured,f_product_level
LKA,Sri Lanka,country,2015,burned_area_km2,2093.65,km2,K9,gfed5_annual_burned_area,measured,f_product_level
LKA,Sri Lanka,country,2016,burned_area_km2,4004.64,km2,K9,gfed5_annual_burned_area,measured,f_product_level
LKA,Sri Lanka,country,2017,burned_area_km2,1984.74,km2,K9,gfed5_annual_burned_area,measured,f_product_level
LKA,Sri Lanka,country,2018,burned_area_km2,2739.96,km2,K9,gfed5_annual_burned_area,measured,f_product_level
LKA,Sri Lanka,country,2019,burned_area_km2,2684.31,km2,K9,gfed5_annual_burned_area,measured,f_product_level
LKA,Sri Lanka,country,2020,burned_area_km2,2060.37,km2,K9,gfed5_annual_burned_area,measured,f_product_level
LSO,Lesotho,country,1997,burned_area_km2,4567.57,km2,K9,gfed5_annual_burned_area,measured,f_product_level;f_resolution_change
LSO,Lesotho,country,1998,burned_area_km2,6510.31,km2,K9,gfed5_annual_burned_area,measured,f_product_level;f_resolution_change
LSO,Lesotho,country,1999,burned_area_km2,4567.73,km2,K9,gfed5_annual_burned_area,measured,f_product_level;f_resolution_change
LSO,Lesotho,country,2000,burned_area_km2,5002.0,km2,K9,gfed5_annual_burned_area,measured,f_product_level;f_resolution_change
LSO,Lesotho,country,2001,burned_area_km2,809.84,km2,K9,gfed5_annual_burned_area,measured,f_product_level
LSO,Lesotho,country,2002,burned_area_km2,535.42,km2,K9,gfed5_annual_burned_area,measured,f_product_level
LSO,Lesotho,country,2003,burned_area_km2,1248.48,km2,K9,gfed5_annual_burned_area,measured,f_product_level
LSO,Lesotho,country,2004,burned_area_km2,473.21,km2,K9,gfed5_annual_burned_area,measured,f_product_level
LSO,Lesotho,country,2005,burned_area_km2,699.25,km2,K9,gfed5_annual_burned_area,measured,f_product_level
LSO,Lesotho,country,2006,burned_area_km2,474.37,km2,K9,gfed5_annual_burned_area,measured,f_product_level
LSO,Lesotho,country,2007,burned_area_km2,1088.71,km2,K9,gfed5_annual_burned_area,measured,f_product_level
LSO,Lesotho,country,2008,burned_area_km2,392.05,km2,K9,gfed5_annual_burned_area,measured,f_product_level
LSO,Lesotho,country,2009,burned_area_km2,474.25,km2,K9,gfed5_annual_burned_area,measured,f_product_level
LSO,Lesotho,country,2010,burned_area_km2,829.74,km2,K9,gfed5_annual_burned_area,measured,f_product_level
LSO,Lesotho,country,2011,burned_area_km2,608.05,km2,K9,gfed5_annual_burned_area,measured,f_product_level
LSO,Lesotho,country,2012,burned_area_km2,430.52,km2,K9,gfed5_annual_burned_area,measured,f_product_level
LSO,Lesotho,country,2013,burned_area_km2,780.06,km2,K9,gfed5_annual_burned_area,measured,f_product_level
LSO,Lesotho,country,2014,burned_area_km2,816.87,km2,K9,gfed5_annual_burned_area,measured,f_product_level
LSO,Lesotho,country,2015,burned_area_km2,533.79,km2,K9,gfed5_annual_burned_area,measured,f_product_level
LSO,Lesotho,country,2016,burned_area_km2,359.97,km2,K9,gfed5_annual_burned_area,measured,f_product_level
LSO,Lesotho,country,2017,burned_area_km2,483.01,km2,K9,gfed5_annual_burned_area,measured,f_product_level
LSO,Lesotho,country,2018,burned_area_km2,327.53,km2,K9,gfed5_annual_burned_area,measured,f_product_level
LSO,Lesotho,country,2019,burned_area_km2,715.83,km2,K9,gfed5_annual_burned_area,measured,f_product_level
LSO,Lesotho,country,2020,burned_area_km2,364.61,km2,K9,gfed5_annual_burned_area,measured,f_product_level
LTU,Litauen,country,1997,burned_area_km2,219.82,km2,K9,gfed5_annual_burned_area,measured,f_product_level;f_resolution_change
LTU,Litauen,country,1998,burned_area_km2,177.88,km2,K9,gfed5_annual_burned_area,measured,f_product_level;f_resolution_change
LTU,Litauen,country,1999,burned_area_km2,182.63,km2,K9,gfed5_annual_burned_area,measured,f_product_level;f_resolution_change
LTU,Litauen,country,2000,burned_area_km2,213.99,km2,K9,gfed5_annual_burned_area,measured,f_product_level;f_resolution_change
LTU,Litauen,country,2001,burned_area_km2,541.48,km2,K9,gfed5_annual_burned_area,measured,f_product_level
LTU,Litauen,country,2002,burned_area_km2,1740.62,km2,K9,gfed5_annual_burned_area,measured,f_product_level
LTU,Litauen,country,2003,burned_area_km2,958.85,km2,K9,gfed5_annual_burned_area,measured,f_product_level
LTU,Litauen,country,2004,burned_area_km2,574.08,km2,K9,gfed5_annual_burned_area,measured,f_product_level
LTU,Litauen,country,2005,burned_area_km2,343.63,km2,K9,gfed5_annual_burned_area,measured,f_product_level
LTU,Litauen,country,2006,burned_area_km2,649.22,km2,K9,gfed5_annual_burned_area,measured,f_product_level
LTU,Litauen,country,2007,burned_area_km2,124.69,km2,K9,gfed5_annual_burned_area,measured,f_product_level
LTU,Litauen,country,2008,burned_area_km2,145.49,km2,K9,gfed5_annual_burned_area,measured,f_product_level
LTU,Litauen,country,2009,burned_area_km2,398.02,km2,K9,gfed5_annual_burned_area,measured,f_product_level
LTU,Litauen,country,2010,burned_area_km2,164.85,km2,K9,gfed5_annual_burned_area,measured,f_product_level
LTU,Litauen,country,2011,burned_area_km2,135.18,km2,K9,gfed5_annual_burned_area,measured,f_product_level
LTU,Litauen,country,2012,burned_area_km2,115.27,km2,K9,gfed5_annual_burned_area,measured,f_product_level
LTU,Litauen,country,2013,burned_area_km2,138.45,km2,K9,gfed5_annual_burned_area,measured,f_product_level
LTU,Litauen,country,2014,burned_area_km2,139.28,km2,K9,gfed5_annual_burned_area,measured,f_product_level
LTU,Litauen,country,2015,burned_area_km2,161.86,km2,K9,gfed5_annual_burned_area,measured,f_product_level
LTU,Litauen,country,2016,burned_area_km2,68.01,km2,K9,gfed5_annual_burned_area,measured,f_product_level
LTU,Litauen,country,2017,burned_area_km2,41.06,km2,K9,gfed5_annual_burned_area,measured,f_product_level
LTU,Litauen,country,2018,burned_area_km2,123.66,km2,K9,gfed5_annual_burned_area,measured,f_product_level
LTU,Litauen,country,2019,burned_area_km2,176.93,km2,K9,gfed5_annual_burned_area,measured,f_product_level
LTU,Litauen,country,2020,burned_area_km2,70.85,km2,K9,gfed5_annual_burned_area,measured,f_product_level
LUX,Luxembourg,country,1997,burned_area_km2,130.01,km2,K9,gfed5_annual_burned_area,measured,f_product_level;f_resolution_change;f_grid_resolution
LUX,Luxembourg,country,1998,burned_area_km2,103.49,km2,K9,gfed5_annual_burned_area,measured,f_product_level;f_resolution_change;f_grid_resolution
LUX,Luxembourg,country,1999,burned_area_km2,80.12,km2,K9,gfed5_annual_burned_area,measured,f_product_level;f_resolution_change;f_grid_resolution
LUX,Luxembourg,country,2000,burned_area_km2,135.18,km2,K9,gfed5_annual_burned_area,measured,f_product_level;f_resolution_change;f_grid_resolution
LUX,Luxembourg,country,2001,burned_area_km2,0.19,km2,K9,gfed5_annual_burned_area,measured,f_product_level
LUX,Luxembourg,country,2002,burned_area_km2,0.0,km2,K9,gfed5_annual_burned_area,measured,f_product_level;f_zero_no_detection
LUX,Luxembourg,country,2003,burned_area_km2,5.42,km2,K9,gfed5_annual_burned_area,measured,f_product_level
LUX,Luxembourg,country,2004,burned_area_km2,0.47,km2,K9,gfed5_annual_burned_area,measured,f_product_level
LUX,Luxembourg,country,2005,burned_area_km2,2.81,km2,K9,gfed5_annual_burned_area,measured,f_product_level
LUX,Luxembourg,country,2006,burned_area_km2,0.17,km2,K9,gfed5_annual_burned_area,measured,f_product_level
LUX,Luxembourg,country,2007,burned_area_km2,0.72,km2,K9,gfed5_annual_burned_area,measured,f_product_level
LUX,Luxembourg,country,2008,burned_area_km2,1.72,km2,K9,gfed5_annual_burned_area,measured,f_product_level
LUX,Luxembourg,country,2009,burned_area_km2,0.0,km2,K9,gfed5_annual_burned_area,measured,f_product_level;f_zero_no_detection
LUX,Luxembourg,country,2010,burned_area_km2,5.12,km2,K9,gfed5_annual_burned_area,measured,f_product_level
LUX,Luxembourg,country,2011,burned_area_km2,0.49,km2,K9,gfed5_annual_burned_area,measured,f_product_level
LUX,Luxembourg,country,2012,burned_area_km2,2.52,km2,K9,gfed5_annual_burned_area,measured,f_product_level
LUX,Luxembourg,country,2013,burned_area_km2,0.0,km2,K9,gfed5_annual_burned_area,measured,f_product_level;f_zero_no_detection
LUX,Luxembourg,country,2014,burned_area_km2,1.04,km2,K9,gfed5_annual_burned_area,measured,f_product_level
LUX,Luxembourg,country,2015,burned_area_km2,3.4,km2,K9,gfed5_annual_burned_area,measured,f_product_level
LUX,Luxembourg,country,2016,burned_area_km2,0.44,km2,K9,gfed5_annual_burned_area,measured,f_product_level
LUX,Luxembourg,country,2017,burned_area_km2,0.1,km2,K9,gfed5_annual_burned_area,measured,f_product_level
LUX,Luxembourg,country,2018,burned_area_km2,0.0,km2,K9,gfed5_annual_burned_area,measured,f_product_level;f_zero_no_detection
LUX,Luxembourg,country,2019,burned_area_km2,1.05,km2,K9,gfed5_annual_burned_area,measured,f_product_level
LUX,Luxembourg,country,2020,burned_area_km2,0.45,km2,K9,gfed5_annual_burned_area,measured,f_product_level
LVA,Latvia,country,1997,burned_area_km2,360.22,km2,K9,gfed5_annual_burned_area,measured,f_product_level;f_resolution_change
LVA,Latvia,country,1998,burned_area_km2,450.88,km2,K9,gfed5_annual_burned_area,measured,f_product_level;f_resolution_change
LVA,Latvia,country,1999,burned_area_km2,273.78,km2,K9,gfed5_annual_burned_area,measured,f_product_level;f_resolution_change
LVA,Latvia,country,2000,burned_area_km2,437.62,km2,K9,gfed5_annual_burned_area,measured,f_product_level;f_resolution_change
LVA,Latvia,country,2001,burned_area_km2,684.57,km2,K9,gfed5_annual_burned_area,measured,f_product_level
LVA,Latvia,country,2002,burned_area_km2,1802.97,km2,K9,gfed5_annual_burned_area,measured,f_product_level
LVA,Latvia,country,2003,burned_area_km2,919.46,km2,K9,gfed5_annual_burned_area,measured,f_product_level
LVA,Latvia,country,2004,burned_area_km2,555.06,km2,K9,gfed5_annual_burned_area,measured,f_product_level
LVA,Latvia,country,2005,burned_area_km2,92.98,km2,K9,gfed5_annual_burned_area,measured,f_product_level
LVA,Latvia,country,2006,burned_area_km2,781.56,km2,K9,gfed5_annual_burned_area,measured,f_product_level
LVA,Latvia,country,2007,burned_area_km2,124.32,km2,K9,gfed5_annual_burned_area,measured,f_product_level
LVA,Latvia,country,2008,burned_area_km2,63.87,km2,K9,gfed5_annual_burned_area,measured,f_product_level
LVA,Latvia,country,2009,burned_area_km2,189.06,km2,K9,gfed5_annual_burned_area,measured,f_product_level
LVA,Latvia,country,2010,burned_area_km2,103.15,km2,K9,gfed5_annual_burned_area,measured,f_product_level
LVA,Latvia,country,2011,burned_area_km2,76.17,km2,K9,gfed5_annual_burned_area,measured,f_product_level
LVA,Latvia,country,2012,burned_area_km2,80.06,km2,K9,gfed5_annual_burned_area,measured,f_product_level
LVA,Latvia,country,2013,burned_area_km2,87.14,km2,K9,gfed5_annual_burned_area,measured,f_product_level
LVA,Latvia,country,2014,burned_area_km2,152.46,km2,K9,gfed5_annual_burned_area,measured,f_product_level
LVA,Latvia,country,2015,burned_area_km2,102.37,km2,K9,gfed5_annual_burned_area,measured,f_product_level
LVA,Latvia,country,2016,burned_area_km2,95.79,km2,K9,gfed5_annual_burned_area,measured,f_product_level
LVA,Latvia,country,2017,burned_area_km2,39.71,km2,K9,gfed5_annual_burned_area,measured,f_product_level
LVA,Latvia,country,2018,burned_area_km2,107.41,km2,K9,gfed5_annual_burned_area,measured,f_product_level
LVA,Latvia,country,2019,burned_area_km2,102.32,km2,K9,gfed5_annual_burned_area,measured,f_product_level
LVA,Latvia,country,2020,burned_area_km2,46.45,km2,K9,gfed5_annual_burned_area,measured,f_product_level
MAC,Macao,country,1997,burned_area_km2,0.0,km2,K9,gfed5_annual_burned_area,measured,f_product_level;f_resolution_change;f_grid_resolution;f_zero_no_detection
MAC,Macao,country,1998,burned_area_km2,0.04,km2,K9,gfed5_annual_burned_area,measured,f_product_level;f_resolution_change;f_grid_resolution
MAC,Macao,country,1999,burned_area_km2,0.18,km2,K9,gfed5_annual_burned_area,measured,f_product_level;f_resolution_change;f_grid_resolution
MAC,Macao,country,2000,burned_area_km2,0.08,km2,K9,gfed5_annual_burned_area,measured,f_product_level;f_resolution_change;f_grid_resolution
MAC,Macao,country,2001,burned_area_km2,0.0,km2,K9,gfed5_annual_burned_area,measured,f_product_level;f_grid_resolution;f_zero_no_detection
MAC,Macao,country,2002,burned_area_km2,0.0,km2,K9,gfed5_annual_burned_area,measured,f_product_level;f_grid_resolution;f_zero_no_detection
MAC,Macao,country,2003,burned_area_km2,0.0,km2,K9,gfed5_annual_burned_area,measured,f_product_level;f_grid_resolution;f_zero_no_detection
MAC,Macao,country,2004,burned_area_km2,0.0,km2,K9,gfed5_annual_burned_area,measured,f_product_level;f_grid_resolution;f_zero_no_detection
MAC,Macao,country,2005,burned_area_km2,0.0,km2,K9,gfed5_annual_burned_area,measured,f_product_level;f_grid_resolution;f_zero_no_detection
MAC,Macao,country,2006,burned_area_km2,0.0,km2,K9,gfed5_annual_burned_area,measured,f_product_level;f_grid_resolution;f_zero_no_detection
MAC,Macao,country,2007,burned_area_km2,0.0,km2,K9,gfed5_annual_burned_area,measured,f_product_level;f_grid_resolution;f_zero_no_detection
MAC,Macao,country,2008,burned_area_km2,0.0,km2,K9,gfed5_annual_burned_area,measured,f_product_level;f_grid_resolution;f_zero_no_detection
MAC,Macao,country,2009,burned_area_km2,0.0,km2,K9,gfed5_annual_burned_area,measured,f_product_level;f_grid_resolution;f_zero_no_detection
MAC,Macao,country,2010,burned_area_km2,0.0,km2,K9,gfed5_annual_burned_area,measured,f_product_level;f_grid_resolution;f_zero_no_detection
MAC,Macao,country,2011,burned_area_km2,0.0,km2,K9,gfed5_annual_burned_area,measured,f_product_level;f_grid_resolution;f_zero_no_detection
MAC,Macao,country,2012,burned_area_km2,0.0,km2,K9,gfed5_annual_burned_area,measured,f_product_level;f_grid_resolution;f_zero_no_detection
MAC,Macao,country,2013,burned_area_km2,0.0,km2,K9,gfed5_annual_burned_area,measured,f_product_level;f_grid_resolution;f_zero_no_detection
MAC,Macao,country,2014,burned_area_km2,0.0,km2,K9,gfed5_annual_burned_area,measured,f_product_level;f_grid_resolution;f_zero_no_detection
MAC,Macao,country,2015,burned_area_km2,0.0,km2,K9,gfed5_annual_burned_area,measured,f_product_level;f_grid_resolution;f_zero_no_detection
MAC,Macao,country,2016,burned_area_km2,0.0,km2,K9,gfed5_annual_burned_area,measured,f_product_level;f_grid_resolution;f_zero_no_detection
MAC,Macao,country,2017,burned_area_km2,0.0,km2,K9,gfed5_annual_burned_area,measured,f_product_level;f_grid_resolution;f_zero_no_detection
MAC,Macao,country,2018,burned_area_km2,0.0,km2,K9,gfed5_annual_burned_area,measured,f_product_level;f_grid_resolution;f_zero_no_detection
MAC,Macao,country,2019,burned_area_km2,0.0,km2,K9,gfed5_annual_burned_area,measured,f_product_level;f_grid_resolution;f_zero_no_detection
MAC,Macao,country,2020,burned_area_km2,0.0,km2,K9,gfed5_annual_burned_area,measured,f_product_level;f_grid_resolution;f_zero_no_detection
MAF,Saint-Martin (FR),country,1997,burned_area_km2,0.0,km2,K9,gfed5_annual_burned_area,measured,f_product_level;f_resolution_change;f_grid_resolution;f_zero_no_detection
MAF,Saint-Martin (FR),country,1998,burned_area_km2,0.0,km2,K9,gfed5_annual_burned_area,measured,f_product_level;f_resolution_change;f_grid_resolution;f_zero_no_detection
MAF,Saint-Martin (FR),country,1999,burned_area_km2,0.0,km2,K9,gfed5_annual_burned_area,measured,f_product_level;f_resolution_change;f_grid_resolution;f_zero_no_detection
MAF,Saint-Martin (FR),country,2000,burned_area_km2,0.0,km2,K9,gfed5_annual_burned_area,measured,f_product_level;f_resolution_change;f_grid_resolution;f_zero_no_detection
MAF,Saint-Martin (FR),country,2001,burned_area_km2,0.0,km2,K9,gfed5_annual_burned_area,measured,f_product_level;f_grid_resolution;f_zero_no_detection
MAF,Saint-Martin (FR),country,2002,burned_area_km2,0.0,km2,K9,gfed5_annual_burned_area,measured,f_product_level;f_grid_resolution;f_zero_no_detection
MAF,Saint-Martin (FR),country,2003,burned_area_km2,0.0,km2,K9,gfed5_annual_burned_area,measured,f_product_level;f_grid_resolution;f_zero_no_detection
MAF,Saint-Martin (FR),country,2004,burned_area_km2,0.0,km2,K9,gfed5_annual_burned_area,measured,f_product_level;f_grid_resolution;f_zero_no_detection
MAF,Saint-Martin (FR),country,2005,burned_area_km2,0.0,km2,K9,gfed5_annual_burned_area,measured,f_product_level;f_grid_resolution;f_zero_no_detection
MAF,Saint-Martin (FR),country,2006,burned_area_km2,0.0,km2,K9,gfed5_annual_burned_area,measured,f_product_level;f_grid_resolution;f_zero_no_detection
MAF,Saint-Martin (FR),country,2007,burned_area_km2,0.0,km2,K9,gfed5_annual_burned_area,measured,f_product_level;f_grid_resolution;f_zero_no_detection
MAF,Saint-Martin (FR),country,2008,burned_area_km2,0.0,km2,K9,gfed5_annual_burned_area,measured,f_product_level;f_grid_resolution;f_zero_no_detection
MAF,Saint-Martin (FR),country,2009,burned_area_km2,0.0,km2,K9,gfed5_annual_burned_area,measured,f_product_level;f_grid_resolution;f_zero_no_detection
MAF,Saint-Martin (FR),country,2010,burned_area_km2,0.0,km2,K9,gfed5_annual_burned_area,measured,f_product_level;f_grid_resolution;f_zero_no_detection
MAF,Saint-Martin (FR),country,2011,burned_area_km2,0.0,km2,K9,gfed5_annual_burned_area,measured,f_product_level;f_grid_resolution;f_zero_no_detection
MAF,Saint-Martin (FR),country,2012,burned_area_km2,0.0,km2,K9,gfed5_annual_burned_area,measured,f_product_level;f_grid_resolution;f_zero_no_detection
MAF,Saint-Martin (FR),country,2013,burned_area_km2,0.0,km2,K9,gfed5_annual_burned_area,measured,f_product_level;f_grid_resolution;f_zero_no_detection
MAF,Saint-Martin (FR),country,2014,burned_area_km2,0.0,km2,K9,gfed5_annual_burned_area,measured,f_product_level;f_grid_resolution;f_zero_no_detection
MAF,Saint-Martin (FR),country,2015,burned_area_km2,0.0,km2,K9,gfed5_annual_burned_area,measured,f_product_level;f_grid_resolution;f_zero_no_detection
MAF,Saint-Martin (FR),country,2016,burned_area_km2,0.0,km2,K9,gfed5_annual_burned_area,measured,f_product_level;f_grid_resolution;f_zero_no_detection
MAF,Saint-Martin (FR),country,2017,burned_area_km2,0.0,km2,K9,gfed5_annual_burned_area,measured,f_product_level;f_grid_resolution;f_zero_no_detection
MAF,Saint-Martin (FR),country,2018,burned_area_km2,0.0,km2,K9,gfed5_annual_burned_area,measured,f_product_level;f_grid_resolution;f_zero_no_detection
MAF,Saint-Martin (FR),country,2019,burned_area_km2,0.0,km2,K9,gfed5_annual_burned_area,measured,f_product_level;f_grid_resolution;f_zero_no_detection
MAF,Saint-Martin (FR),country,2020,burned_area_km2,0.0,km2,K9,gfed5_annual_burned_area,measured,f_product_level;f_grid_resolution;f_zero_no_detection
MAR,Marokko,country,1997,burned_area_km2,217.24,km2,K9,gfed5_annual_burned_area,measured,f_product_level;f_resolution_change
MAR,Marokko,country,1998,burned_area_km2,372.56,km2,K9,gfed5_annual_burned_area,measured,f_product_level;f_resolution_change
MAR,Marokko,country,1999,burned_area_km2,301.66,km2,K9,gfed5_annual_burned_area,measured,f_product_level;f_resolution_change
MAR,Marokko,country,2000,burned_area_km2,296.13,km2,K9,gfed5_annual_burned_area,measured,f_product_level;f_resolution_change
MAR,Marokko,country,2001,burned_area_km2,143.03,km2,K9,gfed5_annual_burned_area,measured,f_product_level
MAR,Marokko,country,2002,burned_area_km2,154.46,km2,K9,gfed5_annual_burned_area,measured,f_product_level
MAR,Marokko,country,2003,burned_area_km2,628.22,km2,K9,gfed5_annual_burned_area,measured,f_product_level
MAR,Marokko,country,2004,burned_area_km2,792.58,km2,K9,gfed5_annual_burned_area,measured,f_product_level
MAR,Marokko,country,2005,burned_area_km2,421.39,km2,K9,gfed5_annual_burned_area,measured,f_product_level
MAR,Marokko,country,2006,burned_area_km2,694.17,km2,K9,gfed5_annual_burned_area,measured,f_product_level
MAR,Marokko,country,2007,burned_area_km2,265.16,km2,K9,gfed5_annual_burned_area,measured,f_product_level
MAR,Marokko,country,2008,burned_area_km2,125.48,km2,K9,gfed5_annual_burned_area,measured,f_product_level
MAR,Marokko,country,2009,burned_area_km2,328.71,km2,K9,gfed5_annual_burned_area,measured,f_product_level
MAR,Marokko,country,2010,burned_area_km2,323.41,km2,K9,gfed5_annual_burned_area,measured,f_product_level
MAR,Marokko,country,2011,burned_area_km2,460.18,km2,K9,gfed5_annual_burned_area,measured,f_product_level
MAR,Marokko,country,2012,burned_area_km2,344.22,km2,K9,gfed5_annual_burned_area,measured,f_product_level
MAR,Marokko,country,2013,burned_area_km2,375.87,km2,K9,gfed5_annual_burned_area,measured,f_product_level
MAR,Marokko,country,2014,burned_area_km2,271.38,km2,K9,gfed5_annual_burned_area,measured,f_product_level
MAR,Marokko,country,2015,burned_area_km2,313.88,km2,K9,gfed5_annual_burned_area,measured,f_product_level
MAR,Marokko,country,2016,burned_area_km2,267.18,km2,K9,gfed5_annual_burned_area,measured,f_product_level
MAR,Marokko,country,2017,burned_area_km2,334.18,km2,K9,gfed5_annual_burned_area,measured,f_product_level
MAR,Marokko,country,2018,burned_area_km2,418.76,km2,K9,gfed5_annual_burned_area,measured,f_product_level
MAR,Marokko,country,2019,burned_area_km2,379.11,km2,K9,gfed5_annual_burned_area,measured,f_product_level
MAR,Marokko,country,2020,burned_area_km2,357.7,km2,K9,gfed5_annual_burned_area,measured,f_product_level
MCO,Monaco,country,1997,burned_area_km2,0.94,km2,K9,gfed5_annual_burned_area,measured,f_product_level;f_resolution_change;f_grid_resolution
MCO,Monaco,country,1998,burned_area_km2,0.9,km2,K9,gfed5_annual_burned_area,measured,f_product_level;f_resolution_change;f_grid_resolution
MCO,Monaco,country,1999,burned_area_km2,1.01,km2,K9,gfed5_annual_burned_area,measured,f_product_level;f_resolution_change;f_grid_resolution
MCO,Monaco,country,2000,burned_area_km2,1.3,km2,K9,gfed5_annual_burned_area,measured,f_product_level;f_resolution_change;f_grid_resolution
MCO,Monaco,country,2001,burned_area_km2,0.0,km2,K9,gfed5_annual_burned_area,measured,f_product_level;f_grid_resolution;f_zero_no_detection
MCO,Monaco,country,2002,burned_area_km2,0.0,km2,K9,gfed5_annual_burned_area,measured,f_product_level;f_grid_resolution;f_zero_no_detection
MCO,Monaco,country,2003,burned_area_km2,0.0,km2,K9,gfed5_annual_burned_area,measured,f_product_level;f_grid_resolution;f_zero_no_detection
MCO,Monaco,country,2004,burned_area_km2,0.0,km2,K9,gfed5_annual_burned_area,measured,f_product_level;f_grid_resolution;f_zero_no_detection
MCO,Monaco,country,2005,burned_area_km2,0.0,km2,K9,gfed5_annual_burned_area,measured,f_product_level;f_grid_resolution;f_zero_no_detection
MCO,Monaco,country,2006,burned_area_km2,0.0,km2,K9,gfed5_annual_burned_area,measured,f_product_level;f_grid_resolution;f_zero_no_detection
MCO,Monaco,country,2007,burned_area_km2,0.0,km2,K9,gfed5_annual_burned_area,measured,f_product_level;f_grid_resolution;f_zero_no_detection
MCO,Monaco,country,2008,burned_area_km2,0.0,km2,K9,gfed5_annual_burned_area,measured,f_product_level;f_grid_resolution;f_zero_no_detection
MCO,Monaco,country,2009,burned_area_km2,0.0,km2,K9,gfed5_annual_burned_area,measured,f_product_level;f_grid_resolution;f_zero_no_detection
MCO,Monaco,country,2010,burned_area_km2,0.0,km2,K9,gfed5_annual_burned_area,measured,f_product_level;f_grid_resolution;f_zero_no_detection
MCO,Monaco,country,2011,burned_area_km2,0.0,km2,K9,gfed5_annual_burned_area,measured,f_product_level;f_grid_resolution;f_zero_no_detection
MCO,Monaco,country,2012,burned_area_km2,0.0,km2,K9,gfed5_annual_burned_area,measured,f_product_level;f_grid_resolution;f_zero_no_detection
MCO,Monaco,country,2013,burned_area_km2,0.0,km2,K9,gfed5_annual_burned_area,measured,f_product_level;f_grid_resolution;f_zero_no_detection
MCO,Monaco,country,2014,burned_area_km2,0.0,km2,K9,gfed5_annual_burned_area,measured,f_product_level;f_grid_resolution;f_zero_no_detection
MCO,Monaco,country,2015,burned_area_km2,0.0,km2,K9,gfed5_annual_burned_area,measured,f_product_level;f_grid_resolution;f_zero_no_detection
MCO,Monaco,country,2016,burned_area_km2,0.0,km2,K9,gfed5_annual_burned_area,measured,f_product_level;f_grid_resolution;f_zero_no_detection
MCO,Monaco,country,2017,burned_area_km2,0.0,km2,K9,gfed5_annual_burned_area,measured,f_product_level;f_grid_resolution;f_zero_no_detection
MCO,Monaco,country,2018,burned_area_km2,0.0,km2,K9,gfed5_annual_burned_area,measured,f_product_level;f_grid_resolution;f_zero_no_detection
MCO,Monaco,country,2019,burned_area_km2,0.0,km2,K9,gfed5_annual_burned_area,measured,f_product_level;f_grid_resolution;f_zero_no_detection
MCO,Monaco,country,2020,burned_area_km2,0.0,km2,K9,gfed5_annual_burned_area,measured,f_product_level;f_grid_resolution;f_zero_no_detection
MDA,Moldova,country,1997,burned_area_km2,377.84,km2,K9,gfed5_annual_burned_area,measured,f_product_level;f_resolution_change
MDA,Moldova,country,1998,burned_area_km2,563.52,km2,K9,gfed5_annual_burned_area,measured,f_product_level;f_resolution_change
MDA,Moldova,country,1999,burned_area_km2,469.05,km2,K9,gfed5_annual_burned_area,measured,f_product_level;f_resolution_change
MDA,Moldova,country,2000,burned_area_km2,702.72,km2,K9,gfed5_annual_burned_area,measured,f_product_level;f_resolution_change
MDA,Moldova,country,2001,burned_area_km2,3343.54,km2,K9,gfed5_annual_burned_area,measured,f_product_level
MDA,Moldova,country,2002,burned_area_km2,984.15,km2,K9,gfed5_annual_burned_area,measured,f_product_level
MDA,Moldova,country,2003,burned_area_km2,218.47,km2,K9,gfed5_annual_burned_area,measured,f_product_level
MDA,Moldova,country,2004,burned_area_km2,811.55,km2,K9,gfed5_annual_burned_area,measured,f_product_level
MDA,Moldova,country,2005,burned_area_km2,1797.85,km2,K9,gfed5_annual_burned_area,measured,f_product_level
MDA,Moldova,country,2006,burned_area_km2,1166.02,km2,K9,gfed5_annual_burned_area,measured,f_product_level
MDA,Moldova,country,2007,burned_area_km2,1015.95,km2,K9,gfed5_annual_burned_area,measured,f_product_level
MDA,Moldova,country,2008,burned_area_km2,3312.61,km2,K9,gfed5_annual_burned_area,measured,f_product_level
MDA,Moldova,country,2009,burned_area_km2,1296.81,km2,K9,gfed5_annual_burned_area,measured,f_product_level
MDA,Moldova,country,2010,burned_area_km2,821.29,km2,K9,gfed5_annual_burned_area,measured,f_product_level
MDA,Moldova,country,2011,burned_area_km2,1960.5,km2,K9,gfed5_annual_burned_area,measured,f_product_level
MDA,Moldova,country,2012,burned_area_km2,850.23,km2,K9,gfed5_annual_burned_area,measured,f_product_level
MDA,Moldova,country,2013,burned_area_km2,930.46,km2,K9,gfed5_annual_burned_area,measured,f_product_level
MDA,Moldova,country,2014,burned_area_km2,2484.75,km2,K9,gfed5_annual_burned_area,measured,f_product_level
MDA,Moldova,country,2015,burned_area_km2,1361.8,km2,K9,gfed5_annual_burned_area,measured,f_product_level
MDA,Moldova,country,2016,burned_area_km2,1580.85,km2,K9,gfed5_annual_burned_area,measured,f_product_level
MDA,Moldova,country,2017,burned_area_km2,1093.82,km2,K9,gfed5_annual_burned_area,measured,f_product_level
MDA,Moldova,country,2018,burned_area_km2,730.44,km2,K9,gfed5_annual_burned_area,measured,f_product_level
MDA,Moldova,country,2019,burned_area_km2,912.55,km2,K9,gfed5_annual_burned_area,measured,f_product_level
MDA,Moldova,country,2020,burned_area_km2,531.54,km2,K9,gfed5_annual_burned_area,measured,f_product_level
MDG,Madagaskar,country,1997,burned_area_km2,114177.18,km2,K9,gfed5_annual_burned_area,measured,f_product_level;f_resolution_change
MDG,Madagaskar,country,1998,burned_area_km2,164655.55,km2,K9,gfed5_annual_burned_area,measured,f_product_level;f_resolution_change
MDG,Madagaskar,country,1999,burned_area_km2,113247.63,km2,K9,gfed5_annual_burned_area,measured,f_product_level;f_resolution_change
MDG,Madagaskar,country,2000,burned_area_km2,98158.89,km2,K9,gfed5_annual_burned_area,measured,f_product_level;f_resolution_change
MDG,Madagaskar,country,2001,burned_area_km2,233281.0,km2,K9,gfed5_annual_burned_area,measured,f_product_level
MDG,Madagaskar,country,2002,burned_area_km2,146916.78,km2,K9,gfed5_annual_burned_area,measured,f_product_level
MDG,Madagaskar,country,2003,burned_area_km2,140192.45,km2,K9,gfed5_annual_burned_area,measured,f_product_level
MDG,Madagaskar,country,2004,burned_area_km2,104239.48,km2,K9,gfed5_annual_burned_area,measured,f_product_level
MDG,Madagaskar,country,2005,burned_area_km2,157907.5,km2,K9,gfed5_annual_burned_area,measured,f_product_level
MDG,Madagaskar,country,2006,burned_area_km2,127222.02,km2,K9,gfed5_annual_burned_area,measured,f_product_level
MDG,Madagaskar,country,2007,burned_area_km2,150791.8,km2,K9,gfed5_annual_burned_area,measured,f_product_level
MDG,Madagaskar,country,2008,burned_area_km2,125144.83,km2,K9,gfed5_annual_burned_area,measured,f_product_level
MDG,Madagaskar,country,2009,burned_area_km2,154864.11,km2,K9,gfed5_annual_burned_area,measured,f_product_level
MDG,Madagaskar,country,2010,burned_area_km2,136563.44,km2,K9,gfed5_annual_burned_area,measured,f_product_level
MDG,Madagaskar,country,2011,burned_area_km2,143002.05,km2,K9,gfed5_annual_burned_area,measured,f_product_level
MDG,Madagaskar,country,2012,burned_area_km2,135609.27,km2,K9,gfed5_annual_burned_area,measured,f_product_level
MDG,Madagaskar,country,2013,burned_area_km2,149831.63,km2,K9,gfed5_annual_burned_area,measured,f_product_level
MDG,Madagaskar,country,2014,burned_area_km2,136920.35,km2,K9,gfed5_annual_burned_area,measured,f_product_level
MDG,Madagaskar,country,2015,burned_area_km2,135193.04,km2,K9,gfed5_annual_burned_area,measured,f_product_level
MDG,Madagaskar,country,2016,burned_area_km2,165768.85,km2,K9,gfed5_annual_burned_area,measured,f_product_level
MDG,Madagaskar,country,2017,burned_area_km2,135409.27,km2,K9,gfed5_annual_burned_area,measured,f_product_level
MDG,Madagaskar,country,2018,burned_area_km2,145439.91,km2,K9,gfed5_annual_burned_area,measured,f_product_level
MDG,Madagaskar,country,2019,burned_area_km2,129951.56,km2,K9,gfed5_annual_burned_area,measured,f_product_level
MDG,Madagaskar,country,2020,burned_area_km2,161503.83,km2,K9,gfed5_annual_burned_area,measured,f_product_level
MDV,Maldivene,country,1997,burned_area_km2,0.0,km2,K9,gfed5_annual_burned_area,measured,f_product_level;f_resolution_change;f_grid_resolution;f_zero_no_detection
MDV,Maldivene,country,1998,burned_area_km2,0.0,km2,K9,gfed5_annual_burned_area,measured,f_product_level;f_resolution_change;f_grid_resolution;f_zero_no_detection
MDV,Maldivene,country,1999,burned_area_km2,0.0,km2,K9,gfed5_annual_burned_area,measured,f_product_level;f_resolution_change;f_grid_resolution;f_zero_no_detection
MDV,Maldivene,country,2000,burned_area_km2,0.0,km2,K9,gfed5_annual_burned_area,measured,f_product_level;f_resolution_change;f_grid_resolution;f_zero_no_detection
MDV,Maldivene,country,2001,burned_area_km2,0.0,km2,K9,gfed5_annual_burned_area,measured,f_product_level;f_grid_resolution;f_zero_no_detection
MDV,Maldivene,country,2002,burned_area_km2,0.0,km2,K9,gfed5_annual_burned_area,measured,f_product_level;f_grid_resolution;f_zero_no_detection
MDV,Maldivene,country,2003,burned_area_km2,0.0,km2,K9,gfed5_annual_burned_area,measured,f_product_level;f_grid_resolution;f_zero_no_detection
MDV,Maldivene,country,2004,burned_area_km2,0.0,km2,K9,gfed5_annual_burned_area,measured,f_product_level;f_grid_resolution;f_zero_no_detection
MDV,Maldivene,country,2005,burned_area_km2,0.0,km2,K9,gfed5_annual_burned_area,measured,f_product_level;f_grid_resolution;f_zero_no_detection
MDV,Maldivene,country,2006,burned_area_km2,0.0,km2,K9,gfed5_annual_burned_area,measured,f_product_level;f_grid_resolution;f_zero_no_detection
MDV,Maldivene,country,2007,burned_area_km2,0.0,km2,K9,gfed5_annual_burned_area,measured,f_product_level;f_grid_resolution;f_zero_no_detection
MDV,Maldivene,country,2008,burned_area_km2,0.0,km2,K9,gfed5_annual_burned_area,measured,f_product_level;f_grid_resolution;f_zero_no_detection
MDV,Maldivene,country,2009,burned_area_km2,0.0,km2,K9,gfed5_annual_burned_area,measured,f_product_level;f_grid_resolution;f_zero_no_detection
MDV,Maldivene,country,2010,burned_area_km2,0.0,km2,K9,gfed5_annual_burned_area,measured,f_product_level;f_grid_resolution;f_zero_no_detection
MDV,Maldivene,country,2011,burned_area_km2,0.0,km2,K9,gfed5_annual_burned_area,measured,f_product_level;f_grid_resolution;f_zero_no_detection
MDV,Maldivene,country,2012,burned_area_km2,0.0,km2,K9,gfed5_annual_burned_area,measured,f_product_level;f_grid_resolution;f_zero_no_detection
MDV,Maldivene,country,2013,burned_area_km2,0.0,km2,K9,gfed5_annual_burned_area,measured,f_product_level;f_grid_resolution;f_zero_no_detection
MDV,Maldivene,country,2014,burned_area_km2,0.0,km2,K9,gfed5_annual_burned_area,measured,f_product_level;f_grid_resolution;f_zero_no_detection
MDV,Maldivene,country,2015,burned_area_km2,0.0,km2,K9,gfed5_annual_burned_area,measured,f_product_level;f_grid_resolution;f_zero_no_detection
MDV,Maldivene,country,2016,burned_area_km2,0.0,km2,K9,gfed5_annual_burned_area,measured,f_product_level;f_grid_resolution;f_zero_no_detection
MDV,Maldivene,country,2017,burned_area_km2,0.0,km2,K9,gfed5_annual_burned_area,measured,f_product_level;f_grid_resolution;f_zero_no_detection
MDV,Maldivene,country,2018,burned_area_km2,0.0,km2,K9,gfed5_annual_burned_area,measured,f_product_level;f_grid_resolution;f_zero_no_detection
MDV,Maldivene,country,2019,burned_area_km2,0.0,km2,K9,gfed5_annual_burned_area,measured,f_product_level;f_grid_resolution;f_zero_no_detection
MDV,Maldivene,country,2020,burned_area_km2,0.0,km2,K9,gfed5_annual_burned_area,measured,f_product_level;f_grid_resolution;f_zero_no_detection
MEX,Mexico,country,1997,burned_area_km2,43699.62,km2,K9,gfed5_annual_burned_area,measured,f_product_level;f_resolution_change
MEX,Mexico,country,1998,burned_area_km2,197500.85,km2,K9,gfed5_annual_burned_area,measured,f_product_level;f_resolution_change
MEX,Mexico,country,1999,burned_area_km2,58290.92,km2,K9,gfed5_annual_burned_area,measured,f_product_level;f_resolution_change
MEX,Mexico,country,2000,burned_area_km2,87743.16,km2,K9,gfed5_annual_burned_area,measured,f_product_level;f_resolution_change
MEX,Mexico,country,2001,burned_area_km2,82879.18,km2,K9,gfed5_annual_burned_area,measured,f_product_level
MEX,Mexico,country,2002,burned_area_km2,94700.61,km2,K9,gfed5_annual_burned_area,measured,f_product_level
MEX,Mexico,country,2003,burned_area_km2,86280.5,km2,K9,gfed5_annual_burned_area,measured,f_product_level
MEX,Mexico,country,2004,burned_area_km2,61221.24,km2,K9,gfed5_annual_burned_area,measured,f_product_level
MEX,Mexico,country,2005,burned_area_km2,98568.04,km2,K9,gfed5_annual_burned_area,measured,f_product_level
MEX,Mexico,country,2006,burned_area_km2,69519.63,km2,K9,gfed5_annual_burned_area,measured,f_product_level
MEX,Mexico,country,2007,burned_area_km2,71653.12,km2,K9,gfed5_annual_burned_area,measured,f_product_level
MEX,Mexico,country,2008,burned_area_km2,80053.0,km2,K9,gfed5_annual_burned_area,measured,f_product_level
MEX,Mexico,country,2009,burned_area_km2,88024.08,km2,K9,gfed5_annual_burned_area,measured,f_product_level
MEX,Mexico,country,2010,burned_area_km2,70553.95,km2,K9,gfed5_annual_burned_area,measured,f_product_level
MEX,Mexico,country,2011,burned_area_km2,109037.96,km2,K9,gfed5_annual_burned_area,measured,f_product_level
MEX,Mexico,country,2012,burned_area_km2,68907.22,km2,K9,gfed5_annual_burned_area,measured,f_product_level
MEX,Mexico,country,2013,burned_area_km2,84088.71,km2,K9,gfed5_annual_burned_area,measured,f_product_level
MEX,Mexico,country,2014,burned_area_km2,46726.37,km2,K9,gfed5_annual_burned_area,measured,f_product_level
MEX,Mexico,country,2015,burned_area_km2,60150.43,km2,K9,gfed5_annual_burned_area,measured,f_product_level
MEX,Mexico,country,2016,burned_area_km2,83107.24,km2,K9,gfed5_annual_burned_area,measured,f_product_level
MEX,Mexico,country,2017,burned_area_km2,96218.96,km2,K9,gfed5_annual_burned_area,measured,f_product_level
MEX,Mexico,country,2018,burned_area_km2,69264.27,km2,K9,gfed5_annual_burned_area,measured,f_product_level
MEX,Mexico,country,2019,burned_area_km2,85535.09,km2,K9,gfed5_annual_burned_area,measured,f_product_level
MEX,Mexico,country,2020,burned_area_km2,74817.32,km2,K9,gfed5_annual_burned_area,measured,f_product_level
MHL,Marshalløyene,country,1997,burned_area_km2,0.0,km2,K9,gfed5_annual_burned_area,measured,f_product_level;f_resolution_change;f_grid_resolution;f_zero_no_detection
MHL,Marshalløyene,country,1998,burned_area_km2,0.0,km2,K9,gfed5_annual_burned_area,measured,f_product_level;f_resolution_change;f_grid_resolution;f_zero_no_detection
MHL,Marshalløyene,country,1999,burned_area_km2,0.0,km2,K9,gfed5_annual_burned_area,measured,f_product_level;f_resolution_change;f_grid_resolution;f_zero_no_detection
MHL,Marshalløyene,country,2000,burned_area_km2,0.0,km2,K9,gfed5_annual_burned_area,measured,f_product_level;f_resolution_change;f_grid_resolution;f_zero_no_detection
MHL,Marshalløyene,country,2001,burned_area_km2,0.0,km2,K9,gfed5_annual_burned_area,measured,f_product_level;f_grid_resolution;f_zero_no_detection
MHL,Marshalløyene,country,2002,burned_area_km2,0.0,km2,K9,gfed5_annual_burned_area,measured,f_product_level;f_grid_resolution;f_zero_no_detection
MHL,Marshalløyene,country,2003,burned_area_km2,0.0,km2,K9,gfed5_annual_burned_area,measured,f_product_level;f_grid_resolution;f_zero_no_detection
MHL,Marshalløyene,country,2004,burned_area_km2,0.0,km2,K9,gfed5_annual_burned_area,measured,f_product_level;f_grid_resolution;f_zero_no_detection
MHL,Marshalløyene,country,2005,burned_area_km2,0.0,km2,K9,gfed5_annual_burned_area,measured,f_product_level;f_grid_resolution;f_zero_no_detection
MHL,Marshalløyene,country,2006,burned_area_km2,0.0,km2,K9,gfed5_annual_burned_area,measured,f_product_level;f_grid_resolution;f_zero_no_detection
MHL,Marshalløyene,country,2007,burned_area_km2,0.0,km2,K9,gfed5_annual_burned_area,measured,f_product_level;f_grid_resolution;f_zero_no_detection
MHL,Marshalløyene,country,2008,burned_area_km2,0.0,km2,K9,gfed5_annual_burned_area,measured,f_product_level;f_grid_resolution;f_zero_no_detection
MHL,Marshalløyene,country,2009,burned_area_km2,0.0,km2,K9,gfed5_annual_burned_area,measured,f_product_level;f_grid_resolution;f_zero_no_detection
MHL,Marshalløyene,country,2010,burned_area_km2,0.0,km2,K9,gfed5_annual_burned_area,measured,f_product_level;f_grid_resolution;f_zero_no_detection
MHL,Marshalløyene,country,2011,burned_area_km2,0.0,km2,K9,gfed5_annual_burned_area,measured,f_product_level;f_grid_resolution;f_zero_no_detection
MHL,Marshalløyene,country,2012,burned_area_km2,0.0,km2,K9,gfed5_annual_burned_area,measured,f_product_level;f_grid_resolution;f_zero_no_detection
MHL,Marshalløyene,country,2013,burned_area_km2,0.0,km2,K9,gfed5_annual_burned_area,measured,f_product_level;f_grid_resolution;f_zero_no_detection
MHL,Marshalløyene,country,2014,burned_area_km2,0.0,km2,K9,gfed5_annual_burned_area,measured,f_product_level;f_grid_resolution;f_zero_no_detection
MHL,Marshalløyene,country,2015,burned_area_km2,0.0,km2,K9,gfed5_annual_burned_area,measured,f_product_level;f_grid_resolution;f_zero_no_detection
MHL,Marshalløyene,country,2016,burned_area_km2,0.0,km2,K9,gfed5_annual_burned_area,measured,f_product_level;f_grid_resolution;f_zero_no_detection
MHL,Marshalløyene,country,2017,burned_area_km2,0.0,km2,K9,gfed5_annual_burned_area,measured,f_product_level;f_grid_resolution;f_zero_no_detection
MHL,Marshalløyene,country,2018,burned_area_km2,0.0,km2,K9,gfed5_annual_burned_area,measured,f_product_level;f_grid_resolution;f_zero_no_detection
MHL,Marshalløyene,country,2019,burned_area_km2,0.0,km2,K9,gfed5_annual_burned_area,measured,f_product_level;f_grid_resolution;f_zero_no_detection
MHL,Marshalløyene,country,2020,burned_area_km2,0.0,km2,K9,gfed5_annual_burned_area,measured,f_product_level;f_grid_resolution;f_zero_no_detection
MKD,Nord-Makedonia,country,1997,burned_area_km2,399.72,km2,K9,gfed5_annual_burned_area,measured,f_product_level;f_resolution_change
MKD,Nord-Makedonia,country,1998,burned_area_km2,653.5,km2,K9,gfed5_annual_burned_area,measured,f_product_level;f_resolution_change
MKD,Nord-Makedonia,country,1999,burned_area_km2,456.68,km2,K9,gfed5_annual_burned_area,measured,f_product_level;f_resolution_change
MKD,Nord-Makedonia,country,2000,burned_area_km2,1118.08,km2,K9,gfed5_annual_burned_area,measured,f_product_level;f_resolution_change
MKD,Nord-Makedonia,country,2001,burned_area_km2,591.75,km2,K9,gfed5_annual_burned_area,measured,f_product_level
MKD,Nord-Makedonia,country,2002,burned_area_km2,260.27,km2,K9,gfed5_annual_burned_area,measured,f_product_level
MKD,Nord-Makedonia,country,2003,burned_area_km2,271.97,km2,K9,gfed5_annual_burned_area,measured,f_product_level
MKD,Nord-Makedonia,country,2004,burned_area_km2,371.27,km2,K9,gfed5_annual_burned_area,measured,f_product_level
MKD,Nord-Makedonia,country,2005,burned_area_km2,388.95,km2,K9,gfed5_annual_burned_area,measured,f_product_level
MKD,Nord-Makedonia,country,2006,burned_area_km2,369.66,km2,K9,gfed5_annual_burned_area,measured,f_product_level
MKD,Nord-Makedonia,country,2007,burned_area_km2,888.47,km2,K9,gfed5_annual_burned_area,measured,f_product_level
MKD,Nord-Makedonia,country,2008,burned_area_km2,394.12,km2,K9,gfed5_annual_burned_area,measured,f_product_level
MKD,Nord-Makedonia,country,2009,burned_area_km2,173.38,km2,K9,gfed5_annual_burned_area,measured,f_product_level
MKD,Nord-Makedonia,country,2010,burned_area_km2,257.91,km2,K9,gfed5_annual_burned_area,measured,f_product_level
MKD,Nord-Makedonia,country,2011,burned_area_km2,667.34,km2,K9,gfed5_annual_burned_area,measured,f_product_level
MKD,Nord-Makedonia,country,2012,burned_area_km2,550.04,km2,K9,gfed5_annual_burned_area,measured,f_product_level
MKD,Nord-Makedonia,country,2013,burned_area_km2,314.54,km2,K9,gfed5_annual_burned_area,measured,f_product_level
MKD,Nord-Makedonia,country,2014,burned_area_km2,201.58,km2,K9,gfed5_annual_burned_area,measured,f_product_level
MKD,Nord-Makedonia,country,2015,burned_area_km2,221.86,km2,K9,gfed5_annual_burned_area,measured,f_product_level
MKD,Nord-Makedonia,country,2016,burned_area_km2,207.41,km2,K9,gfed5_annual_burned_area,measured,f_product_level
MKD,Nord-Makedonia,country,2017,burned_area_km2,497.44,km2,K9,gfed5_annual_burned_area,measured,f_product_level
MKD,Nord-Makedonia,country,2018,burned_area_km2,309.14,km2,K9,gfed5_annual_burned_area,measured,f_product_level
MKD,Nord-Makedonia,country,2019,burned_area_km2,691.01,km2,K9,gfed5_annual_burned_area,measured,f_product_level
MKD,Nord-Makedonia,country,2020,burned_area_km2,196.9,km2,K9,gfed5_annual_burned_area,measured,f_product_level
MLI,Mali,country,1997,burned_area_km2,111288.43,km2,K9,gfed5_annual_burned_area,measured,f_product_level;f_resolution_change
MLI,Mali,country,1998,burned_area_km2,87915.98,km2,K9,gfed5_annual_burned_area,measured,f_product_level;f_resolution_change
MLI,Mali,country,1999,burned_area_km2,78912.06,km2,K9,gfed5_annual_burned_area,measured,f_product_level;f_resolution_change
MLI,Mali,country,2000,burned_area_km2,72654.68,km2,K9,gfed5_annual_burned_area,measured,f_product_level;f_resolution_change
MLI,Mali,country,2001,burned_area_km2,154137.42,km2,K9,gfed5_annual_burned_area,measured,f_product_level
MLI,Mali,country,2002,burned_area_km2,123049.99,km2,K9,gfed5_annual_burned_area,measured,f_product_level
MLI,Mali,country,2003,burned_area_km2,120032.08,km2,K9,gfed5_annual_burned_area,measured,f_product_level
MLI,Mali,country,2004,burned_area_km2,154004.32,km2,K9,gfed5_annual_burned_area,measured,f_product_level
MLI,Mali,country,2005,burned_area_km2,142025.53,km2,K9,gfed5_annual_burned_area,measured,f_product_level
MLI,Mali,country,2006,burned_area_km2,146132.45,km2,K9,gfed5_annual_burned_area,measured,f_product_level
MLI,Mali,country,2007,burned_area_km2,129204.97,km2,K9,gfed5_annual_burned_area,measured,f_product_level
MLI,Mali,country,2008,burned_area_km2,151795.6,km2,K9,gfed5_annual_burned_area,measured,f_product_level
MLI,Mali,country,2009,burned_area_km2,123286.76,km2,K9,gfed5_annual_burned_area,measured,f_product_level
MLI,Mali,country,2010,burned_area_km2,140218.31,km2,K9,gfed5_annual_burned_area,measured,f_product_level
MLI,Mali,country,2011,burned_area_km2,129259.54,km2,K9,gfed5_annual_burned_area,measured,f_product_level
MLI,Mali,country,2012,burned_area_km2,112130.93,km2,K9,gfed5_annual_burned_area,measured,f_product_level
MLI,Mali,country,2013,burned_area_km2,127843.05,km2,K9,gfed5_annual_burned_area,measured,f_product_level
MLI,Mali,country,2014,burned_area_km2,119529.06,km2,K9,gfed5_annual_burned_area,measured,f_product_level
MLI,Mali,country,2015,burned_area_km2,104887.78,km2,K9,gfed5_annual_burned_area,measured,f_product_level
MLI,Mali,country,2016,burned_area_km2,132947.97,km2,K9,gfed5_annual_burned_area,measured,f_product_level
MLI,Mali,country,2017,burned_area_km2,120852.37,km2,K9,gfed5_annual_burned_area,measured,f_product_level
MLI,Mali,country,2018,burned_area_km2,94910.42,km2,K9,gfed5_annual_burned_area,measured,f_product_level
MLI,Mali,country,2019,burned_area_km2,105086.21,km2,K9,gfed5_annual_burned_area,measured,f_product_level
MLI,Mali,country,2020,burned_area_km2,118230.28,km2,K9,gfed5_annual_burned_area,measured,f_product_level
MLT,Malta,country,1997,burned_area_km2,0.95,km2,K9,gfed5_annual_burned_area,measured,f_product_level;f_resolution_change;f_grid_resolution
MLT,Malta,country,1998,burned_area_km2,1.49,km2,K9,gfed5_annual_burned_area,measured,f_product_level;f_resolution_change;f_grid_resolution
MLT,Malta,country,1999,burned_area_km2,0.6,km2,K9,gfed5_annual_burned_area,measured,f_product_level;f_resolution_change;f_grid_resolution
MLT,Malta,country,2000,burned_area_km2,1.13,km2,K9,gfed5_annual_burned_area,measured,f_product_level;f_resolution_change;f_grid_resolution
MLT,Malta,country,2001,burned_area_km2,0.0,km2,K9,gfed5_annual_burned_area,measured,f_product_level;f_grid_resolution;f_zero_no_detection
MLT,Malta,country,2002,burned_area_km2,0.0,km2,K9,gfed5_annual_burned_area,measured,f_product_level;f_grid_resolution;f_zero_no_detection
MLT,Malta,country,2003,burned_area_km2,0.0,km2,K9,gfed5_annual_burned_area,measured,f_product_level;f_grid_resolution;f_zero_no_detection
MLT,Malta,country,2004,burned_area_km2,1.76,km2,K9,gfed5_annual_burned_area,measured,f_product_level;f_grid_resolution
MLT,Malta,country,2005,burned_area_km2,1.76,km2,K9,gfed5_annual_burned_area,measured,f_product_level;f_grid_resolution
MLT,Malta,country,2006,burned_area_km2,1.76,km2,K9,gfed5_annual_burned_area,measured,f_product_level;f_grid_resolution
MLT,Malta,country,2007,burned_area_km2,0.0,km2,K9,gfed5_annual_burned_area,measured,f_product_level;f_grid_resolution;f_zero_no_detection
MLT,Malta,country,2008,burned_area_km2,0.0,km2,K9,gfed5_annual_burned_area,measured,f_product_level;f_grid_resolution;f_zero_no_detection
MLT,Malta,country,2009,burned_area_km2,0.0,km2,K9,gfed5_annual_burned_area,measured,f_product_level;f_grid_resolution;f_zero_no_detection
MLT,Malta,country,2010,burned_area_km2,0.0,km2,K9,gfed5_annual_burned_area,measured,f_product_level;f_grid_resolution;f_zero_no_detection
MLT,Malta,country,2011,burned_area_km2,1.76,km2,K9,gfed5_annual_burned_area,measured,f_product_level;f_grid_resolution
MLT,Malta,country,2012,burned_area_km2,0.0,km2,K9,gfed5_annual_burned_area,measured,f_product_level;f_grid_resolution;f_zero_no_detection
MLT,Malta,country,2013,burned_area_km2,0.0,km2,K9,gfed5_annual_burned_area,measured,f_product_level;f_grid_resolution;f_zero_no_detection
MLT,Malta,country,2014,burned_area_km2,0.0,km2,K9,gfed5_annual_burned_area,measured,f_product_level;f_grid_resolution;f_zero_no_detection
MLT,Malta,country,2015,burned_area_km2,0.0,km2,K9,gfed5_annual_burned_area,measured,f_product_level;f_grid_resolution;f_zero_no_detection
MLT,Malta,country,2016,burned_area_km2,0.0,km2,K9,gfed5_annual_burned_area,measured,f_product_level;f_grid_resolution;f_zero_no_detection
MLT,Malta,country,2017,burned_area_km2,1.76,km2,K9,gfed5_annual_burned_area,measured,f_product_level;f_grid_resolution
MLT,Malta,country,2018,burned_area_km2,1.76,km2,K9,gfed5_annual_burned_area,measured,f_product_level;f_grid_resolution
MLT,Malta,country,2019,burned_area_km2,0.0,km2,K9,gfed5_annual_burned_area,measured,f_product_level;f_grid_resolution;f_zero_no_detection
MLT,Malta,country,2020,burned_area_km2,3.52,km2,K9,gfed5_annual_burned_area,measured,f_product_level;f_grid_resolution
MMR,Myanmar,country,1997,burned_area_km2,96407.25,km2,K9,gfed5_annual_burned_area,measured,f_product_level;f_resolution_change
MMR,Myanmar,country,1998,burned_area_km2,157543.72,km2,K9,gfed5_annual_burned_area,measured,f_product_level;f_resolution_change
MMR,Myanmar,country,1999,burned_area_km2,169985.14,km2,K9,gfed5_annual_burned_area,measured,f_product_level;f_resolution_change
MMR,Myanmar,country,2000,burned_area_km2,110963.13,km2,K9,gfed5_annual_burned_area,measured,f_product_level;f_resolution_change
MMR,Myanmar,country,2001,burned_area_km2,141172.38,km2,K9,gfed5_annual_burned_area,measured,f_product_level
MMR,Myanmar,country,2002,burned_area_km2,79013.87,km2,K9,gfed5_annual_burned_area,measured,f_product_level
MMR,Myanmar,country,2003,burned_area_km2,137532.97,km2,K9,gfed5_annual_burned_area,measured,f_product_level
MMR,Myanmar,country,2004,burned_area_km2,201872.75,km2,K9,gfed5_annual_burned_area,measured,f_product_level
MMR,Myanmar,country,2005,burned_area_km2,142025.5,km2,K9,gfed5_annual_burned_area,measured,f_product_level
MMR,Myanmar,country,2006,burned_area_km2,139224.36,km2,K9,gfed5_annual_burned_area,measured,f_product_level
MMR,Myanmar,country,2007,burned_area_km2,175849.39,km2,K9,gfed5_annual_burned_area,measured,f_product_level
MMR,Myanmar,country,2008,burned_area_km2,141661.95,km2,K9,gfed5_annual_burned_area,measured,f_product_level
MMR,Myanmar,country,2009,burned_area_km2,173364.09,km2,K9,gfed5_annual_burned_area,measured,f_product_level
MMR,Myanmar,country,2010,burned_area_km2,202271.45,km2,K9,gfed5_annual_burned_area,measured,f_product_level
MMR,Myanmar,country,2011,burned_area_km2,117496.21,km2,K9,gfed5_annual_burned_area,measured,f_product_level
MMR,Myanmar,country,2012,burned_area_km2,191797.39,km2,K9,gfed5_annual_burned_area,measured,f_product_level
MMR,Myanmar,country,2013,burned_area_km2,168846.13,km2,K9,gfed5_annual_burned_area,measured,f_product_level
MMR,Myanmar,country,2014,burned_area_km2,147000.6,km2,K9,gfed5_annual_burned_area,measured,f_product_level
MMR,Myanmar,country,2015,burned_area_km2,129701.15,km2,K9,gfed5_annual_burned_area,measured,f_product_level
MMR,Myanmar,country,2016,burned_area_km2,134930.67,km2,K9,gfed5_annual_burned_area,measured,f_product_level
MMR,Myanmar,country,2017,burned_area_km2,121463.6,km2,K9,gfed5_annual_burned_area,measured,f_product_level
MMR,Myanmar,country,2018,burned_area_km2,109318.74,km2,K9,gfed5_annual_burned_area,measured,f_product_level
MMR,Myanmar,country,2019,burned_area_km2,156738.48,km2,K9,gfed5_annual_burned_area,measured,f_product_level
MMR,Myanmar,country,2020,burned_area_km2,163821.99,km2,K9,gfed5_annual_burned_area,measured,f_product_level
MNE,Montenegro,country,1997,burned_area_km2,364.39,km2,K9,gfed5_annual_burned_area,measured,f_product_level;f_resolution_change
MNE,Montenegro,country,1998,burned_area_km2,619.71,km2,K9,gfed5_annual_burned_area,measured,f_product_level;f_resolution_change
MNE,Montenegro,country,1999,burned_area_km2,427.16,km2,K9,gfed5_annual_burned_area,measured,f_product_level;f_resolution_change
MNE,Montenegro,country,2000,burned_area_km2,989.43,km2,K9,gfed5_annual_burned_area,measured,f_product_level;f_resolution_change
MNE,Montenegro,country,2001,burned_area_km2,146.69,km2,K9,gfed5_annual_burned_area,measured,f_product_level
MNE,Montenegro,country,2002,burned_area_km2,17.56,km2,K9,gfed5_annual_burned_area,measured,f_product_level
MNE,Montenegro,country,2003,burned_area_km2,286.35,km2,K9,gfed5_annual_burned_area,measured,f_product_level
MNE,Montenegro,country,2004,burned_area_km2,36.53,km2,K9,gfed5_annual_burned_area,measured,f_product_level
MNE,Montenegro,country,2005,burned_area_km2,42.86,km2,K9,gfed5_annual_burned_area,measured,f_product_level
MNE,Montenegro,country,2006,burned_area_km2,63.31,km2,K9,gfed5_annual_burned_area,measured,f_product_level
MNE,Montenegro,country,2007,burned_area_km2,722.99,km2,K9,gfed5_annual_burned_area,measured,f_product_level
MNE,Montenegro,country,2008,burned_area_km2,168.93,km2,K9,gfed5_annual_burned_area,measured,f_product_level
MNE,Montenegro,country,2009,burned_area_km2,98.17,km2,K9,gfed5_annual_burned_area,measured,f_product_level
MNE,Montenegro,country,2010,burned_area_km2,70.89,km2,K9,gfed5_annual_burned_area,measured,f_product_level
MNE,Montenegro,country,2011,burned_area_km2,459.94,km2,K9,gfed5_annual_burned_area,measured,f_product_level
MNE,Montenegro,country,2012,burned_area_km2,698.03,km2,K9,gfed5_annual_burned_area,measured,f_product_level
MNE,Montenegro,country,2013,burned_area_km2,50.81,km2,K9,gfed5_annual_burned_area,measured,f_product_level
MNE,Montenegro,country,2014,burned_area_km2,64.06,km2,K9,gfed5_annual_burned_area,measured,f_product_level
MNE,Montenegro,country,2015,burned_area_km2,304.58,km2,K9,gfed5_annual_burned_area,measured,f_product_level
MNE,Montenegro,country,2016,burned_area_km2,109.52,km2,K9,gfed5_annual_burned_area,measured,f_product_level
MNE,Montenegro,country,2017,burned_area_km2,668.26,km2,K9,gfed5_annual_burned_area,measured,f_product_level
MNE,Montenegro,country,2018,burned_area_km2,84.8,km2,K9,gfed5_annual_burned_area,measured,f_product_level
MNE,Montenegro,country,2019,burned_area_km2,297.41,km2,K9,gfed5_annual_burned_area,measured,f_product_level
MNE,Montenegro,country,2020,burned_area_km2,385.79,km2,K9,gfed5_annual_burned_area,measured,f_product_level
MNG,Mongolia,country,1997,burned_area_km2,38169.84,km2,K9,gfed5_annual_burned_area,measured,f_product_level;f_resolution_change
MNG,Mongolia,country,1998,burned_area_km2,29142.74,km2,K9,gfed5_annual_burned_area,measured,f_product_level;f_resolution_change
MNG,Mongolia,country,1999,burned_area_km2,20626.16,km2,K9,gfed5_annual_burned_area,measured,f_product_level;f_resolution_change
MNG,Mongolia,country,2000,burned_area_km2,24486.9,km2,K9,gfed5_annual_burned_area,measured,f_product_level;f_resolution_change
MNG,Mongolia,country,2001,burned_area_km2,5556.4,km2,K9,gfed5_annual_burned_area,measured,f_product_level
MNG,Mongolia,country,2002,burned_area_km2,15154.65,km2,K9,gfed5_annual_burned_area,measured,f_product_level
MNG,Mongolia,country,2003,burned_area_km2,15829.62,km2,K9,gfed5_annual_burned_area,measured,f_product_level
MNG,Mongolia,country,2004,burned_area_km2,13771.19,km2,K9,gfed5_annual_burned_area,measured,f_product_level
MNG,Mongolia,country,2005,burned_area_km2,8578.19,km2,K9,gfed5_annual_burned_area,measured,f_product_level
MNG,Mongolia,country,2006,burned_area_km2,11983.36,km2,K9,gfed5_annual_burned_area,measured,f_product_level
MNG,Mongolia,country,2007,burned_area_km2,16592.12,km2,K9,gfed5_annual_burned_area,measured,f_product_level
MNG,Mongolia,country,2008,burned_area_km2,10748.36,km2,K9,gfed5_annual_burned_area,measured,f_product_level
MNG,Mongolia,country,2009,burned_area_km2,7678.36,km2,K9,gfed5_annual_burned_area,measured,f_product_level
MNG,Mongolia,country,2010,burned_area_km2,3137.75,km2,K9,gfed5_annual_burned_area,measured,f_product_level
MNG,Mongolia,country,2011,burned_area_km2,16632.25,km2,K9,gfed5_annual_burned_area,measured,f_product_level
MNG,Mongolia,country,2012,burned_area_km2,23183.62,km2,K9,gfed5_annual_burned_area,measured,f_product_level
MNG,Mongolia,country,2013,burned_area_km2,7764.37,km2,K9,gfed5_annual_burned_area,measured,f_product_level
MNG,Mongolia,country,2014,burned_area_km2,12070.52,km2,K9,gfed5_annual_burned_area,measured,f_product_level
MNG,Mongolia,country,2015,burned_area_km2,21162.86,km2,K9,gfed5_annual_burned_area,measured,f_product_level
MNG,Mongolia,country,2016,burned_area_km2,9585.61,km2,K9,gfed5_annual_burned_area,measured,f_product_level
MNG,Mongolia,country,2017,burned_area_km2,5696.26,km2,K9,gfed5_annual_burned_area,measured,f_product_level
MNG,Mongolia,country,2018,burned_area_km2,1412.0,km2,K9,gfed5_annual_burned_area,measured,f_product_level
MNG,Mongolia,country,2019,burned_area_km2,3309.13,km2,K9,gfed5_annual_burned_area,measured,f_product_level
MNG,Mongolia,country,2020,burned_area_km2,732.62,km2,K9,gfed5_annual_burned_area,measured,f_product_level
MNP,Nord-Marianene,country,1997,burned_area_km2,0.0,km2,K9,gfed5_annual_burned_area,measured,f_product_level;f_resolution_change;f_grid_resolution;f_zero_no_detection
MNP,Nord-Marianene,country,1998,burned_area_km2,0.0,km2,K9,gfed5_annual_burned_area,measured,f_product_level;f_resolution_change;f_grid_resolution;f_zero_no_detection
MNP,Nord-Marianene,country,1999,burned_area_km2,0.0,km2,K9,gfed5_annual_burned_area,measured,f_product_level;f_resolution_change;f_grid_resolution;f_zero_no_detection
MNP,Nord-Marianene,country,2000,burned_area_km2,0.0,km2,K9,gfed5_annual_burned_area,measured,f_product_level;f_resolution_change;f_grid_resolution;f_zero_no_detection
MNP,Nord-Marianene,country,2001,burned_area_km2,0.0,km2,K9,gfed5_annual_burned_area,measured,f_product_level;f_grid_resolution;f_zero_no_detection
MNP,Nord-Marianene,country,2002,burned_area_km2,0.0,km2,K9,gfed5_annual_burned_area,measured,f_product_level;f_grid_resolution;f_zero_no_detection
MNP,Nord-Marianene,country,2003,burned_area_km2,0.0,km2,K9,gfed5_annual_burned_area,measured,f_product_level;f_grid_resolution;f_zero_no_detection
MNP,Nord-Marianene,country,2004,burned_area_km2,0.0,km2,K9,gfed5_annual_burned_area,measured,f_product_level;f_grid_resolution;f_zero_no_detection
MNP,Nord-Marianene,country,2005,burned_area_km2,1.76,km2,K9,gfed5_annual_burned_area,measured,f_product_level;f_grid_resolution
MNP,Nord-Marianene,country,2006,burned_area_km2,0.0,km2,K9,gfed5_annual_burned_area,measured,f_product_level;f_grid_resolution;f_zero_no_detection
MNP,Nord-Marianene,country,2007,burned_area_km2,0.0,km2,K9,gfed5_annual_burned_area,measured,f_product_level;f_grid_resolution;f_zero_no_detection
MNP,Nord-Marianene,country,2008,burned_area_km2,0.0,km2,K9,gfed5_annual_burned_area,measured,f_product_level;f_grid_resolution;f_zero_no_detection
MNP,Nord-Marianene,country,2009,burned_area_km2,0.0,km2,K9,gfed5_annual_burned_area,measured,f_product_level;f_grid_resolution;f_zero_no_detection
MNP,Nord-Marianene,country,2010,burned_area_km2,0.0,km2,K9,gfed5_annual_burned_area,measured,f_product_level;f_grid_resolution;f_zero_no_detection
MNP,Nord-Marianene,country,2011,burned_area_km2,0.0,km2,K9,gfed5_annual_burned_area,measured,f_product_level;f_grid_resolution;f_zero_no_detection
MNP,Nord-Marianene,country,2012,burned_area_km2,0.0,km2,K9,gfed5_annual_burned_area,measured,f_product_level;f_grid_resolution;f_zero_no_detection
MNP,Nord-Marianene,country,2013,burned_area_km2,0.0,km2,K9,gfed5_annual_burned_area,measured,f_product_level;f_grid_resolution;f_zero_no_detection
MNP,Nord-Marianene,country,2014,burned_area_km2,0.0,km2,K9,gfed5_annual_burned_area,measured,f_product_level;f_grid_resolution;f_zero_no_detection
MNP,Nord-Marianene,country,2015,burned_area_km2,0.0,km2,K9,gfed5_annual_burned_area,measured,f_product_level;f_grid_resolution;f_zero_no_detection
MNP,Nord-Marianene,country,2016,burned_area_km2,0.0,km2,K9,gfed5_annual_burned_area,measured,f_product_level;f_grid_resolution;f_zero_no_detection
MNP,Nord-Marianene,country,2017,burned_area_km2,0.0,km2,K9,gfed5_annual_burned_area,measured,f_product_level;f_grid_resolution;f_zero_no_detection
MNP,Nord-Marianene,country,2018,burned_area_km2,0.0,km2,K9,gfed5_annual_burned_area,measured,f_product_level;f_grid_resolution;f_zero_no_detection
MNP,Nord-Marianene,country,2019,burned_area_km2,0.0,km2,K9,gfed5_annual_burned_area,measured,f_product_level;f_grid_resolution;f_zero_no_detection
MNP,Nord-Marianene,country,2020,burned_area_km2,0.0,km2,K9,gfed5_annual_burned_area,measured,f_product_level;f_grid_resolution;f_zero_no_detection
MOZ,Mosambik,country,1997,burned_area_km2,221259.29,km2,K9,gfed5_annual_burned_area,measured,f_product_level;f_resolution_change
MOZ,Mosambik,country,1998,burned_area_km2,280171.36,km2,K9,gfed5_annual_burned_area,measured,f_product_level;f_resolution_change
MOZ,Mosambik,country,1999,burned_area_km2,212259.27,km2,K9,gfed5_annual_burned_area,measured,f_product_level;f_resolution_change
MOZ,Mosambik,country,2000,burned_area_km2,211613.76,km2,K9,gfed5_annual_burned_area,measured,f_product_level;f_resolution_change
MOZ,Mosambik,country,2001,burned_area_km2,363569.53,km2,K9,gfed5_annual_burned_area,measured,f_product_level
MOZ,Mosambik,country,2002,burned_area_km2,275575.03,km2,K9,gfed5_annual_burned_area,measured,f_product_level
MOZ,Mosambik,country,2003,burned_area_km2,289521.89,km2,K9,gfed5_annual_burned_area,measured,f_product_level
MOZ,Mosambik,country,2004,burned_area_km2,253084.84,km2,K9,gfed5_annual_burned_area,measured,f_product_level
MOZ,Mosambik,country,2005,burned_area_km2,314943.09,km2,K9,gfed5_annual_burned_area,measured,f_product_level
MOZ,Mosambik,country,2006,burned_area_km2,262638.43,km2,K9,gfed5_annual_burned_area,measured,f_product_level
MOZ,Mosambik,country,2007,burned_area_km2,299565.28,km2,K9,gfed5_annual_burned_area,measured,f_product_level
MOZ,Mosambik,country,2008,burned_area_km2,333287.39,km2,K9,gfed5_annual_burned_area,measured,f_product_level
MOZ,Mosambik,country,2009,burned_area_km2,267826.68,km2,K9,gfed5_annual_burned_area,measured,f_product_level
MOZ,Mosambik,country,2010,burned_area_km2,285865.66,km2,K9,gfed5_annual_burned_area,measured,f_product_level
MOZ,Mosambik,country,2011,burned_area_km2,287069.16,km2,K9,gfed5_annual_burned_area,measured,f_product_level
MOZ,Mosambik,country,2012,burned_area_km2,299163.51,km2,K9,gfed5_annual_burned_area,measured,f_product_level
MOZ,Mosambik,country,2013,burned_area_km2,292951.29,km2,K9,gfed5_annual_burned_area,measured,f_product_level
MOZ,Mosambik,country,2014,burned_area_km2,306021.84,km2,K9,gfed5_annual_burned_area,measured,f_product_level
MOZ,Mosambik,country,2015,burned_area_km2,312260.62,km2,K9,gfed5_annual_burned_area,measured,f_product_level
MOZ,Mosambik,country,2016,burned_area_km2,272353.41,km2,K9,gfed5_annual_burned_area,measured,f_product_level
MOZ,Mosambik,country,2017,burned_area_km2,275015.7,km2,K9,gfed5_annual_burned_area,measured,f_product_level
MOZ,Mosambik,country,2018,burned_area_km2,286743.84,km2,K9,gfed5_annual_burned_area,measured,f_product_level
MOZ,Mosambik,country,2019,burned_area_km2,290354.55,km2,K9,gfed5_annual_burned_area,measured,f_product_level
MOZ,Mosambik,country,2020,burned_area_km2,295301.91,km2,K9,gfed5_annual_burned_area,measured,f_product_level
MRT,Mauritania,country,1997,burned_area_km2,9348.42,km2,K9,gfed5_annual_burned_area,measured,f_product_level;f_resolution_change
MRT,Mauritania,country,1998,burned_area_km2,2101.0,km2,K9,gfed5_annual_burned_area,measured,f_product_level;f_resolution_change
MRT,Mauritania,country,1999,burned_area_km2,3131.03,km2,K9,gfed5_annual_burned_area,measured,f_product_level;f_resolution_change
MRT,Mauritania,country,2000,burned_area_km2,4865.73,km2,K9,gfed5_annual_burned_area,measured,f_product_level;f_resolution_change
MRT,Mauritania,country,2001,burned_area_km2,4802.03,km2,K9,gfed5_annual_burned_area,measured,f_product_level
MRT,Mauritania,country,2002,burned_area_km2,1105.01,km2,K9,gfed5_annual_burned_area,measured,f_product_level
MRT,Mauritania,country,2003,burned_area_km2,417.9,km2,K9,gfed5_annual_burned_area,measured,f_product_level
MRT,Mauritania,country,2004,burned_area_km2,2275.53,km2,K9,gfed5_annual_burned_area,measured,f_product_level
MRT,Mauritania,country,2005,burned_area_km2,1311.97,km2,K9,gfed5_annual_burned_area,measured,f_product_level
MRT,Mauritania,country,2006,burned_area_km2,2144.42,km2,K9,gfed5_annual_burned_area,measured,f_product_level
MRT,Mauritania,country,2007,burned_area_km2,5307.06,km2,K9,gfed5_annual_burned_area,measured,f_product_level
MRT,Mauritania,country,2008,burned_area_km2,2561.39,km2,K9,gfed5_annual_burned_area,measured,f_product_level
MRT,Mauritania,country,2009,burned_area_km2,3467.04,km2,K9,gfed5_annual_burned_area,measured,f_product_level
MRT,Mauritania,country,2010,burned_area_km2,3510.29,km2,K9,gfed5_annual_burned_area,measured,f_product_level
MRT,Mauritania,country,2011,burned_area_km2,1441.57,km2,K9,gfed5_annual_burned_area,measured,f_product_level
MRT,Mauritania,country,2012,burned_area_km2,1788.68,km2,K9,gfed5_annual_burned_area,measured,f_product_level
MRT,Mauritania,country,2013,burned_area_km2,1832.79,km2,K9,gfed5_annual_burned_area,measured,f_product_level
MRT,Mauritania,country,2014,burned_area_km2,686.15,km2,K9,gfed5_annual_burned_area,measured,f_product_level
MRT,Mauritania,country,2015,burned_area_km2,539.68,km2,K9,gfed5_annual_burned_area,measured,f_product_level
MRT,Mauritania,country,2016,burned_area_km2,1556.31,km2,K9,gfed5_annual_burned_area,measured,f_product_level
MRT,Mauritania,country,2017,burned_area_km2,914.71,km2,K9,gfed5_annual_burned_area,measured,f_product_level
MRT,Mauritania,country,2018,burned_area_km2,570.9,km2,K9,gfed5_annual_burned_area,measured,f_product_level
MRT,Mauritania,country,2019,burned_area_km2,675.16,km2,K9,gfed5_annual_burned_area,measured,f_product_level
MRT,Mauritania,country,2020,burned_area_km2,1564.58,km2,K9,gfed5_annual_burned_area,measured,f_product_level
MSR,Montserrat,country,1997,burned_area_km2,0.0,km2,K9,gfed5_annual_burned_area,measured,f_product_level;f_resolution_change;f_grid_resolution;f_zero_no_detection
MSR,Montserrat,country,1998,burned_area_km2,0.0,km2,K9,gfed5_annual_burned_area,measured,f_product_level;f_resolution_change;f_grid_resolution;f_zero_no_detection
MSR,Montserrat,country,1999,burned_area_km2,0.0,km2,K9,gfed5_annual_burned_area,measured,f_product_level;f_resolution_change;f_grid_resolution;f_zero_no_detection
MSR,Montserrat,country,2000,burned_area_km2,0.0,km2,K9,gfed5_annual_burned_area,measured,f_product_level;f_resolution_change;f_grid_resolution;f_zero_no_detection
MSR,Montserrat,country,2001,burned_area_km2,0.0,km2,K9,gfed5_annual_burned_area,measured,f_product_level;f_grid_resolution;f_zero_no_detection
MSR,Montserrat,country,2002,burned_area_km2,0.0,km2,K9,gfed5_annual_burned_area,measured,f_product_level;f_grid_resolution;f_zero_no_detection
MSR,Montserrat,country,2003,burned_area_km2,0.0,km2,K9,gfed5_annual_burned_area,measured,f_product_level;f_grid_resolution;f_zero_no_detection
MSR,Montserrat,country,2004,burned_area_km2,0.0,km2,K9,gfed5_annual_burned_area,measured,f_product_level;f_grid_resolution;f_zero_no_detection
MSR,Montserrat,country,2005,burned_area_km2,0.0,km2,K9,gfed5_annual_burned_area,measured,f_product_level;f_grid_resolution;f_zero_no_detection
MSR,Montserrat,country,2006,burned_area_km2,0.0,km2,K9,gfed5_annual_burned_area,measured,f_product_level;f_grid_resolution;f_zero_no_detection
MSR,Montserrat,country,2007,burned_area_km2,0.0,km2,K9,gfed5_annual_burned_area,measured,f_product_level;f_grid_resolution;f_zero_no_detection
MSR,Montserrat,country,2008,burned_area_km2,0.0,km2,K9,gfed5_annual_burned_area,measured,f_product_level;f_grid_resolution;f_zero_no_detection
MSR,Montserrat,country,2009,burned_area_km2,0.0,km2,K9,gfed5_annual_burned_area,measured,f_product_level;f_grid_resolution;f_zero_no_detection
MSR,Montserrat,country,2010,burned_area_km2,5.15,km2,K9,gfed5_annual_burned_area,measured,f_product_level;f_grid_resolution
MSR,Montserrat,country,2011,burned_area_km2,0.0,km2,K9,gfed5_annual_burned_area,measured,f_product_level;f_grid_resolution;f_zero_no_detection
MSR,Montserrat,country,2012,burned_area_km2,0.0,km2,K9,gfed5_annual_burned_area,measured,f_product_level;f_grid_resolution;f_zero_no_detection
MSR,Montserrat,country,2013,burned_area_km2,0.0,km2,K9,gfed5_annual_burned_area,measured,f_product_level;f_grid_resolution;f_zero_no_detection
MSR,Montserrat,country,2014,burned_area_km2,0.0,km2,K9,gfed5_annual_burned_area,measured,f_product_level;f_grid_resolution;f_zero_no_detection
MSR,Montserrat,country,2015,burned_area_km2,0.0,km2,K9,gfed5_annual_burned_area,measured,f_product_level;f_grid_resolution;f_zero_no_detection
MSR,Montserrat,country,2016,burned_area_km2,0.0,km2,K9,gfed5_annual_burned_area,measured,f_product_level;f_grid_resolution;f_zero_no_detection
MSR,Montserrat,country,2017,burned_area_km2,0.0,km2,K9,gfed5_annual_burned_area,measured,f_product_level;f_grid_resolution;f_zero_no_detection
MSR,Montserrat,country,2018,burned_area_km2,0.0,km2,K9,gfed5_annual_burned_area,measured,f_product_level;f_grid_resolution;f_zero_no_detection
MSR,Montserrat,country,2019,burned_area_km2,0.0,km2,K9,gfed5_annual_burned_area,measured,f_product_level;f_grid_resolution;f_zero_no_detection
MSR,Montserrat,country,2020,burned_area_km2,0.0,km2,K9,gfed5_annual_burned_area,measured,f_product_level;f_grid_resolution;f_zero_no_detection
MTQ,Martinique,country,1997,burned_area_km2,0.0,km2,K9,gfed5_annual_burned_area,measured,f_product_level;f_resolution_change;f_grid_resolution;f_zero_no_detection
MTQ,Martinique,country,1998,burned_area_km2,0.0,km2,K9,gfed5_annual_burned_area,measured,f_product_level;f_resolution_change;f_grid_resolution;f_zero_no_detection
MTQ,Martinique,country,1999,burned_area_km2,0.0,km2,K9,gfed5_annual_burned_area,measured,f_product_level;f_resolution_change;f_grid_resolution;f_zero_no_detection
MTQ,Martinique,country,2000,burned_area_km2,0.0,km2,K9,gfed5_annual_burned_area,measured,f_product_level;f_resolution_change;f_grid_resolution;f_zero_no_detection
MTQ,Martinique,country,2001,burned_area_km2,0.0,km2,K9,gfed5_annual_burned_area,measured,f_product_level;f_zero_no_detection
MTQ,Martinique,country,2002,burned_area_km2,0.0,km2,K9,gfed5_annual_burned_area,measured,f_product_level;f_zero_no_detection
MTQ,Martinique,country,2003,burned_area_km2,2.78,km2,K9,gfed5_annual_burned_area,measured,f_product_level
MTQ,Martinique,country,2004,burned_area_km2,0.0,km2,K9,gfed5_annual_burned_area,measured,f_product_level;f_zero_no_detection
MTQ,Martinique,country,2005,burned_area_km2,0.0,km2,K9,gfed5_annual_burned_area,measured,f_product_level;f_zero_no_detection
MTQ,Martinique,country,2006,burned_area_km2,0.0,km2,K9,gfed5_annual_burned_area,measured,f_product_level;f_zero_no_detection
MTQ,Martinique,country,2007,burned_area_km2,0.0,km2,K9,gfed5_annual_burned_area,measured,f_product_level;f_zero_no_detection
MTQ,Martinique,country,2008,burned_area_km2,0.0,km2,K9,gfed5_annual_burned_area,measured,f_product_level;f_zero_no_detection
MTQ,Martinique,country,2009,burned_area_km2,0.0,km2,K9,gfed5_annual_burned_area,measured,f_product_level;f_zero_no_detection
MTQ,Martinique,country,2010,burned_area_km2,0.0,km2,K9,gfed5_annual_burned_area,measured,f_product_level;f_zero_no_detection
MTQ,Martinique,country,2011,burned_area_km2,0.0,km2,K9,gfed5_annual_burned_area,measured,f_product_level;f_zero_no_detection
MTQ,Martinique,country,2012,burned_area_km2,0.0,km2,K9,gfed5_annual_burned_area,measured,f_product_level;f_zero_no_detection
MTQ,Martinique,country,2013,burned_area_km2,0.0,km2,K9,gfed5_annual_burned_area,measured,f_product_level;f_zero_no_detection
MTQ,Martinique,country,2014,burned_area_km2,1.76,km2,K9,gfed5_annual_burned_area,measured,f_product_level
MTQ,Martinique,country,2015,burned_area_km2,0.0,km2,K9,gfed5_annual_burned_area,measured,f_product_level;f_zero_no_detection
MTQ,Martinique,country,2016,burned_area_km2,0.0,km2,K9,gfed5_annual_burned_area,measured,f_product_level;f_zero_no_detection
MTQ,Martinique,country,2017,burned_area_km2,0.0,km2,K9,gfed5_annual_burned_area,measured,f_product_level;f_zero_no_detection
MTQ,Martinique,country,2018,burned_area_km2,1.76,km2,K9,gfed5_annual_burned_area,measured,f_product_level
MTQ,Martinique,country,2019,burned_area_km2,0.0,km2,K9,gfed5_annual_burned_area,measured,f_product_level;f_zero_no_detection
MTQ,Martinique,country,2020,burned_area_km2,0.0,km2,K9,gfed5_annual_burned_area,measured,f_product_level;f_zero_no_detection
MUS,Mauritius,country,1997,burned_area_km2,36.6,km2,K9,gfed5_annual_burned_area,measured,f_product_level;f_resolution_change;f_grid_resolution
MUS,Mauritius,country,1998,burned_area_km2,48.3,km2,K9,gfed5_annual_burned_area,measured,f_product_level;f_resolution_change;f_grid_resolution
MUS,Mauritius,country,1999,burned_area_km2,40.68,km2,K9,gfed5_annual_burned_area,measured,f_product_level;f_resolution_change;f_grid_resolution
MUS,Mauritius,country,2000,burned_area_km2,43.41,km2,K9,gfed5_annual_burned_area,measured,f_product_level;f_resolution_change;f_grid_resolution
MUS,Mauritius,country,2001,burned_area_km2,64.36,km2,K9,gfed5_annual_burned_area,measured,f_product_level
MUS,Mauritius,country,2002,burned_area_km2,85.71,km2,K9,gfed5_annual_burned_area,measured,f_product_level
MUS,Mauritius,country,2003,burned_area_km2,37.95,km2,K9,gfed5_annual_burned_area,measured,f_product_level
MUS,Mauritius,country,2004,burned_area_km2,35.45,km2,K9,gfed5_annual_burned_area,measured,f_product_level
MUS,Mauritius,country,2005,burned_area_km2,36.24,km2,K9,gfed5_annual_burned_area,measured,f_product_level
MUS,Mauritius,country,2006,burned_area_km2,72.45,km2,K9,gfed5_annual_burned_area,measured,f_product_level
MUS,Mauritius,country,2007,burned_area_km2,29.37,km2,K9,gfed5_annual_burned_area,measured,f_product_level
MUS,Mauritius,country,2008,burned_area_km2,17.64,km2,K9,gfed5_annual_burned_area,measured,f_product_level
MUS,Mauritius,country,2009,burned_area_km2,32.83,km2,K9,gfed5_annual_burned_area,measured,f_product_level
MUS,Mauritius,country,2010,burned_area_km2,77.87,km2,K9,gfed5_annual_burned_area,measured,f_product_level
MUS,Mauritius,country,2011,burned_area_km2,39.42,km2,K9,gfed5_annual_burned_area,measured,f_product_level
MUS,Mauritius,country,2012,burned_area_km2,36.52,km2,K9,gfed5_annual_burned_area,measured,f_product_level
MUS,Mauritius,country,2013,burned_area_km2,75.43,km2,K9,gfed5_annual_burned_area,measured,f_product_level
MUS,Mauritius,country,2014,burned_area_km2,75.27,km2,K9,gfed5_annual_burned_area,measured,f_product_level
MUS,Mauritius,country,2015,burned_area_km2,41.09,km2,K9,gfed5_annual_burned_area,measured,f_product_level
MUS,Mauritius,country,2016,burned_area_km2,26.15,km2,K9,gfed5_annual_burned_area,measured,f_product_level
MUS,Mauritius,country,2017,burned_area_km2,30.85,km2,K9,gfed5_annual_burned_area,measured,f_product_level
MUS,Mauritius,country,2018,burned_area_km2,29.68,km2,K9,gfed5_annual_burned_area,measured,f_product_level
MUS,Mauritius,country,2019,burned_area_km2,47.34,km2,K9,gfed5_annual_burned_area,measured,f_product_level
MUS,Mauritius,country,2020,burned_area_km2,35.3,km2,K9,gfed5_annual_burned_area,measured,f_product_level
MWI,Malawi,country,1997,burned_area_km2,19857.77,km2,K9,gfed5_annual_burned_area,measured,f_product_level;f_resolution_change
MWI,Malawi,country,1998,burned_area_km2,26633.65,km2,K9,gfed5_annual_burned_area,measured,f_product_level;f_resolution_change
MWI,Malawi,country,1999,burned_area_km2,18636.22,km2,K9,gfed5_annual_burned_area,measured,f_product_level;f_resolution_change
MWI,Malawi,country,2000,burned_area_km2,19257.56,km2,K9,gfed5_annual_burned_area,measured,f_product_level;f_resolution_change
MWI,Malawi,country,2001,burned_area_km2,35472.52,km2,K9,gfed5_annual_burned_area,measured,f_product_level
MWI,Malawi,country,2002,burned_area_km2,27508.0,km2,K9,gfed5_annual_burned_area,measured,f_product_level
MWI,Malawi,country,2003,burned_area_km2,26750.27,km2,K9,gfed5_annual_burned_area,measured,f_product_level
MWI,Malawi,country,2004,burned_area_km2,20847.94,km2,K9,gfed5_annual_burned_area,measured,f_product_level
MWI,Malawi,country,2005,burned_area_km2,27841.31,km2,K9,gfed5_annual_burned_area,measured,f_product_level
MWI,Malawi,country,2006,burned_area_km2,20960.48,km2,K9,gfed5_annual_burned_area,measured,f_product_level
MWI,Malawi,country,2007,burned_area_km2,27095.44,km2,K9,gfed5_annual_burned_area,measured,f_product_level
MWI,Malawi,country,2008,burned_area_km2,26630.15,km2,K9,gfed5_annual_burned_area,measured,f_product_level
MWI,Malawi,country,2009,burned_area_km2,21019.2,km2,K9,gfed5_annual_burned_area,measured,f_product_level
MWI,Malawi,country,2010,burned_area_km2,21935.75,km2,K9,gfed5_annual_burned_area,measured,f_product_level
MWI,Malawi,country,2011,burned_area_km2,24642.11,km2,K9,gfed5_annual_burned_area,measured,f_product_level
MWI,Malawi,country,2012,burned_area_km2,23951.91,km2,K9,gfed5_annual_burned_area,measured,f_product_level
MWI,Malawi,country,2013,burned_area_km2,23008.21,km2,K9,gfed5_annual_burned_area,measured,f_product_level
MWI,Malawi,country,2014,burned_area_km2,19800.97,km2,K9,gfed5_annual_burned_area,measured,f_product_level
MWI,Malawi,country,2015,burned_area_km2,21581.58,km2,K9,gfed5_annual_burned_area,measured,f_product_level
MWI,Malawi,country,2016,burned_area_km2,21366.69,km2,K9,gfed5_annual_burned_area,measured,f_product_level
MWI,Malawi,country,2017,burned_area_km2,18193.91,km2,K9,gfed5_annual_burned_area,measured,f_product_level
MWI,Malawi,country,2018,burned_area_km2,19946.64,km2,K9,gfed5_annual_burned_area,measured,f_product_level
MWI,Malawi,country,2019,burned_area_km2,20015.84,km2,K9,gfed5_annual_burned_area,measured,f_product_level
MWI,Malawi,country,2020,burned_area_km2,23366.41,km2,K9,gfed5_annual_burned_area,measured,f_product_level
MYS,Malaysia,country,1997,burned_area_km2,7538.07,km2,K9,gfed5_annual_burned_area,measured,f_product_level;f_resolution_change
MYS,Malaysia,country,1998,burned_area_km2,11989.57,km2,K9,gfed5_annual_burned_area,measured,f_product_level;f_resolution_change
MYS,Malaysia,country,1999,burned_area_km2,3066.78,km2,K9,gfed5_annual_burned_area,measured,f_product_level;f_resolution_change
MYS,Malaysia,country,2000,burned_area_km2,3072.98,km2,K9,gfed5_annual_burned_area,measured,f_product_level;f_resolution_change
MYS,Malaysia,country,2001,burned_area_km2,1592.73,km2,K9,gfed5_annual_burned_area,measured,f_product_level
MYS,Malaysia,country,2002,burned_area_km2,2422.27,km2,K9,gfed5_annual_burned_area,measured,f_product_level
MYS,Malaysia,country,2003,burned_area_km2,2054.17,km2,K9,gfed5_annual_burned_area,measured,f_product_level
MYS,Malaysia,country,2004,burned_area_km2,3024.67,km2,K9,gfed5_annual_burned_area,measured,f_product_level
MYS,Malaysia,country,2005,burned_area_km2,3455.99,km2,K9,gfed5_annual_burned_area,measured,f_product_level
MYS,Malaysia,country,2006,burned_area_km2,1995.32,km2,K9,gfed5_annual_burned_area,measured,f_product_level
MYS,Malaysia,country,2007,burned_area_km2,2045.08,km2,K9,gfed5_annual_burned_area,measured,f_product_level
MYS,Malaysia,country,2008,burned_area_km2,1710.8,km2,K9,gfed5_annual_burned_area,measured,f_product_level
MYS,Malaysia,country,2009,burned_area_km2,3164.82,km2,K9,gfed5_annual_burned_area,measured,f_product_level
MYS,Malaysia,country,2010,burned_area_km2,2140.61,km2,K9,gfed5_annual_burned_area,measured,f_product_level
MYS,Malaysia,country,2011,burned_area_km2,1457.28,km2,K9,gfed5_annual_burned_area,measured,f_product_level
MYS,Malaysia,country,2012,burned_area_km2,1937.45,km2,K9,gfed5_annual_burned_area,measured,f_product_level
MYS,Malaysia,country,2013,burned_area_km2,1586.32,km2,K9,gfed5_annual_burned_area,measured,f_product_level
MYS,Malaysia,country,2014,burned_area_km2,3000.2,km2,K9,gfed5_annual_burned_area,measured,f_product_level
MYS,Malaysia,country,2015,burned_area_km2,2178.7,km2,K9,gfed5_annual_burned_area,measured,f_product_level
MYS,Malaysia,country,2016,burned_area_km2,2159.27,km2,K9,gfed5_annual_burned_area,measured,f_product_level
MYS,Malaysia,country,2017,burned_area_km2,781.34,km2,K9,gfed5_annual_burned_area,measured,f_product_level
MYS,Malaysia,country,2018,burned_area_km2,1127.73,km2,K9,gfed5_annual_burned_area,measured,f_product_level
MYS,Malaysia,country,2019,burned_area_km2,1735.44,km2,K9,gfed5_annual_burned_area,measured,f_product_level
MYS,Malaysia,country,2020,burned_area_km2,880.49,km2,K9,gfed5_annual_burned_area,measured,f_product_level
MYT,Mayotte,country,1997,burned_area_km2,0.0,km2,K9,gfed5_annual_burned_area,measured,f_product_level;f_resolution_change;f_grid_resolution;f_zero_no_detection
MYT,Mayotte,country,1998,burned_area_km2,0.0,km2,K9,gfed5_annual_burned_area,measured,f_product_level;f_resolution_change;f_grid_resolution;f_zero_no_detection
MYT,Mayotte,country,1999,burned_area_km2,0.0,km2,K9,gfed5_annual_burned_area,measured,f_product_level;f_resolution_change;f_grid_resolution;f_zero_no_detection
MYT,Mayotte,country,2000,burned_area_km2,0.0,km2,K9,gfed5_annual_burned_area,measured,f_product_level;f_resolution_change;f_grid_resolution;f_zero_no_detection
MYT,Mayotte,country,2001,burned_area_km2,0.0,km2,K9,gfed5_annual_burned_area,measured,f_product_level;f_grid_resolution;f_zero_no_detection
MYT,Mayotte,country,2002,burned_area_km2,0.0,km2,K9,gfed5_annual_burned_area,measured,f_product_level;f_grid_resolution;f_zero_no_detection
MYT,Mayotte,country,2003,burned_area_km2,0.0,km2,K9,gfed5_annual_burned_area,measured,f_product_level;f_grid_resolution;f_zero_no_detection
MYT,Mayotte,country,2004,burned_area_km2,0.0,km2,K9,gfed5_annual_burned_area,measured,f_product_level;f_grid_resolution;f_zero_no_detection
MYT,Mayotte,country,2005,burned_area_km2,0.0,km2,K9,gfed5_annual_burned_area,measured,f_product_level;f_grid_resolution;f_zero_no_detection
MYT,Mayotte,country,2006,burned_area_km2,1.42,km2,K9,gfed5_annual_burned_area,measured,f_product_level;f_grid_resolution
MYT,Mayotte,country,2007,burned_area_km2,3.97,km2,K9,gfed5_annual_burned_area,measured,f_product_level;f_grid_resolution
MYT,Mayotte,country,2008,burned_area_km2,0.0,km2,K9,gfed5_annual_burned_area,measured,f_product_level;f_grid_resolution;f_zero_no_detection
MYT,Mayotte,country,2009,burned_area_km2,0.0,km2,K9,gfed5_annual_burned_area,measured,f_product_level;f_grid_resolution;f_zero_no_detection
MYT,Mayotte,country,2010,burned_area_km2,2.82,km2,K9,gfed5_annual_burned_area,measured,f_product_level;f_grid_resolution
MYT,Mayotte,country,2011,burned_area_km2,0.0,km2,K9,gfed5_annual_burned_area,measured,f_product_level;f_grid_resolution;f_zero_no_detection
MYT,Mayotte,country,2012,burned_area_km2,0.0,km2,K9,gfed5_annual_burned_area,measured,f_product_level;f_grid_resolution;f_zero_no_detection
MYT,Mayotte,country,2013,burned_area_km2,0.14,km2,K9,gfed5_annual_burned_area,measured,f_product_level;f_grid_resolution
MYT,Mayotte,country,2014,burned_area_km2,0.0,km2,K9,gfed5_annual_burned_area,measured,f_product_level;f_grid_resolution;f_zero_no_detection
MYT,Mayotte,country,2015,burned_area_km2,0.0,km2,K9,gfed5_annual_burned_area,measured,f_product_level;f_grid_resolution;f_zero_no_detection
MYT,Mayotte,country,2016,burned_area_km2,0.0,km2,K9,gfed5_annual_burned_area,measured,f_product_level;f_grid_resolution;f_zero_no_detection
MYT,Mayotte,country,2017,burned_area_km2,0.0,km2,K9,gfed5_annual_burned_area,measured,f_product_level;f_grid_resolution;f_zero_no_detection
MYT,Mayotte,country,2018,burned_area_km2,0.0,km2,K9,gfed5_annual_burned_area,measured,f_product_level;f_grid_resolution;f_zero_no_detection
MYT,Mayotte,country,2019,burned_area_km2,2.66,km2,K9,gfed5_annual_burned_area,measured,f_product_level;f_grid_resolution
MYT,Mayotte,country,2020,burned_area_km2,0.0,km2,K9,gfed5_annual_burned_area,measured,f_product_level;f_grid_resolution;f_zero_no_detection
NAM,Namibia,country,1997,burned_area_km2,32251.98,km2,K9,gfed5_annual_burned_area,measured,f_product_level;f_resolution_change
NAM,Namibia,country,1998,burned_area_km2,36949.02,km2,K9,gfed5_annual_burned_area,measured,f_product_level;f_resolution_change
NAM,Namibia,country,1999,burned_area_km2,33035.26,km2,K9,gfed5_annual_burned_area,measured,f_product_level;f_resolution_change
NAM,Namibia,country,2000,burned_area_km2,38013.6,km2,K9,gfed5_annual_burned_area,measured,f_product_level;f_resolution_change
NAM,Namibia,country,2001,burned_area_km2,29963.0,km2,K9,gfed5_annual_burned_area,measured,f_product_level
NAM,Namibia,country,2002,burned_area_km2,25474.02,km2,K9,gfed5_annual_burned_area,measured,f_product_level
NAM,Namibia,country,2003,burned_area_km2,24036.32,km2,K9,gfed5_annual_burned_area,measured,f_product_level
NAM,Namibia,country,2004,burned_area_km2,28523.87,km2,K9,gfed5_annual_burned_area,measured,f_product_level
NAM,Namibia,country,2005,burned_area_km2,22314.27,km2,K9,gfed5_annual_burned_area,measured,f_product_level
NAM,Namibia,country,2006,burned_area_km2,39729.36,km2,K9,gfed5_annual_burned_area,measured,f_product_level
NAM,Namibia,country,2007,burned_area_km2,35622.35,km2,K9,gfed5_annual_burned_area,measured,f_product_level
NAM,Namibia,country,2008,burned_area_km2,22398.24,km2,K9,gfed5_annual_burned_area,measured,f_product_level
NAM,Namibia,country,2009,burned_area_km2,42216.08,km2,K9,gfed5_annual_burned_area,measured,f_product_level
NAM,Namibia,country,2010,burned_area_km2,34026.62,km2,K9,gfed5_annual_burned_area,measured,f_product_level
NAM,Namibia,country,2011,burned_area_km2,64688.0,km2,K9,gfed5_annual_burned_area,measured,f_product_level
NAM,Namibia,country,2012,burned_area_km2,67295.47,km2,K9,gfed5_annual_burned_area,measured,f_product_level
NAM,Namibia,country,2013,burned_area_km2,31274.41,km2,K9,gfed5_annual_burned_area,measured,f_product_level
NAM,Namibia,country,2014,burned_area_km2,24440.29,km2,K9,gfed5_annual_burned_area,measured,f_product_level
NAM,Namibia,country,2015,burned_area_km2,22699.59,km2,K9,gfed5_annual_burned_area,measured,f_product_level
NAM,Namibia,country,2016,burned_area_km2,19184.1,km2,K9,gfed5_annual_burned_area,measured,f_product_level
NAM,Namibia,country,2017,burned_area_km2,24457.43,km2,K9,gfed5_annual_burned_area,measured,f_product_level
NAM,Namibia,country,2018,burned_area_km2,18375.34,km2,K9,gfed5_annual_burned_area,measured,f_product_level
NAM,Namibia,country,2019,burned_area_km2,9830.15,km2,K9,gfed5_annual_burned_area,measured,f_product_level
NAM,Namibia,country,2020,burned_area_km2,29561.01,km2,K9,gfed5_annual_burned_area,measured,f_product_level
NCL,Ny-Caledonia,country,1997,burned_area_km2,183.69,km2,K9,gfed5_annual_burned_area,measured,f_product_level;f_resolution_change
NCL,Ny-Caledonia,country,1998,burned_area_km2,14.5,km2,K9,gfed5_annual_burned_area,measured,f_product_level;f_resolution_change
NCL,Ny-Caledonia,country,1999,burned_area_km2,8.28,km2,K9,gfed5_annual_burned_area,measured,f_product_level;f_resolution_change
NCL,Ny-Caledonia,country,2000,burned_area_km2,4.74,km2,K9,gfed5_annual_burned_area,measured,f_product_level;f_resolution_change
NCL,Ny-Caledonia,country,2001,burned_area_km2,56.44,km2,K9,gfed5_annual_burned_area,measured,f_product_level
NCL,Ny-Caledonia,country,2002,burned_area_km2,191.62,km2,K9,gfed5_annual_burned_area,measured,f_product_level
NCL,Ny-Caledonia,country,2003,burned_area_km2,69.99,km2,K9,gfed5_annual_burned_area,measured,f_product_level
NCL,Ny-Caledonia,country,2004,burned_area_km2,199.36,km2,K9,gfed5_annual_burned_area,measured,f_product_level
NCL,Ny-Caledonia,country,2005,burned_area_km2,82.75,km2,K9,gfed5_annual_burned_area,measured,f_product_level
NCL,Ny-Caledonia,country,2006,burned_area_km2,90.25,km2,K9,gfed5_annual_burned_area,measured,f_product_level
NCL,Ny-Caledonia,country,2007,burned_area_km2,28.19,km2,K9,gfed5_annual_burned_area,measured,f_product_level
NCL,Ny-Caledonia,country,2008,burned_area_km2,20.99,km2,K9,gfed5_annual_burned_area,measured,f_product_level
NCL,Ny-Caledonia,country,2009,burned_area_km2,56.3,km2,K9,gfed5_annual_burned_area,measured,f_product_level
NCL,Ny-Caledonia,country,2010,burned_area_km2,45.24,km2,K9,gfed5_annual_burned_area,measured,f_product_level
NCL,Ny-Caledonia,country,2011,burned_area_km2,56.8,km2,K9,gfed5_annual_burned_area,measured,f_product_level
NCL,Ny-Caledonia,country,2012,burned_area_km2,16.68,km2,K9,gfed5_annual_burned_area,measured,f_product_level
NCL,Ny-Caledonia,country,2013,burned_area_km2,55.05,km2,K9,gfed5_annual_burned_area,measured,f_product_level
NCL,Ny-Caledonia,country,2014,burned_area_km2,84.93,km2,K9,gfed5_annual_burned_area,measured,f_product_level
NCL,Ny-Caledonia,country,2015,burned_area_km2,73.16,km2,K9,gfed5_annual_burned_area,measured,f_product_level
NCL,Ny-Caledonia,country,2016,burned_area_km2,99.31,km2,K9,gfed5_annual_burned_area,measured,f_product_level
NCL,Ny-Caledonia,country,2017,burned_area_km2,182.78,km2,K9,gfed5_annual_burned_area,measured,f_product_level
NCL,Ny-Caledonia,country,2018,burned_area_km2,53.34,km2,K9,gfed5_annual_burned_area,measured,f_product_level
NCL,Ny-Caledonia,country,2019,burned_area_km2,225.15,km2,K9,gfed5_annual_burned_area,measured,f_product_level
NCL,Ny-Caledonia,country,2020,burned_area_km2,39.72,km2,K9,gfed5_annual_burned_area,measured,f_product_level
NER,Niger,country,1997,burned_area_km2,6411.44,km2,K9,gfed5_annual_burned_area,measured,f_product_level;f_resolution_change
NER,Niger,country,1998,burned_area_km2,2326.94,km2,K9,gfed5_annual_burned_area,measured,f_product_level;f_resolution_change
NER,Niger,country,1999,burned_area_km2,3093.82,km2,K9,gfed5_annual_burned_area,measured,f_product_level;f_resolution_change
NER,Niger,country,2000,burned_area_km2,2604.5,km2,K9,gfed5_annual_burned_area,measured,f_product_level;f_resolution_change
NER,Niger,country,2001,burned_area_km2,2412.51,km2,K9,gfed5_annual_burned_area,measured,f_product_level
NER,Niger,country,2002,burned_area_km2,2857.67,km2,K9,gfed5_annual_burned_area,measured,f_product_level
NER,Niger,country,2003,burned_area_km2,3941.06,km2,K9,gfed5_annual_burned_area,measured,f_product_level
NER,Niger,country,2004,burned_area_km2,2778.44,km2,K9,gfed5_annual_burned_area,measured,f_product_level
NER,Niger,country,2005,burned_area_km2,3354.69,km2,K9,gfed5_annual_burned_area,measured,f_product_level
NER,Niger,country,2006,burned_area_km2,2783.01,km2,K9,gfed5_annual_burned_area,measured,f_product_level
NER,Niger,country,2007,burned_area_km2,3108.72,km2,K9,gfed5_annual_burned_area,measured,f_product_level
NER,Niger,country,2008,burned_area_km2,2934.28,km2,K9,gfed5_annual_burned_area,measured,f_product_level
NER,Niger,country,2009,burned_area_km2,2937.14,km2,K9,gfed5_annual_burned_area,measured,f_product_level
NER,Niger,country,2010,burned_area_km2,3479.36,km2,K9,gfed5_annual_burned_area,measured,f_product_level
NER,Niger,country,2011,burned_area_km2,2940.12,km2,K9,gfed5_annual_burned_area,measured,f_product_level
NER,Niger,country,2012,burned_area_km2,2528.71,km2,K9,gfed5_annual_burned_area,measured,f_product_level
NER,Niger,country,2013,burned_area_km2,3183.97,km2,K9,gfed5_annual_burned_area,measured,f_product_level
NER,Niger,country,2014,burned_area_km2,1979.74,km2,K9,gfed5_annual_burned_area,measured,f_product_level
NER,Niger,country,2015,burned_area_km2,1798.78,km2,K9,gfed5_annual_burned_area,measured,f_product_level
NER,Niger,country,2016,burned_area_km2,2963.24,km2,K9,gfed5_annual_burned_area,measured,f_product_level
NER,Niger,country,2017,burned_area_km2,2984.23,km2,K9,gfed5_annual_burned_area,measured,f_product_level
NER,Niger,country,2018,burned_area_km2,3237.5,km2,K9,gfed5_annual_burned_area,measured,f_product_level
NER,Niger,country,2019,burned_area_km2,3318.14,km2,K9,gfed5_annual_burned_area,measured,f_product_level
NER,Niger,country,2020,burned_area_km2,3483.11,km2,K9,gfed5_annual_burned_area,measured,f_product_level
NFK,Norfolkøya,country,1997,burned_area_km2,0.0,km2,K9,gfed5_annual_burned_area,measured,f_product_level;f_resolution_change;f_grid_resolution;f_zero_no_detection
NFK,Norfolkøya,country,1998,burned_area_km2,0.0,km2,K9,gfed5_annual_burned_area,measured,f_product_level;f_resolution_change;f_grid_resolution;f_zero_no_detection
NFK,Norfolkøya,country,1999,burned_area_km2,0.0,km2,K9,gfed5_annual_burned_area,measured,f_product_level;f_resolution_change;f_grid_resolution;f_zero_no_detection
NFK,Norfolkøya,country,2000,burned_area_km2,0.0,km2,K9,gfed5_annual_burned_area,measured,f_product_level;f_resolution_change;f_grid_resolution;f_zero_no_detection
NFK,Norfolkøya,country,2001,burned_area_km2,0.0,km2,K9,gfed5_annual_burned_area,measured,f_product_level;f_grid_resolution;f_zero_no_detection
NFK,Norfolkøya,country,2002,burned_area_km2,0.0,km2,K9,gfed5_annual_burned_area,measured,f_product_level;f_grid_resolution;f_zero_no_detection
NFK,Norfolkøya,country,2003,burned_area_km2,0.0,km2,K9,gfed5_annual_burned_area,measured,f_product_level;f_grid_resolution;f_zero_no_detection
NFK,Norfolkøya,country,2004,burned_area_km2,0.0,km2,K9,gfed5_annual_burned_area,measured,f_product_level;f_grid_resolution;f_zero_no_detection
NFK,Norfolkøya,country,2005,burned_area_km2,0.0,km2,K9,gfed5_annual_burned_area,measured,f_product_level;f_grid_resolution;f_zero_no_detection
NFK,Norfolkøya,country,2006,burned_area_km2,0.0,km2,K9,gfed5_annual_burned_area,measured,f_product_level;f_grid_resolution;f_zero_no_detection
NFK,Norfolkøya,country,2007,burned_area_km2,0.0,km2,K9,gfed5_annual_burned_area,measured,f_product_level;f_grid_resolution;f_zero_no_detection
NFK,Norfolkøya,country,2008,burned_area_km2,0.0,km2,K9,gfed5_annual_burned_area,measured,f_product_level;f_grid_resolution;f_zero_no_detection
NFK,Norfolkøya,country,2009,burned_area_km2,0.0,km2,K9,gfed5_annual_burned_area,measured,f_product_level;f_grid_resolution;f_zero_no_detection
NFK,Norfolkøya,country,2010,burned_area_km2,0.0,km2,K9,gfed5_annual_burned_area,measured,f_product_level;f_grid_resolution;f_zero_no_detection
NFK,Norfolkøya,country,2011,burned_area_km2,0.0,km2,K9,gfed5_annual_burned_area,measured,f_product_level;f_grid_resolution;f_zero_no_detection
NFK,Norfolkøya,country,2012,burned_area_km2,0.0,km2,K9,gfed5_annual_burned_area,measured,f_product_level;f_grid_resolution;f_zero_no_detection
NFK,Norfolkøya,country,2013,burned_area_km2,0.0,km2,K9,gfed5_annual_burned_area,measured,f_product_level;f_grid_resolution;f_zero_no_detection
NFK,Norfolkøya,country,2014,burned_area_km2,0.0,km2,K9,gfed5_annual_burned_area,measured,f_product_level;f_grid_resolution;f_zero_no_detection
NFK,Norfolkøya,country,2015,burned_area_km2,0.0,km2,K9,gfed5_annual_burned_area,measured,f_product_level;f_grid_resolution;f_zero_no_detection
NFK,Norfolkøya,country,2016,burned_area_km2,0.0,km2,K9,gfed5_annual_burned_area,measured,f_product_level;f_grid_resolution;f_zero_no_detection
NFK,Norfolkøya,country,2017,burned_area_km2,0.0,km2,K9,gfed5_annual_burned_area,measured,f_product_level;f_grid_resolution;f_zero_no_detection
NFK,Norfolkøya,country,2018,burned_area_km2,0.0,km2,K9,gfed5_annual_burned_area,measured,f_product_level;f_grid_resolution;f_zero_no_detection
NFK,Norfolkøya,country,2019,burned_area_km2,0.0,km2,K9,gfed5_annual_burned_area,measured,f_product_level;f_grid_resolution;f_zero_no_detection
NFK,Norfolkøya,country,2020,burned_area_km2,0.0,km2,K9,gfed5_annual_burned_area,measured,f_product_level;f_grid_resolution;f_zero_no_detection
NGA,Nigeria,country,1997,burned_area_km2,200924.0,km2,K9,gfed5_annual_burned_area,measured,f_product_level;f_resolution_change
NGA,Nigeria,country,1998,burned_area_km2,209308.5,km2,K9,gfed5_annual_burned_area,measured,f_product_level;f_resolution_change
NGA,Nigeria,country,1999,burned_area_km2,182887.49,km2,K9,gfed5_annual_burned_area,measured,f_product_level;f_resolution_change
NGA,Nigeria,country,2000,burned_area_km2,213564.93,km2,K9,gfed5_annual_burned_area,measured,f_product_level;f_resolution_change
NGA,Nigeria,country,2001,burned_area_km2,308836.21,km2,K9,gfed5_annual_burned_area,measured,f_product_level
NGA,Nigeria,country,2002,burned_area_km2,235973.77,km2,K9,gfed5_annual_burned_area,measured,f_product_level
NGA,Nigeria,country,2003,burned_area_km2,247591.78,km2,K9,gfed5_annual_burned_area,measured,f_product_level
NGA,Nigeria,country,2004,burned_area_km2,287734.84,km2,K9,gfed5_annual_burned_area,measured,f_product_level
NGA,Nigeria,country,2005,burned_area_km2,265974.39,km2,K9,gfed5_annual_burned_area,measured,f_product_level
NGA,Nigeria,country,2006,burned_area_km2,250855.46,km2,K9,gfed5_annual_burned_area,measured,f_product_level
NGA,Nigeria,country,2007,burned_area_km2,259857.74,km2,K9,gfed5_annual_burned_area,measured,f_product_level
NGA,Nigeria,country,2008,burned_area_km2,245584.66,km2,K9,gfed5_annual_burned_area,measured,f_product_level
NGA,Nigeria,country,2009,burned_area_km2,203359.72,km2,K9,gfed5_annual_burned_area,measured,f_product_level
NGA,Nigeria,country,2010,burned_area_km2,210477.72,km2,K9,gfed5_annual_burned_area,measured,f_product_level
NGA,Nigeria,country,2011,burned_area_km2,186914.63,km2,K9,gfed5_annual_burned_area,measured,f_product_level
NGA,Nigeria,country,2012,burned_area_km2,184488.99,km2,K9,gfed5_annual_burned_area,measured,f_product_level
NGA,Nigeria,country,2013,burned_area_km2,161344.93,km2,K9,gfed5_annual_burned_area,measured,f_product_level
NGA,Nigeria,country,2014,burned_area_km2,161152.61,km2,K9,gfed5_annual_burned_area,measured,f_product_level
NGA,Nigeria,country,2015,burned_area_km2,171056.91,km2,K9,gfed5_annual_burned_area,measured,f_product_level
NGA,Nigeria,country,2016,burned_area_km2,194451.05,km2,K9,gfed5_annual_burned_area,measured,f_product_level
NGA,Nigeria,country,2017,burned_area_km2,197395.24,km2,K9,gfed5_annual_burned_area,measured,f_product_level
NGA,Nigeria,country,2018,burned_area_km2,172748.37,km2,K9,gfed5_annual_burned_area,measured,f_product_level
NGA,Nigeria,country,2019,burned_area_km2,155559.01,km2,K9,gfed5_annual_burned_area,measured,f_product_level
NGA,Nigeria,country,2020,burned_area_km2,194345.73,km2,K9,gfed5_annual_burned_area,measured,f_product_level
NIC,Nicaragua,country,1997,burned_area_km2,4465.51,km2,K9,gfed5_annual_burned_area,measured,f_product_level;f_resolution_change
NIC,Nicaragua,country,1998,burned_area_km2,16053.87,km2,K9,gfed5_annual_burned_area,measured,f_product_level;f_resolution_change
NIC,Nicaragua,country,1999,burned_area_km2,3620.41,km2,K9,gfed5_annual_burned_area,measured,f_product_level;f_resolution_change
NIC,Nicaragua,country,2000,burned_area_km2,7538.41,km2,K9,gfed5_annual_burned_area,measured,f_product_level;f_resolution_change
NIC,Nicaragua,country,2001,burned_area_km2,7456.48,km2,K9,gfed5_annual_burned_area,measured,f_product_level
NIC,Nicaragua,country,2002,burned_area_km2,5079.22,km2,K9,gfed5_annual_burned_area,measured,f_product_level
NIC,Nicaragua,country,2003,burned_area_km2,10066.93,km2,K9,gfed5_annual_burned_area,measured,f_product_level
NIC,Nicaragua,country,2004,burned_area_km2,5687.61,km2,K9,gfed5_annual_burned_area,measured,f_product_level
NIC,Nicaragua,country,2005,burned_area_km2,10391.63,km2,K9,gfed5_annual_burned_area,measured,f_product_level
NIC,Nicaragua,country,2006,burned_area_km2,5989.89,km2,K9,gfed5_annual_burned_area,measured,f_product_level
NIC,Nicaragua,country,2007,burned_area_km2,4974.14,km2,K9,gfed5_annual_burned_area,measured,f_product_level
NIC,Nicaragua,country,2008,burned_area_km2,6611.73,km2,K9,gfed5_annual_burned_area,measured,f_product_level
NIC,Nicaragua,country,2009,burned_area_km2,6754.54,km2,K9,gfed5_annual_burned_area,measured,f_product_level
NIC,Nicaragua,country,2010,burned_area_km2,7207.31,km2,K9,gfed5_annual_burned_area,measured,f_product_level
NIC,Nicaragua,country,2011,burned_area_km2,5432.35,km2,K9,gfed5_annual_burned_area,measured,f_product_level
NIC,Nicaragua,country,2012,burned_area_km2,4140.3,km2,K9,gfed5_annual_burned_area,measured,f_product_level
NIC,Nicaragua,country,2013,burned_area_km2,9356.13,km2,K9,gfed5_annual_burned_area,measured,f_product_level
NIC,Nicaragua,country,2014,burned_area_km2,8482.39,km2,K9,gfed5_annual_burned_area,measured,f_product_level
NIC,Nicaragua,country,2015,burned_area_km2,5714.51,km2,K9,gfed5_annual_burned_area,measured,f_product_level
NIC,Nicaragua,country,2016,burned_area_km2,7457.75,km2,K9,gfed5_annual_burned_area,measured,f_product_level
NIC,Nicaragua,country,2017,burned_area_km2,4245.89,km2,K9,gfed5_annual_burned_area,measured,f_product_level
NIC,Nicaragua,country,2018,burned_area_km2,6146.83,km2,K9,gfed5_annual_burned_area,measured,f_product_level
NIC,Nicaragua,country,2019,burned_area_km2,7386.25,km2,K9,gfed5_annual_burned_area,measured,f_product_level
NIC,Nicaragua,country,2020,burned_area_km2,9151.07,km2,K9,gfed5_annual_burned_area,measured,f_product_level
NIU,Niue,country,1997,burned_area_km2,0.0,km2,K9,gfed5_annual_burned_area,measured,f_product_level;f_resolution_change;f_grid_resolution;f_zero_no_detection
NIU,Niue,country,1998,burned_area_km2,0.0,km2,K9,gfed5_annual_burned_area,measured,f_product_level;f_resolution_change;f_grid_resolution;f_zero_no_detection
NIU,Niue,country,1999,burned_area_km2,0.0,km2,K9,gfed5_annual_burned_area,measured,f_product_level;f_resolution_change;f_grid_resolution;f_zero_no_detection
NIU,Niue,country,2000,burned_area_km2,0.0,km2,K9,gfed5_annual_burned_area,measured,f_product_level;f_resolution_change;f_grid_resolution;f_zero_no_detection
NIU,Niue,country,2001,burned_area_km2,0.0,km2,K9,gfed5_annual_burned_area,measured,f_product_level;f_grid_resolution;f_zero_no_detection
NIU,Niue,country,2002,burned_area_km2,0.0,km2,K9,gfed5_annual_burned_area,measured,f_product_level;f_grid_resolution;f_zero_no_detection
NIU,Niue,country,2003,burned_area_km2,0.0,km2,K9,gfed5_annual_burned_area,measured,f_product_level;f_grid_resolution;f_zero_no_detection
NIU,Niue,country,2004,burned_area_km2,0.0,km2,K9,gfed5_annual_burned_area,measured,f_product_level;f_grid_resolution;f_zero_no_detection
NIU,Niue,country,2005,burned_area_km2,0.0,km2,K9,gfed5_annual_burned_area,measured,f_product_level;f_grid_resolution;f_zero_no_detection
NIU,Niue,country,2006,burned_area_km2,0.0,km2,K9,gfed5_annual_burned_area,measured,f_product_level;f_grid_resolution;f_zero_no_detection
NIU,Niue,country,2007,burned_area_km2,0.0,km2,K9,gfed5_annual_burned_area,measured,f_product_level;f_grid_resolution;f_zero_no_detection
NIU,Niue,country,2008,burned_area_km2,0.0,km2,K9,gfed5_annual_burned_area,measured,f_product_level;f_grid_resolution;f_zero_no_detection
NIU,Niue,country,2009,burned_area_km2,0.0,km2,K9,gfed5_annual_burned_area,measured,f_product_level;f_grid_resolution;f_zero_no_detection
NIU,Niue,country,2010,burned_area_km2,0.0,km2,K9,gfed5_annual_burned_area,measured,f_product_level;f_grid_resolution;f_zero_no_detection
NIU,Niue,country,2011,burned_area_km2,0.0,km2,K9,gfed5_annual_burned_area,measured,f_product_level;f_grid_resolution;f_zero_no_detection
NIU,Niue,country,2012,burned_area_km2,0.0,km2,K9,gfed5_annual_burned_area,measured,f_product_level;f_grid_resolution;f_zero_no_detection
NIU,Niue,country,2013,burned_area_km2,0.0,km2,K9,gfed5_annual_burned_area,measured,f_product_level;f_grid_resolution;f_zero_no_detection
NIU,Niue,country,2014,burned_area_km2,0.0,km2,K9,gfed5_annual_burned_area,measured,f_product_level;f_grid_resolution;f_zero_no_detection
NIU,Niue,country,2015,burned_area_km2,0.0,km2,K9,gfed5_annual_burned_area,measured,f_product_level;f_grid_resolution;f_zero_no_detection
NIU,Niue,country,2016,burned_area_km2,0.0,km2,K9,gfed5_annual_burned_area,measured,f_product_level;f_grid_resolution;f_zero_no_detection
NIU,Niue,country,2017,burned_area_km2,0.0,km2,K9,gfed5_annual_burned_area,measured,f_product_level;f_grid_resolution;f_zero_no_detection
NIU,Niue,country,2018,burned_area_km2,0.0,km2,K9,gfed5_annual_burned_area,measured,f_product_level;f_grid_resolution;f_zero_no_detection
NIU,Niue,country,2019,burned_area_km2,0.0,km2,K9,gfed5_annual_burned_area,measured,f_product_level;f_grid_resolution;f_zero_no_detection
NIU,Niue,country,2020,burned_area_km2,0.0,km2,K9,gfed5_annual_burned_area,measured,f_product_level;f_grid_resolution;f_zero_no_detection
NLD,Nederland,country,1997,burned_area_km2,1017.24,km2,K9,gfed5_annual_burned_area,measured,f_product_level;f_resolution_change
NLD,Nederland,country,1998,burned_area_km2,827.41,km2,K9,gfed5_annual_burned_area,measured,f_product_level;f_resolution_change
NLD,Nederland,country,1999,burned_area_km2,661.42,km2,K9,gfed5_annual_burned_area,measured,f_product_level;f_resolution_change
NLD,Nederland,country,2000,burned_area_km2,818.42,km2,K9,gfed5_annual_burned_area,measured,f_product_level;f_resolution_change
NLD,Nederland,country,2001,burned_area_km2,65.31,km2,K9,gfed5_annual_burned_area,measured,f_product_level
NLD,Nederland,country,2002,burned_area_km2,151.96,km2,K9,gfed5_annual_burned_area,measured,f_product_level
NLD,Nederland,country,2003,burned_area_km2,181.35,km2,K9,gfed5_annual_burned_area,measured,f_product_level
NLD,Nederland,country,2004,burned_area_km2,110.25,km2,K9,gfed5_annual_burned_area,measured,f_product_level
NLD,Nederland,country,2005,burned_area_km2,116.69,km2,K9,gfed5_annual_burned_area,measured,f_product_level
NLD,Nederland,country,2006,burned_area_km2,75.2,km2,K9,gfed5_annual_burned_area,measured,f_product_level
NLD,Nederland,country,2007,burned_area_km2,108.25,km2,K9,gfed5_annual_burned_area,measured,f_product_level
NLD,Nederland,country,2008,burned_area_km2,55.48,km2,K9,gfed5_annual_burned_area,measured,f_product_level
NLD,Nederland,country,2009,burned_area_km2,106.9,km2,K9,gfed5_annual_burned_area,measured,f_product_level
NLD,Nederland,country,2010,burned_area_km2,70.41,km2,K9,gfed5_annual_burned_area,measured,f_product_level
NLD,Nederland,country,2011,burned_area_km2,118.22,km2,K9,gfed5_annual_burned_area,measured,f_product_level
NLD,Nederland,country,2012,burned_area_km2,62.69,km2,K9,gfed5_annual_burned_area,measured,f_product_level
NLD,Nederland,country,2013,burned_area_km2,93.11,km2,K9,gfed5_annual_burned_area,measured,f_product_level
NLD,Nederland,country,2014,burned_area_km2,58.93,km2,K9,gfed5_annual_burned_area,measured,f_product_level
NLD,Nederland,country,2015,burned_area_km2,94.94,km2,K9,gfed5_annual_burned_area,measured,f_product_level
NLD,Nederland,country,2016,burned_area_km2,101.22,km2,K9,gfed5_annual_burned_area,measured,f_product_level
NLD,Nederland,country,2017,burned_area_km2,63.09,km2,K9,gfed5_annual_burned_area,measured,f_product_level
NLD,Nederland,country,2018,burned_area_km2,133.73,km2,K9,gfed5_annual_burned_area,measured,f_product_level
NLD,Nederland,country,2019,burned_area_km2,86.96,km2,K9,gfed5_annual_burned_area,measured,f_product_level
NLD,Nederland,country,2020,burned_area_km2,170.01,km2,K9,gfed5_annual_burned_area,measured,f_product_level
NONISO_AKD,Akrotiri og Dhekelia,country,1997,burned_area_km2,2.15,km2,K9,gfed5_annual_burned_area,measured,f_product_level;f_resolution_change;f_grid_resolution
NONISO_AKD,Akrotiri og Dhekelia,country,1998,burned_area_km2,2.32,km2,K9,gfed5_annual_burned_area,measured,f_product_level;f_resolution_change;f_grid_resolution
NONISO_AKD,Akrotiri og Dhekelia,country,1999,burned_area_km2,2.54,km2,K9,gfed5_annual_burned_area,measured,f_product_level;f_resolution_change;f_grid_resolution
NONISO_AKD,Akrotiri og Dhekelia,country,2000,burned_area_km2,4.76,km2,K9,gfed5_annual_burned_area,measured,f_product_level;f_resolution_change;f_grid_resolution
NONISO_AKD,Akrotiri og Dhekelia,country,2001,burned_area_km2,2.71,km2,K9,gfed5_annual_burned_area,measured,f_product_level;f_grid_resolution
NONISO_AKD,Akrotiri og Dhekelia,country,2002,burned_area_km2,1.22,km2,K9,gfed5_annual_burned_area,measured,f_product_level;f_grid_resolution
NONISO_AKD,Akrotiri og Dhekelia,country,2003,burned_area_km2,5.04,km2,K9,gfed5_annual_burned_area,measured,f_product_level;f_grid_resolution
NONISO_AKD,Akrotiri og Dhekelia,country,2004,burned_area_km2,1.04,km2,K9,gfed5_annual_burned_area,measured,f_product_level;f_grid_resolution
NONISO_AKD,Akrotiri og Dhekelia,country,2005,burned_area_km2,1.05,km2,K9,gfed5_annual_burned_area,measured,f_product_level;f_grid_resolution
NONISO_AKD,Akrotiri og Dhekelia,country,2006,burned_area_km2,1.34,km2,K9,gfed5_annual_burned_area,measured,f_product_level;f_grid_resolution
NONISO_AKD,Akrotiri og Dhekelia,country,2007,burned_area_km2,0.15,km2,K9,gfed5_annual_burned_area,measured,f_product_level;f_grid_resolution
NONISO_AKD,Akrotiri og Dhekelia,country,2008,burned_area_km2,0.0,km2,K9,gfed5_annual_burned_area,measured,f_product_level;f_grid_resolution;f_zero_no_detection
NONISO_AKD,Akrotiri og Dhekelia,country,2009,burned_area_km2,1.08,km2,K9,gfed5_annual_burned_area,measured,f_product_level;f_grid_resolution
NONISO_AKD,Akrotiri og Dhekelia,country,2010,burned_area_km2,2.96,km2,K9,gfed5_annual_burned_area,measured,f_product_level;f_grid_resolution
NONISO_AKD,Akrotiri og Dhekelia,country,2011,burned_area_km2,2.9,km2,K9,gfed5_annual_burned_area,measured,f_product_level;f_grid_resolution
NONISO_AKD,Akrotiri og Dhekelia,country,2012,burned_area_km2,1.75,km2,K9,gfed5_annual_burned_area,measured,f_product_level;f_grid_resolution
NONISO_AKD,Akrotiri og Dhekelia,country,2013,burned_area_km2,2.05,km2,K9,gfed5_annual_burned_area,measured,f_product_level;f_grid_resolution
NONISO_AKD,Akrotiri og Dhekelia,country,2014,burned_area_km2,0.61,km2,K9,gfed5_annual_burned_area,measured,f_product_level;f_grid_resolution
NONISO_AKD,Akrotiri og Dhekelia,country,2015,burned_area_km2,0.4,km2,K9,gfed5_annual_burned_area,measured,f_product_level;f_grid_resolution
NONISO_AKD,Akrotiri og Dhekelia,country,2016,burned_area_km2,0.11,km2,K9,gfed5_annual_burned_area,measured,f_product_level;f_grid_resolution
NONISO_AKD,Akrotiri og Dhekelia,country,2017,burned_area_km2,0.4,km2,K9,gfed5_annual_burned_area,measured,f_product_level;f_grid_resolution
NONISO_AKD,Akrotiri og Dhekelia,country,2018,burned_area_km2,0.6,km2,K9,gfed5_annual_burned_area,measured,f_product_level;f_grid_resolution
NONISO_AKD,Akrotiri og Dhekelia,country,2019,burned_area_km2,0.28,km2,K9,gfed5_annual_burned_area,measured,f_product_level;f_grid_resolution
NONISO_AKD,Akrotiri og Dhekelia,country,2020,burned_area_km2,2.4,km2,K9,gfed5_annual_burned_area,measured,f_product_level;f_grid_resolution
NONISO_CYN,Nord-Kypros,country,1997,burned_area_km2,5.34,km2,K9,gfed5_annual_burned_area,measured,f_product_level;f_resolution_change;f_grid_resolution
NONISO_CYN,Nord-Kypros,country,1998,burned_area_km2,8.0,km2,K9,gfed5_annual_burned_area,measured,f_product_level;f_resolution_change;f_grid_resolution
NONISO_CYN,Nord-Kypros,country,1999,burned_area_km2,6.04,km2,K9,gfed5_annual_burned_area,measured,f_product_level;f_resolution_change;f_grid_resolution
NONISO_CYN,Nord-Kypros,country,2000,burned_area_km2,11.3,km2,K9,gfed5_annual_burned_area,measured,f_product_level;f_resolution_change;f_grid_resolution
NONISO_CYN,Nord-Kypros,country,2001,burned_area_km2,48.02,km2,K9,gfed5_annual_burned_area,measured,f_product_level
NONISO_CYN,Nord-Kypros,country,2002,burned_area_km2,17.94,km2,K9,gfed5_annual_burned_area,measured,f_product_level
NONISO_CYN,Nord-Kypros,country,2003,burned_area_km2,159.25,km2,K9,gfed5_annual_burned_area,measured,f_product_level
NONISO_CYN,Nord-Kypros,country,2004,burned_area_km2,41.27,km2,K9,gfed5_annual_burned_area,measured,f_product_level
NONISO_CYN,Nord-Kypros,country,2005,burned_area_km2,28.71,km2,K9,gfed5_annual_burned_area,measured,f_product_level
NONISO_CYN,Nord-Kypros,country,2006,burned_area_km2,16.37,km2,K9,gfed5_annual_burned_area,measured,f_product_level
NONISO_CYN,Nord-Kypros,country,2007,burned_area_km2,7.66,km2,K9,gfed5_annual_burned_area,measured,f_product_level
NONISO_CYN,Nord-Kypros,country,2008,burned_area_km2,2.75,km2,K9,gfed5_annual_burned_area,measured,f_product_level
NONISO_CYN,Nord-Kypros,country,2009,burned_area_km2,7.38,km2,K9,gfed5_annual_burned_area,measured,f_product_level
NONISO_CYN,Nord-Kypros,country,2010,burned_area_km2,40.12,km2,K9,gfed5_annual_burned_area,measured,f_product_level
NONISO_CYN,Nord-Kypros,country,2011,burned_area_km2,21.06,km2,K9,gfed5_annual_burned_area,measured,f_product_level
NONISO_CYN,Nord-Kypros,country,2012,burned_area_km2,48.05,km2,K9,gfed5_annual_burned_area,measured,f_product_level
NONISO_CYN,Nord-Kypros,country,2013,burned_area_km2,21.39,km2,K9,gfed5_annual_burned_area,measured,f_product_level
NONISO_CYN,Nord-Kypros,country,2014,burned_area_km2,6.37,km2,K9,gfed5_annual_burned_area,measured,f_product_level
NONISO_CYN,Nord-Kypros,country,2015,burned_area_km2,12.65,km2,K9,gfed5_annual_burned_area,measured,f_product_level
NONISO_CYN,Nord-Kypros,country,2016,burned_area_km2,6.65,km2,K9,gfed5_annual_burned_area,measured,f_product_level
NONISO_CYN,Nord-Kypros,country,2017,burned_area_km2,4.59,km2,K9,gfed5_annual_burned_area,measured,f_product_level
NONISO_CYN,Nord-Kypros,country,2018,burned_area_km2,4.44,km2,K9,gfed5_annual_burned_area,measured,f_product_level
NONISO_CYN,Nord-Kypros,country,2019,burned_area_km2,7.32,km2,K9,gfed5_annual_burned_area,measured,f_product_level
NONISO_CYN,Nord-Kypros,country,2020,burned_area_km2,50.93,km2,K9,gfed5_annual_burned_area,measured,f_product_level
NOR,Norge,country,1997,burned_area_km2,707.42,km2,K9,gfed5_annual_burned_area,measured,f_product_level;f_resolution_change
NOR,Norge,country,1998,burned_area_km2,566.64,km2,K9,gfed5_annual_burned_area,measured,f_product_level;f_resolution_change
NOR,Norge,country,1999,burned_area_km2,383.34,km2,K9,gfed5_annual_burned_area,measured,f_product_level;f_resolution_change
NOR,Norge,country,2000,burned_area_km2,577.49,km2,K9,gfed5_annual_burned_area,measured,f_product_level;f_resolution_change
NOR,Norge,country,2001,burned_area_km2,238.59,km2,K9,gfed5_annual_burned_area,measured,f_product_level
NOR,Norge,country,2002,burned_area_km2,269.53,km2,K9,gfed5_annual_burned_area,measured,f_product_level
NOR,Norge,country,2003,burned_area_km2,270.07,km2,K9,gfed5_annual_burned_area,measured,f_product_level
NOR,Norge,country,2004,burned_area_km2,208.06,km2,K9,gfed5_annual_burned_area,measured,f_product_level
NOR,Norge,country,2005,burned_area_km2,339.68,km2,K9,gfed5_annual_burned_area,measured,f_product_level
NOR,Norge,country,2006,burned_area_km2,267.33,km2,K9,gfed5_annual_burned_area,measured,f_product_level
NOR,Norge,country,2007,burned_area_km2,299.08,km2,K9,gfed5_annual_burned_area,measured,f_product_level
NOR,Norge,country,2008,burned_area_km2,257.85,km2,K9,gfed5_annual_burned_area,measured,f_product_level
NOR,Norge,country,2009,burned_area_km2,173.91,km2,K9,gfed5_annual_burned_area,measured,f_product_level
NOR,Norge,country,2010,burned_area_km2,232.46,km2,K9,gfed5_annual_burned_area,measured,f_product_level
NOR,Norge,country,2011,burned_area_km2,230.8,km2,K9,gfed5_annual_burned_area,measured,f_product_level
NOR,Norge,country,2012,burned_area_km2,135.08,km2,K9,gfed5_annual_burned_area,measured,f_product_level
NOR,Norge,country,2013,burned_area_km2,222.14,km2,K9,gfed5_annual_burned_area,measured,f_product_level
NOR,Norge,country,2014,burned_area_km2,301.71,km2,K9,gfed5_annual_burned_area,measured,f_product_level
NOR,Norge,country,2015,burned_area_km2,110.87,km2,K9,gfed5_annual_burned_area,measured,f_product_level
NOR,Norge,country,2016,burned_area_km2,120.23,km2,K9,gfed5_annual_burned_area,measured,f_product_level
NOR,Norge,country,2017,burned_area_km2,177.13,km2,K9,gfed5_annual_burned_area,measured,f_product_level
NOR,Norge,country,2018,burned_area_km2,214.95,km2,K9,gfed5_annual_burned_area,measured,f_product_level
NOR,Norge,country,2019,burned_area_km2,262.46,km2,K9,gfed5_annual_burned_area,measured,f_product_level
NOR,Norge,country,2020,burned_area_km2,54.43,km2,K9,gfed5_annual_burned_area,measured,f_product_level
NPL,Nepal,country,1997,burned_area_km2,5662.17,km2,K9,gfed5_annual_burned_area,measured,f_product_level;f_resolution_change
NPL,Nepal,country,1998,burned_area_km2,1694.01,km2,K9,gfed5_annual_burned_area,measured,f_product_level;f_resolution_change
NPL,Nepal,country,1999,burned_area_km2,3561.63,km2,K9,gfed5_annual_burned_area,measured,f_product_level;f_resolution_change
NPL,Nepal,country,2000,burned_area_km2,2840.73,km2,K9,gfed5_annual_burned_area,measured,f_product_level;f_resolution_change
NPL,Nepal,country,2001,burned_area_km2,10247.61,km2,K9,gfed5_annual_burned_area,measured,f_product_level
NPL,Nepal,country,2002,burned_area_km2,3112.9,km2,K9,gfed5_annual_burned_area,measured,f_product_level
NPL,Nepal,country,2003,burned_area_km2,5660.23,km2,K9,gfed5_annual_burned_area,measured,f_product_level
NPL,Nepal,country,2004,burned_area_km2,7115.19,km2,K9,gfed5_annual_burned_area,measured,f_product_level
NPL,Nepal,country,2005,burned_area_km2,7822.9,km2,K9,gfed5_annual_burned_area,measured,f_product_level
NPL,Nepal,country,2006,burned_area_km2,5149.02,km2,K9,gfed5_annual_burned_area,measured,f_product_level
NPL,Nepal,country,2007,burned_area_km2,3623.52,km2,K9,gfed5_annual_burned_area,measured,f_product_level
NPL,Nepal,country,2008,burned_area_km2,7816.5,km2,K9,gfed5_annual_burned_area,measured,f_product_level
NPL,Nepal,country,2009,burned_area_km2,13384.87,km2,K9,gfed5_annual_burned_area,measured,f_product_level
NPL,Nepal,country,2010,burned_area_km2,9824.49,km2,K9,gfed5_annual_burned_area,measured,f_product_level
NPL,Nepal,country,2011,burned_area_km2,4805.24,km2,K9,gfed5_annual_burned_area,measured,f_product_level
NPL,Nepal,country,2012,burned_area_km2,11668.4,km2,K9,gfed5_annual_burned_area,measured,f_product_level
NPL,Nepal,country,2013,burned_area_km2,7845.7,km2,K9,gfed5_annual_burned_area,measured,f_product_level
NPL,Nepal,country,2014,burned_area_km2,8526.29,km2,K9,gfed5_annual_burned_area,measured,f_product_level
NPL,Nepal,country,2015,burned_area_km2,2914.86,km2,K9,gfed5_annual_burned_area,measured,f_product_level
NPL,Nepal,country,2016,burned_area_km2,18677.63,km2,K9,gfed5_annual_burned_area,measured,f_product_level
NPL,Nepal,country,2017,burned_area_km2,6113.07,km2,K9,gfed5_annual_burned_area,measured,f_product_level
NPL,Nepal,country,2018,burned_area_km2,7752.88,km2,K9,gfed5_annual_burned_area,measured,f_product_level
NPL,Nepal,country,2019,burned_area_km2,7549.81,km2,K9,gfed5_annual_burned_area,measured,f_product_level
NPL,Nepal,country,2020,burned_area_km2,2344.93,km2,K9,gfed5_annual_burned_area,measured,f_product_level
NRU,Nauru,country,1997,burned_area_km2,0.0,km2,K9,gfed5_annual_burned_area,measured,f_product_level;f_resolution_change;f_grid_resolution;f_zero_no_detection
NRU,Nauru,country,1998,burned_area_km2,0.0,km2,K9,gfed5_annual_burned_area,measured,f_product_level;f_resolution_change;f_grid_resolution;f_zero_no_detection
NRU,Nauru,country,1999,burned_area_km2,0.0,km2,K9,gfed5_annual_burned_area,measured,f_product_level;f_resolution_change;f_grid_resolution;f_zero_no_detection
NRU,Nauru,country,2000,burned_area_km2,0.0,km2,K9,gfed5_annual_burned_area,measured,f_product_level;f_resolution_change;f_grid_resolution;f_zero_no_detection
NRU,Nauru,country,2001,burned_area_km2,0.0,km2,K9,gfed5_annual_burned_area,measured,f_product_level;f_grid_resolution;f_zero_no_detection
NRU,Nauru,country,2002,burned_area_km2,0.0,km2,K9,gfed5_annual_burned_area,measured,f_product_level;f_grid_resolution;f_zero_no_detection
NRU,Nauru,country,2003,burned_area_km2,0.0,km2,K9,gfed5_annual_burned_area,measured,f_product_level;f_grid_resolution;f_zero_no_detection
NRU,Nauru,country,2004,burned_area_km2,0.0,km2,K9,gfed5_annual_burned_area,measured,f_product_level;f_grid_resolution;f_zero_no_detection
NRU,Nauru,country,2005,burned_area_km2,0.0,km2,K9,gfed5_annual_burned_area,measured,f_product_level;f_grid_resolution;f_zero_no_detection
NRU,Nauru,country,2006,burned_area_km2,0.0,km2,K9,gfed5_annual_burned_area,measured,f_product_level;f_grid_resolution;f_zero_no_detection
NRU,Nauru,country,2007,burned_area_km2,0.0,km2,K9,gfed5_annual_burned_area,measured,f_product_level;f_grid_resolution;f_zero_no_detection
NRU,Nauru,country,2008,burned_area_km2,0.0,km2,K9,gfed5_annual_burned_area,measured,f_product_level;f_grid_resolution;f_zero_no_detection
NRU,Nauru,country,2009,burned_area_km2,0.0,km2,K9,gfed5_annual_burned_area,measured,f_product_level;f_grid_resolution;f_zero_no_detection
NRU,Nauru,country,2010,burned_area_km2,0.0,km2,K9,gfed5_annual_burned_area,measured,f_product_level;f_grid_resolution;f_zero_no_detection
NRU,Nauru,country,2011,burned_area_km2,0.0,km2,K9,gfed5_annual_burned_area,measured,f_product_level;f_grid_resolution;f_zero_no_detection
NRU,Nauru,country,2012,burned_area_km2,0.0,km2,K9,gfed5_annual_burned_area,measured,f_product_level;f_grid_resolution;f_zero_no_detection
NRU,Nauru,country,2013,burned_area_km2,0.0,km2,K9,gfed5_annual_burned_area,measured,f_product_level;f_grid_resolution;f_zero_no_detection
NRU,Nauru,country,2014,burned_area_km2,0.0,km2,K9,gfed5_annual_burned_area,measured,f_product_level;f_grid_resolution;f_zero_no_detection
NRU,Nauru,country,2015,burned_area_km2,0.0,km2,K9,gfed5_annual_burned_area,measured,f_product_level;f_grid_resolution;f_zero_no_detection
NRU,Nauru,country,2016,burned_area_km2,0.0,km2,K9,gfed5_annual_burned_area,measured,f_product_level;f_grid_resolution;f_zero_no_detection
NRU,Nauru,country,2017,burned_area_km2,0.0,km2,K9,gfed5_annual_burned_area,measured,f_product_level;f_grid_resolution;f_zero_no_detection
NRU,Nauru,country,2018,burned_area_km2,0.0,km2,K9,gfed5_annual_burned_area,measured,f_product_level;f_grid_resolution;f_zero_no_detection
NRU,Nauru,country,2019,burned_area_km2,0.0,km2,K9,gfed5_annual_burned_area,measured,f_product_level;f_grid_resolution;f_zero_no_detection
NRU,Nauru,country,2020,burned_area_km2,0.0,km2,K9,gfed5_annual_burned_area,measured,f_product_level;f_grid_resolution;f_zero_no_detection
NZL,New Zealand,country,1997,burned_area_km2,287.64,km2,K9,gfed5_annual_burned_area,measured,f_product_level;f_resolution_change
NZL,New Zealand,country,1998,burned_area_km2,63.59,km2,K9,gfed5_annual_burned_area,measured,f_product_level;f_resolution_change
NZL,New Zealand,country,1999,burned_area_km2,42.5,km2,K9,gfed5_annual_burned_area,measured,f_product_level;f_resolution_change
NZL,New Zealand,country,2000,burned_area_km2,133.95,km2,K9,gfed5_annual_burned_area,measured,f_product_level;f_resolution_change
NZL,New Zealand,country,2001,burned_area_km2,516.01,km2,K9,gfed5_annual_burned_area,measured,f_product_level
NZL,New Zealand,country,2002,burned_area_km2,216.94,km2,K9,gfed5_annual_burned_area,measured,f_product_level
NZL,New Zealand,country,2003,burned_area_km2,453.88,km2,K9,gfed5_annual_burned_area,measured,f_product_level
NZL,New Zealand,country,2004,burned_area_km2,226.22,km2,K9,gfed5_annual_burned_area,measured,f_product_level
NZL,New Zealand,country,2005,burned_area_km2,320.0,km2,K9,gfed5_annual_burned_area,measured,f_product_level
NZL,New Zealand,country,2006,burned_area_km2,390.69,km2,K9,gfed5_annual_burned_area,measured,f_product_level
NZL,New Zealand,country,2007,burned_area_km2,658.97,km2,K9,gfed5_annual_burned_area,measured,f_product_level
NZL,New Zealand,country,2008,burned_area_km2,401.51,km2,K9,gfed5_annual_burned_area,measured,f_product_level
NZL,New Zealand,country,2009,burned_area_km2,327.93,km2,K9,gfed5_annual_burned_area,measured,f_product_level
NZL,New Zealand,country,2010,burned_area_km2,363.64,km2,K9,gfed5_annual_burned_area,measured,f_product_level
NZL,New Zealand,country,2011,burned_area_km2,345.96,km2,K9,gfed5_annual_burned_area,measured,f_product_level
NZL,New Zealand,country,2012,burned_area_km2,271.6,km2,K9,gfed5_annual_burned_area,measured,f_product_level
NZL,New Zealand,country,2013,burned_area_km2,427.19,km2,K9,gfed5_annual_burned_area,measured,f_product_level
NZL,New Zealand,country,2014,burned_area_km2,453.31,km2,K9,gfed5_annual_burned_area,measured,f_product_level
NZL,New Zealand,country,2015,burned_area_km2,465.43,km2,K9,gfed5_annual_burned_area,measured,f_product_level
NZL,New Zealand,country,2016,burned_area_km2,350.55,km2,K9,gfed5_annual_burned_area,measured,f_product_level
NZL,New Zealand,country,2017,burned_area_km2,292.67,km2,K9,gfed5_annual_burned_area,measured,f_product_level
NZL,New Zealand,country,2018,burned_area_km2,205.78,km2,K9,gfed5_annual_burned_area,measured,f_product_level
NZL,New Zealand,country,2019,burned_area_km2,459.57,km2,K9,gfed5_annual_burned_area,measured,f_product_level
NZL,New Zealand,country,2020,burned_area_km2,367.66,km2,K9,gfed5_annual_burned_area,measured,f_product_level
OMN,Oman,country,1997,burned_area_km2,315.24,km2,K9,gfed5_annual_burned_area,measured,f_product_level;f_resolution_change
OMN,Oman,country,1998,burned_area_km2,886.61,km2,K9,gfed5_annual_burned_area,measured,f_product_level;f_resolution_change
OMN,Oman,country,1999,burned_area_km2,885.96,km2,K9,gfed5_annual_burned_area,measured,f_product_level;f_resolution_change
OMN,Oman,country,2000,burned_area_km2,327.69,km2,K9,gfed5_annual_burned_area,measured,f_product_level;f_resolution_change
OMN,Oman,country,2001,burned_area_km2,0.0,km2,K9,gfed5_annual_burned_area,measured,f_product_level;f_zero_no_detection
OMN,Oman,country,2002,burned_area_km2,0.0,km2,K9,gfed5_annual_burned_area,measured,f_product_level;f_zero_no_detection
OMN,Oman,country,2003,burned_area_km2,0.62,km2,K9,gfed5_annual_burned_area,measured,f_product_level
OMN,Oman,country,2004,burned_area_km2,27.1,km2,K9,gfed5_annual_burned_area,measured,f_product_level
OMN,Oman,country,2005,burned_area_km2,1.82,km2,K9,gfed5_annual_burned_area,measured,f_product_level
OMN,Oman,country,2006,burned_area_km2,14.21,km2,K9,gfed5_annual_burned_area,measured,f_product_level
OMN,Oman,country,2007,burned_area_km2,23.53,km2,K9,gfed5_annual_burned_area,measured,f_product_level
OMN,Oman,country,2008,burned_area_km2,11.37,km2,K9,gfed5_annual_burned_area,measured,f_product_level
OMN,Oman,country,2009,burned_area_km2,8.33,km2,K9,gfed5_annual_burned_area,measured,f_product_level
OMN,Oman,country,2010,burned_area_km2,2.25,km2,K9,gfed5_annual_burned_area,measured,f_product_level
OMN,Oman,country,2011,burned_area_km2,2.41,km2,K9,gfed5_annual_burned_area,measured,f_product_level
OMN,Oman,country,2012,burned_area_km2,5.25,km2,K9,gfed5_annual_burned_area,measured,f_product_level
OMN,Oman,country,2013,burned_area_km2,15.33,km2,K9,gfed5_annual_burned_area,measured,f_product_level
OMN,Oman,country,2014,burned_area_km2,8.47,km2,K9,gfed5_annual_burned_area,measured,f_product_level
OMN,Oman,country,2015,burned_area_km2,18.75,km2,K9,gfed5_annual_burned_area,measured,f_product_level
OMN,Oman,country,2016,burned_area_km2,26.91,km2,K9,gfed5_annual_burned_area,measured,f_product_level
OMN,Oman,country,2017,burned_area_km2,13.86,km2,K9,gfed5_annual_burned_area,measured,f_product_level
OMN,Oman,country,2018,burned_area_km2,6.81,km2,K9,gfed5_annual_burned_area,measured,f_product_level
OMN,Oman,country,2019,burned_area_km2,0.0,km2,K9,gfed5_annual_burned_area,measured,f_product_level;f_zero_no_detection
OMN,Oman,country,2020,burned_area_km2,12.58,km2,K9,gfed5_annual_burned_area,measured,f_product_level
PAK,Pakistan,country,1997,burned_area_km2,18260.18,km2,K9,gfed5_annual_burned_area,measured,f_product_level;f_resolution_change
PAK,Pakistan,country,1998,burned_area_km2,12796.79,km2,K9,gfed5_annual_burned_area,measured,f_product_level;f_resolution_change
PAK,Pakistan,country,1999,burned_area_km2,10873.9,km2,K9,gfed5_annual_burned_area,measured,f_product_level;f_resolution_change
PAK,Pakistan,country,2000,burned_area_km2,11779.53,km2,K9,gfed5_annual_burned_area,measured,f_product_level;f_resolution_change
PAK,Pakistan,country,2001,burned_area_km2,15104.39,km2,K9,gfed5_annual_burned_area,measured,f_product_level
PAK,Pakistan,country,2002,burned_area_km2,15809.24,km2,K9,gfed5_annual_burned_area,measured,f_product_level
PAK,Pakistan,country,2003,burned_area_km2,14434.48,km2,K9,gfed5_annual_burned_area,measured,f_product_level
PAK,Pakistan,country,2004,burned_area_km2,16213.1,km2,K9,gfed5_annual_burned_area,measured,f_product_level
PAK,Pakistan,country,2005,burned_area_km2,14925.91,km2,K9,gfed5_annual_burned_area,measured,f_product_level
PAK,Pakistan,country,2006,burned_area_km2,11351.62,km2,K9,gfed5_annual_burned_area,measured,f_product_level
PAK,Pakistan,country,2007,burned_area_km2,13618.2,km2,K9,gfed5_annual_burned_area,measured,f_product_level
PAK,Pakistan,country,2008,burned_area_km2,20385.94,km2,K9,gfed5_annual_burned_area,measured,f_product_level
PAK,Pakistan,country,2009,burned_area_km2,16710.24,km2,K9,gfed5_annual_burned_area,measured,f_product_level
PAK,Pakistan,country,2010,burned_area_km2,15509.47,km2,K9,gfed5_annual_burned_area,measured,f_product_level
PAK,Pakistan,country,2011,burned_area_km2,16192.62,km2,K9,gfed5_annual_burned_area,measured,f_product_level
PAK,Pakistan,country,2012,burned_area_km2,23778.32,km2,K9,gfed5_annual_burned_area,measured,f_product_level
PAK,Pakistan,country,2013,burned_area_km2,18232.39,km2,K9,gfed5_annual_burned_area,measured,f_product_level
PAK,Pakistan,country,2014,burned_area_km2,20343.49,km2,K9,gfed5_annual_burned_area,measured,f_product_level
PAK,Pakistan,country,2015,burned_area_km2,17289.73,km2,K9,gfed5_annual_burned_area,measured,f_product_level
PAK,Pakistan,country,2016,burned_area_km2,20435.68,km2,K9,gfed5_annual_burned_area,measured,f_product_level
PAK,Pakistan,country,2017,burned_area_km2,23942.97,km2,K9,gfed5_annual_burned_area,measured,f_product_level
PAK,Pakistan,country,2018,burned_area_km2,25389.09,km2,K9,gfed5_annual_burned_area,measured,f_product_level
PAK,Pakistan,country,2019,burned_area_km2,18886.48,km2,K9,gfed5_annual_burned_area,measured,f_product_level
PAK,Pakistan,country,2020,burned_area_km2,19266.14,km2,K9,gfed5_annual_burned_area,measured,f_product_level
PAN,Panama,country,1997,burned_area_km2,1121.81,km2,K9,gfed5_annual_burned_area,measured,f_product_level;f_resolution_change
PAN,Panama,country,1998,burned_area_km2,2392.22,km2,K9,gfed5_annual_burned_area,measured,f_product_level;f_resolution_change
PAN,Panama,country,1999,burned_area_km2,885.51,km2,K9,gfed5_annual_burned_area,measured,f_product_level;f_resolution_change
PAN,Panama,country,2000,burned_area_km2,1634.85,km2,K9,gfed5_annual_burned_area,measured,f_product_level;f_resolution_change
PAN,Panama,country,2001,burned_area_km2,4218.31,km2,K9,gfed5_annual_burned_area,measured,f_product_level
PAN,Panama,country,2002,burned_area_km2,2379.46,km2,K9,gfed5_annual_burned_area,measured,f_product_level
PAN,Panama,country,2003,burned_area_km2,4562.72,km2,K9,gfed5_annual_burned_area,measured,f_product_level
PAN,Panama,country,2004,burned_area_km2,3943.45,km2,K9,gfed5_annual_burned_area,measured,f_product_level
PAN,Panama,country,2005,burned_area_km2,2336.84,km2,K9,gfed5_annual_burned_area,measured,f_product_level
PAN,Panama,country,2006,burned_area_km2,3113.19,km2,K9,gfed5_annual_burned_area,measured,f_product_level
PAN,Panama,country,2007,burned_area_km2,2562.45,km2,K9,gfed5_annual_burned_area,measured,f_product_level
PAN,Panama,country,2008,burned_area_km2,2920.77,km2,K9,gfed5_annual_burned_area,measured,f_product_level
PAN,Panama,country,2009,burned_area_km2,4279.24,km2,K9,gfed5_annual_burned_area,measured,f_product_level
PAN,Panama,country,2010,burned_area_km2,1925.99,km2,K9,gfed5_annual_burned_area,measured,f_product_level
PAN,Panama,country,2011,burned_area_km2,1232.23,km2,K9,gfed5_annual_burned_area,measured,f_product_level
PAN,Panama,country,2012,burned_area_km2,2022.4,km2,K9,gfed5_annual_burned_area,measured,f_product_level
PAN,Panama,country,2013,burned_area_km2,2766.52,km2,K9,gfed5_annual_burned_area,measured,f_product_level
PAN,Panama,country,2014,burned_area_km2,2198.67,km2,K9,gfed5_annual_burned_area,measured,f_product_level
PAN,Panama,country,2015,burned_area_km2,2805.9,km2,K9,gfed5_annual_burned_area,measured,f_product_level
PAN,Panama,country,2016,burned_area_km2,3351.1,km2,K9,gfed5_annual_burned_area,measured,f_product_level
PAN,Panama,country,2017,burned_area_km2,1904.24,km2,K9,gfed5_annual_burned_area,measured,f_product_level
PAN,Panama,country,2018,burned_area_km2,1339.35,km2,K9,gfed5_annual_burned_area,measured,f_product_level
PAN,Panama,country,2019,burned_area_km2,3979.95,km2,K9,gfed5_annual_burned_area,measured,f_product_level
PAN,Panama,country,2020,burned_area_km2,3431.65,km2,K9,gfed5_annual_burned_area,measured,f_product_level
PCN,Pitcairn,country,1997,burned_area_km2,0.0,km2,K9,gfed5_annual_burned_area,measured,f_product_level;f_resolution_change;f_grid_resolution;f_zero_no_detection
PCN,Pitcairn,country,1998,burned_area_km2,0.0,km2,K9,gfed5_annual_burned_area,measured,f_product_level;f_resolution_change;f_grid_resolution;f_zero_no_detection
PCN,Pitcairn,country,1999,burned_area_km2,0.0,km2,K9,gfed5_annual_burned_area,measured,f_product_level;f_resolution_change;f_grid_resolution;f_zero_no_detection
PCN,Pitcairn,country,2000,burned_area_km2,0.0,km2,K9,gfed5_annual_burned_area,measured,f_product_level;f_resolution_change;f_grid_resolution;f_zero_no_detection
PCN,Pitcairn,country,2001,burned_area_km2,0.0,km2,K9,gfed5_annual_burned_area,measured,f_product_level;f_grid_resolution;f_zero_no_detection
PCN,Pitcairn,country,2002,burned_area_km2,0.0,km2,K9,gfed5_annual_burned_area,measured,f_product_level;f_grid_resolution;f_zero_no_detection
PCN,Pitcairn,country,2003,burned_area_km2,0.0,km2,K9,gfed5_annual_burned_area,measured,f_product_level;f_grid_resolution;f_zero_no_detection
PCN,Pitcairn,country,2004,burned_area_km2,0.0,km2,K9,gfed5_annual_burned_area,measured,f_product_level;f_grid_resolution;f_zero_no_detection
PCN,Pitcairn,country,2005,burned_area_km2,0.0,km2,K9,gfed5_annual_burned_area,measured,f_product_level;f_grid_resolution;f_zero_no_detection
PCN,Pitcairn,country,2006,burned_area_km2,0.0,km2,K9,gfed5_annual_burned_area,measured,f_product_level;f_grid_resolution;f_zero_no_detection
PCN,Pitcairn,country,2007,burned_area_km2,0.0,km2,K9,gfed5_annual_burned_area,measured,f_product_level;f_grid_resolution;f_zero_no_detection
PCN,Pitcairn,country,2008,burned_area_km2,0.0,km2,K9,gfed5_annual_burned_area,measured,f_product_level;f_grid_resolution;f_zero_no_detection
PCN,Pitcairn,country,2009,burned_area_km2,0.0,km2,K9,gfed5_annual_burned_area,measured,f_product_level;f_grid_resolution;f_zero_no_detection
PCN,Pitcairn,country,2010,burned_area_km2,0.0,km2,K9,gfed5_annual_burned_area,measured,f_product_level;f_grid_resolution;f_zero_no_detection
PCN,Pitcairn,country,2011,burned_area_km2,0.0,km2,K9,gfed5_annual_burned_area,measured,f_product_level;f_grid_resolution;f_zero_no_detection
PCN,Pitcairn,country,2012,burned_area_km2,0.0,km2,K9,gfed5_annual_burned_area,measured,f_product_level;f_grid_resolution;f_zero_no_detection
PCN,Pitcairn,country,2013,burned_area_km2,0.0,km2,K9,gfed5_annual_burned_area,measured,f_product_level;f_grid_resolution;f_zero_no_detection
PCN,Pitcairn,country,2014,burned_area_km2,0.0,km2,K9,gfed5_annual_burned_area,measured,f_product_level;f_grid_resolution;f_zero_no_detection
PCN,Pitcairn,country,2015,burned_area_km2,0.0,km2,K9,gfed5_annual_burned_area,measured,f_product_level;f_grid_resolution;f_zero_no_detection
PCN,Pitcairn,country,2016,burned_area_km2,0.0,km2,K9,gfed5_annual_burned_area,measured,f_product_level;f_grid_resolution;f_zero_no_detection
PCN,Pitcairn,country,2017,burned_area_km2,0.0,km2,K9,gfed5_annual_burned_area,measured,f_product_level;f_grid_resolution;f_zero_no_detection
PCN,Pitcairn,country,2018,burned_area_km2,0.0,km2,K9,gfed5_annual_burned_area,measured,f_product_level;f_grid_resolution;f_zero_no_detection
PCN,Pitcairn,country,2019,burned_area_km2,0.0,km2,K9,gfed5_annual_burned_area,measured,f_product_level;f_grid_resolution;f_zero_no_detection
PCN,Pitcairn,country,2020,burned_area_km2,0.0,km2,K9,gfed5_annual_burned_area,measured,f_product_level;f_grid_resolution;f_zero_no_detection
PER,Peru,country,1997,burned_area_km2,1515.98,km2,K9,gfed5_annual_burned_area,measured,f_product_level;f_resolution_change
PER,Peru,country,1998,burned_area_km2,1679.46,km2,K9,gfed5_annual_burned_area,measured,f_product_level;f_resolution_change
PER,Peru,country,1999,burned_area_km2,1472.22,km2,K9,gfed5_annual_burned_area,measured,f_product_level;f_resolution_change
PER,Peru,country,2000,burned_area_km2,2101.78,km2,K9,gfed5_annual_burned_area,measured,f_product_level;f_resolution_change
PER,Peru,country,2001,burned_area_km2,3892.7,km2,K9,gfed5_annual_burned_area,measured,f_product_level
PER,Peru,country,2002,burned_area_km2,3509.14,km2,K9,gfed5_annual_burned_area,measured,f_product_level
PER,Peru,country,2003,burned_area_km2,11693.29,km2,K9,gfed5_annual_burned_area,measured,f_product_level
PER,Peru,country,2004,burned_area_km2,9420.46,km2,K9,gfed5_annual_burned_area,measured,f_product_level
PER,Peru,country,2005,burned_area_km2,16311.24,km2,K9,gfed5_annual_burned_area,measured,f_product_level
PER,Peru,country,2006,burned_area_km2,9696.5,km2,K9,gfed5_annual_burned_area,measured,f_product_level
PER,Peru,country,2007,burned_area_km2,12709.49,km2,K9,gfed5_annual_burned_area,measured,f_product_level
PER,Peru,country,2008,burned_area_km2,10304.87,km2,K9,gfed5_annual_burned_area,measured,f_product_level
PER,Peru,country,2009,burned_area_km2,8600.64,km2,K9,gfed5_annual_burned_area,measured,f_product_level
PER,Peru,country,2010,burned_area_km2,15217.79,km2,K9,gfed5_annual_burned_area,measured,f_product_level
PER,Peru,country,2011,burned_area_km2,8362.57,km2,K9,gfed5_annual_burned_area,measured,f_product_level
PER,Peru,country,2012,burned_area_km2,12938.3,km2,K9,gfed5_annual_burned_area,measured,f_product_level
PER,Peru,country,2013,burned_area_km2,9768.66,km2,K9,gfed5_annual_burned_area,measured,f_product_level
PER,Peru,country,2014,burned_area_km2,8843.55,km2,K9,gfed5_annual_burned_area,measured,f_product_level
PER,Peru,country,2015,burned_area_km2,11283.5,km2,K9,gfed5_annual_burned_area,measured,f_product_level
PER,Peru,country,2016,burned_area_km2,15875.92,km2,K9,gfed5_annual_burned_area,measured,f_product_level
PER,Peru,country,2017,burned_area_km2,8715.56,km2,K9,gfed5_annual_burned_area,measured,f_product_level
PER,Peru,country,2018,burned_area_km2,10784.81,km2,K9,gfed5_annual_burned_area,measured,f_product_level
PER,Peru,country,2019,burned_area_km2,13507.53,km2,K9,gfed5_annual_burned_area,measured,f_product_level
PER,Peru,country,2020,burned_area_km2,15521.12,km2,K9,gfed5_annual_burned_area,measured,f_product_level
PHL,Filippinene,country,1997,burned_area_km2,5932.8,km2,K9,gfed5_annual_burned_area,measured,f_product_level;f_resolution_change
PHL,Filippinene,country,1998,burned_area_km2,12793.51,km2,K9,gfed5_annual_burned_area,measured,f_product_level;f_resolution_change
PHL,Filippinene,country,1999,burned_area_km2,3460.44,km2,K9,gfed5_annual_burned_area,measured,f_product_level;f_resolution_change
PHL,Filippinene,country,2000,burned_area_km2,3665.9,km2,K9,gfed5_annual_burned_area,measured,f_product_level;f_resolution_change
PHL,Filippinene,country,2001,burned_area_km2,10144.21,km2,K9,gfed5_annual_burned_area,measured,f_product_level
PHL,Filippinene,country,2002,burned_area_km2,18454.74,km2,K9,gfed5_annual_burned_area,measured,f_product_level
PHL,Filippinene,country,2003,burned_area_km2,16548.65,km2,K9,gfed5_annual_burned_area,measured,f_product_level
PHL,Filippinene,country,2004,burned_area_km2,13808.09,km2,K9,gfed5_annual_burned_area,measured,f_product_level
PHL,Filippinene,country,2005,burned_area_km2,16924.76,km2,K9,gfed5_annual_burned_area,measured,f_product_level
PHL,Filippinene,country,2006,burned_area_km2,10538.58,km2,K9,gfed5_annual_burned_area,measured,f_product_level
PHL,Filippinene,country,2007,burned_area_km2,13652.61,km2,K9,gfed5_annual_burned_area,measured,f_product_level
PHL,Filippinene,country,2008,burned_area_km2,7242.0,km2,K9,gfed5_annual_burned_area,measured,f_product_level
PHL,Filippinene,country,2009,burned_area_km2,8933.52,km2,K9,gfed5_annual_burned_area,measured,f_product_level
PHL,Filippinene,country,2010,burned_area_km2,20211.65,km2,K9,gfed5_annual_burned_area,measured,f_product_level
PHL,Filippinene,country,2011,burned_area_km2,6559.15,km2,K9,gfed5_annual_burned_area,measured,f_product_level
PHL,Filippinene,country,2012,burned_area_km2,6992.13,km2,K9,gfed5_annual_burned_area,measured,f_product_level
PHL,Filippinene,country,2013,burned_area_km2,8950.15,km2,K9,gfed5_annual_burned_area,measured,f_product_level
PHL,Filippinene,country,2014,burned_area_km2,10941.52,km2,K9,gfed5_annual_burned_area,measured,f_product_level
PHL,Filippinene,country,2015,burned_area_km2,15547.22,km2,K9,gfed5_annual_burned_area,measured,f_product_level
PHL,Filippinene,country,2016,burned_area_km2,13546.59,km2,K9,gfed5_annual_burned_area,measured,f_product_level
PHL,Filippinene,country,2017,burned_area_km2,5619.44,km2,K9,gfed5_annual_burned_area,measured,f_product_level
PHL,Filippinene,country,2018,burned_area_km2,8303.23,km2,K9,gfed5_annual_burned_area,measured,f_product_level
PHL,Filippinene,country,2019,burned_area_km2,12427.3,km2,K9,gfed5_annual_burned_area,measured,f_product_level
PHL,Filippinene,country,2020,burned_area_km2,10599.94,km2,K9,gfed5_annual_burned_area,measured,f_product_level
PLW,Palau,country,1997,burned_area_km2,0.0,km2,K9,gfed5_annual_burned_area,measured,f_product_level;f_resolution_change;f_grid_resolution;f_zero_no_detection
PLW,Palau,country,1998,burned_area_km2,0.0,km2,K9,gfed5_annual_burned_area,measured,f_product_level;f_resolution_change;f_grid_resolution;f_zero_no_detection
PLW,Palau,country,1999,burned_area_km2,0.0,km2,K9,gfed5_annual_burned_area,measured,f_product_level;f_resolution_change;f_grid_resolution;f_zero_no_detection
PLW,Palau,country,2000,burned_area_km2,0.0,km2,K9,gfed5_annual_burned_area,measured,f_product_level;f_resolution_change;f_grid_resolution;f_zero_no_detection
PLW,Palau,country,2001,burned_area_km2,0.0,km2,K9,gfed5_annual_burned_area,measured,f_product_level;f_grid_resolution;f_zero_no_detection
PLW,Palau,country,2002,burned_area_km2,0.0,km2,K9,gfed5_annual_burned_area,measured,f_product_level;f_grid_resolution;f_zero_no_detection
PLW,Palau,country,2003,burned_area_km2,0.0,km2,K9,gfed5_annual_burned_area,measured,f_product_level;f_grid_resolution;f_zero_no_detection
PLW,Palau,country,2004,burned_area_km2,0.0,km2,K9,gfed5_annual_burned_area,measured,f_product_level;f_grid_resolution;f_zero_no_detection
PLW,Palau,country,2005,burned_area_km2,0.0,km2,K9,gfed5_annual_burned_area,measured,f_product_level;f_grid_resolution;f_zero_no_detection
PLW,Palau,country,2006,burned_area_km2,0.0,km2,K9,gfed5_annual_burned_area,measured,f_product_level;f_grid_resolution;f_zero_no_detection
PLW,Palau,country,2007,burned_area_km2,0.0,km2,K9,gfed5_annual_burned_area,measured,f_product_level;f_grid_resolution;f_zero_no_detection
PLW,Palau,country,2008,burned_area_km2,0.0,km2,K9,gfed5_annual_burned_area,measured,f_product_level;f_grid_resolution;f_zero_no_detection
PLW,Palau,country,2009,burned_area_km2,0.0,km2,K9,gfed5_annual_burned_area,measured,f_product_level;f_grid_resolution;f_zero_no_detection
PLW,Palau,country,2010,burned_area_km2,0.0,km2,K9,gfed5_annual_burned_area,measured,f_product_level;f_grid_resolution;f_zero_no_detection
PLW,Palau,country,2011,burned_area_km2,0.0,km2,K9,gfed5_annual_burned_area,measured,f_product_level;f_grid_resolution;f_zero_no_detection
PLW,Palau,country,2012,burned_area_km2,0.0,km2,K9,gfed5_annual_burned_area,measured,f_product_level;f_grid_resolution;f_zero_no_detection
PLW,Palau,country,2013,burned_area_km2,0.0,km2,K9,gfed5_annual_burned_area,measured,f_product_level;f_grid_resolution;f_zero_no_detection
PLW,Palau,country,2014,burned_area_km2,0.0,km2,K9,gfed5_annual_burned_area,measured,f_product_level;f_grid_resolution;f_zero_no_detection
PLW,Palau,country,2015,burned_area_km2,0.0,km2,K9,gfed5_annual_burned_area,measured,f_product_level;f_grid_resolution;f_zero_no_detection
PLW,Palau,country,2016,burned_area_km2,0.0,km2,K9,gfed5_annual_burned_area,measured,f_product_level;f_grid_resolution;f_zero_no_detection
PLW,Palau,country,2017,burned_area_km2,0.0,km2,K9,gfed5_annual_burned_area,measured,f_product_level;f_grid_resolution;f_zero_no_detection
PLW,Palau,country,2018,burned_area_km2,0.0,km2,K9,gfed5_annual_burned_area,measured,f_product_level;f_grid_resolution;f_zero_no_detection
PLW,Palau,country,2019,burned_area_km2,0.0,km2,K9,gfed5_annual_burned_area,measured,f_product_level;f_grid_resolution;f_zero_no_detection
PLW,Palau,country,2020,burned_area_km2,0.0,km2,K9,gfed5_annual_burned_area,measured,f_product_level;f_grid_resolution;f_zero_no_detection
PNG,Papua Ny-Guinea,country,1997,burned_area_km2,6573.96,km2,K9,gfed5_annual_burned_area,measured,f_product_level;f_resolution_change
PNG,Papua Ny-Guinea,country,1998,burned_area_km2,2029.77,km2,K9,gfed5_annual_burned_area,measured,f_product_level;f_resolution_change
PNG,Papua Ny-Guinea,country,1999,burned_area_km2,1624.39,km2,K9,gfed5_annual_burned_area,measured,f_product_level;f_resolution_change
PNG,Papua Ny-Guinea,country,2000,burned_area_km2,2240.97,km2,K9,gfed5_annual_burned_area,measured,f_product_level;f_resolution_change
PNG,Papua Ny-Guinea,country,2001,burned_area_km2,2895.9,km2,K9,gfed5_annual_burned_area,measured,f_product_level
PNG,Papua Ny-Guinea,country,2002,burned_area_km2,5167.52,km2,K9,gfed5_annual_burned_area,measured,f_product_level
PNG,Papua Ny-Guinea,country,2003,burned_area_km2,5356.35,km2,K9,gfed5_annual_burned_area,measured,f_product_level
PNG,Papua Ny-Guinea,country,2004,burned_area_km2,9066.13,km2,K9,gfed5_annual_burned_area,measured,f_product_level
PNG,Papua Ny-Guinea,country,2005,burned_area_km2,3297.24,km2,K9,gfed5_annual_burned_area,measured,f_product_level
PNG,Papua Ny-Guinea,country,2006,burned_area_km2,5682.85,km2,K9,gfed5_annual_burned_area,measured,f_product_level
PNG,Papua Ny-Guinea,country,2007,burned_area_km2,2863.86,km2,K9,gfed5_annual_burned_area,measured,f_product_level
PNG,Papua Ny-Guinea,country,2008,burned_area_km2,3238.3,km2,K9,gfed5_annual_burned_area,measured,f_product_level
PNG,Papua Ny-Guinea,country,2009,burned_area_km2,4045.43,km2,K9,gfed5_annual_burned_area,measured,f_product_level
PNG,Papua Ny-Guinea,country,2010,burned_area_km2,4225.45,km2,K9,gfed5_annual_burned_area,measured,f_product_level
PNG,Papua Ny-Guinea,country,2011,burned_area_km2,3073.73,km2,K9,gfed5_annual_burned_area,measured,f_product_level
PNG,Papua Ny-Guinea,country,2012,burned_area_km2,3445.5,km2,K9,gfed5_annual_burned_area,measured,f_product_level
PNG,Papua Ny-Guinea,country,2013,burned_area_km2,3387.19,km2,K9,gfed5_annual_burned_area,measured,f_product_level
PNG,Papua Ny-Guinea,country,2014,burned_area_km2,5203.39,km2,K9,gfed5_annual_burned_area,measured,f_product_level
PNG,Papua Ny-Guinea,country,2015,burned_area_km2,11905.18,km2,K9,gfed5_annual_burned_area,measured,f_product_level
PNG,Papua Ny-Guinea,country,2016,burned_area_km2,2687.87,km2,K9,gfed5_annual_burned_area,measured,f_product_level
PNG,Papua Ny-Guinea,country,2017,burned_area_km2,3494.53,km2,K9,gfed5_annual_burned_area,measured,f_product_level
PNG,Papua Ny-Guinea,country,2018,burned_area_km2,5877.87,km2,K9,gfed5_annual_burned_area,measured,f_product_level
PNG,Papua Ny-Guinea,country,2019,burned_area_km2,3981.83,km2,K9,gfed5_annual_burned_area,measured,f_product_level
PNG,Papua Ny-Guinea,country,2020,burned_area_km2,2558.19,km2,K9,gfed5_annual_burned_area,measured,f_product_level
POL,Polen,country,1997,burned_area_km2,840.82,km2,K9,gfed5_annual_burned_area,measured,f_product_level;f_resolution_change
POL,Polen,country,1998,burned_area_km2,710.78,km2,K9,gfed5_annual_burned_area,measured,f_product_level;f_resolution_change
POL,Polen,country,1999,burned_area_km2,586.87,km2,K9,gfed5_annual_burned_area,measured,f_product_level;f_resolution_change
POL,Polen,country,2000,burned_area_km2,895.52,km2,K9,gfed5_annual_burned_area,measured,f_product_level;f_resolution_change
POL,Polen,country,2001,burned_area_km2,1584.19,km2,K9,gfed5_annual_burned_area,measured,f_product_level
POL,Polen,country,2002,burned_area_km2,2314.69,km2,K9,gfed5_annual_burned_area,measured,f_product_level
POL,Polen,country,2003,burned_area_km2,3241.89,km2,K9,gfed5_annual_burned_area,measured,f_product_level
POL,Polen,country,2004,burned_area_km2,1387.64,km2,K9,gfed5_annual_burned_area,measured,f_product_level
POL,Polen,country,2005,burned_area_km2,1578.04,km2,K9,gfed5_annual_burned_area,measured,f_product_level
POL,Polen,country,2006,burned_area_km2,719.38,km2,K9,gfed5_annual_burned_area,measured,f_product_level
POL,Polen,country,2007,burned_area_km2,577.96,km2,K9,gfed5_annual_burned_area,measured,f_product_level
POL,Polen,country,2008,burned_area_km2,610.84,km2,K9,gfed5_annual_burned_area,measured,f_product_level
POL,Polen,country,2009,burned_area_km2,901.31,km2,K9,gfed5_annual_burned_area,measured,f_product_level
POL,Polen,country,2010,burned_area_km2,736.26,km2,K9,gfed5_annual_burned_area,measured,f_product_level
POL,Polen,country,2011,burned_area_km2,720.57,km2,K9,gfed5_annual_burned_area,measured,f_product_level
POL,Polen,country,2012,burned_area_km2,1068.55,km2,K9,gfed5_annual_burned_area,measured,f_product_level
POL,Polen,country,2013,burned_area_km2,518.38,km2,K9,gfed5_annual_burned_area,measured,f_product_level
POL,Polen,country,2014,burned_area_km2,690.12,km2,K9,gfed5_annual_burned_area,measured,f_product_level
POL,Polen,country,2015,burned_area_km2,957.08,km2,K9,gfed5_annual_burned_area,measured,f_product_level
POL,Polen,country,2016,burned_area_km2,377.61,km2,K9,gfed5_annual_burned_area,measured,f_product_level
POL,Polen,country,2017,burned_area_km2,411.81,km2,K9,gfed5_annual_burned_area,measured,f_product_level
POL,Polen,country,2018,burned_area_km2,658.28,km2,K9,gfed5_annual_burned_area,measured,f_product_level
POL,Polen,country,2019,burned_area_km2,660.82,km2,K9,gfed5_annual_burned_area,measured,f_product_level
POL,Polen,country,2020,burned_area_km2,607.29,km2,K9,gfed5_annual_burned_area,measured,f_product_level
PRI,Puerto Rico,country,1997,burned_area_km2,30.08,km2,K9,gfed5_annual_burned_area,measured,f_product_level;f_resolution_change;f_grid_resolution
PRI,Puerto Rico,country,1998,burned_area_km2,67.2,km2,K9,gfed5_annual_burned_area,measured,f_product_level;f_resolution_change;f_grid_resolution
PRI,Puerto Rico,country,1999,burned_area_km2,46.2,km2,K9,gfed5_annual_burned_area,measured,f_product_level;f_resolution_change;f_grid_resolution
PRI,Puerto Rico,country,2000,burned_area_km2,45.74,km2,K9,gfed5_annual_burned_area,measured,f_product_level;f_resolution_change;f_grid_resolution
PRI,Puerto Rico,country,2001,burned_area_km2,87.42,km2,K9,gfed5_annual_burned_area,measured,f_product_level
PRI,Puerto Rico,country,2002,burned_area_km2,98.91,km2,K9,gfed5_annual_burned_area,measured,f_product_level
PRI,Puerto Rico,country,2003,burned_area_km2,74.3,km2,K9,gfed5_annual_burned_area,measured,f_product_level
PRI,Puerto Rico,country,2004,burned_area_km2,62.25,km2,K9,gfed5_annual_burned_area,measured,f_product_level
PRI,Puerto Rico,country,2005,burned_area_km2,145.4,km2,K9,gfed5_annual_burned_area,measured,f_product_level
PRI,Puerto Rico,country,2006,burned_area_km2,82.32,km2,K9,gfed5_annual_burned_area,measured,f_product_level
PRI,Puerto Rico,country,2007,burned_area_km2,177.96,km2,K9,gfed5_annual_burned_area,measured,f_product_level
PRI,Puerto Rico,country,2008,burned_area_km2,100.1,km2,K9,gfed5_annual_burned_area,measured,f_product_level
PRI,Puerto Rico,country,2009,burned_area_km2,53.62,km2,K9,gfed5_annual_burned_area,measured,f_product_level
PRI,Puerto Rico,country,2010,burned_area_km2,50.49,km2,K9,gfed5_annual_burned_area,measured,f_product_level
PRI,Puerto Rico,country,2011,burned_area_km2,160.15,km2,K9,gfed5_annual_burned_area,measured,f_product_level
PRI,Puerto Rico,country,2012,burned_area_km2,113.62,km2,K9,gfed5_annual_burned_area,measured,f_product_level
PRI,Puerto Rico,country,2013,burned_area_km2,90.33,km2,K9,gfed5_annual_burned_area,measured,f_product_level
PRI,Puerto Rico,country,2014,burned_area_km2,93.19,km2,K9,gfed5_annual_burned_area,measured,f_product_level
PRI,Puerto Rico,country,2015,burned_area_km2,86.51,km2,K9,gfed5_annual_burned_area,measured,f_product_level
PRI,Puerto Rico,country,2016,burned_area_km2,34.02,km2,K9,gfed5_annual_burned_area,measured,f_product_level
PRI,Puerto Rico,country,2017,burned_area_km2,40.49,km2,K9,gfed5_annual_burned_area,measured,f_product_level
PRI,Puerto Rico,country,2018,burned_area_km2,48.47,km2,K9,gfed5_annual_burned_area,measured,f_product_level
PRI,Puerto Rico,country,2019,burned_area_km2,121.7,km2,K9,gfed5_annual_burned_area,measured,f_product_level
PRI,Puerto Rico,country,2020,burned_area_km2,29.31,km2,K9,gfed5_annual_burned_area,measured,f_product_level
PRK,Nord-Korea,country,1997,burned_area_km2,10507.91,km2,K9,gfed5_annual_burned_area,measured,f_product_level;f_resolution_change
PRK,Nord-Korea,country,1998,burned_area_km2,8121.65,km2,K9,gfed5_annual_burned_area,measured,f_product_level;f_resolution_change
PRK,Nord-Korea,country,1999,burned_area_km2,6639.03,km2,K9,gfed5_annual_burned_area,measured,f_product_level;f_resolution_change
PRK,Nord-Korea,country,2000,burned_area_km2,7350.51,km2,K9,gfed5_annual_burned_area,measured,f_product_level;f_resolution_change
PRK,Nord-Korea,country,2001,burned_area_km2,4472.86,km2,K9,gfed5_annual_burned_area,measured,f_product_level
PRK,Nord-Korea,country,2002,burned_area_km2,1433.98,km2,K9,gfed5_annual_burned_area,measured,f_product_level
PRK,Nord-Korea,country,2003,burned_area_km2,1332.37,km2,K9,gfed5_annual_burned_area,measured,f_product_level
PRK,Nord-Korea,country,2004,burned_area_km2,2787.21,km2,K9,gfed5_annual_burned_area,measured,f_product_level
PRK,Nord-Korea,country,2005,burned_area_km2,2854.93,km2,K9,gfed5_annual_burned_area,measured,f_product_level
PRK,Nord-Korea,country,2006,burned_area_km2,1338.64,km2,K9,gfed5_annual_burned_area,measured,f_product_level
PRK,Nord-Korea,country,2007,burned_area_km2,1952.66,km2,K9,gfed5_annual_burned_area,measured,f_product_level
PRK,Nord-Korea,country,2008,burned_area_km2,2018.09,km2,K9,gfed5_annual_burned_area,measured,f_product_level
PRK,Nord-Korea,country,2009,burned_area_km2,2979.83,km2,K9,gfed5_annual_burned_area,measured,f_product_level
PRK,Nord-Korea,country,2010,burned_area_km2,653.91,km2,K9,gfed5_annual_burned_area,measured,f_product_level
PRK,Nord-Korea,country,2011,burned_area_km2,2794.01,km2,K9,gfed5_annual_burned_area,measured,f_product_level
PRK,Nord-Korea,country,2012,burned_area_km2,778.23,km2,K9,gfed5_annual_burned_area,measured,f_product_level
PRK,Nord-Korea,country,2013,burned_area_km2,1180.43,km2,K9,gfed5_annual_burned_area,measured,f_product_level
PRK,Nord-Korea,country,2014,burned_area_km2,3562.18,km2,K9,gfed5_annual_burned_area,measured,f_product_level
PRK,Nord-Korea,country,2015,burned_area_km2,1449.62,km2,K9,gfed5_annual_burned_area,measured,f_product_level
PRK,Nord-Korea,country,2016,burned_area_km2,410.57,km2,K9,gfed5_annual_burned_area,measured,f_product_level
PRK,Nord-Korea,country,2017,burned_area_km2,785.77,km2,K9,gfed5_annual_burned_area,measured,f_product_level
PRK,Nord-Korea,country,2018,burned_area_km2,597.17,km2,K9,gfed5_annual_burned_area,measured,f_product_level
PRK,Nord-Korea,country,2019,burned_area_km2,1099.91,km2,K9,gfed5_annual_burned_area,measured,f_product_level
PRK,Nord-Korea,country,2020,burned_area_km2,468.14,km2,K9,gfed5_annual_burned_area,measured,f_product_level
PRT,Portugal,country,1997,burned_area_km2,7760.19,km2,K9,gfed5_annual_burned_area,measured,f_product_level;f_resolution_change
PRT,Portugal,country,1998,burned_area_km2,9016.71,km2,K9,gfed5_annual_burned_area,measured,f_product_level;f_resolution_change
PRT,Portugal,country,1999,burned_area_km2,8021.22,km2,K9,gfed5_annual_burned_area,measured,f_product_level;f_resolution_change
PRT,Portugal,country,2000,burned_area_km2,13073.9,km2,K9,gfed5_annual_burned_area,measured,f_product_level;f_resolution_change
PRT,Portugal,country,2001,burned_area_km2,2415.77,km2,K9,gfed5_annual_burned_area,measured,f_product_level
PRT,Portugal,country,2002,burned_area_km2,2094.18,km2,K9,gfed5_annual_burned_area,measured,f_product_level
PRT,Portugal,country,2003,burned_area_km2,4753.0,km2,K9,gfed5_annual_burned_area,measured,f_product_level
PRT,Portugal,country,2004,burned_area_km2,2394.42,km2,K9,gfed5_annual_burned_area,measured,f_product_level
PRT,Portugal,country,2005,burned_area_km2,5241.35,km2,K9,gfed5_annual_burned_area,measured,f_product_level
PRT,Portugal,country,2006,burned_area_km2,1574.48,km2,K9,gfed5_annual_burned_area,measured,f_product_level
PRT,Portugal,country,2007,burned_area_km2,1247.05,km2,K9,gfed5_annual_burned_area,measured,f_product_level
PRT,Portugal,country,2008,burned_area_km2,1017.24,km2,K9,gfed5_annual_burned_area,measured,f_product_level
PRT,Portugal,country,2009,burned_area_km2,2266.14,km2,K9,gfed5_annual_burned_area,measured,f_product_level
PRT,Portugal,country,2010,burned_area_km2,2458.47,km2,K9,gfed5_annual_burned_area,measured,f_product_level
PRT,Portugal,country,2011,burned_area_km2,2114.56,km2,K9,gfed5_annual_burned_area,measured,f_product_level
PRT,Portugal,country,2012,burned_area_km2,2179.17,km2,K9,gfed5_annual_burned_area,measured,f_product_level
PRT,Portugal,country,2013,burned_area_km2,2636.38,km2,K9,gfed5_annual_burned_area,measured,f_product_level
PRT,Portugal,country,2014,burned_area_km2,517.32,km2,K9,gfed5_annual_burned_area,measured,f_product_level
PRT,Portugal,country,2015,burned_area_km2,1430.08,km2,K9,gfed5_annual_burned_area,measured,f_product_level
PRT,Portugal,country,2016,burned_area_km2,2409.57,km2,K9,gfed5_annual_burned_area,measured,f_product_level
PRT,Portugal,country,2017,burned_area_km2,5982.8,km2,K9,gfed5_annual_burned_area,measured,f_product_level
PRT,Portugal,country,2018,burned_area_km2,865.76,km2,K9,gfed5_annual_burned_area,measured,f_product_level
PRT,Portugal,country,2019,burned_area_km2,995.12,km2,K9,gfed5_annual_burned_area,measured,f_product_level
PRT,Portugal,country,2020,burned_area_km2,1068.75,km2,K9,gfed5_annual_burned_area,measured,f_product_level
PRY,Paraguay,country,1997,burned_area_km2,32568.95,km2,K9,gfed5_annual_burned_area,measured,f_product_level;f_resolution_change
PRY,Paraguay,country,1998,burned_area_km2,29362.08,km2,K9,gfed5_annual_burned_area,measured,f_product_level;f_resolution_change
PRY,Paraguay,country,1999,burned_area_km2,34375.65,km2,K9,gfed5_annual_burned_area,measured,f_product_level;f_resolution_change
PRY,Paraguay,country,2000,burned_area_km2,21101.68,km2,K9,gfed5_annual_burned_area,measured,f_product_level;f_resolution_change
PRY,Paraguay,country,2001,burned_area_km2,47090.09,km2,K9,gfed5_annual_burned_area,measured,f_product_level
PRY,Paraguay,country,2002,burned_area_km2,41728.8,km2,K9,gfed5_annual_burned_area,measured,f_product_level
PRY,Paraguay,country,2003,burned_area_km2,60471.48,km2,K9,gfed5_annual_burned_area,measured,f_product_level
PRY,Paraguay,country,2004,burned_area_km2,41953.72,km2,K9,gfed5_annual_burned_area,measured,f_product_level
PRY,Paraguay,country,2005,burned_area_km2,44843.46,km2,K9,gfed5_annual_burned_area,measured,f_product_level
PRY,Paraguay,country,2006,burned_area_km2,43276.85,km2,K9,gfed5_annual_burned_area,measured,f_product_level
PRY,Paraguay,country,2007,burned_area_km2,52264.83,km2,K9,gfed5_annual_burned_area,measured,f_product_level
PRY,Paraguay,country,2008,burned_area_km2,38601.43,km2,K9,gfed5_annual_burned_area,measured,f_product_level
PRY,Paraguay,country,2009,burned_area_km2,30819.74,km2,K9,gfed5_annual_burned_area,measured,f_product_level
PRY,Paraguay,country,2010,burned_area_km2,35299.88,km2,K9,gfed5_annual_burned_area,measured,f_product_level
PRY,Paraguay,country,2011,burned_area_km2,37336.03,km2,K9,gfed5_annual_burned_area,measured,f_product_level
PRY,Paraguay,country,2012,burned_area_km2,30955.36,km2,K9,gfed5_annual_burned_area,measured,f_product_level
PRY,Paraguay,country,2013,burned_area_km2,43179.89,km2,K9,gfed5_annual_burned_area,measured,f_product_level
PRY,Paraguay,country,2014,burned_area_km2,23662.47,km2,K9,gfed5_annual_burned_area,measured,f_product_level
PRY,Paraguay,country,2015,burned_area_km2,24028.8,km2,K9,gfed5_annual_burned_area,measured,f_product_level
PRY,Paraguay,country,2016,burned_area_km2,35787.01,km2,K9,gfed5_annual_burned_area,measured,f_product_level
PRY,Paraguay,country,2017,burned_area_km2,43466.84,km2,K9,gfed5_annual_burned_area,measured,f_product_level
PRY,Paraguay,country,2018,burned_area_km2,29758.49,km2,K9,gfed5_annual_burned_area,measured,f_product_level
PRY,Paraguay,country,2019,burned_area_km2,36037.83,km2,K9,gfed5_annual_burned_area,measured,f_product_level
PRY,Paraguay,country,2020,burned_area_km2,52195.46,km2,K9,gfed5_annual_burned_area,measured,f_product_level
PSE,Palestina,country,1997,burned_area_km2,358.97,km2,K9,gfed5_annual_burned_area,measured,f_product_level;f_resolution_change;f_grid_resolution
PSE,Palestina,country,1998,burned_area_km2,314.98,km2,K9,gfed5_annual_burned_area,measured,f_product_level;f_resolution_change;f_grid_resolution
PSE,Palestina,country,1999,burned_area_km2,313.49,km2,K9,gfed5_annual_burned_area,measured,f_product_level;f_resolution_change;f_grid_resolution
PSE,Palestina,country,2000,burned_area_km2,371.37,km2,K9,gfed5_annual_burned_area,measured,f_product_level;f_resolution_change;f_grid_resolution
PSE,Palestina,country,2001,burned_area_km2,38.29,km2,K9,gfed5_annual_burned_area,measured,f_product_level
PSE,Palestina,country,2002,burned_area_km2,21.84,km2,K9,gfed5_annual_burned_area,measured,f_product_level
PSE,Palestina,country,2003,burned_area_km2,45.87,km2,K9,gfed5_annual_burned_area,measured,f_product_level
PSE,Palestina,country,2004,burned_area_km2,22.02,km2,K9,gfed5_annual_burned_area,measured,f_product_level
PSE,Palestina,country,2005,burned_area_km2,32.99,km2,K9,gfed5_annual_burned_area,measured,f_product_level
PSE,Palestina,country,2006,burned_area_km2,39.68,km2,K9,gfed5_annual_burned_area,measured,f_product_level
PSE,Palestina,country,2007,burned_area_km2,47.88,km2,K9,gfed5_annual_burned_area,measured,f_product_level
PSE,Palestina,country,2008,burned_area_km2,34.97,km2,K9,gfed5_annual_burned_area,measured,f_product_level
PSE,Palestina,country,2009,burned_area_km2,21.38,km2,K9,gfed5_annual_burned_area,measured,f_product_level
PSE,Palestina,country,2010,burned_area_km2,40.71,km2,K9,gfed5_annual_burned_area,measured,f_product_level
PSE,Palestina,country,2011,burned_area_km2,34.11,km2,K9,gfed5_annual_burned_area,measured,f_product_level
PSE,Palestina,country,2012,burned_area_km2,36.59,km2,K9,gfed5_annual_burned_area,measured,f_product_level
PSE,Palestina,country,2013,burned_area_km2,47.64,km2,K9,gfed5_annual_burned_area,measured,f_product_level
PSE,Palestina,country,2014,burned_area_km2,17.7,km2,K9,gfed5_annual_burned_area,measured,f_product_level
PSE,Palestina,country,2015,burned_area_km2,48.08,km2,K9,gfed5_annual_burned_area,measured,f_product_level
PSE,Palestina,country,2016,burned_area_km2,88.53,km2,K9,gfed5_annual_burned_area,measured,f_product_level
PSE,Palestina,country,2017,burned_area_km2,26.72,km2,K9,gfed5_annual_burned_area,measured,f_product_level
PSE,Palestina,country,2018,burned_area_km2,37.82,km2,K9,gfed5_annual_burned_area,measured,f_product_level
PSE,Palestina,country,2019,burned_area_km2,89.78,km2,K9,gfed5_annual_burned_area,measured,f_product_level
PSE,Palestina,country,2020,burned_area_km2,112.17,km2,K9,gfed5_annual_burned_area,measured,f_product_level
PYF,Fransk Polynesia,country,1997,burned_area_km2,0.0,km2,K9,gfed5_annual_burned_area,measured,f_product_level;f_resolution_change;f_grid_resolution;f_zero_no_detection
PYF,Fransk Polynesia,country,1998,burned_area_km2,0.0,km2,K9,gfed5_annual_burned_area,measured,f_product_level;f_resolution_change;f_grid_resolution;f_zero_no_detection
PYF,Fransk Polynesia,country,1999,burned_area_km2,0.0,km2,K9,gfed5_annual_burned_area,measured,f_product_level;f_resolution_change;f_grid_resolution;f_zero_no_detection
PYF,Fransk Polynesia,country,2000,burned_area_km2,0.0,km2,K9,gfed5_annual_burned_area,measured,f_product_level;f_resolution_change;f_grid_resolution;f_zero_no_detection
PYF,Fransk Polynesia,country,2001,burned_area_km2,0.0,km2,K9,gfed5_annual_burned_area,measured,f_product_level;f_zero_no_detection
PYF,Fransk Polynesia,country,2002,burned_area_km2,0.0,km2,K9,gfed5_annual_burned_area,measured,f_product_level;f_zero_no_detection
PYF,Fransk Polynesia,country,2003,burned_area_km2,0.0,km2,K9,gfed5_annual_burned_area,measured,f_product_level;f_zero_no_detection
PYF,Fransk Polynesia,country,2004,burned_area_km2,1.76,km2,K9,gfed5_annual_burned_area,measured,f_product_level
PYF,Fransk Polynesia,country,2005,burned_area_km2,1.76,km2,K9,gfed5_annual_burned_area,measured,f_product_level
PYF,Fransk Polynesia,country,2006,burned_area_km2,0.0,km2,K9,gfed5_annual_burned_area,measured,f_product_level;f_zero_no_detection
PYF,Fransk Polynesia,country,2007,burned_area_km2,1.76,km2,K9,gfed5_annual_burned_area,measured,f_product_level
PYF,Fransk Polynesia,country,2008,burned_area_km2,0.0,km2,K9,gfed5_annual_burned_area,measured,f_product_level;f_zero_no_detection
PYF,Fransk Polynesia,country,2009,burned_area_km2,3.52,km2,K9,gfed5_annual_burned_area,measured,f_product_level
PYF,Fransk Polynesia,country,2010,burned_area_km2,0.0,km2,K9,gfed5_annual_burned_area,measured,f_product_level;f_zero_no_detection
PYF,Fransk Polynesia,country,2011,burned_area_km2,0.0,km2,K9,gfed5_annual_burned_area,measured,f_product_level;f_zero_no_detection
PYF,Fransk Polynesia,country,2012,burned_area_km2,3.52,km2,K9,gfed5_annual_burned_area,measured,f_product_level
PYF,Fransk Polynesia,country,2013,burned_area_km2,3.52,km2,K9,gfed5_annual_burned_area,measured,f_product_level
PYF,Fransk Polynesia,country,2014,burned_area_km2,1.76,km2,K9,gfed5_annual_burned_area,measured,f_product_level
PYF,Fransk Polynesia,country,2015,burned_area_km2,0.0,km2,K9,gfed5_annual_burned_area,measured,f_product_level;f_zero_no_detection
PYF,Fransk Polynesia,country,2016,burned_area_km2,0.0,km2,K9,gfed5_annual_burned_area,measured,f_product_level;f_zero_no_detection
PYF,Fransk Polynesia,country,2017,burned_area_km2,1.76,km2,K9,gfed5_annual_burned_area,measured,f_product_level
PYF,Fransk Polynesia,country,2018,burned_area_km2,0.0,km2,K9,gfed5_annual_burned_area,measured,f_product_level;f_zero_no_detection
PYF,Fransk Polynesia,country,2019,burned_area_km2,1.76,km2,K9,gfed5_annual_burned_area,measured,f_product_level
PYF,Fransk Polynesia,country,2020,burned_area_km2,0.0,km2,K9,gfed5_annual_burned_area,measured,f_product_level;f_zero_no_detection
QAT,Qatar,country,1997,burned_area_km2,0.04,km2,K9,gfed5_annual_burned_area,measured,f_product_level;f_resolution_change;f_grid_resolution
QAT,Qatar,country,1998,burned_area_km2,0.0,km2,K9,gfed5_annual_burned_area,measured,f_product_level;f_resolution_change;f_grid_resolution;f_zero_no_detection
QAT,Qatar,country,1999,burned_area_km2,6.32,km2,K9,gfed5_annual_burned_area,measured,f_product_level;f_resolution_change;f_grid_resolution
QAT,Qatar,country,2000,burned_area_km2,1.53,km2,K9,gfed5_annual_burned_area,measured,f_product_level;f_resolution_change;f_grid_resolution
QAT,Qatar,country,2001,burned_area_km2,0.0,km2,K9,gfed5_annual_burned_area,measured,f_product_level;f_zero_no_detection
QAT,Qatar,country,2002,burned_area_km2,0.0,km2,K9,gfed5_annual_burned_area,measured,f_product_level;f_zero_no_detection
QAT,Qatar,country,2003,burned_area_km2,0.0,km2,K9,gfed5_annual_burned_area,measured,f_product_level;f_zero_no_detection
QAT,Qatar,country,2004,burned_area_km2,0.0,km2,K9,gfed5_annual_burned_area,measured,f_product_level;f_zero_no_detection
QAT,Qatar,country,2005,burned_area_km2,0.0,km2,K9,gfed5_annual_burned_area,measured,f_product_level;f_zero_no_detection
QAT,Qatar,country,2006,burned_area_km2,0.0,km2,K9,gfed5_annual_burned_area,measured,f_product_level;f_zero_no_detection
QAT,Qatar,country,2007,burned_area_km2,0.0,km2,K9,gfed5_annual_burned_area,measured,f_product_level;f_zero_no_detection
QAT,Qatar,country,2008,burned_area_km2,0.0,km2,K9,gfed5_annual_burned_area,measured,f_product_level;f_zero_no_detection
QAT,Qatar,country,2009,burned_area_km2,0.0,km2,K9,gfed5_annual_burned_area,measured,f_product_level;f_zero_no_detection
QAT,Qatar,country,2010,burned_area_km2,0.0,km2,K9,gfed5_annual_burned_area,measured,f_product_level;f_zero_no_detection
QAT,Qatar,country,2011,burned_area_km2,0.0,km2,K9,gfed5_annual_burned_area,measured,f_product_level;f_zero_no_detection
QAT,Qatar,country,2012,burned_area_km2,0.0,km2,K9,gfed5_annual_burned_area,measured,f_product_level;f_zero_no_detection
QAT,Qatar,country,2013,burned_area_km2,0.0,km2,K9,gfed5_annual_burned_area,measured,f_product_level;f_zero_no_detection
QAT,Qatar,country,2014,burned_area_km2,0.0,km2,K9,gfed5_annual_burned_area,measured,f_product_level;f_zero_no_detection
QAT,Qatar,country,2015,burned_area_km2,0.0,km2,K9,gfed5_annual_burned_area,measured,f_product_level;f_zero_no_detection
QAT,Qatar,country,2016,burned_area_km2,0.0,km2,K9,gfed5_annual_burned_area,measured,f_product_level;f_zero_no_detection
QAT,Qatar,country,2017,burned_area_km2,0.0,km2,K9,gfed5_annual_burned_area,measured,f_product_level;f_zero_no_detection
QAT,Qatar,country,2018,burned_area_km2,2.14,km2,K9,gfed5_annual_burned_area,measured,f_product_level
QAT,Qatar,country,2019,burned_area_km2,0.0,km2,K9,gfed5_annual_burned_area,measured,f_product_level;f_zero_no_detection
QAT,Qatar,country,2020,burned_area_km2,0.0,km2,K9,gfed5_annual_burned_area,measured,f_product_level;f_zero_no_detection
REU,Réunion,country,1997,burned_area_km2,0.0,km2,K9,gfed5_annual_burned_area,measured,f_product_level;f_resolution_change;f_grid_resolution;f_zero_no_detection
REU,Réunion,country,1998,burned_area_km2,0.0,km2,K9,gfed5_annual_burned_area,measured,f_product_level;f_resolution_change;f_grid_resolution;f_zero_no_detection
REU,Réunion,country,1999,burned_area_km2,0.0,km2,K9,gfed5_annual_burned_area,measured,f_product_level;f_resolution_change;f_grid_resolution;f_zero_no_detection
REU,Réunion,country,2000,burned_area_km2,0.0,km2,K9,gfed5_annual_burned_area,measured,f_product_level;f_resolution_change;f_grid_resolution;f_zero_no_detection
REU,Réunion,country,2001,burned_area_km2,0.0,km2,K9,gfed5_annual_burned_area,measured,f_product_level;f_zero_no_detection
REU,Réunion,country,2002,burned_area_km2,0.0,km2,K9,gfed5_annual_burned_area,measured,f_product_level;f_zero_no_detection
REU,Réunion,country,2003,burned_area_km2,1.76,km2,K9,gfed5_annual_burned_area,measured,f_product_level
REU,Réunion,country,2004,burned_area_km2,0.0,km2,K9,gfed5_annual_burned_area,measured,f_product_level;f_zero_no_detection
REU,Réunion,country,2005,burned_area_km2,1.76,km2,K9,gfed5_annual_burned_area,measured,f_product_level
REU,Réunion,country,2006,burned_area_km2,1.76,km2,K9,gfed5_annual_burned_area,measured,f_product_level
REU,Réunion,country,2007,burned_area_km2,1.76,km2,K9,gfed5_annual_burned_area,measured,f_product_level
REU,Réunion,country,2008,burned_area_km2,1.76,km2,K9,gfed5_annual_burned_area,measured,f_product_level
REU,Réunion,country,2009,burned_area_km2,1.76,km2,K9,gfed5_annual_burned_area,measured,f_product_level
REU,Réunion,country,2010,burned_area_km2,7.11,km2,K9,gfed5_annual_burned_area,measured,f_product_level
REU,Réunion,country,2011,burned_area_km2,24.13,km2,K9,gfed5_annual_burned_area,measured,f_product_level
REU,Réunion,country,2012,burned_area_km2,2.19,km2,K9,gfed5_annual_burned_area,measured,f_product_level
REU,Réunion,country,2013,burned_area_km2,1.76,km2,K9,gfed5_annual_burned_area,measured,f_product_level
REU,Réunion,country,2014,burned_area_km2,1.76,km2,K9,gfed5_annual_burned_area,measured,f_product_level
REU,Réunion,country,2015,burned_area_km2,0.0,km2,K9,gfed5_annual_burned_area,measured,f_product_level;f_zero_no_detection
REU,Réunion,country,2016,burned_area_km2,1.76,km2,K9,gfed5_annual_burned_area,measured,f_product_level
REU,Réunion,country,2017,burned_area_km2,0.0,km2,K9,gfed5_annual_burned_area,measured,f_product_level;f_zero_no_detection
REU,Réunion,country,2018,burned_area_km2,0.0,km2,K9,gfed5_annual_burned_area,measured,f_product_level;f_zero_no_detection
REU,Réunion,country,2019,burned_area_km2,1.76,km2,K9,gfed5_annual_burned_area,measured,f_product_level
REU,Réunion,country,2020,burned_area_km2,1.76,km2,K9,gfed5_annual_burned_area,measured,f_product_level
ROU,Romania,country,1997,burned_area_km2,2245.93,km2,K9,gfed5_annual_burned_area,measured,f_product_level;f_resolution_change
ROU,Romania,country,1998,burned_area_km2,2668.26,km2,K9,gfed5_annual_burned_area,measured,f_product_level;f_resolution_change
ROU,Romania,country,1999,burned_area_km2,2143.33,km2,K9,gfed5_annual_burned_area,measured,f_product_level;f_resolution_change
ROU,Romania,country,2000,burned_area_km2,3624.46,km2,K9,gfed5_annual_burned_area,measured,f_product_level;f_resolution_change
ROU,Romania,country,2001,burned_area_km2,16409.56,km2,K9,gfed5_annual_burned_area,measured,f_product_level
ROU,Romania,country,2002,burned_area_km2,3353.48,km2,K9,gfed5_annual_burned_area,measured,f_product_level
ROU,Romania,country,2003,burned_area_km2,3049.4,km2,K9,gfed5_annual_burned_area,measured,f_product_level
ROU,Romania,country,2004,burned_area_km2,7025.42,km2,K9,gfed5_annual_burned_area,measured,f_product_level
ROU,Romania,country,2005,burned_area_km2,8618.53,km2,K9,gfed5_annual_burned_area,measured,f_product_level
ROU,Romania,country,2006,burned_area_km2,8004.86,km2,K9,gfed5_annual_burned_area,measured,f_product_level
ROU,Romania,country,2007,burned_area_km2,6142.23,km2,K9,gfed5_annual_burned_area,measured,f_product_level
ROU,Romania,country,2008,burned_area_km2,11851.95,km2,K9,gfed5_annual_burned_area,measured,f_product_level
ROU,Romania,country,2009,burned_area_km2,6301.87,km2,K9,gfed5_annual_burned_area,measured,f_product_level
ROU,Romania,country,2010,burned_area_km2,6334.9,km2,K9,gfed5_annual_burned_area,measured,f_product_level
ROU,Romania,country,2011,burned_area_km2,12832.57,km2,K9,gfed5_annual_burned_area,measured,f_product_level
ROU,Romania,country,2012,burned_area_km2,9886.07,km2,K9,gfed5_annual_burned_area,measured,f_product_level
ROU,Romania,country,2013,burned_area_km2,4667.23,km2,K9,gfed5_annual_burned_area,measured,f_product_level
ROU,Romania,country,2014,burned_area_km2,6015.64,km2,K9,gfed5_annual_burned_area,measured,f_product_level
ROU,Romania,country,2015,burned_area_km2,4793.06,km2,K9,gfed5_annual_burned_area,measured,f_product_level
ROU,Romania,country,2016,burned_area_km2,5646.27,km2,K9,gfed5_annual_burned_area,measured,f_product_level
ROU,Romania,country,2017,burned_area_km2,6381.41,km2,K9,gfed5_annual_burned_area,measured,f_product_level
ROU,Romania,country,2018,burned_area_km2,4999.27,km2,K9,gfed5_annual_burned_area,measured,f_product_level
ROU,Romania,country,2019,burned_area_km2,8195.88,km2,K9,gfed5_annual_burned_area,measured,f_product_level
ROU,Romania,country,2020,burned_area_km2,4976.02,km2,K9,gfed5_annual_burned_area,measured,f_product_level
RUS,Russland,country,1997,burned_area_km2,286373.89,km2,K9,gfed5_annual_burned_area,measured,f_product_level;f_resolution_change
RUS,Russland,country,1998,burned_area_km2,468906.59,km2,K9,gfed5_annual_burned_area,measured,f_product_level;f_resolution_change
RUS,Russland,country,1999,burned_area_km2,276285.75,km2,K9,gfed5_annual_burned_area,measured,f_product_level;f_resolution_change
RUS,Russland,country,2000,burned_area_km2,305844.58,km2,K9,gfed5_annual_burned_area,measured,f_product_level;f_resolution_change
RUS,Russland,country,2001,burned_area_km2,599412.98,km2,K9,gfed5_annual_burned_area,measured,f_product_level
RUS,Russland,country,2002,burned_area_km2,652376.6,km2,K9,gfed5_annual_burned_area,measured,f_product_level
RUS,Russland,country,2003,burned_area_km2,719604.28,km2,K9,gfed5_annual_burned_area,measured,f_product_level
RUS,Russland,country,2004,burned_area_km2,462337.56,km2,K9,gfed5_annual_burned_area,measured,f_product_level
RUS,Russland,country,2005,burned_area_km2,473490.9,km2,K9,gfed5_annual_burned_area,measured,f_product_level
RUS,Russland,country,2006,burned_area_km2,603943.14,km2,K9,gfed5_annual_burned_area,measured,f_product_level
RUS,Russland,country,2007,burned_area_km2,424091.16,km2,K9,gfed5_annual_burned_area,measured,f_product_level
RUS,Russland,country,2008,burned_area_km2,715931.15,km2,K9,gfed5_annual_burned_area,measured,f_product_level
RUS,Russland,country,2009,burned_area_km2,525168.63,km2,K9,gfed5_annual_burned_area,measured,f_product_level
RUS,Russland,country,2010,burned_area_km2,418977.11,km2,K9,gfed5_annual_burned_area,measured,f_product_level
RUS,Russland,country,2011,burned_area_km2,381595.01,km2,K9,gfed5_annual_burned_area,measured,f_product_level
RUS,Russland,country,2012,burned_area_km2,446231.97,km2,K9,gfed5_annual_burned_area,measured,f_product_level
RUS,Russland,country,2013,burned_area_km2,244010.03,km2,K9,gfed5_annual_burned_area,measured,f_product_level
RUS,Russland,country,2014,burned_area_km2,470416.98,km2,K9,gfed5_annual_burned_area,measured,f_product_level
RUS,Russland,country,2015,burned_area_km2,300676.13,km2,K9,gfed5_annual_burned_area,measured,f_product_level
RUS,Russland,country,2016,burned_area_km2,281336.45,km2,K9,gfed5_annual_burned_area,measured,f_product_level
RUS,Russland,country,2017,burned_area_km2,273183.84,km2,K9,gfed5_annual_burned_area,measured,f_product_level
RUS,Russland,country,2018,burned_area_km2,308232.51,km2,K9,gfed5_annual_burned_area,measured,f_product_level
RUS,Russland,country,2019,burned_area_km2,329128.86,km2,K9,gfed5_annual_burned_area,measured,f_product_level
RUS,Russland,country,2020,burned_area_km2,360229.2,km2,K9,gfed5_annual_burned_area,measured,f_product_level
RWA,Rwanda,country,1997,burned_area_km2,5633.17,km2,K9,gfed5_annual_burned_area,measured,f_product_level;f_resolution_change
RWA,Rwanda,country,1998,burned_area_km2,6576.12,km2,K9,gfed5_annual_burned_area,measured,f_product_level;f_resolution_change
RWA,Rwanda,country,1999,burned_area_km2,4820.26,km2,K9,gfed5_annual_burned_area,measured,f_product_level;f_resolution_change
RWA,Rwanda,country,2000,burned_area_km2,6108.07,km2,K9,gfed5_annual_burned_area,measured,f_product_level;f_resolution_change
RWA,Rwanda,country,2001,burned_area_km2,996.63,km2,K9,gfed5_annual_burned_area,measured,f_product_level
RWA,Rwanda,country,2002,burned_area_km2,3030.09,km2,K9,gfed5_annual_burned_area,measured,f_product_level
RWA,Rwanda,country,2003,burned_area_km2,720.93,km2,K9,gfed5_annual_burned_area,measured,f_product_level
RWA,Rwanda,country,2004,burned_area_km2,792.45,km2,K9,gfed5_annual_burned_area,measured,f_product_level
RWA,Rwanda,country,2005,burned_area_km2,573.49,km2,K9,gfed5_annual_burned_area,measured,f_product_level
RWA,Rwanda,country,2006,burned_area_km2,441.9,km2,K9,gfed5_annual_burned_area,measured,f_product_level
RWA,Rwanda,country,2007,burned_area_km2,351.95,km2,K9,gfed5_annual_burned_area,measured,f_product_level
RWA,Rwanda,country,2008,burned_area_km2,506.5,km2,K9,gfed5_annual_burned_area,measured,f_product_level
RWA,Rwanda,country,2009,burned_area_km2,605.87,km2,K9,gfed5_annual_burned_area,measured,f_product_level
RWA,Rwanda,country,2010,burned_area_km2,967.88,km2,K9,gfed5_annual_burned_area,measured,f_product_level
RWA,Rwanda,country,2011,burned_area_km2,285.09,km2,K9,gfed5_annual_burned_area,measured,f_product_level
RWA,Rwanda,country,2012,burned_area_km2,590.24,km2,K9,gfed5_annual_burned_area,measured,f_product_level
RWA,Rwanda,country,2013,burned_area_km2,1116.67,km2,K9,gfed5_annual_burned_area,measured,f_product_level
RWA,Rwanda,country,2014,burned_area_km2,483.8,km2,K9,gfed5_annual_burned_area,measured,f_product_level
RWA,Rwanda,country,2015,burned_area_km2,902.03,km2,K9,gfed5_annual_burned_area,measured,f_product_level
RWA,Rwanda,country,2016,burned_area_km2,1028.76,km2,K9,gfed5_annual_burned_area,measured,f_product_level
RWA,Rwanda,country,2017,burned_area_km2,598.22,km2,K9,gfed5_annual_burned_area,measured,f_product_level
RWA,Rwanda,country,2018,burned_area_km2,495.46,km2,K9,gfed5_annual_burned_area,measured,f_product_level
RWA,Rwanda,country,2019,burned_area_km2,704.91,km2,K9,gfed5_annual_burned_area,measured,f_product_level
RWA,Rwanda,country,2020,burned_area_km2,860.9,km2,K9,gfed5_annual_burned_area,measured,f_product_level
SAU,Saudi-Arabia,country,1997,burned_area_km2,573.69,km2,K9,gfed5_annual_burned_area,measured,f_product_level;f_resolution_change
SAU,Saudi-Arabia,country,1998,burned_area_km2,604.12,km2,K9,gfed5_annual_burned_area,measured,f_product_level;f_resolution_change
SAU,Saudi-Arabia,country,1999,burned_area_km2,505.5,km2,K9,gfed5_annual_burned_area,measured,f_product_level;f_resolution_change
SAU,Saudi-Arabia,country,2000,burned_area_km2,497.02,km2,K9,gfed5_annual_burned_area,measured,f_product_level;f_resolution_change
SAU,Saudi-Arabia,country,2001,burned_area_km2,204.48,km2,K9,gfed5_annual_burned_area,measured,f_product_level
SAU,Saudi-Arabia,country,2002,burned_area_km2,339.49,km2,K9,gfed5_annual_burned_area,measured,f_product_level
SAU,Saudi-Arabia,country,2003,burned_area_km2,302.29,km2,K9,gfed5_annual_burned_area,measured,f_product_level
SAU,Saudi-Arabia,country,2004,burned_area_km2,498.1,km2,K9,gfed5_annual_burned_area,measured,f_product_level
SAU,Saudi-Arabia,country,2005,burned_area_km2,523.38,km2,K9,gfed5_annual_burned_area,measured,f_product_level
SAU,Saudi-Arabia,country,2006,burned_area_km2,550.05,km2,K9,gfed5_annual_burned_area,measured,f_product_level
SAU,Saudi-Arabia,country,2007,burned_area_km2,597.23,km2,K9,gfed5_annual_burned_area,measured,f_product_level
SAU,Saudi-Arabia,country,2008,burned_area_km2,289.55,km2,K9,gfed5_annual_burned_area,measured,f_product_level
SAU,Saudi-Arabia,country,2009,burned_area_km2,276.36,km2,K9,gfed5_annual_burned_area,measured,f_product_level
SAU,Saudi-Arabia,country,2010,burned_area_km2,305.69,km2,K9,gfed5_annual_burned_area,measured,f_product_level
SAU,Saudi-Arabia,country,2011,burned_area_km2,191.76,km2,K9,gfed5_annual_burned_area,measured,f_product_level
SAU,Saudi-Arabia,country,2012,burned_area_km2,214.02,km2,K9,gfed5_annual_burned_area,measured,f_product_level
SAU,Saudi-Arabia,country,2013,burned_area_km2,344.37,km2,K9,gfed5_annual_burned_area,measured,f_product_level
SAU,Saudi-Arabia,country,2014,burned_area_km2,289.06,km2,K9,gfed5_annual_burned_area,measured,f_product_level
SAU,Saudi-Arabia,country,2015,burned_area_km2,296.89,km2,K9,gfed5_annual_burned_area,measured,f_product_level
SAU,Saudi-Arabia,country,2016,burned_area_km2,246.44,km2,K9,gfed5_annual_burned_area,measured,f_product_level
SAU,Saudi-Arabia,country,2017,burned_area_km2,241.15,km2,K9,gfed5_annual_burned_area,measured,f_product_level
SAU,Saudi-Arabia,country,2018,burned_area_km2,214.89,km2,K9,gfed5_annual_burned_area,measured,f_product_level
SAU,Saudi-Arabia,country,2019,burned_area_km2,251.97,km2,K9,gfed5_annual_burned_area,measured,f_product_level
SAU,Saudi-Arabia,country,2020,burned_area_km2,257.47,km2,K9,gfed5_annual_burned_area,measured,f_product_level
SDN,Sudan,country,1997,burned_area_km2,200699.34,km2,K9,gfed5_annual_burned_area,measured,f_product_level;f_resolution_change
SDN,Sudan,country,1998,burned_area_km2,101391.61,km2,K9,gfed5_annual_burned_area,measured,f_product_level;f_resolution_change
SDN,Sudan,country,1999,burned_area_km2,127049.2,km2,K9,gfed5_annual_burned_area,measured,f_product_level;f_resolution_change
SDN,Sudan,country,2000,burned_area_km2,121899.83,km2,K9,gfed5_annual_burned_area,measured,f_product_level;f_resolution_change
SDN,Sudan,country,2001,burned_area_km2,141854.83,km2,K9,gfed5_annual_burned_area,measured,f_product_level
SDN,Sudan,country,2002,burned_area_km2,139335.49,km2,K9,gfed5_annual_burned_area,measured,f_product_level
SDN,Sudan,country,2003,burned_area_km2,134231.98,km2,K9,gfed5_annual_burned_area,measured,f_product_level
SDN,Sudan,country,2004,burned_area_km2,135738.43,km2,K9,gfed5_annual_burned_area,measured,f_product_level
SDN,Sudan,country,2005,burned_area_km2,133970.78,km2,K9,gfed5_annual_burned_area,measured,f_product_level
SDN,Sudan,country,2006,burned_area_km2,117977.25,km2,K9,gfed5_annual_burned_area,measured,f_product_level
SDN,Sudan,country,2007,burned_area_km2,153722.69,km2,K9,gfed5_annual_burned_area,measured,f_product_level
SDN,Sudan,country,2008,burned_area_km2,137165.14,km2,K9,gfed5_annual_burned_area,measured,f_product_level
SDN,Sudan,country,2009,burned_area_km2,120389.97,km2,K9,gfed5_annual_burned_area,measured,f_product_level
SDN,Sudan,country,2010,burned_area_km2,99914.42,km2,K9,gfed5_annual_burned_area,measured,f_product_level
SDN,Sudan,country,2011,burned_area_km2,101900.86,km2,K9,gfed5_annual_burned_area,measured,f_product_level
SDN,Sudan,country,2012,burned_area_km2,121463.9,km2,K9,gfed5_annual_burned_area,measured,f_product_level
SDN,Sudan,country,2013,burned_area_km2,120808.72,km2,K9,gfed5_annual_burned_area,measured,f_product_level
SDN,Sudan,country,2014,burned_area_km2,103665.73,km2,K9,gfed5_annual_burned_area,measured,f_product_level
SDN,Sudan,country,2015,burned_area_km2,102234.78,km2,K9,gfed5_annual_burned_area,measured,f_product_level
SDN,Sudan,country,2016,burned_area_km2,103897.72,km2,K9,gfed5_annual_burned_area,measured,f_product_level
SDN,Sudan,country,2017,burned_area_km2,102070.93,km2,K9,gfed5_annual_burned_area,measured,f_product_level
SDN,Sudan,country,2018,burned_area_km2,97229.1,km2,K9,gfed5_annual_burned_area,measured,f_product_level
SDN,Sudan,country,2019,burned_area_km2,106068.16,km2,K9,gfed5_annual_burned_area,measured,f_product_level
SDN,Sudan,country,2020,burned_area_km2,127111.59,km2,K9,gfed5_annual_burned_area,measured,f_product_level
SEN,Senegal,country,1997,burned_area_km2,62502.27,km2,K9,gfed5_annual_burned_area,measured,f_product_level;f_resolution_change
SEN,Senegal,country,1998,burned_area_km2,41485.51,km2,K9,gfed5_annual_burned_area,measured,f_product_level;f_resolution_change
SEN,Senegal,country,1999,burned_area_km2,52625.98,km2,K9,gfed5_annual_burned_area,measured,f_product_level;f_resolution_change
SEN,Senegal,country,2000,burned_area_km2,43948.17,km2,K9,gfed5_annual_burned_area,measured,f_product_level;f_resolution_change
SEN,Senegal,country,2001,burned_area_km2,70321.05,km2,K9,gfed5_annual_burned_area,measured,f_product_level
SEN,Senegal,country,2002,burned_area_km2,59253.17,km2,K9,gfed5_annual_burned_area,measured,f_product_level
SEN,Senegal,country,2003,burned_area_km2,38359.92,km2,K9,gfed5_annual_burned_area,measured,f_product_level
SEN,Senegal,country,2004,burned_area_km2,65549.56,km2,K9,gfed5_annual_burned_area,measured,f_product_level
SEN,Senegal,country,2005,burned_area_km2,63103.25,km2,K9,gfed5_annual_burned_area,measured,f_product_level
SEN,Senegal,country,2006,burned_area_km2,68704.84,km2,K9,gfed5_annual_burned_area,measured,f_product_level
SEN,Senegal,country,2007,burned_area_km2,52358.61,km2,K9,gfed5_annual_burned_area,measured,f_product_level
SEN,Senegal,country,2008,burned_area_km2,57827.36,km2,K9,gfed5_annual_burned_area,measured,f_product_level
SEN,Senegal,country,2009,burned_area_km2,53779.52,km2,K9,gfed5_annual_burned_area,measured,f_product_level
SEN,Senegal,country,2010,burned_area_km2,63240.6,km2,K9,gfed5_annual_burned_area,measured,f_product_level
SEN,Senegal,country,2011,burned_area_km2,68124.83,km2,K9,gfed5_annual_burned_area,measured,f_product_level
SEN,Senegal,country,2012,burned_area_km2,50641.95,km2,K9,gfed5_annual_burned_area,measured,f_product_level
SEN,Senegal,country,2013,burned_area_km2,55770.89,km2,K9,gfed5_annual_burned_area,measured,f_product_level
SEN,Senegal,country,2014,burned_area_km2,52654.95,km2,K9,gfed5_annual_burned_area,measured,f_product_level
SEN,Senegal,country,2015,burned_area_km2,35855.2,km2,K9,gfed5_annual_burned_area,measured,f_product_level
SEN,Senegal,country,2016,burned_area_km2,57954.41,km2,K9,gfed5_annual_burned_area,measured,f_product_level
SEN,Senegal,country,2017,burned_area_km2,56436.98,km2,K9,gfed5_annual_burned_area,measured,f_product_level
SEN,Senegal,country,2018,burned_area_km2,46257.64,km2,K9,gfed5_annual_burned_area,measured,f_product_level
SEN,Senegal,country,2019,burned_area_km2,52618.29,km2,K9,gfed5_annual_burned_area,measured,f_product_level
SEN,Senegal,country,2020,burned_area_km2,58118.09,km2,K9,gfed5_annual_burned_area,measured,f_product_level
SGP,Singapore,country,1997,burned_area_km2,3.71,km2,K9,gfed5_annual_burned_area,measured,f_product_level;f_resolution_change;f_grid_resolution
SGP,Singapore,country,1998,burned_area_km2,7.69,km2,K9,gfed5_annual_burned_area,measured,f_product_level;f_resolution_change;f_grid_resolution
SGP,Singapore,country,1999,burned_area_km2,1.69,km2,K9,gfed5_annual_burned_area,measured,f_product_level;f_resolution_change;f_grid_resolution
SGP,Singapore,country,2000,burned_area_km2,1.95,km2,K9,gfed5_annual_burned_area,measured,f_product_level;f_resolution_change;f_grid_resolution
SGP,Singapore,country,2001,burned_area_km2,0.0,km2,K9,gfed5_annual_burned_area,measured,f_product_level;f_grid_resolution;f_zero_no_detection
SGP,Singapore,country,2002,burned_area_km2,0.32,km2,K9,gfed5_annual_burned_area,measured,f_product_level;f_grid_resolution
SGP,Singapore,country,2003,burned_area_km2,0.0,km2,K9,gfed5_annual_burned_area,measured,f_product_level;f_grid_resolution;f_zero_no_detection
SGP,Singapore,country,2004,burned_area_km2,3.59,km2,K9,gfed5_annual_burned_area,measured,f_product_level;f_grid_resolution
SGP,Singapore,country,2005,burned_area_km2,0.0,km2,K9,gfed5_annual_burned_area,measured,f_product_level;f_grid_resolution;f_zero_no_detection
SGP,Singapore,country,2006,burned_area_km2,0.32,km2,K9,gfed5_annual_burned_area,measured,f_product_level;f_grid_resolution
SGP,Singapore,country,2007,burned_area_km2,0.0,km2,K9,gfed5_annual_burned_area,measured,f_product_level;f_grid_resolution;f_zero_no_detection
SGP,Singapore,country,2008,burned_area_km2,0.25,km2,K9,gfed5_annual_burned_area,measured,f_product_level;f_grid_resolution
SGP,Singapore,country,2009,burned_area_km2,0.0,km2,K9,gfed5_annual_burned_area,measured,f_product_level;f_grid_resolution;f_zero_no_detection
SGP,Singapore,country,2010,burned_area_km2,0.0,km2,K9,gfed5_annual_burned_area,measured,f_product_level;f_grid_resolution;f_zero_no_detection
SGP,Singapore,country,2011,burned_area_km2,0.17,km2,K9,gfed5_annual_burned_area,measured,f_product_level;f_grid_resolution
SGP,Singapore,country,2012,burned_area_km2,0.8,km2,K9,gfed5_annual_burned_area,measured,f_product_level;f_grid_resolution
SGP,Singapore,country,2013,burned_area_km2,0.0,km2,K9,gfed5_annual_burned_area,measured,f_product_level;f_grid_resolution;f_zero_no_detection
SGP,Singapore,country,2014,burned_area_km2,0.21,km2,K9,gfed5_annual_burned_area,measured,f_product_level;f_grid_resolution
SGP,Singapore,country,2015,burned_area_km2,3.16,km2,K9,gfed5_annual_burned_area,measured,f_product_level;f_grid_resolution
SGP,Singapore,country,2016,burned_area_km2,0.0,km2,K9,gfed5_annual_burned_area,measured,f_product_level;f_grid_resolution;f_zero_no_detection
SGP,Singapore,country,2017,burned_area_km2,0.08,km2,K9,gfed5_annual_burned_area,measured,f_product_level;f_grid_resolution
SGP,Singapore,country,2018,burned_area_km2,1.75,km2,K9,gfed5_annual_burned_area,measured,f_product_level;f_grid_resolution
SGP,Singapore,country,2019,burned_area_km2,0.49,km2,K9,gfed5_annual_burned_area,measured,f_product_level;f_grid_resolution
SGP,Singapore,country,2020,burned_area_km2,1.13,km2,K9,gfed5_annual_burned_area,measured,f_product_level;f_grid_resolution
SGS,Sør-Georgia og Sør-Sandwichøyene,country,1997,burned_area_km2,0.0,km2,K9,gfed5_annual_burned_area,measured,f_product_level;f_resolution_change;f_grid_resolution;f_zero_no_detection
SGS,Sør-Georgia og Sør-Sandwichøyene,country,1998,burned_area_km2,0.0,km2,K9,gfed5_annual_burned_area,measured,f_product_level;f_resolution_change;f_grid_resolution;f_zero_no_detection
SGS,Sør-Georgia og Sør-Sandwichøyene,country,1999,burned_area_km2,0.0,km2,K9,gfed5_annual_burned_area,measured,f_product_level;f_resolution_change;f_grid_resolution;f_zero_no_detection
SGS,Sør-Georgia og Sør-Sandwichøyene,country,2000,burned_area_km2,0.0,km2,K9,gfed5_annual_burned_area,measured,f_product_level;f_resolution_change;f_grid_resolution;f_zero_no_detection
SGS,Sør-Georgia og Sør-Sandwichøyene,country,2001,burned_area_km2,0.0,km2,K9,gfed5_annual_burned_area,measured,f_product_level;f_zero_no_detection
SGS,Sør-Georgia og Sør-Sandwichøyene,country,2002,burned_area_km2,0.0,km2,K9,gfed5_annual_burned_area,measured,f_product_level;f_zero_no_detection
SGS,Sør-Georgia og Sør-Sandwichøyene,country,2003,burned_area_km2,0.0,km2,K9,gfed5_annual_burned_area,measured,f_product_level;f_zero_no_detection
SGS,Sør-Georgia og Sør-Sandwichøyene,country,2004,burned_area_km2,0.0,km2,K9,gfed5_annual_burned_area,measured,f_product_level;f_zero_no_detection
SGS,Sør-Georgia og Sør-Sandwichøyene,country,2005,burned_area_km2,0.0,km2,K9,gfed5_annual_burned_area,measured,f_product_level;f_zero_no_detection
SGS,Sør-Georgia og Sør-Sandwichøyene,country,2006,burned_area_km2,0.0,km2,K9,gfed5_annual_burned_area,measured,f_product_level;f_zero_no_detection
SGS,Sør-Georgia og Sør-Sandwichøyene,country,2007,burned_area_km2,0.0,km2,K9,gfed5_annual_burned_area,measured,f_product_level;f_zero_no_detection
SGS,Sør-Georgia og Sør-Sandwichøyene,country,2008,burned_area_km2,0.0,km2,K9,gfed5_annual_burned_area,measured,f_product_level;f_zero_no_detection
SGS,Sør-Georgia og Sør-Sandwichøyene,country,2009,burned_area_km2,0.0,km2,K9,gfed5_annual_burned_area,measured,f_product_level;f_zero_no_detection
SGS,Sør-Georgia og Sør-Sandwichøyene,country,2010,burned_area_km2,0.0,km2,K9,gfed5_annual_burned_area,measured,f_product_level;f_zero_no_detection
SGS,Sør-Georgia og Sør-Sandwichøyene,country,2011,burned_area_km2,0.0,km2,K9,gfed5_annual_burned_area,measured,f_product_level;f_zero_no_detection
SGS,Sør-Georgia og Sør-Sandwichøyene,country,2012,burned_area_km2,0.0,km2,K9,gfed5_annual_burned_area,measured,f_product_level;f_zero_no_detection
SGS,Sør-Georgia og Sør-Sandwichøyene,country,2013,burned_area_km2,0.0,km2,K9,gfed5_annual_burned_area,measured,f_product_level;f_zero_no_detection
SGS,Sør-Georgia og Sør-Sandwichøyene,country,2014,burned_area_km2,0.0,km2,K9,gfed5_annual_burned_area,measured,f_product_level;f_zero_no_detection
SGS,Sør-Georgia og Sør-Sandwichøyene,country,2015,burned_area_km2,0.0,km2,K9,gfed5_annual_burned_area,measured,f_product_level;f_zero_no_detection
SGS,Sør-Georgia og Sør-Sandwichøyene,country,2016,burned_area_km2,0.0,km2,K9,gfed5_annual_burned_area,measured,f_product_level;f_zero_no_detection
SGS,Sør-Georgia og Sør-Sandwichøyene,country,2017,burned_area_km2,0.0,km2,K9,gfed5_annual_burned_area,measured,f_product_level;f_zero_no_detection
SGS,Sør-Georgia og Sør-Sandwichøyene,country,2018,burned_area_km2,0.0,km2,K9,gfed5_annual_burned_area,measured,f_product_level;f_zero_no_detection
SGS,Sør-Georgia og Sør-Sandwichøyene,country,2019,burned_area_km2,0.0,km2,K9,gfed5_annual_burned_area,measured,f_product_level;f_zero_no_detection
SGS,Sør-Georgia og Sør-Sandwichøyene,country,2020,burned_area_km2,0.0,km2,K9,gfed5_annual_burned_area,measured,f_product_level;f_zero_no_detection
SHN,"Sankt Helena, Ascension og Tristan da Cunha",country,1997,burned_area_km2,0.0,km2,K9,gfed5_annual_burned_area,measured,f_product_level;f_resolution_change;f_grid_resolution;f_zero_no_detection
SHN,"Sankt Helena, Ascension og Tristan da Cunha",country,1998,burned_area_km2,0.0,km2,K9,gfed5_annual_burned_area,measured,f_product_level;f_resolution_change;f_grid_resolution;f_zero_no_detection
SHN,"Sankt Helena, Ascension og Tristan da Cunha",country,1999,burned_area_km2,0.0,km2,K9,gfed5_annual_burned_area,measured,f_product_level;f_resolution_change;f_grid_resolution;f_zero_no_detection
SHN,"Sankt Helena, Ascension og Tristan da Cunha",country,2000,burned_area_km2,0.0,km2,K9,gfed5_annual_burned_area,measured,f_product_level;f_resolution_change;f_grid_resolution;f_zero_no_detection
SHN,"Sankt Helena, Ascension og Tristan da Cunha",country,2001,burned_area_km2,0.0,km2,K9,gfed5_annual_burned_area,measured,f_product_level;f_grid_resolution;f_zero_no_detection
SHN,"Sankt Helena, Ascension og Tristan da Cunha",country,2002,burned_area_km2,0.0,km2,K9,gfed5_annual_burned_area,measured,f_product_level;f_grid_resolution;f_zero_no_detection
SHN,"Sankt Helena, Ascension og Tristan da Cunha",country,2003,burned_area_km2,0.0,km2,K9,gfed5_annual_burned_area,measured,f_product_level;f_grid_resolution;f_zero_no_detection
SHN,"Sankt Helena, Ascension og Tristan da Cunha",country,2004,burned_area_km2,0.0,km2,K9,gfed5_annual_burned_area,measured,f_product_level;f_grid_resolution;f_zero_no_detection
SHN,"Sankt Helena, Ascension og Tristan da Cunha",country,2005,burned_area_km2,0.0,km2,K9,gfed5_annual_burned_area,measured,f_product_level;f_grid_resolution;f_zero_no_detection
SHN,"Sankt Helena, Ascension og Tristan da Cunha",country,2006,burned_area_km2,0.0,km2,K9,gfed5_annual_burned_area,measured,f_product_level;f_grid_resolution;f_zero_no_detection
SHN,"Sankt Helena, Ascension og Tristan da Cunha",country,2007,burned_area_km2,0.0,km2,K9,gfed5_annual_burned_area,measured,f_product_level;f_grid_resolution;f_zero_no_detection
SHN,"Sankt Helena, Ascension og Tristan da Cunha",country,2008,burned_area_km2,0.0,km2,K9,gfed5_annual_burned_area,measured,f_product_level;f_grid_resolution;f_zero_no_detection
SHN,"Sankt Helena, Ascension og Tristan da Cunha",country,2009,burned_area_km2,0.0,km2,K9,gfed5_annual_burned_area,measured,f_product_level;f_grid_resolution;f_zero_no_detection
SHN,"Sankt Helena, Ascension og Tristan da Cunha",country,2010,burned_area_km2,0.0,km2,K9,gfed5_annual_burned_area,measured,f_product_level;f_grid_resolution;f_zero_no_detection
SHN,"Sankt Helena, Ascension og Tristan da Cunha",country,2011,burned_area_km2,0.0,km2,K9,gfed5_annual_burned_area,measured,f_product_level;f_grid_resolution;f_zero_no_detection
SHN,"Sankt Helena, Ascension og Tristan da Cunha",country,2012,burned_area_km2,0.0,km2,K9,gfed5_annual_burned_area,measured,f_product_level;f_grid_resolution;f_zero_no_detection
SHN,"Sankt Helena, Ascension og Tristan da Cunha",country,2013,burned_area_km2,0.0,km2,K9,gfed5_annual_burned_area,measured,f_product_level;f_grid_resolution;f_zero_no_detection
SHN,"Sankt Helena, Ascension og Tristan da Cunha",country,2014,burned_area_km2,0.0,km2,K9,gfed5_annual_burned_area,measured,f_product_level;f_grid_resolution;f_zero_no_detection
SHN,"Sankt Helena, Ascension og Tristan da Cunha",country,2015,burned_area_km2,0.0,km2,K9,gfed5_annual_burned_area,measured,f_product_level;f_grid_resolution;f_zero_no_detection
SHN,"Sankt Helena, Ascension og Tristan da Cunha",country,2016,burned_area_km2,0.0,km2,K9,gfed5_annual_burned_area,measured,f_product_level;f_grid_resolution;f_zero_no_detection
SHN,"Sankt Helena, Ascension og Tristan da Cunha",country,2017,burned_area_km2,0.0,km2,K9,gfed5_annual_burned_area,measured,f_product_level;f_grid_resolution;f_zero_no_detection
SHN,"Sankt Helena, Ascension og Tristan da Cunha",country,2018,burned_area_km2,0.0,km2,K9,gfed5_annual_burned_area,measured,f_product_level;f_grid_resolution;f_zero_no_detection
SHN,"Sankt Helena, Ascension og Tristan da Cunha",country,2019,burned_area_km2,0.0,km2,K9,gfed5_annual_burned_area,measured,f_product_level;f_grid_resolution;f_zero_no_detection
SHN,"Sankt Helena, Ascension og Tristan da Cunha",country,2020,burned_area_km2,0.0,km2,K9,gfed5_annual_burned_area,measured,f_product_level;f_grid_resolution;f_zero_no_detection
SJM,Svalbard og Jan Mayen,country,1997,burned_area_km2,20.13,km2,K9,gfed5_annual_burned_area,measured,f_product_level;f_resolution_change
SJM,Svalbard og Jan Mayen,country,1998,burned_area_km2,0.0,km2,K9,gfed5_annual_burned_area,measured,f_product_level;f_resolution_change;f_zero_no_detection
SJM,Svalbard og Jan Mayen,country,1999,burned_area_km2,5.02,km2,K9,gfed5_annual_burned_area,measured,f_product_level;f_resolution_change
SJM,Svalbard og Jan Mayen,country,2000,burned_area_km2,0.51,km2,K9,gfed5_annual_burned_area,measured,f_product_level;f_resolution_change
SJM,Svalbard og Jan Mayen,country,2001,burned_area_km2,0.0,km2,K9,gfed5_annual_burned_area,measured,f_product_level;f_zero_no_detection
SJM,Svalbard og Jan Mayen,country,2002,burned_area_km2,0.0,km2,K9,gfed5_annual_burned_area,measured,f_product_level;f_zero_no_detection
SJM,Svalbard og Jan Mayen,country,2003,burned_area_km2,0.0,km2,K9,gfed5_annual_burned_area,measured,f_product_level;f_zero_no_detection
SJM,Svalbard og Jan Mayen,country,2004,burned_area_km2,0.0,km2,K9,gfed5_annual_burned_area,measured,f_product_level;f_zero_no_detection
SJM,Svalbard og Jan Mayen,country,2005,burned_area_km2,0.0,km2,K9,gfed5_annual_burned_area,measured,f_product_level;f_zero_no_detection
SJM,Svalbard og Jan Mayen,country,2006,burned_area_km2,0.0,km2,K9,gfed5_annual_burned_area,measured,f_product_level;f_zero_no_detection
SJM,Svalbard og Jan Mayen,country,2007,burned_area_km2,0.0,km2,K9,gfed5_annual_burned_area,measured,f_product_level;f_zero_no_detection
SJM,Svalbard og Jan Mayen,country,2008,burned_area_km2,0.0,km2,K9,gfed5_annual_burned_area,measured,f_product_level;f_zero_no_detection
SJM,Svalbard og Jan Mayen,country,2009,burned_area_km2,0.0,km2,K9,gfed5_annual_burned_area,measured,f_product_level;f_zero_no_detection
SJM,Svalbard og Jan Mayen,country,2010,burned_area_km2,0.0,km2,K9,gfed5_annual_burned_area,measured,f_product_level;f_zero_no_detection
SJM,Svalbard og Jan Mayen,country,2011,burned_area_km2,0.0,km2,K9,gfed5_annual_burned_area,measured,f_product_level;f_zero_no_detection
SJM,Svalbard og Jan Mayen,country,2012,burned_area_km2,0.0,km2,K9,gfed5_annual_burned_area,measured,f_product_level;f_zero_no_detection
SJM,Svalbard og Jan Mayen,country,2013,burned_area_km2,0.0,km2,K9,gfed5_annual_burned_area,measured,f_product_level;f_zero_no_detection
SJM,Svalbard og Jan Mayen,country,2014,burned_area_km2,0.0,km2,K9,gfed5_annual_burned_area,measured,f_product_level;f_zero_no_detection
SJM,Svalbard og Jan Mayen,country,2015,burned_area_km2,0.0,km2,K9,gfed5_annual_burned_area,measured,f_product_level;f_zero_no_detection
SJM,Svalbard og Jan Mayen,country,2016,burned_area_km2,0.0,km2,K9,gfed5_annual_burned_area,measured,f_product_level;f_zero_no_detection
SJM,Svalbard og Jan Mayen,country,2017,burned_area_km2,0.0,km2,K9,gfed5_annual_burned_area,measured,f_product_level;f_zero_no_detection
SJM,Svalbard og Jan Mayen,country,2018,burned_area_km2,0.0,km2,K9,gfed5_annual_burned_area,measured,f_product_level;f_zero_no_detection
SJM,Svalbard og Jan Mayen,country,2019,burned_area_km2,0.0,km2,K9,gfed5_annual_burned_area,measured,f_product_level;f_zero_no_detection
SJM,Svalbard og Jan Mayen,country,2020,burned_area_km2,14.41,km2,K9,gfed5_annual_burned_area,measured,f_product_level
SLB,Salomonøyene,country,1997,burned_area_km2,3.31,km2,K9,gfed5_annual_burned_area,measured,f_product_level;f_resolution_change
SLB,Salomonøyene,country,1998,burned_area_km2,0.34,km2,K9,gfed5_annual_burned_area,measured,f_product_level;f_resolution_change
SLB,Salomonøyene,country,1999,burned_area_km2,0.2,km2,K9,gfed5_annual_burned_area,measured,f_product_level;f_resolution_change
SLB,Salomonøyene,country,2000,burned_area_km2,1.14,km2,K9,gfed5_annual_burned_area,measured,f_product_level;f_resolution_change
SLB,Salomonøyene,country,2001,burned_area_km2,0.0,km2,K9,gfed5_annual_burned_area,measured,f_product_level;f_zero_no_detection
SLB,Salomonøyene,country,2002,burned_area_km2,0.39,km2,K9,gfed5_annual_burned_area,measured,f_product_level
SLB,Salomonøyene,country,2003,burned_area_km2,5.07,km2,K9,gfed5_annual_burned_area,measured,f_product_level
SLB,Salomonøyene,country,2004,burned_area_km2,3.21,km2,K9,gfed5_annual_burned_area,measured,f_product_level
SLB,Salomonøyene,country,2005,burned_area_km2,12.82,km2,K9,gfed5_annual_burned_area,measured,f_product_level
SLB,Salomonøyene,country,2006,burned_area_km2,6.22,km2,K9,gfed5_annual_burned_area,measured,f_product_level
SLB,Salomonøyene,country,2007,burned_area_km2,5.97,km2,K9,gfed5_annual_burned_area,measured,f_product_level
SLB,Salomonøyene,country,2008,burned_area_km2,2.56,km2,K9,gfed5_annual_burned_area,measured,f_product_level
SLB,Salomonøyene,country,2009,burned_area_km2,1.83,km2,K9,gfed5_annual_burned_area,measured,f_product_level
SLB,Salomonøyene,country,2010,burned_area_km2,4.1,km2,K9,gfed5_annual_burned_area,measured,f_product_level
SLB,Salomonøyene,country,2011,burned_area_km2,4.11,km2,K9,gfed5_annual_burned_area,measured,f_product_level
SLB,Salomonøyene,country,2012,burned_area_km2,9.37,km2,K9,gfed5_annual_burned_area,measured,f_product_level
SLB,Salomonøyene,country,2013,burned_area_km2,5.43,km2,K9,gfed5_annual_burned_area,measured,f_product_level
SLB,Salomonøyene,country,2014,burned_area_km2,11.05,km2,K9,gfed5_annual_burned_area,measured,f_product_level
SLB,Salomonøyene,country,2015,burned_area_km2,9.08,km2,K9,gfed5_annual_burned_area,measured,f_product_level
SLB,Salomonøyene,country,2016,burned_area_km2,8.21,km2,K9,gfed5_annual_burned_area,measured,f_product_level
SLB,Salomonøyene,country,2017,burned_area_km2,3.79,km2,K9,gfed5_annual_burned_area,measured,f_product_level
SLB,Salomonøyene,country,2018,burned_area_km2,2.32,km2,K9,gfed5_annual_burned_area,measured,f_product_level
SLB,Salomonøyene,country,2019,burned_area_km2,1.08,km2,K9,gfed5_annual_burned_area,measured,f_product_level
SLB,Salomonøyene,country,2020,burned_area_km2,6.25,km2,K9,gfed5_annual_burned_area,measured,f_product_level
SLE,Sierra Leone,country,1997,burned_area_km2,21416.46,km2,K9,gfed5_annual_burned_area,measured,f_product_level;f_resolution_change
SLE,Sierra Leone,country,1998,burned_area_km2,71258.06,km2,K9,gfed5_annual_burned_area,measured,f_product_level;f_resolution_change
SLE,Sierra Leone,country,1999,burned_area_km2,54640.54,km2,K9,gfed5_annual_burned_area,measured,f_product_level;f_resolution_change
SLE,Sierra Leone,country,2000,burned_area_km2,53851.56,km2,K9,gfed5_annual_burned_area,measured,f_product_level;f_resolution_change
SLE,Sierra Leone,country,2001,burned_area_km2,21496.13,km2,K9,gfed5_annual_burned_area,measured,f_product_level
SLE,Sierra Leone,country,2002,burned_area_km2,15472.19,km2,K9,gfed5_annual_burned_area,measured,f_product_level
SLE,Sierra Leone,country,2003,burned_area_km2,39763.9,km2,K9,gfed5_annual_burned_area,measured,f_product_level
SLE,Sierra Leone,country,2004,burned_area_km2,27845.56,km2,K9,gfed5_annual_burned_area,measured,f_product_level
SLE,Sierra Leone,country,2005,burned_area_km2,29645.19,km2,K9,gfed5_annual_burned_area,measured,f_product_level
SLE,Sierra Leone,country,2006,burned_area_km2,33518.99,km2,K9,gfed5_annual_burned_area,measured,f_product_level
SLE,Sierra Leone,country,2007,burned_area_km2,50385.7,km2,K9,gfed5_annual_burned_area,measured,f_product_level
SLE,Sierra Leone,country,2008,burned_area_km2,36116.52,km2,K9,gfed5_annual_burned_area,measured,f_product_level
SLE,Sierra Leone,country,2009,burned_area_km2,52856.58,km2,K9,gfed5_annual_burned_area,measured,f_product_level
SLE,Sierra Leone,country,2010,burned_area_km2,32223.35,km2,K9,gfed5_annual_burned_area,measured,f_product_level
SLE,Sierra Leone,country,2011,burned_area_km2,35520.34,km2,K9,gfed5_annual_burned_area,measured,f_product_level
SLE,Sierra Leone,country,2012,burned_area_km2,40725.59,km2,K9,gfed5_annual_burned_area,measured,f_product_level
SLE,Sierra Leone,country,2013,burned_area_km2,49859.44,km2,K9,gfed5_annual_burned_area,measured,f_product_level
SLE,Sierra Leone,country,2014,burned_area_km2,47604.3,km2,K9,gfed5_annual_burned_area,measured,f_product_level
SLE,Sierra Leone,country,2015,burned_area_km2,49755.03,km2,K9,gfed5_annual_burned_area,measured,f_product_level
SLE,Sierra Leone,country,2016,burned_area_km2,42398.02,km2,K9,gfed5_annual_burned_area,measured,f_product_level
SLE,Sierra Leone,country,2017,burned_area_km2,39800.81,km2,K9,gfed5_annual_burned_area,measured,f_product_level
SLE,Sierra Leone,country,2018,burned_area_km2,30101.86,km2,K9,gfed5_annual_burned_area,measured,f_product_level
SLE,Sierra Leone,country,2019,burned_area_km2,37359.6,km2,K9,gfed5_annual_burned_area,measured,f_product_level
SLE,Sierra Leone,country,2020,burned_area_km2,36747.9,km2,K9,gfed5_annual_burned_area,measured,f_product_level
SLV,El Salvador,country,1997,burned_area_km2,616.52,km2,K9,gfed5_annual_burned_area,measured,f_product_level;f_resolution_change
SLV,El Salvador,country,1998,burned_area_km2,1181.99,km2,K9,gfed5_annual_burned_area,measured,f_product_level;f_resolution_change
SLV,El Salvador,country,1999,burned_area_km2,585.81,km2,K9,gfed5_annual_burned_area,measured,f_product_level;f_resolution_change
SLV,El Salvador,country,2000,burned_area_km2,933.77,km2,K9,gfed5_annual_burned_area,measured,f_product_level;f_resolution_change
SLV,El Salvador,country,2001,burned_area_km2,2818.51,km2,K9,gfed5_annual_burned_area,measured,f_product_level
SLV,El Salvador,country,2002,burned_area_km2,2383.55,km2,K9,gfed5_annual_burned_area,measured,f_product_level
SLV,El Salvador,country,2003,burned_area_km2,1811.49,km2,K9,gfed5_annual_burned_area,measured,f_product_level
SLV,El Salvador,country,2004,burned_area_km2,1992.77,km2,K9,gfed5_annual_burned_area,measured,f_product_level
SLV,El Salvador,country,2005,burned_area_km2,1603.95,km2,K9,gfed5_annual_burned_area,measured,f_product_level
SLV,El Salvador,country,2006,burned_area_km2,1439.33,km2,K9,gfed5_annual_burned_area,measured,f_product_level
SLV,El Salvador,country,2007,burned_area_km2,1313.08,km2,K9,gfed5_annual_burned_area,measured,f_product_level
SLV,El Salvador,country,2008,burned_area_km2,865.95,km2,K9,gfed5_annual_burned_area,measured,f_product_level
SLV,El Salvador,country,2009,burned_area_km2,1501.19,km2,K9,gfed5_annual_burned_area,measured,f_product_level
SLV,El Salvador,country,2010,burned_area_km2,953.61,km2,K9,gfed5_annual_burned_area,measured,f_product_level
SLV,El Salvador,country,2011,burned_area_km2,916.42,km2,K9,gfed5_annual_burned_area,measured,f_product_level
SLV,El Salvador,country,2012,burned_area_km2,1016.52,km2,K9,gfed5_annual_burned_area,measured,f_product_level
SLV,El Salvador,country,2013,burned_area_km2,1957.63,km2,K9,gfed5_annual_burned_area,measured,f_product_level
SLV,El Salvador,country,2014,burned_area_km2,1788.18,km2,K9,gfed5_annual_burned_area,measured,f_product_level
SLV,El Salvador,country,2015,burned_area_km2,2025.82,km2,K9,gfed5_annual_burned_area,measured,f_product_level
SLV,El Salvador,country,2016,burned_area_km2,1123.41,km2,K9,gfed5_annual_burned_area,measured,f_product_level
SLV,El Salvador,country,2017,burned_area_km2,1950.23,km2,K9,gfed5_annual_burned_area,measured,f_product_level
SLV,El Salvador,country,2018,burned_area_km2,1798.02,km2,K9,gfed5_annual_burned_area,measured,f_product_level
SLV,El Salvador,country,2019,burned_area_km2,1694.42,km2,K9,gfed5_annual_burned_area,measured,f_product_level
SLV,El Salvador,country,2020,burned_area_km2,1465.21,km2,K9,gfed5_annual_burned_area,measured,f_product_level
SMR,San Marino,country,1997,burned_area_km2,0.14,km2,K9,gfed5_annual_burned_area,measured,f_product_level;f_resolution_change;f_grid_resolution
SMR,San Marino,country,1998,burned_area_km2,0.18,km2,K9,gfed5_annual_burned_area,measured,f_product_level;f_resolution_change;f_grid_resolution
SMR,San Marino,country,1999,burned_area_km2,0.17,km2,K9,gfed5_annual_burned_area,measured,f_product_level;f_resolution_change;f_grid_resolution
SMR,San Marino,country,2000,burned_area_km2,0.32,km2,K9,gfed5_annual_burned_area,measured,f_product_level;f_resolution_change;f_grid_resolution
SMR,San Marino,country,2001,burned_area_km2,0.0,km2,K9,gfed5_annual_burned_area,measured,f_product_level;f_grid_resolution;f_zero_no_detection
SMR,San Marino,country,2002,burned_area_km2,0.0,km2,K9,gfed5_annual_burned_area,measured,f_product_level;f_grid_resolution;f_zero_no_detection
SMR,San Marino,country,2003,burned_area_km2,0.23,km2,K9,gfed5_annual_burned_area,measured,f_product_level;f_grid_resolution
SMR,San Marino,country,2004,burned_area_km2,0.0,km2,K9,gfed5_annual_burned_area,measured,f_product_level;f_grid_resolution;f_zero_no_detection
SMR,San Marino,country,2005,burned_area_km2,0.0,km2,K9,gfed5_annual_burned_area,measured,f_product_level;f_grid_resolution;f_zero_no_detection
SMR,San Marino,country,2006,burned_area_km2,0.0,km2,K9,gfed5_annual_burned_area,measured,f_product_level;f_grid_resolution;f_zero_no_detection
SMR,San Marino,country,2007,burned_area_km2,0.2,km2,K9,gfed5_annual_burned_area,measured,f_product_level;f_grid_resolution
SMR,San Marino,country,2008,burned_area_km2,0.0,km2,K9,gfed5_annual_burned_area,measured,f_product_level;f_grid_resolution;f_zero_no_detection
SMR,San Marino,country,2009,burned_area_km2,0.0,km2,K9,gfed5_annual_burned_area,measured,f_product_level;f_grid_resolution;f_zero_no_detection
SMR,San Marino,country,2010,burned_area_km2,0.0,km2,K9,gfed5_annual_burned_area,measured,f_product_level;f_grid_resolution;f_zero_no_detection
SMR,San Marino,country,2011,burned_area_km2,0.66,km2,K9,gfed5_annual_burned_area,measured,f_product_level;f_grid_resolution
SMR,San Marino,country,2012,burned_area_km2,0.21,km2,K9,gfed5_annual_burned_area,measured,f_product_level;f_grid_resolution
SMR,San Marino,country,2013,burned_area_km2,0.0,km2,K9,gfed5_annual_burned_area,measured,f_product_level;f_grid_resolution;f_zero_no_detection
SMR,San Marino,country,2014,burned_area_km2,0.0,km2,K9,gfed5_annual_burned_area,measured,f_product_level;f_grid_resolution;f_zero_no_detection
SMR,San Marino,country,2015,burned_area_km2,0.46,km2,K9,gfed5_annual_burned_area,measured,f_product_level;f_grid_resolution
SMR,San Marino,country,2016,burned_area_km2,0.0,km2,K9,gfed5_annual_burned_area,measured,f_product_level;f_grid_resolution;f_zero_no_detection
SMR,San Marino,country,2017,burned_area_km2,0.0,km2,K9,gfed5_annual_burned_area,measured,f_product_level;f_grid_resolution;f_zero_no_detection
SMR,San Marino,country,2018,burned_area_km2,0.05,km2,K9,gfed5_annual_burned_area,measured,f_product_level;f_grid_resolution
SMR,San Marino,country,2019,burned_area_km2,0.0,km2,K9,gfed5_annual_burned_area,measured,f_product_level;f_grid_resolution;f_zero_no_detection
SMR,San Marino,country,2020,burned_area_km2,0.0,km2,K9,gfed5_annual_burned_area,measured,f_product_level;f_grid_resolution;f_zero_no_detection
SOM,Somalia,country,1997,burned_area_km2,1904.21,km2,K9,gfed5_annual_burned_area,measured,f_product_level;f_resolution_change
SOM,Somalia,country,1998,burned_area_km2,4657.37,km2,K9,gfed5_annual_burned_area,measured,f_product_level;f_resolution_change
SOM,Somalia,country,1999,burned_area_km2,4166.58,km2,K9,gfed5_annual_burned_area,measured,f_product_level;f_resolution_change
SOM,Somalia,country,2000,burned_area_km2,2798.92,km2,K9,gfed5_annual_burned_area,measured,f_product_level;f_resolution_change
SOM,Somalia,country,2001,burned_area_km2,2256.21,km2,K9,gfed5_annual_burned_area,measured,f_product_level
SOM,Somalia,country,2002,burned_area_km2,2125.37,km2,K9,gfed5_annual_burned_area,measured,f_product_level
SOM,Somalia,country,2003,burned_area_km2,5797.27,km2,K9,gfed5_annual_burned_area,measured,f_product_level
SOM,Somalia,country,2004,burned_area_km2,3103.16,km2,K9,gfed5_annual_burned_area,measured,f_product_level
SOM,Somalia,country,2005,burned_area_km2,4209.35,km2,K9,gfed5_annual_burned_area,measured,f_product_level
SOM,Somalia,country,2006,burned_area_km2,1159.16,km2,K9,gfed5_annual_burned_area,measured,f_product_level
SOM,Somalia,country,2007,burned_area_km2,3338.47,km2,K9,gfed5_annual_burned_area,measured,f_product_level
SOM,Somalia,country,2008,burned_area_km2,3146.52,km2,K9,gfed5_annual_burned_area,measured,f_product_level
SOM,Somalia,country,2009,burned_area_km2,1552.66,km2,K9,gfed5_annual_burned_area,measured,f_product_level
SOM,Somalia,country,2010,burned_area_km2,2349.54,km2,K9,gfed5_annual_burned_area,measured,f_product_level
SOM,Somalia,country,2011,burned_area_km2,1652.51,km2,K9,gfed5_annual_burned_area,measured,f_product_level
SOM,Somalia,country,2012,burned_area_km2,2872.35,km2,K9,gfed5_annual_burned_area,measured,f_product_level
SOM,Somalia,country,2013,burned_area_km2,2502.3,km2,K9,gfed5_annual_burned_area,measured,f_product_level
SOM,Somalia,country,2014,burned_area_km2,2503.01,km2,K9,gfed5_annual_burned_area,measured,f_product_level
SOM,Somalia,country,2015,burned_area_km2,914.24,km2,K9,gfed5_annual_burned_area,measured,f_product_level
SOM,Somalia,country,2016,burned_area_km2,1425.09,km2,K9,gfed5_annual_burned_area,measured,f_product_level
SOM,Somalia,country,2017,burned_area_km2,935.78,km2,K9,gfed5_annual_burned_area,measured,f_product_level
SOM,Somalia,country,2018,burned_area_km2,505.75,km2,K9,gfed5_annual_burned_area,measured,f_product_level
SOM,Somalia,country,2019,burned_area_km2,1133.77,km2,K9,gfed5_annual_burned_area,measured,f_product_level
SOM,Somalia,country,2020,burned_area_km2,877.85,km2,K9,gfed5_annual_burned_area,measured,f_product_level
SPM,Saint-Pierre-et-Miquelon,country,1997,burned_area_km2,0.0,km2,K9,gfed5_annual_burned_area,measured,f_product_level;f_resolution_change;f_grid_resolution;f_zero_no_detection
SPM,Saint-Pierre-et-Miquelon,country,1998,burned_area_km2,0.0,km2,K9,gfed5_annual_burned_area,measured,f_product_level;f_resolution_change;f_grid_resolution;f_zero_no_detection
SPM,Saint-Pierre-et-Miquelon,country,1999,burned_area_km2,0.0,km2,K9,gfed5_annual_burned_area,measured,f_product_level;f_resolution_change;f_grid_resolution;f_zero_no_detection
SPM,Saint-Pierre-et-Miquelon,country,2000,burned_area_km2,0.0,km2,K9,gfed5_annual_burned_area,measured,f_product_level;f_resolution_change;f_grid_resolution;f_zero_no_detection
SPM,Saint-Pierre-et-Miquelon,country,2001,burned_area_km2,0.0,km2,K9,gfed5_annual_burned_area,measured,f_product_level;f_grid_resolution;f_zero_no_detection
SPM,Saint-Pierre-et-Miquelon,country,2002,burned_area_km2,0.0,km2,K9,gfed5_annual_burned_area,measured,f_product_level;f_grid_resolution;f_zero_no_detection
SPM,Saint-Pierre-et-Miquelon,country,2003,burned_area_km2,0.0,km2,K9,gfed5_annual_burned_area,measured,f_product_level;f_grid_resolution;f_zero_no_detection
SPM,Saint-Pierre-et-Miquelon,country,2004,burned_area_km2,0.0,km2,K9,gfed5_annual_burned_area,measured,f_product_level;f_grid_resolution;f_zero_no_detection
SPM,Saint-Pierre-et-Miquelon,country,2005,burned_area_km2,0.0,km2,K9,gfed5_annual_burned_area,measured,f_product_level;f_grid_resolution;f_zero_no_detection
SPM,Saint-Pierre-et-Miquelon,country,2006,burned_area_km2,0.0,km2,K9,gfed5_annual_burned_area,measured,f_product_level;f_grid_resolution;f_zero_no_detection
SPM,Saint-Pierre-et-Miquelon,country,2007,burned_area_km2,0.0,km2,K9,gfed5_annual_burned_area,measured,f_product_level;f_grid_resolution;f_zero_no_detection
SPM,Saint-Pierre-et-Miquelon,country,2008,burned_area_km2,0.0,km2,K9,gfed5_annual_burned_area,measured,f_product_level;f_grid_resolution;f_zero_no_detection
SPM,Saint-Pierre-et-Miquelon,country,2009,burned_area_km2,0.0,km2,K9,gfed5_annual_burned_area,measured,f_product_level;f_grid_resolution;f_zero_no_detection
SPM,Saint-Pierre-et-Miquelon,country,2010,burned_area_km2,0.0,km2,K9,gfed5_annual_burned_area,measured,f_product_level;f_grid_resolution;f_zero_no_detection
SPM,Saint-Pierre-et-Miquelon,country,2011,burned_area_km2,0.0,km2,K9,gfed5_annual_burned_area,measured,f_product_level;f_grid_resolution;f_zero_no_detection
SPM,Saint-Pierre-et-Miquelon,country,2012,burned_area_km2,0.0,km2,K9,gfed5_annual_burned_area,measured,f_product_level;f_grid_resolution;f_zero_no_detection
SPM,Saint-Pierre-et-Miquelon,country,2013,burned_area_km2,0.0,km2,K9,gfed5_annual_burned_area,measured,f_product_level;f_grid_resolution;f_zero_no_detection
SPM,Saint-Pierre-et-Miquelon,country,2014,burned_area_km2,0.0,km2,K9,gfed5_annual_burned_area,measured,f_product_level;f_grid_resolution;f_zero_no_detection
SPM,Saint-Pierre-et-Miquelon,country,2015,burned_area_km2,0.0,km2,K9,gfed5_annual_burned_area,measured,f_product_level;f_grid_resolution;f_zero_no_detection
SPM,Saint-Pierre-et-Miquelon,country,2016,burned_area_km2,0.0,km2,K9,gfed5_annual_burned_area,measured,f_product_level;f_grid_resolution;f_zero_no_detection
SPM,Saint-Pierre-et-Miquelon,country,2017,burned_area_km2,0.0,km2,K9,gfed5_annual_burned_area,measured,f_product_level;f_grid_resolution;f_zero_no_detection
SPM,Saint-Pierre-et-Miquelon,country,2018,burned_area_km2,0.0,km2,K9,gfed5_annual_burned_area,measured,f_product_level;f_grid_resolution;f_zero_no_detection
SPM,Saint-Pierre-et-Miquelon,country,2019,burned_area_km2,0.0,km2,K9,gfed5_annual_burned_area,measured,f_product_level;f_grid_resolution;f_zero_no_detection
SPM,Saint-Pierre-et-Miquelon,country,2020,burned_area_km2,0.0,km2,K9,gfed5_annual_burned_area,measured,f_product_level;f_grid_resolution;f_zero_no_detection
SRB,Serbia,country,1997,burned_area_km2,722.73,km2,K9,gfed5_annual_burned_area,measured,f_product_level;f_resolution_change
SRB,Serbia,country,1998,burned_area_km2,872.22,km2,K9,gfed5_annual_burned_area,measured,f_product_level;f_resolution_change
SRB,Serbia,country,1999,burned_area_km2,634.4,km2,K9,gfed5_annual_burned_area,measured,f_product_level;f_resolution_change
SRB,Serbia,country,2000,burned_area_km2,1183.44,km2,K9,gfed5_annual_burned_area,measured,f_product_level;f_resolution_change
SRB,Serbia,country,2001,burned_area_km2,3725.41,km2,K9,gfed5_annual_burned_area,measured,f_product_level
SRB,Serbia,country,2002,burned_area_km2,2371.39,km2,K9,gfed5_annual_burned_area,measured,f_product_level
SRB,Serbia,country,2003,burned_area_km2,1916.7,km2,K9,gfed5_annual_burned_area,measured,f_product_level
SRB,Serbia,country,2004,burned_area_km2,3009.78,km2,K9,gfed5_annual_burned_area,measured,f_product_level
SRB,Serbia,country,2005,burned_area_km2,2137.92,km2,K9,gfed5_annual_burned_area,measured,f_product_level
SRB,Serbia,country,2006,burned_area_km2,3232.06,km2,K9,gfed5_annual_burned_area,measured,f_product_level
SRB,Serbia,country,2007,burned_area_km2,3560.31,km2,K9,gfed5_annual_burned_area,measured,f_product_level
SRB,Serbia,country,2008,burned_area_km2,3958.27,km2,K9,gfed5_annual_burned_area,measured,f_product_level
SRB,Serbia,country,2009,burned_area_km2,3383.51,km2,K9,gfed5_annual_burned_area,measured,f_product_level
SRB,Serbia,country,2010,burned_area_km2,1913.4,km2,K9,gfed5_annual_burned_area,measured,f_product_level
SRB,Serbia,country,2011,burned_area_km2,5861.24,km2,K9,gfed5_annual_burned_area,measured,f_product_level
SRB,Serbia,country,2012,burned_area_km2,3599.12,km2,K9,gfed5_annual_burned_area,measured,f_product_level
SRB,Serbia,country,2013,burned_area_km2,2212.02,km2,K9,gfed5_annual_burned_area,measured,f_product_level
SRB,Serbia,country,2014,burned_area_km2,709.33,km2,K9,gfed5_annual_burned_area,measured,f_product_level
SRB,Serbia,country,2015,burned_area_km2,1263.03,km2,K9,gfed5_annual_burned_area,measured,f_product_level
SRB,Serbia,country,2016,burned_area_km2,1004.19,km2,K9,gfed5_annual_burned_area,measured,f_product_level
SRB,Serbia,country,2017,burned_area_km2,2213.23,km2,K9,gfed5_annual_burned_area,measured,f_product_level
SRB,Serbia,country,2018,burned_area_km2,5406.09,km2,K9,gfed5_annual_burned_area,measured,f_product_level
SRB,Serbia,country,2019,burned_area_km2,4763.23,km2,K9,gfed5_annual_burned_area,measured,f_product_level
SRB,Serbia,country,2020,burned_area_km2,923.61,km2,K9,gfed5_annual_burned_area,measured,f_product_level
SSD,Sør-Sudan,country,1997,burned_area_km2,597758.93,km2,K9,gfed5_annual_burned_area,measured,f_product_level;f_resolution_change
SSD,Sør-Sudan,country,1998,burned_area_km2,536720.62,km2,K9,gfed5_annual_burned_area,measured,f_product_level;f_resolution_change
SSD,Sør-Sudan,country,1999,burned_area_km2,499940.29,km2,K9,gfed5_annual_burned_area,measured,f_product_level;f_resolution_change
SSD,Sør-Sudan,country,2000,burned_area_km2,628689.6,km2,K9,gfed5_annual_burned_area,measured,f_product_level;f_resolution_change
SSD,Sør-Sudan,country,2001,burned_area_km2,402325.45,km2,K9,gfed5_annual_burned_area,measured,f_product_level
SSD,Sør-Sudan,country,2002,burned_area_km2,515413.75,km2,K9,gfed5_annual_burned_area,measured,f_product_level
SSD,Sør-Sudan,country,2003,burned_area_km2,370398.49,km2,K9,gfed5_annual_burned_area,measured,f_product_level
SSD,Sør-Sudan,country,2004,burned_area_km2,424469.56,km2,K9,gfed5_annual_burned_area,measured,f_product_level
SSD,Sør-Sudan,country,2005,burned_area_km2,436634.16,km2,K9,gfed5_annual_burned_area,measured,f_product_level
SSD,Sør-Sudan,country,2006,burned_area_km2,326491.85,km2,K9,gfed5_annual_burned_area,measured,f_product_level
SSD,Sør-Sudan,country,2007,burned_area_km2,407294.91,km2,K9,gfed5_annual_burned_area,measured,f_product_level
SSD,Sør-Sudan,country,2008,burned_area_km2,423035.6,km2,K9,gfed5_annual_burned_area,measured,f_product_level
SSD,Sør-Sudan,country,2009,burned_area_km2,431801.59,km2,K9,gfed5_annual_burned_area,measured,f_product_level
SSD,Sør-Sudan,country,2010,burned_area_km2,325734.69,km2,K9,gfed5_annual_burned_area,measured,f_product_level
SSD,Sør-Sudan,country,2011,burned_area_km2,425398.61,km2,K9,gfed5_annual_burned_area,measured,f_product_level
SSD,Sør-Sudan,country,2012,burned_area_km2,398722.24,km2,K9,gfed5_annual_burned_area,measured,f_product_level
SSD,Sør-Sudan,country,2013,burned_area_km2,368951.88,km2,K9,gfed5_annual_burned_area,measured,f_product_level
SSD,Sør-Sudan,country,2014,burned_area_km2,375524.44,km2,K9,gfed5_annual_burned_area,measured,f_product_level
SSD,Sør-Sudan,country,2015,burned_area_km2,437237.95,km2,K9,gfed5_annual_burned_area,measured,f_product_level
SSD,Sør-Sudan,country,2016,burned_area_km2,469282.66,km2,K9,gfed5_annual_burned_area,measured,f_product_level
SSD,Sør-Sudan,country,2017,burned_area_km2,403042.14,km2,K9,gfed5_annual_burned_area,measured,f_product_level
SSD,Sør-Sudan,country,2018,burned_area_km2,446798.82,km2,K9,gfed5_annual_burned_area,measured,f_product_level
SSD,Sør-Sudan,country,2019,burned_area_km2,260074.53,km2,K9,gfed5_annual_burned_area,measured,f_product_level
SSD,Sør-Sudan,country,2020,burned_area_km2,408156.72,km2,K9,gfed5_annual_burned_area,measured,f_product_level
STP,São Tomé og Príncipe,country,1997,burned_area_km2,0.0,km2,K9,gfed5_annual_burned_area,measured,f_product_level;f_resolution_change;f_grid_resolution;f_zero_no_detection
STP,São Tomé og Príncipe,country,1998,burned_area_km2,38.34,km2,K9,gfed5_annual_burned_area,measured,f_product_level;f_resolution_change;f_grid_resolution
STP,São Tomé og Príncipe,country,1999,burned_area_km2,12.94,km2,K9,gfed5_annual_burned_area,measured,f_product_level;f_resolution_change;f_grid_resolution
STP,São Tomé og Príncipe,country,2000,burned_area_km2,10.27,km2,K9,gfed5_annual_burned_area,measured,f_product_level;f_resolution_change;f_grid_resolution
STP,São Tomé og Príncipe,country,2001,burned_area_km2,4.14,km2,K9,gfed5_annual_burned_area,measured,f_product_level
STP,São Tomé og Príncipe,country,2002,burned_area_km2,0.0,km2,K9,gfed5_annual_burned_area,measured,f_product_level;f_zero_no_detection
STP,São Tomé og Príncipe,country,2003,burned_area_km2,2.67,km2,K9,gfed5_annual_burned_area,measured,f_product_level
STP,São Tomé og Príncipe,country,2004,burned_area_km2,8.57,km2,K9,gfed5_annual_burned_area,measured,f_product_level
STP,São Tomé og Príncipe,country,2005,burned_area_km2,2.9,km2,K9,gfed5_annual_burned_area,measured,f_product_level
STP,São Tomé og Príncipe,country,2006,burned_area_km2,8.22,km2,K9,gfed5_annual_burned_area,measured,f_product_level
STP,São Tomé og Príncipe,country,2007,burned_area_km2,4.38,km2,K9,gfed5_annual_burned_area,measured,f_product_level
STP,São Tomé og Príncipe,country,2008,burned_area_km2,7.46,km2,K9,gfed5_annual_burned_area,measured,f_product_level
STP,São Tomé og Príncipe,country,2009,burned_area_km2,8.39,km2,K9,gfed5_annual_burned_area,measured,f_product_level
STP,São Tomé og Príncipe,country,2010,burned_area_km2,25.62,km2,K9,gfed5_annual_burned_area,measured,f_product_level
STP,São Tomé og Príncipe,country,2011,burned_area_km2,14.49,km2,K9,gfed5_annual_burned_area,measured,f_product_level
STP,São Tomé og Príncipe,country,2012,burned_area_km2,10.23,km2,K9,gfed5_annual_burned_area,measured,f_product_level
STP,São Tomé og Príncipe,country,2013,burned_area_km2,9.01,km2,K9,gfed5_annual_burned_area,measured,f_product_level
STP,São Tomé og Príncipe,country,2014,burned_area_km2,3.91,km2,K9,gfed5_annual_burned_area,measured,f_product_level
STP,São Tomé og Príncipe,country,2015,burned_area_km2,4.45,km2,K9,gfed5_annual_burned_area,measured,f_product_level
STP,São Tomé og Príncipe,country,2016,burned_area_km2,6.51,km2,K9,gfed5_annual_burned_area,measured,f_product_level
STP,São Tomé og Príncipe,country,2017,burned_area_km2,3.16,km2,K9,gfed5_annual_burned_area,measured,f_product_level
STP,São Tomé og Príncipe,country,2018,burned_area_km2,4.85,km2,K9,gfed5_annual_burned_area,measured,f_product_level
STP,São Tomé og Príncipe,country,2019,burned_area_km2,8.71,km2,K9,gfed5_annual_burned_area,measured,f_product_level
STP,São Tomé og Príncipe,country,2020,burned_area_km2,6.26,km2,K9,gfed5_annual_burned_area,measured,f_product_level
SUR,Surinam,country,1997,burned_area_km2,852.4,km2,K9,gfed5_annual_burned_area,measured,f_product_level;f_resolution_change
SUR,Surinam,country,1998,burned_area_km2,916.03,km2,K9,gfed5_annual_burned_area,measured,f_product_level;f_resolution_change
SUR,Surinam,country,1999,burned_area_km2,465.16,km2,K9,gfed5_annual_burned_area,measured,f_product_level;f_resolution_change
SUR,Surinam,country,2000,burned_area_km2,457.18,km2,K9,gfed5_annual_burned_area,measured,f_product_level;f_resolution_change
SUR,Surinam,country,2001,burned_area_km2,479.1,km2,K9,gfed5_annual_burned_area,measured,f_product_level
SUR,Surinam,country,2002,burned_area_km2,571.25,km2,K9,gfed5_annual_burned_area,measured,f_product_level
SUR,Surinam,country,2003,burned_area_km2,753.46,km2,K9,gfed5_annual_burned_area,measured,f_product_level
SUR,Surinam,country,2004,burned_area_km2,723.99,km2,K9,gfed5_annual_burned_area,measured,f_product_level
SUR,Surinam,country,2005,burned_area_km2,377.98,km2,K9,gfed5_annual_burned_area,measured,f_product_level
SUR,Surinam,country,2006,burned_area_km2,499.04,km2,K9,gfed5_annual_burned_area,measured,f_product_level
SUR,Surinam,country,2007,burned_area_km2,273.11,km2,K9,gfed5_annual_burned_area,measured,f_product_level
SUR,Surinam,country,2008,burned_area_km2,503.31,km2,K9,gfed5_annual_burned_area,measured,f_product_level
SUR,Surinam,country,2009,burned_area_km2,812.91,km2,K9,gfed5_annual_burned_area,measured,f_product_level
SUR,Surinam,country,2010,burned_area_km2,357.05,km2,K9,gfed5_annual_burned_area,measured,f_product_level
SUR,Surinam,country,2011,burned_area_km2,386.51,km2,K9,gfed5_annual_burned_area,measured,f_product_level
SUR,Surinam,country,2012,burned_area_km2,748.64,km2,K9,gfed5_annual_burned_area,measured,f_product_level
SUR,Surinam,country,2013,burned_area_km2,353.94,km2,K9,gfed5_annual_burned_area,measured,f_product_level
SUR,Surinam,country,2014,burned_area_km2,758.63,km2,K9,gfed5_annual_burned_area,measured,f_product_level
SUR,Surinam,country,2015,burned_area_km2,872.16,km2,K9,gfed5_annual_burned_area,measured,f_product_level
SUR,Surinam,country,2016,burned_area_km2,649.99,km2,K9,gfed5_annual_burned_area,measured,f_product_level
SUR,Surinam,country,2017,burned_area_km2,455.01,km2,K9,gfed5_annual_burned_area,measured,f_product_level
SUR,Surinam,country,2018,burned_area_km2,477.6,km2,K9,gfed5_annual_burned_area,measured,f_product_level
SUR,Surinam,country,2019,burned_area_km2,750.45,km2,K9,gfed5_annual_burned_area,measured,f_product_level
SUR,Surinam,country,2020,burned_area_km2,570.58,km2,K9,gfed5_annual_burned_area,measured,f_product_level
SVK,Slovakia,country,1997,burned_area_km2,102.5,km2,K9,gfed5_annual_burned_area,measured,f_product_level;f_resolution_change
SVK,Slovakia,country,1998,burned_area_km2,98.97,km2,K9,gfed5_annual_burned_area,measured,f_product_level;f_resolution_change
SVK,Slovakia,country,1999,burned_area_km2,74.65,km2,K9,gfed5_annual_burned_area,measured,f_product_level;f_resolution_change
SVK,Slovakia,country,2000,burned_area_km2,134.87,km2,K9,gfed5_annual_burned_area,measured,f_product_level;f_resolution_change
SVK,Slovakia,country,2001,burned_area_km2,450.94,km2,K9,gfed5_annual_burned_area,measured,f_product_level
SVK,Slovakia,country,2002,burned_area_km2,454.71,km2,K9,gfed5_annual_burned_area,measured,f_product_level
SVK,Slovakia,country,2003,burned_area_km2,335.63,km2,K9,gfed5_annual_burned_area,measured,f_product_level
SVK,Slovakia,country,2004,burned_area_km2,450.3,km2,K9,gfed5_annual_burned_area,measured,f_product_level
SVK,Slovakia,country,2005,burned_area_km2,490.35,km2,K9,gfed5_annual_burned_area,measured,f_product_level
SVK,Slovakia,country,2006,burned_area_km2,141.08,km2,K9,gfed5_annual_burned_area,measured,f_product_level
SVK,Slovakia,country,2007,burned_area_km2,302.82,km2,K9,gfed5_annual_burned_area,measured,f_product_level
SVK,Slovakia,country,2008,burned_area_km2,204.1,km2,K9,gfed5_annual_burned_area,measured,f_product_level
SVK,Slovakia,country,2009,burned_area_km2,123.76,km2,K9,gfed5_annual_burned_area,measured,f_product_level
SVK,Slovakia,country,2010,burned_area_km2,109.85,km2,K9,gfed5_annual_burned_area,measured,f_product_level
SVK,Slovakia,country,2011,burned_area_km2,200.52,km2,K9,gfed5_annual_burned_area,measured,f_product_level
SVK,Slovakia,country,2012,burned_area_km2,240.44,km2,K9,gfed5_annual_burned_area,measured,f_product_level
SVK,Slovakia,country,2013,burned_area_km2,89.73,km2,K9,gfed5_annual_burned_area,measured,f_product_level
SVK,Slovakia,country,2014,burned_area_km2,161.08,km2,K9,gfed5_annual_burned_area,measured,f_product_level
SVK,Slovakia,country,2015,burned_area_km2,147.79,km2,K9,gfed5_annual_burned_area,measured,f_product_level
SVK,Slovakia,country,2016,burned_area_km2,95.66,km2,K9,gfed5_annual_burned_area,measured,f_product_level
SVK,Slovakia,country,2017,burned_area_km2,63.86,km2,K9,gfed5_annual_burned_area,measured,f_product_level
SVK,Slovakia,country,2018,burned_area_km2,80.3,km2,K9,gfed5_annual_burned_area,measured,f_product_level
SVK,Slovakia,country,2019,burned_area_km2,130.29,km2,K9,gfed5_annual_burned_area,measured,f_product_level
SVK,Slovakia,country,2020,burned_area_km2,92.6,km2,K9,gfed5_annual_burned_area,measured,f_product_level
SVN,Slovenia,country,1997,burned_area_km2,84.12,km2,K9,gfed5_annual_burned_area,measured,f_product_level;f_resolution_change
SVN,Slovenia,country,1998,burned_area_km2,81.35,km2,K9,gfed5_annual_burned_area,measured,f_product_level;f_resolution_change
SVN,Slovenia,country,1999,burned_area_km2,52.01,km2,K9,gfed5_annual_burned_area,measured,f_product_level;f_resolution_change
SVN,Slovenia,country,2000,burned_area_km2,109.1,km2,K9,gfed5_annual_burned_area,measured,f_product_level;f_resolution_change
SVN,Slovenia,country,2001,burned_area_km2,17.18,km2,K9,gfed5_annual_burned_area,measured,f_product_level
SVN,Slovenia,country,2002,burned_area_km2,10.09,km2,K9,gfed5_annual_burned_area,measured,f_product_level
SVN,Slovenia,country,2003,burned_area_km2,44.01,km2,K9,gfed5_annual_burned_area,measured,f_product_level
SVN,Slovenia,country,2004,burned_area_km2,6.39,km2,K9,gfed5_annual_burned_area,measured,f_product_level
SVN,Slovenia,country,2005,burned_area_km2,15.5,km2,K9,gfed5_annual_burned_area,measured,f_product_level
SVN,Slovenia,country,2006,burned_area_km2,14.51,km2,K9,gfed5_annual_burned_area,measured,f_product_level
SVN,Slovenia,country,2007,burned_area_km2,6.07,km2,K9,gfed5_annual_burned_area,measured,f_product_level
SVN,Slovenia,country,2008,burned_area_km2,5.76,km2,K9,gfed5_annual_burned_area,measured,f_product_level
SVN,Slovenia,country,2009,burned_area_km2,9.9,km2,K9,gfed5_annual_burned_area,measured,f_product_level
SVN,Slovenia,country,2010,burned_area_km2,2.75,km2,K9,gfed5_annual_burned_area,measured,f_product_level
SVN,Slovenia,country,2011,burned_area_km2,22.2,km2,K9,gfed5_annual_burned_area,measured,f_product_level
SVN,Slovenia,country,2012,burned_area_km2,32.99,km2,K9,gfed5_annual_burned_area,measured,f_product_level
SVN,Slovenia,country,2013,burned_area_km2,11.31,km2,K9,gfed5_annual_burned_area,measured,f_product_level
SVN,Slovenia,country,2014,burned_area_km2,5.46,km2,K9,gfed5_annual_burned_area,measured,f_product_level
SVN,Slovenia,country,2015,burned_area_km2,2.25,km2,K9,gfed5_annual_burned_area,measured,f_product_level
SVN,Slovenia,country,2016,burned_area_km2,11.88,km2,K9,gfed5_annual_burned_area,measured,f_product_level
SVN,Slovenia,country,2017,burned_area_km2,36.91,km2,K9,gfed5_annual_burned_area,measured,f_product_level
SVN,Slovenia,country,2018,burned_area_km2,6.64,km2,K9,gfed5_annual_burned_area,measured,f_product_level
SVN,Slovenia,country,2019,burned_area_km2,23.59,km2,K9,gfed5_annual_burned_area,measured,f_product_level
SVN,Slovenia,country,2020,burned_area_km2,7.21,km2,K9,gfed5_annual_burned_area,measured,f_product_level
SWE,Sverige,country,1997,burned_area_km2,250.68,km2,K9,gfed5_annual_burned_area,measured,f_product_level;f_resolution_change
SWE,Sverige,country,1998,burned_area_km2,313.91,km2,K9,gfed5_annual_burned_area,measured,f_product_level;f_resolution_change
SWE,Sverige,country,1999,burned_area_km2,265.91,km2,K9,gfed5_annual_burned_area,measured,f_product_level;f_resolution_change
SWE,Sverige,country,2000,burned_area_km2,553.87,km2,K9,gfed5_annual_burned_area,measured,f_product_level;f_resolution_change
SWE,Sverige,country,2001,burned_area_km2,267.38,km2,K9,gfed5_annual_burned_area,measured,f_product_level
SWE,Sverige,country,2002,burned_area_km2,883.2,km2,K9,gfed5_annual_burned_area,measured,f_product_level
SWE,Sverige,country,2003,burned_area_km2,555.95,km2,K9,gfed5_annual_burned_area,measured,f_product_level
SWE,Sverige,country,2004,burned_area_km2,440.56,km2,K9,gfed5_annual_burned_area,measured,f_product_level
SWE,Sverige,country,2005,burned_area_km2,479.18,km2,K9,gfed5_annual_burned_area,measured,f_product_level
SWE,Sverige,country,2006,burned_area_km2,796.84,km2,K9,gfed5_annual_burned_area,measured,f_product_level
SWE,Sverige,country,2007,burned_area_km2,421.45,km2,K9,gfed5_annual_burned_area,measured,f_product_level
SWE,Sverige,country,2008,burned_area_km2,364.12,km2,K9,gfed5_annual_burned_area,measured,f_product_level
SWE,Sverige,country,2009,burned_area_km2,525.48,km2,K9,gfed5_annual_burned_area,measured,f_product_level
SWE,Sverige,country,2010,burned_area_km2,136.59,km2,K9,gfed5_annual_burned_area,measured,f_product_level
SWE,Sverige,country,2011,burned_area_km2,452.31,km2,K9,gfed5_annual_burned_area,measured,f_product_level
SWE,Sverige,country,2012,burned_area_km2,160.57,km2,K9,gfed5_annual_burned_area,measured,f_product_level
SWE,Sverige,country,2013,burned_area_km2,329.61,km2,K9,gfed5_annual_burned_area,measured,f_product_level
SWE,Sverige,country,2014,burned_area_km2,705.88,km2,K9,gfed5_annual_burned_area,measured,f_product_level
SWE,Sverige,country,2015,burned_area_km2,219.25,km2,K9,gfed5_annual_burned_area,measured,f_product_level
SWE,Sverige,country,2016,burned_area_km2,217.57,km2,K9,gfed5_annual_burned_area,measured,f_product_level
SWE,Sverige,country,2017,burned_area_km2,166.04,km2,K9,gfed5_annual_burned_area,measured,f_product_level
SWE,Sverige,country,2018,burned_area_km2,1001.35,km2,K9,gfed5_annual_burned_area,measured,f_product_level
SWE,Sverige,country,2019,burned_area_km2,199.32,km2,K9,gfed5_annual_burned_area,measured,f_product_level
SWE,Sverige,country,2020,burned_area_km2,249.53,km2,K9,gfed5_annual_burned_area,measured,f_product_level
SWZ,Eswatini,country,1997,burned_area_km2,8022.55,km2,K9,gfed5_annual_burned_area,measured,f_product_level;f_resolution_change
SWZ,Eswatini,country,1998,burned_area_km2,13282.28,km2,K9,gfed5_annual_burned_area,measured,f_product_level;f_resolution_change
SWZ,Eswatini,country,1999,burned_area_km2,8562.74,km2,K9,gfed5_annual_burned_area,measured,f_product_level;f_resolution_change
SWZ,Eswatini,country,2000,burned_area_km2,7884.72,km2,K9,gfed5_annual_burned_area,measured,f_product_level;f_resolution_change
SWZ,Eswatini,country,2001,burned_area_km2,5403.69,km2,K9,gfed5_annual_burned_area,measured,f_product_level
SWZ,Eswatini,country,2002,burned_area_km2,3149.44,km2,K9,gfed5_annual_burned_area,measured,f_product_level
SWZ,Eswatini,country,2003,burned_area_km2,2082.16,km2,K9,gfed5_annual_burned_area,measured,f_product_level
SWZ,Eswatini,country,2004,burned_area_km2,1558.32,km2,K9,gfed5_annual_burned_area,measured,f_product_level
SWZ,Eswatini,country,2005,burned_area_km2,2490.96,km2,K9,gfed5_annual_burned_area,measured,f_product_level
SWZ,Eswatini,country,2006,burned_area_km2,1178.07,km2,K9,gfed5_annual_burned_area,measured,f_product_level
SWZ,Eswatini,country,2007,burned_area_km2,3709.34,km2,K9,gfed5_annual_burned_area,measured,f_product_level
SWZ,Eswatini,country,2008,burned_area_km2,2226.41,km2,K9,gfed5_annual_burned_area,measured,f_product_level
SWZ,Eswatini,country,2009,burned_area_km2,1567.43,km2,K9,gfed5_annual_burned_area,measured,f_product_level
SWZ,Eswatini,country,2010,burned_area_km2,3115.36,km2,K9,gfed5_annual_burned_area,measured,f_product_level
SWZ,Eswatini,country,2011,burned_area_km2,2429.45,km2,K9,gfed5_annual_burned_area,measured,f_product_level
SWZ,Eswatini,country,2012,burned_area_km2,2463.33,km2,K9,gfed5_annual_burned_area,measured,f_product_level
SWZ,Eswatini,country,2013,burned_area_km2,2693.75,km2,K9,gfed5_annual_burned_area,measured,f_product_level
SWZ,Eswatini,country,2014,burned_area_km2,3658.87,km2,K9,gfed5_annual_burned_area,measured,f_product_level
SWZ,Eswatini,country,2015,burned_area_km2,1837.98,km2,K9,gfed5_annual_burned_area,measured,f_product_level
SWZ,Eswatini,country,2016,burned_area_km2,1041.44,km2,K9,gfed5_annual_burned_area,measured,f_product_level
SWZ,Eswatini,country,2017,burned_area_km2,1593.8,km2,K9,gfed5_annual_burned_area,measured,f_product_level
SWZ,Eswatini,country,2018,burned_area_km2,1500.51,km2,K9,gfed5_annual_burned_area,measured,f_product_level
SWZ,Eswatini,country,2019,burned_area_km2,3761.04,km2,K9,gfed5_annual_burned_area,measured,f_product_level
SWZ,Eswatini,country,2020,burned_area_km2,2228.66,km2,K9,gfed5_annual_burned_area,measured,f_product_level
SYC,Seychellene,country,1997,burned_area_km2,0.0,km2,K9,gfed5_annual_burned_area,measured,f_product_level;f_resolution_change;f_grid_resolution;f_zero_no_detection
SYC,Seychellene,country,1998,burned_area_km2,0.0,km2,K9,gfed5_annual_burned_area,measured,f_product_level;f_resolution_change;f_grid_resolution;f_zero_no_detection
SYC,Seychellene,country,1999,burned_area_km2,0.0,km2,K9,gfed5_annual_burned_area,measured,f_product_level;f_resolution_change;f_grid_resolution;f_zero_no_detection
SYC,Seychellene,country,2000,burned_area_km2,0.0,km2,K9,gfed5_annual_burned_area,measured,f_product_level;f_resolution_change;f_grid_resolution;f_zero_no_detection
SYC,Seychellene,country,2001,burned_area_km2,0.0,km2,K9,gfed5_annual_burned_area,measured,f_product_level;f_grid_resolution;f_zero_no_detection
SYC,Seychellene,country,2002,burned_area_km2,0.0,km2,K9,gfed5_annual_burned_area,measured,f_product_level;f_grid_resolution;f_zero_no_detection
SYC,Seychellene,country,2003,burned_area_km2,0.0,km2,K9,gfed5_annual_burned_area,measured,f_product_level;f_grid_resolution;f_zero_no_detection
SYC,Seychellene,country,2004,burned_area_km2,0.0,km2,K9,gfed5_annual_burned_area,measured,f_product_level;f_grid_resolution;f_zero_no_detection
SYC,Seychellene,country,2005,burned_area_km2,0.0,km2,K9,gfed5_annual_burned_area,measured,f_product_level;f_grid_resolution;f_zero_no_detection
SYC,Seychellene,country,2006,burned_area_km2,0.0,km2,K9,gfed5_annual_burned_area,measured,f_product_level;f_grid_resolution;f_zero_no_detection
SYC,Seychellene,country,2007,burned_area_km2,0.0,km2,K9,gfed5_annual_burned_area,measured,f_product_level;f_grid_resolution;f_zero_no_detection
SYC,Seychellene,country,2008,burned_area_km2,0.0,km2,K9,gfed5_annual_burned_area,measured,f_product_level;f_grid_resolution;f_zero_no_detection
SYC,Seychellene,country,2009,burned_area_km2,0.0,km2,K9,gfed5_annual_burned_area,measured,f_product_level;f_grid_resolution;f_zero_no_detection
SYC,Seychellene,country,2010,burned_area_km2,0.0,km2,K9,gfed5_annual_burned_area,measured,f_product_level;f_grid_resolution;f_zero_no_detection
SYC,Seychellene,country,2011,burned_area_km2,0.0,km2,K9,gfed5_annual_burned_area,measured,f_product_level;f_grid_resolution;f_zero_no_detection
SYC,Seychellene,country,2012,burned_area_km2,0.0,km2,K9,gfed5_annual_burned_area,measured,f_product_level;f_grid_resolution;f_zero_no_detection
SYC,Seychellene,country,2013,burned_area_km2,0.0,km2,K9,gfed5_annual_burned_area,measured,f_product_level;f_grid_resolution;f_zero_no_detection
SYC,Seychellene,country,2014,burned_area_km2,0.0,km2,K9,gfed5_annual_burned_area,measured,f_product_level;f_grid_resolution;f_zero_no_detection
SYC,Seychellene,country,2015,burned_area_km2,0.0,km2,K9,gfed5_annual_burned_area,measured,f_product_level;f_grid_resolution;f_zero_no_detection
SYC,Seychellene,country,2016,burned_area_km2,0.0,km2,K9,gfed5_annual_burned_area,measured,f_product_level;f_grid_resolution;f_zero_no_detection
SYC,Seychellene,country,2017,burned_area_km2,0.0,km2,K9,gfed5_annual_burned_area,measured,f_product_level;f_grid_resolution;f_zero_no_detection
SYC,Seychellene,country,2018,burned_area_km2,0.0,km2,K9,gfed5_annual_burned_area,measured,f_product_level;f_grid_resolution;f_zero_no_detection
SYC,Seychellene,country,2019,burned_area_km2,0.0,km2,K9,gfed5_annual_burned_area,measured,f_product_level;f_grid_resolution;f_zero_no_detection
SYC,Seychellene,country,2020,burned_area_km2,0.0,km2,K9,gfed5_annual_burned_area,measured,f_product_level;f_grid_resolution;f_zero_no_detection
SYR,Syria,country,1997,burned_area_km2,821.68,km2,K9,gfed5_annual_burned_area,measured,f_product_level;f_resolution_change
SYR,Syria,country,1998,burned_area_km2,1234.51,km2,K9,gfed5_annual_burned_area,measured,f_product_level;f_resolution_change
SYR,Syria,country,1999,burned_area_km2,1023.46,km2,K9,gfed5_annual_burned_area,measured,f_product_level;f_resolution_change
SYR,Syria,country,2000,burned_area_km2,812.06,km2,K9,gfed5_annual_burned_area,measured,f_product_level;f_resolution_change
SYR,Syria,country,2001,burned_area_km2,4837.91,km2,K9,gfed5_annual_burned_area,measured,f_product_level
SYR,Syria,country,2002,burned_area_km2,3376.88,km2,K9,gfed5_annual_burned_area,measured,f_product_level
SYR,Syria,country,2003,burned_area_km2,2879.38,km2,K9,gfed5_annual_burned_area,measured,f_product_level
SYR,Syria,country,2004,burned_area_km2,1561.66,km2,K9,gfed5_annual_burned_area,measured,f_product_level
SYR,Syria,country,2005,burned_area_km2,794.87,km2,K9,gfed5_annual_burned_area,measured,f_product_level
SYR,Syria,country,2006,burned_area_km2,1091.5,km2,K9,gfed5_annual_burned_area,measured,f_product_level
SYR,Syria,country,2007,burned_area_km2,1285.47,km2,K9,gfed5_annual_burned_area,measured,f_product_level
SYR,Syria,country,2008,burned_area_km2,298.2,km2,K9,gfed5_annual_burned_area,measured,f_product_level
SYR,Syria,country,2009,burned_area_km2,1865.24,km2,K9,gfed5_annual_burned_area,measured,f_product_level
SYR,Syria,country,2010,burned_area_km2,2508.89,km2,K9,gfed5_annual_burned_area,measured,f_product_level
SYR,Syria,country,2011,burned_area_km2,1616.46,km2,K9,gfed5_annual_burned_area,measured,f_product_level
SYR,Syria,country,2012,burned_area_km2,1463.71,km2,K9,gfed5_annual_burned_area,measured,f_product_level
SYR,Syria,country,2013,burned_area_km2,3296.88,km2,K9,gfed5_annual_burned_area,measured,f_product_level
SYR,Syria,country,2014,burned_area_km2,1205.89,km2,K9,gfed5_annual_burned_area,measured,f_product_level
SYR,Syria,country,2015,burned_area_km2,3970.89,km2,K9,gfed5_annual_burned_area,measured,f_product_level
SYR,Syria,country,2016,burned_area_km2,2369.93,km2,K9,gfed5_annual_burned_area,measured,f_product_level
SYR,Syria,country,2017,burned_area_km2,1474.16,km2,K9,gfed5_annual_burned_area,measured,f_product_level
SYR,Syria,country,2018,burned_area_km2,967.79,km2,K9,gfed5_annual_burned_area,measured,f_product_level
SYR,Syria,country,2019,burned_area_km2,7864.62,km2,K9,gfed5_annual_burned_area,measured,f_product_level
SYR,Syria,country,2020,burned_area_km2,5090.49,km2,K9,gfed5_annual_burned_area,measured,f_product_level
TCA,Turks- og Caicosøyene,country,1997,burned_area_km2,0.0,km2,K9,gfed5_annual_burned_area,measured,f_product_level;f_resolution_change;f_grid_resolution;f_zero_no_detection
TCA,Turks- og Caicosøyene,country,1998,burned_area_km2,0.0,km2,K9,gfed5_annual_burned_area,measured,f_product_level;f_resolution_change;f_grid_resolution;f_zero_no_detection
TCA,Turks- og Caicosøyene,country,1999,burned_area_km2,0.0,km2,K9,gfed5_annual_burned_area,measured,f_product_level;f_resolution_change;f_grid_resolution;f_zero_no_detection
TCA,Turks- og Caicosøyene,country,2000,burned_area_km2,0.0,km2,K9,gfed5_annual_burned_area,measured,f_product_level;f_resolution_change;f_grid_resolution;f_zero_no_detection
TCA,Turks- og Caicosøyene,country,2001,burned_area_km2,0.0,km2,K9,gfed5_annual_burned_area,measured,f_product_level;f_grid_resolution;f_zero_no_detection
TCA,Turks- og Caicosøyene,country,2002,burned_area_km2,0.0,km2,K9,gfed5_annual_burned_area,measured,f_product_level;f_grid_resolution;f_zero_no_detection
TCA,Turks- og Caicosøyene,country,2003,burned_area_km2,0.0,km2,K9,gfed5_annual_burned_area,measured,f_product_level;f_grid_resolution;f_zero_no_detection
TCA,Turks- og Caicosøyene,country,2004,burned_area_km2,0.0,km2,K9,gfed5_annual_burned_area,measured,f_product_level;f_grid_resolution;f_zero_no_detection
TCA,Turks- og Caicosøyene,country,2005,burned_area_km2,0.0,km2,K9,gfed5_annual_burned_area,measured,f_product_level;f_grid_resolution;f_zero_no_detection
TCA,Turks- og Caicosøyene,country,2006,burned_area_km2,0.0,km2,K9,gfed5_annual_burned_area,measured,f_product_level;f_grid_resolution;f_zero_no_detection
TCA,Turks- og Caicosøyene,country,2007,burned_area_km2,0.0,km2,K9,gfed5_annual_burned_area,measured,f_product_level;f_grid_resolution;f_zero_no_detection
TCA,Turks- og Caicosøyene,country,2008,burned_area_km2,0.0,km2,K9,gfed5_annual_burned_area,measured,f_product_level;f_grid_resolution;f_zero_no_detection
TCA,Turks- og Caicosøyene,country,2009,burned_area_km2,3.22,km2,K9,gfed5_annual_burned_area,measured,f_product_level;f_grid_resolution
TCA,Turks- og Caicosøyene,country,2010,burned_area_km2,0.0,km2,K9,gfed5_annual_burned_area,measured,f_product_level;f_grid_resolution;f_zero_no_detection
TCA,Turks- og Caicosøyene,country,2011,burned_area_km2,0.0,km2,K9,gfed5_annual_burned_area,measured,f_product_level;f_grid_resolution;f_zero_no_detection
TCA,Turks- og Caicosøyene,country,2012,burned_area_km2,0.0,km2,K9,gfed5_annual_burned_area,measured,f_product_level;f_grid_resolution;f_zero_no_detection
TCA,Turks- og Caicosøyene,country,2013,burned_area_km2,0.0,km2,K9,gfed5_annual_burned_area,measured,f_product_level;f_grid_resolution;f_zero_no_detection
TCA,Turks- og Caicosøyene,country,2014,burned_area_km2,0.0,km2,K9,gfed5_annual_burned_area,measured,f_product_level;f_grid_resolution;f_zero_no_detection
TCA,Turks- og Caicosøyene,country,2015,burned_area_km2,0.0,km2,K9,gfed5_annual_burned_area,measured,f_product_level;f_grid_resolution;f_zero_no_detection
TCA,Turks- og Caicosøyene,country,2016,burned_area_km2,0.0,km2,K9,gfed5_annual_burned_area,measured,f_product_level;f_grid_resolution;f_zero_no_detection
TCA,Turks- og Caicosøyene,country,2017,burned_area_km2,0.0,km2,K9,gfed5_annual_burned_area,measured,f_product_level;f_grid_resolution;f_zero_no_detection
TCA,Turks- og Caicosøyene,country,2018,burned_area_km2,0.0,km2,K9,gfed5_annual_burned_area,measured,f_product_level;f_grid_resolution;f_zero_no_detection
TCA,Turks- og Caicosøyene,country,2019,burned_area_km2,0.0,km2,K9,gfed5_annual_burned_area,measured,f_product_level;f_grid_resolution;f_zero_no_detection
TCA,Turks- og Caicosøyene,country,2020,burned_area_km2,0.0,km2,K9,gfed5_annual_burned_area,measured,f_product_level;f_grid_resolution;f_zero_no_detection
TCD,Tsjad,country,1997,burned_area_km2,154541.74,km2,K9,gfed5_annual_burned_area,measured,f_product_level;f_resolution_change
TCD,Tsjad,country,1998,burned_area_km2,128725.6,km2,K9,gfed5_annual_burned_area,measured,f_product_level;f_resolution_change
TCD,Tsjad,country,1999,burned_area_km2,144242.94,km2,K9,gfed5_annual_burned_area,measured,f_product_level;f_resolution_change
TCD,Tsjad,country,2000,burned_area_km2,159451.62,km2,K9,gfed5_annual_burned_area,measured,f_product_level;f_resolution_change
TCD,Tsjad,country,2001,burned_area_km2,176450.4,km2,K9,gfed5_annual_burned_area,measured,f_product_level
TCD,Tsjad,country,2002,burned_area_km2,185059.4,km2,K9,gfed5_annual_burned_area,measured,f_product_level
TCD,Tsjad,country,2003,burned_area_km2,173496.14,km2,K9,gfed5_annual_burned_area,measured,f_product_level
TCD,Tsjad,country,2004,burned_area_km2,211288.67,km2,K9,gfed5_annual_burned_area,measured,f_product_level
TCD,Tsjad,country,2005,burned_area_km2,180146.9,km2,K9,gfed5_annual_burned_area,measured,f_product_level
TCD,Tsjad,country,2006,burned_area_km2,170989.03,km2,K9,gfed5_annual_burned_area,measured,f_product_level
TCD,Tsjad,country,2007,burned_area_km2,182034.08,km2,K9,gfed5_annual_burned_area,measured,f_product_level
TCD,Tsjad,country,2008,burned_area_km2,173921.45,km2,K9,gfed5_annual_burned_area,measured,f_product_level
TCD,Tsjad,country,2009,burned_area_km2,141829.71,km2,K9,gfed5_annual_burned_area,measured,f_product_level
TCD,Tsjad,country,2010,burned_area_km2,146540.56,km2,K9,gfed5_annual_burned_area,measured,f_product_level
TCD,Tsjad,country,2011,burned_area_km2,159957.44,km2,K9,gfed5_annual_burned_area,measured,f_product_level
TCD,Tsjad,country,2012,burned_area_km2,161438.88,km2,K9,gfed5_annual_burned_area,measured,f_product_level
TCD,Tsjad,country,2013,burned_area_km2,145436.56,km2,K9,gfed5_annual_burned_area,measured,f_product_level
TCD,Tsjad,country,2014,burned_area_km2,126196.11,km2,K9,gfed5_annual_burned_area,measured,f_product_level
TCD,Tsjad,country,2015,burned_area_km2,132729.07,km2,K9,gfed5_annual_burned_area,measured,f_product_level
TCD,Tsjad,country,2016,burned_area_km2,161325.33,km2,K9,gfed5_annual_burned_area,measured,f_product_level
TCD,Tsjad,country,2017,burned_area_km2,134359.81,km2,K9,gfed5_annual_burned_area,measured,f_product_level
TCD,Tsjad,country,2018,burned_area_km2,147127.78,km2,K9,gfed5_annual_burned_area,measured,f_product_level
TCD,Tsjad,country,2019,burned_area_km2,124486.11,km2,K9,gfed5_annual_burned_area,measured,f_product_level
TCD,Tsjad,country,2020,burned_area_km2,148371.01,km2,K9,gfed5_annual_burned_area,measured,f_product_level
TGO,Togo,country,1997,burned_area_km2,19249.36,km2,K9,gfed5_annual_burned_area,measured,f_product_level;f_resolution_change
TGO,Togo,country,1998,burned_area_km2,39750.32,km2,K9,gfed5_annual_burned_area,measured,f_product_level;f_resolution_change
TGO,Togo,country,1999,burned_area_km2,27482.5,km2,K9,gfed5_annual_burned_area,measured,f_product_level;f_resolution_change
TGO,Togo,country,2000,burned_area_km2,38551.25,km2,K9,gfed5_annual_burned_area,measured,f_product_level;f_resolution_change
TGO,Togo,country,2001,burned_area_km2,40383.29,km2,K9,gfed5_annual_burned_area,measured,f_product_level
TGO,Togo,country,2002,burned_area_km2,33722.51,km2,K9,gfed5_annual_burned_area,measured,f_product_level
TGO,Togo,country,2003,burned_area_km2,39092.84,km2,K9,gfed5_annual_burned_area,measured,f_product_level
TGO,Togo,country,2004,burned_area_km2,33798.84,km2,K9,gfed5_annual_burned_area,measured,f_product_level
TGO,Togo,country,2005,burned_area_km2,43439.17,km2,K9,gfed5_annual_burned_area,measured,f_product_level
TGO,Togo,country,2006,burned_area_km2,36501.48,km2,K9,gfed5_annual_burned_area,measured,f_product_level
TGO,Togo,country,2007,burned_area_km2,34176.2,km2,K9,gfed5_annual_burned_area,measured,f_product_level
TGO,Togo,country,2008,burned_area_km2,40682.69,km2,K9,gfed5_annual_burned_area,measured,f_product_level
TGO,Togo,country,2009,burned_area_km2,38308.71,km2,K9,gfed5_annual_burned_area,measured,f_product_level
TGO,Togo,country,2010,burned_area_km2,37444.15,km2,K9,gfed5_annual_burned_area,measured,f_product_level
TGO,Togo,country,2011,burned_area_km2,41678.52,km2,K9,gfed5_annual_burned_area,measured,f_product_level
TGO,Togo,country,2012,burned_area_km2,33652.9,km2,K9,gfed5_annual_burned_area,measured,f_product_level
TGO,Togo,country,2013,burned_area_km2,38167.59,km2,K9,gfed5_annual_burned_area,measured,f_product_level
TGO,Togo,country,2014,burned_area_km2,29557.89,km2,K9,gfed5_annual_burned_area,measured,f_product_level
TGO,Togo,country,2015,burned_area_km2,40153.64,km2,K9,gfed5_annual_burned_area,measured,f_product_level
TGO,Togo,country,2016,burned_area_km2,29625.33,km2,K9,gfed5_annual_burned_area,measured,f_product_level
TGO,Togo,country,2017,burned_area_km2,32444.95,km2,K9,gfed5_annual_burned_area,measured,f_product_level
TGO,Togo,country,2018,burned_area_km2,28072.26,km2,K9,gfed5_annual_burned_area,measured,f_product_level
TGO,Togo,country,2019,burned_area_km2,22978.16,km2,K9,gfed5_annual_burned_area,measured,f_product_level
TGO,Togo,country,2020,burned_area_km2,29674.44,km2,K9,gfed5_annual_burned_area,measured,f_product_level
THA,Thailand,country,1997,burned_area_km2,81886.64,km2,K9,gfed5_annual_burned_area,measured,f_product_level;f_resolution_change
THA,Thailand,country,1998,burned_area_km2,113761.9,km2,K9,gfed5_annual_burned_area,measured,f_product_level;f_resolution_change
THA,Thailand,country,1999,burned_area_km2,103409.83,km2,K9,gfed5_annual_burned_area,measured,f_product_level;f_resolution_change
THA,Thailand,country,2000,burned_area_km2,76798.92,km2,K9,gfed5_annual_burned_area,measured,f_product_level;f_resolution_change
THA,Thailand,country,2001,burned_area_km2,76820.56,km2,K9,gfed5_annual_burned_area,measured,f_product_level
THA,Thailand,country,2002,burned_area_km2,66123.99,km2,K9,gfed5_annual_burned_area,measured,f_product_level
THA,Thailand,country,2003,burned_area_km2,81279.21,km2,K9,gfed5_annual_burned_area,measured,f_product_level
THA,Thailand,country,2004,burned_area_km2,124845.3,km2,K9,gfed5_annual_burned_area,measured,f_product_level
THA,Thailand,country,2005,burned_area_km2,102603.12,km2,K9,gfed5_annual_burned_area,measured,f_product_level
THA,Thailand,country,2006,burned_area_km2,67706.42,km2,K9,gfed5_annual_burned_area,measured,f_product_level
THA,Thailand,country,2007,burned_area_km2,87540.7,km2,K9,gfed5_annual_burned_area,measured,f_product_level
THA,Thailand,country,2008,burned_area_km2,61479.23,km2,K9,gfed5_annual_burned_area,measured,f_product_level
THA,Thailand,country,2009,burned_area_km2,66150.22,km2,K9,gfed5_annual_burned_area,measured,f_product_level
THA,Thailand,country,2010,burned_area_km2,80763.74,km2,K9,gfed5_annual_burned_area,measured,f_product_level
THA,Thailand,country,2011,burned_area_km2,49137.66,km2,K9,gfed5_annual_burned_area,measured,f_product_level
THA,Thailand,country,2012,burned_area_km2,72322.23,km2,K9,gfed5_annual_burned_area,measured,f_product_level
THA,Thailand,country,2013,burned_area_km2,83128.18,km2,K9,gfed5_annual_burned_area,measured,f_product_level
THA,Thailand,country,2014,burned_area_km2,74209.82,km2,K9,gfed5_annual_burned_area,measured,f_product_level
THA,Thailand,country,2015,burned_area_km2,67399.98,km2,K9,gfed5_annual_burned_area,measured,f_product_level
THA,Thailand,country,2016,burned_area_km2,76665.29,km2,K9,gfed5_annual_burned_area,measured,f_product_level
THA,Thailand,country,2017,burned_area_km2,49761.79,km2,K9,gfed5_annual_burned_area,measured,f_product_level
THA,Thailand,country,2018,burned_area_km2,48264.64,km2,K9,gfed5_annual_burned_area,measured,f_product_level
THA,Thailand,country,2019,burned_area_km2,98124.26,km2,K9,gfed5_annual_burned_area,measured,f_product_level
THA,Thailand,country,2020,burned_area_km2,77535.79,km2,K9,gfed5_annual_burned_area,measured,f_product_level
TJK,Tadsjikistan,country,1997,burned_area_km2,568.53,km2,K9,gfed5_annual_burned_area,measured,f_product_level;f_resolution_change
TJK,Tadsjikistan,country,1998,burned_area_km2,517.98,km2,K9,gfed5_annual_burned_area,measured,f_product_level;f_resolution_change
TJK,Tadsjikistan,country,1999,burned_area_km2,560.55,km2,K9,gfed5_annual_burned_area,measured,f_product_level;f_resolution_change
TJK,Tadsjikistan,country,2000,burned_area_km2,447.5,km2,K9,gfed5_annual_burned_area,measured,f_product_level;f_resolution_change
TJK,Tadsjikistan,country,2001,burned_area_km2,371.3,km2,K9,gfed5_annual_burned_area,measured,f_product_level
TJK,Tadsjikistan,country,2002,burned_area_km2,415.82,km2,K9,gfed5_annual_burned_area,measured,f_product_level
TJK,Tadsjikistan,country,2003,burned_area_km2,754.11,km2,K9,gfed5_annual_burned_area,measured,f_product_level
TJK,Tadsjikistan,country,2004,burned_area_km2,915.33,km2,K9,gfed5_annual_burned_area,measured,f_product_level
TJK,Tadsjikistan,country,2005,burned_area_km2,368.96,km2,K9,gfed5_annual_burned_area,measured,f_product_level
TJK,Tadsjikistan,country,2006,burned_area_km2,388.19,km2,K9,gfed5_annual_burned_area,measured,f_product_level
TJK,Tadsjikistan,country,2007,burned_area_km2,428.85,km2,K9,gfed5_annual_burned_area,measured,f_product_level
TJK,Tadsjikistan,country,2008,burned_area_km2,171.08,km2,K9,gfed5_annual_burned_area,measured,f_product_level
TJK,Tadsjikistan,country,2009,burned_area_km2,260.66,km2,K9,gfed5_annual_burned_area,measured,f_product_level
TJK,Tadsjikistan,country,2010,burned_area_km2,513.16,km2,K9,gfed5_annual_burned_area,measured,f_product_level
TJK,Tadsjikistan,country,2011,burned_area_km2,228.25,km2,K9,gfed5_annual_burned_area,measured,f_product_level
TJK,Tadsjikistan,country,2012,burned_area_km2,126.92,km2,K9,gfed5_annual_burned_area,measured,f_product_level
TJK,Tadsjikistan,country,2013,burned_area_km2,423.59,km2,K9,gfed5_annual_burned_area,measured,f_product_level
TJK,Tadsjikistan,country,2014,burned_area_km2,299.55,km2,K9,gfed5_annual_burned_area,measured,f_product_level
TJK,Tadsjikistan,country,2015,burned_area_km2,162.7,km2,K9,gfed5_annual_burned_area,measured,f_product_level
TJK,Tadsjikistan,country,2016,burned_area_km2,321.27,km2,K9,gfed5_annual_burned_area,measured,f_product_level
TJK,Tadsjikistan,country,2017,burned_area_km2,239.7,km2,K9,gfed5_annual_burned_area,measured,f_product_level
TJK,Tadsjikistan,country,2018,burned_area_km2,140.42,km2,K9,gfed5_annual_burned_area,measured,f_product_level
TJK,Tadsjikistan,country,2019,burned_area_km2,218.26,km2,K9,gfed5_annual_burned_area,measured,f_product_level
TJK,Tadsjikistan,country,2020,burned_area_km2,289.1,km2,K9,gfed5_annual_burned_area,measured,f_product_level
TKM,Turkmenistan,country,1997,burned_area_km2,1395.87,km2,K9,gfed5_annual_burned_area,measured,f_product_level;f_resolution_change
TKM,Turkmenistan,country,1998,burned_area_km2,1725.31,km2,K9,gfed5_annual_burned_area,measured,f_product_level;f_resolution_change
TKM,Turkmenistan,country,1999,burned_area_km2,2912.93,km2,K9,gfed5_annual_burned_area,measured,f_product_level;f_resolution_change
TKM,Turkmenistan,country,2000,burned_area_km2,1352.83,km2,K9,gfed5_annual_burned_area,measured,f_product_level;f_resolution_change
TKM,Turkmenistan,country,2001,burned_area_km2,2487.89,km2,K9,gfed5_annual_burned_area,measured,f_product_level
TKM,Turkmenistan,country,2002,burned_area_km2,2792.39,km2,K9,gfed5_annual_burned_area,measured,f_product_level
TKM,Turkmenistan,country,2003,burned_area_km2,5842.78,km2,K9,gfed5_annual_burned_area,measured,f_product_level
TKM,Turkmenistan,country,2004,burned_area_km2,4851.7,km2,K9,gfed5_annual_burned_area,measured,f_product_level
TKM,Turkmenistan,country,2005,burned_area_km2,3798.43,km2,K9,gfed5_annual_burned_area,measured,f_product_level
TKM,Turkmenistan,country,2006,burned_area_km2,2315.14,km2,K9,gfed5_annual_burned_area,measured,f_product_level
TKM,Turkmenistan,country,2007,burned_area_km2,3472.22,km2,K9,gfed5_annual_burned_area,measured,f_product_level
TKM,Turkmenistan,country,2008,burned_area_km2,2787.62,km2,K9,gfed5_annual_burned_area,measured,f_product_level
TKM,Turkmenistan,country,2009,burned_area_km2,2881.01,km2,K9,gfed5_annual_burned_area,measured,f_product_level
TKM,Turkmenistan,country,2010,burned_area_km2,3048.67,km2,K9,gfed5_annual_burned_area,measured,f_product_level
TKM,Turkmenistan,country,2011,burned_area_km2,2330.74,km2,K9,gfed5_annual_burned_area,measured,f_product_level
TKM,Turkmenistan,country,2012,burned_area_km2,2591.01,km2,K9,gfed5_annual_burned_area,measured,f_product_level
TKM,Turkmenistan,country,2013,burned_area_km2,4043.67,km2,K9,gfed5_annual_burned_area,measured,f_product_level
TKM,Turkmenistan,country,2014,burned_area_km2,3914.23,km2,K9,gfed5_annual_burned_area,measured,f_product_level
TKM,Turkmenistan,country,2015,burned_area_km2,3277.07,km2,K9,gfed5_annual_burned_area,measured,f_product_level
TKM,Turkmenistan,country,2016,burned_area_km2,5531.75,km2,K9,gfed5_annual_burned_area,measured,f_product_level
TKM,Turkmenistan,country,2017,burned_area_km2,3099.82,km2,K9,gfed5_annual_burned_area,measured,f_product_level
TKM,Turkmenistan,country,2018,burned_area_km2,3435.73,km2,K9,gfed5_annual_burned_area,measured,f_product_level
TKM,Turkmenistan,country,2019,burned_area_km2,3987.42,km2,K9,gfed5_annual_burned_area,measured,f_product_level
TKM,Turkmenistan,country,2020,burned_area_km2,6193.83,km2,K9,gfed5_annual_burned_area,measured,f_product_level
TLS,Øst-Timor,country,1997,burned_area_km2,224.48,km2,K9,gfed5_annual_burned_area,measured,f_product_level;f_resolution_change
TLS,Øst-Timor,country,1998,burned_area_km2,60.2,km2,K9,gfed5_annual_burned_area,measured,f_product_level;f_resolution_change
TLS,Øst-Timor,country,1999,burned_area_km2,117.85,km2,K9,gfed5_annual_burned_area,measured,f_product_level;f_resolution_change
TLS,Øst-Timor,country,2000,burned_area_km2,114.95,km2,K9,gfed5_annual_burned_area,measured,f_product_level;f_resolution_change
TLS,Øst-Timor,country,2001,burned_area_km2,866.81,km2,K9,gfed5_annual_burned_area,measured,f_product_level
TLS,Øst-Timor,country,2002,burned_area_km2,1256.29,km2,K9,gfed5_annual_burned_area,measured,f_product_level
TLS,Øst-Timor,country,2003,burned_area_km2,626.46,km2,K9,gfed5_annual_burned_area,measured,f_product_level
TLS,Øst-Timor,country,2004,burned_area_km2,1192.19,km2,K9,gfed5_annual_burned_area,measured,f_product_level
TLS,Øst-Timor,country,2005,burned_area_km2,845.09,km2,K9,gfed5_annual_burned_area,measured,f_product_level
TLS,Øst-Timor,country,2006,burned_area_km2,1234.44,km2,K9,gfed5_annual_burned_area,measured,f_product_level
TLS,Øst-Timor,country,2007,burned_area_km2,575.24,km2,K9,gfed5_annual_burned_area,measured,f_product_level
TLS,Øst-Timor,country,2008,burned_area_km2,794.43,km2,K9,gfed5_annual_burned_area,measured,f_product_level
TLS,Øst-Timor,country,2009,burned_area_km2,762.8,km2,K9,gfed5_annual_burned_area,measured,f_product_level
TLS,Øst-Timor,country,2010,burned_area_km2,79.37,km2,K9,gfed5_annual_burned_area,measured,f_product_level
TLS,Øst-Timor,country,2011,burned_area_km2,576.02,km2,K9,gfed5_annual_burned_area,measured,f_product_level
TLS,Øst-Timor,country,2012,burned_area_km2,594.44,km2,K9,gfed5_annual_burned_area,measured,f_product_level
TLS,Øst-Timor,country,2013,burned_area_km2,249.09,km2,K9,gfed5_annual_burned_area,measured,f_product_level
TLS,Øst-Timor,country,2014,burned_area_km2,825.9,km2,K9,gfed5_annual_burned_area,measured,f_product_level
TLS,Øst-Timor,country,2015,burned_area_km2,547.32,km2,K9,gfed5_annual_burned_area,measured,f_product_level
TLS,Øst-Timor,country,2016,burned_area_km2,138.03,km2,K9,gfed5_annual_burned_area,measured,f_product_level
TLS,Øst-Timor,country,2017,burned_area_km2,379.73,km2,K9,gfed5_annual_burned_area,measured,f_product_level
TLS,Øst-Timor,country,2018,burned_area_km2,512.15,km2,K9,gfed5_annual_burned_area,measured,f_product_level
TLS,Øst-Timor,country,2019,burned_area_km2,628.16,km2,K9,gfed5_annual_burned_area,measured,f_product_level
TLS,Øst-Timor,country,2020,burned_area_km2,394.54,km2,K9,gfed5_annual_burned_area,measured,f_product_level
TON,Tonga,country,1997,burned_area_km2,0.0,km2,K9,gfed5_annual_burned_area,measured,f_product_level;f_resolution_change;f_grid_resolution;f_zero_no_detection
TON,Tonga,country,1998,burned_area_km2,0.0,km2,K9,gfed5_annual_burned_area,measured,f_product_level;f_resolution_change;f_grid_resolution;f_zero_no_detection
TON,Tonga,country,1999,burned_area_km2,0.0,km2,K9,gfed5_annual_burned_area,measured,f_product_level;f_resolution_change;f_grid_resolution;f_zero_no_detection
TON,Tonga,country,2000,burned_area_km2,0.0,km2,K9,gfed5_annual_burned_area,measured,f_product_level;f_resolution_change;f_grid_resolution;f_zero_no_detection
TON,Tonga,country,2001,burned_area_km2,0.0,km2,K9,gfed5_annual_burned_area,measured,f_product_level;f_grid_resolution;f_zero_no_detection
TON,Tonga,country,2002,burned_area_km2,0.0,km2,K9,gfed5_annual_burned_area,measured,f_product_level;f_grid_resolution;f_zero_no_detection
TON,Tonga,country,2003,burned_area_km2,1.76,km2,K9,gfed5_annual_burned_area,measured,f_product_level;f_grid_resolution
TON,Tonga,country,2004,burned_area_km2,0.0,km2,K9,gfed5_annual_burned_area,measured,f_product_level;f_grid_resolution;f_zero_no_detection
TON,Tonga,country,2005,burned_area_km2,0.0,km2,K9,gfed5_annual_burned_area,measured,f_product_level;f_grid_resolution;f_zero_no_detection
TON,Tonga,country,2006,burned_area_km2,1.76,km2,K9,gfed5_annual_burned_area,measured,f_product_level;f_grid_resolution
TON,Tonga,country,2007,burned_area_km2,0.0,km2,K9,gfed5_annual_burned_area,measured,f_product_level;f_grid_resolution;f_zero_no_detection
TON,Tonga,country,2008,burned_area_km2,0.0,km2,K9,gfed5_annual_burned_area,measured,f_product_level;f_grid_resolution;f_zero_no_detection
TON,Tonga,country,2009,burned_area_km2,1.76,km2,K9,gfed5_annual_burned_area,measured,f_product_level;f_grid_resolution
TON,Tonga,country,2010,burned_area_km2,0.0,km2,K9,gfed5_annual_burned_area,measured,f_product_level;f_grid_resolution;f_zero_no_detection
TON,Tonga,country,2011,burned_area_km2,0.0,km2,K9,gfed5_annual_burned_area,measured,f_product_level;f_grid_resolution;f_zero_no_detection
TON,Tonga,country,2012,burned_area_km2,0.0,km2,K9,gfed5_annual_burned_area,measured,f_product_level;f_grid_resolution;f_zero_no_detection
TON,Tonga,country,2013,burned_area_km2,0.0,km2,K9,gfed5_annual_burned_area,measured,f_product_level;f_grid_resolution;f_zero_no_detection
TON,Tonga,country,2014,burned_area_km2,0.0,km2,K9,gfed5_annual_burned_area,measured,f_product_level;f_grid_resolution;f_zero_no_detection
TON,Tonga,country,2015,burned_area_km2,0.0,km2,K9,gfed5_annual_burned_area,measured,f_product_level;f_grid_resolution;f_zero_no_detection
TON,Tonga,country,2016,burned_area_km2,1.76,km2,K9,gfed5_annual_burned_area,measured,f_product_level;f_grid_resolution
TON,Tonga,country,2017,burned_area_km2,0.0,km2,K9,gfed5_annual_burned_area,measured,f_product_level;f_grid_resolution;f_zero_no_detection
TON,Tonga,country,2018,burned_area_km2,0.0,km2,K9,gfed5_annual_burned_area,measured,f_product_level;f_grid_resolution;f_zero_no_detection
TON,Tonga,country,2019,burned_area_km2,0.0,km2,K9,gfed5_annual_burned_area,measured,f_product_level;f_grid_resolution;f_zero_no_detection
TON,Tonga,country,2020,burned_area_km2,0.0,km2,K9,gfed5_annual_burned_area,measured,f_product_level;f_grid_resolution;f_zero_no_detection
TTO,Trinidad og Tobago,country,1997,burned_area_km2,815.94,km2,K9,gfed5_annual_burned_area,measured,f_product_level;f_resolution_change;f_grid_resolution
TTO,Trinidad og Tobago,country,1998,burned_area_km2,74.69,km2,K9,gfed5_annual_burned_area,measured,f_product_level;f_resolution_change;f_grid_resolution
TTO,Trinidad og Tobago,country,1999,burned_area_km2,51.97,km2,K9,gfed5_annual_burned_area,measured,f_product_level;f_resolution_change;f_grid_resolution
TTO,Trinidad og Tobago,country,2000,burned_area_km2,38.75,km2,K9,gfed5_annual_burned_area,measured,f_product_level;f_resolution_change;f_grid_resolution
TTO,Trinidad og Tobago,country,2001,burned_area_km2,177.19,km2,K9,gfed5_annual_burned_area,measured,f_product_level
TTO,Trinidad og Tobago,country,2002,burned_area_km2,6.88,km2,K9,gfed5_annual_burned_area,measured,f_product_level
TTO,Trinidad og Tobago,country,2003,burned_area_km2,247.85,km2,K9,gfed5_annual_burned_area,measured,f_product_level
TTO,Trinidad og Tobago,country,2004,burned_area_km2,35.61,km2,K9,gfed5_annual_burned_area,measured,f_product_level
TTO,Trinidad og Tobago,country,2005,burned_area_km2,92.41,km2,K9,gfed5_annual_burned_area,measured,f_product_level
TTO,Trinidad og Tobago,country,2006,burned_area_km2,104.52,km2,K9,gfed5_annual_burned_area,measured,f_product_level
TTO,Trinidad og Tobago,country,2007,burned_area_km2,180.61,km2,K9,gfed5_annual_burned_area,measured,f_product_level
TTO,Trinidad og Tobago,country,2008,burned_area_km2,69.72,km2,K9,gfed5_annual_burned_area,measured,f_product_level
TTO,Trinidad og Tobago,country,2009,burned_area_km2,89.2,km2,K9,gfed5_annual_burned_area,measured,f_product_level
TTO,Trinidad og Tobago,country,2010,burned_area_km2,299.95,km2,K9,gfed5_annual_burned_area,measured,f_product_level
TTO,Trinidad og Tobago,country,2011,burned_area_km2,17.08,km2,K9,gfed5_annual_burned_area,measured,f_product_level
TTO,Trinidad og Tobago,country,2012,burned_area_km2,48.13,km2,K9,gfed5_annual_burned_area,measured,f_product_level
TTO,Trinidad og Tobago,country,2013,burned_area_km2,98.19,km2,K9,gfed5_annual_burned_area,measured,f_product_level
TTO,Trinidad og Tobago,country,2014,burned_area_km2,87.58,km2,K9,gfed5_annual_burned_area,measured,f_product_level
TTO,Trinidad og Tobago,country,2015,burned_area_km2,85.42,km2,K9,gfed5_annual_burned_area,measured,f_product_level
TTO,Trinidad og Tobago,country,2016,burned_area_km2,114.59,km2,K9,gfed5_annual_burned_area,measured,f_product_level
TTO,Trinidad og Tobago,country,2017,burned_area_km2,84.89,km2,K9,gfed5_annual_burned_area,measured,f_product_level
TTO,Trinidad og Tobago,country,2018,burned_area_km2,46.72,km2,K9,gfed5_annual_burned_area,measured,f_product_level
TTO,Trinidad og Tobago,country,2019,burned_area_km2,143.85,km2,K9,gfed5_annual_burned_area,measured,f_product_level
TTO,Trinidad og Tobago,country,2020,burned_area_km2,105.09,km2,K9,gfed5_annual_burned_area,measured,f_product_level
TUN,Tunisia,country,1997,burned_area_km2,76.97,km2,K9,gfed5_annual_burned_area,measured,f_product_level;f_resolution_change
TUN,Tunisia,country,1998,burned_area_km2,154.29,km2,K9,gfed5_annual_burned_area,measured,f_product_level;f_resolution_change
TUN,Tunisia,country,1999,burned_area_km2,117.33,km2,K9,gfed5_annual_burned_area,measured,f_product_level;f_resolution_change
TUN,Tunisia,country,2000,burned_area_km2,85.13,km2,K9,gfed5_annual_burned_area,measured,f_product_level;f_resolution_change
TUN,Tunisia,country,2001,burned_area_km2,33.94,km2,K9,gfed5_annual_burned_area,measured,f_product_level
TUN,Tunisia,country,2002,burned_area_km2,102.14,km2,K9,gfed5_annual_burned_area,measured,f_product_level
TUN,Tunisia,country,2003,burned_area_km2,179.9,km2,K9,gfed5_annual_burned_area,measured,f_product_level
TUN,Tunisia,country,2004,burned_area_km2,382.79,km2,K9,gfed5_annual_burned_area,measured,f_product_level
TUN,Tunisia,country,2005,burned_area_km2,192.46,km2,K9,gfed5_annual_burned_area,measured,f_product_level
TUN,Tunisia,country,2006,burned_area_km2,68.68,km2,K9,gfed5_annual_burned_area,measured,f_product_level
TUN,Tunisia,country,2007,burned_area_km2,258.87,km2,K9,gfed5_annual_burned_area,measured,f_product_level
TUN,Tunisia,country,2008,burned_area_km2,209.34,km2,K9,gfed5_annual_burned_area,measured,f_product_level
TUN,Tunisia,country,2009,burned_area_km2,152.09,km2,K9,gfed5_annual_burned_area,measured,f_product_level
TUN,Tunisia,country,2010,burned_area_km2,254.36,km2,K9,gfed5_annual_burned_area,measured,f_product_level
TUN,Tunisia,country,2011,burned_area_km2,417.77,km2,K9,gfed5_annual_burned_area,measured,f_product_level
TUN,Tunisia,country,2012,burned_area_km2,488.87,km2,K9,gfed5_annual_burned_area,measured,f_product_level
TUN,Tunisia,country,2013,burned_area_km2,385.14,km2,K9,gfed5_annual_burned_area,measured,f_product_level
TUN,Tunisia,country,2014,burned_area_km2,832.34,km2,K9,gfed5_annual_burned_area,measured,f_product_level
TUN,Tunisia,country,2015,burned_area_km2,233.26,km2,K9,gfed5_annual_burned_area,measured,f_product_level
TUN,Tunisia,country,2016,burned_area_km2,280.82,km2,K9,gfed5_annual_burned_area,measured,f_product_level
TUN,Tunisia,country,2017,burned_area_km2,560.8,km2,K9,gfed5_annual_burned_area,measured,f_product_level
TUN,Tunisia,country,2018,burned_area_km2,131.13,km2,K9,gfed5_annual_burned_area,measured,f_product_level
TUN,Tunisia,country,2019,burned_area_km2,353.58,km2,K9,gfed5_annual_burned_area,measured,f_product_level
TUN,Tunisia,country,2020,burned_area_km2,446.47,km2,K9,gfed5_annual_burned_area,measured,f_product_level
TUR,Tyrkia,country,1997,burned_area_km2,3132.16,km2,K9,gfed5_annual_burned_area,measured,f_product_level;f_resolution_change
TUR,Tyrkia,country,1998,burned_area_km2,6920.84,km2,K9,gfed5_annual_burned_area,measured,f_product_level;f_resolution_change
TUR,Tyrkia,country,1999,burned_area_km2,4025.78,km2,K9,gfed5_annual_burned_area,measured,f_product_level;f_resolution_change
TUR,Tyrkia,country,2000,burned_area_km2,3272.67,km2,K9,gfed5_annual_burned_area,measured,f_product_level;f_resolution_change
TUR,Tyrkia,country,2001,burned_area_km2,16348.55,km2,K9,gfed5_annual_burned_area,measured,f_product_level
TUR,Tyrkia,country,2002,burned_area_km2,12287.86,km2,K9,gfed5_annual_burned_area,measured,f_product_level
TUR,Tyrkia,country,2003,burned_area_km2,11877.69,km2,K9,gfed5_annual_burned_area,measured,f_product_level
TUR,Tyrkia,country,2004,burned_area_km2,12074.91,km2,K9,gfed5_annual_burned_area,measured,f_product_level
TUR,Tyrkia,country,2005,burned_area_km2,12369.15,km2,K9,gfed5_annual_burned_area,measured,f_product_level
TUR,Tyrkia,country,2006,burned_area_km2,14281.17,km2,K9,gfed5_annual_burned_area,measured,f_product_level
TUR,Tyrkia,country,2007,burned_area_km2,12849.92,km2,K9,gfed5_annual_burned_area,measured,f_product_level
TUR,Tyrkia,country,2008,burned_area_km2,8439.07,km2,K9,gfed5_annual_burned_area,measured,f_product_level
TUR,Tyrkia,country,2009,burned_area_km2,32081.19,km2,K9,gfed5_annual_burned_area,measured,f_product_level
TUR,Tyrkia,country,2010,burned_area_km2,20960.99,km2,K9,gfed5_annual_burned_area,measured,f_product_level
TUR,Tyrkia,country,2011,burned_area_km2,28294.22,km2,K9,gfed5_annual_burned_area,measured,f_product_level
TUR,Tyrkia,country,2012,burned_area_km2,9895.87,km2,K9,gfed5_annual_burned_area,measured,f_product_level
TUR,Tyrkia,country,2013,burned_area_km2,17263.53,km2,K9,gfed5_annual_burned_area,measured,f_product_level
TUR,Tyrkia,country,2014,burned_area_km2,9682.81,km2,K9,gfed5_annual_burned_area,measured,f_product_level
TUR,Tyrkia,country,2015,burned_area_km2,26994.88,km2,K9,gfed5_annual_burned_area,measured,f_product_level
TUR,Tyrkia,country,2016,burned_area_km2,19609.66,km2,K9,gfed5_annual_burned_area,measured,f_product_level
TUR,Tyrkia,country,2017,burned_area_km2,13043.66,km2,K9,gfed5_annual_burned_area,measured,f_product_level
TUR,Tyrkia,country,2018,burned_area_km2,11716.69,km2,K9,gfed5_annual_burned_area,measured,f_product_level
TUR,Tyrkia,country,2019,burned_area_km2,12440.45,km2,K9,gfed5_annual_burned_area,measured,f_product_level
TUR,Tyrkia,country,2020,burned_area_km2,13172.61,km2,K9,gfed5_annual_burned_area,measured,f_product_level
TUV,Tuvalu,country,1997,burned_area_km2,0.0,km2,K9,gfed5_annual_burned_area,measured,f_product_level;f_resolution_change;f_grid_resolution;f_zero_no_detection
TUV,Tuvalu,country,1998,burned_area_km2,0.0,km2,K9,gfed5_annual_burned_area,measured,f_product_level;f_resolution_change;f_grid_resolution;f_zero_no_detection
TUV,Tuvalu,country,1999,burned_area_km2,0.0,km2,K9,gfed5_annual_burned_area,measured,f_product_level;f_resolution_change;f_grid_resolution;f_zero_no_detection
TUV,Tuvalu,country,2000,burned_area_km2,0.0,km2,K9,gfed5_annual_burned_area,measured,f_product_level;f_resolution_change;f_grid_resolution;f_zero_no_detection
TUV,Tuvalu,country,2001,burned_area_km2,0.0,km2,K9,gfed5_annual_burned_area,measured,f_product_level;f_grid_resolution;f_zero_no_detection
TUV,Tuvalu,country,2002,burned_area_km2,0.0,km2,K9,gfed5_annual_burned_area,measured,f_product_level;f_grid_resolution;f_zero_no_detection
TUV,Tuvalu,country,2003,burned_area_km2,0.0,km2,K9,gfed5_annual_burned_area,measured,f_product_level;f_grid_resolution;f_zero_no_detection
TUV,Tuvalu,country,2004,burned_area_km2,0.0,km2,K9,gfed5_annual_burned_area,measured,f_product_level;f_grid_resolution;f_zero_no_detection
TUV,Tuvalu,country,2005,burned_area_km2,0.0,km2,K9,gfed5_annual_burned_area,measured,f_product_level;f_grid_resolution;f_zero_no_detection
TUV,Tuvalu,country,2006,burned_area_km2,0.0,km2,K9,gfed5_annual_burned_area,measured,f_product_level;f_grid_resolution;f_zero_no_detection
TUV,Tuvalu,country,2007,burned_area_km2,0.0,km2,K9,gfed5_annual_burned_area,measured,f_product_level;f_grid_resolution;f_zero_no_detection
TUV,Tuvalu,country,2008,burned_area_km2,0.0,km2,K9,gfed5_annual_burned_area,measured,f_product_level;f_grid_resolution;f_zero_no_detection
TUV,Tuvalu,country,2009,burned_area_km2,0.0,km2,K9,gfed5_annual_burned_area,measured,f_product_level;f_grid_resolution;f_zero_no_detection
TUV,Tuvalu,country,2010,burned_area_km2,0.0,km2,K9,gfed5_annual_burned_area,measured,f_product_level;f_grid_resolution;f_zero_no_detection
TUV,Tuvalu,country,2011,burned_area_km2,0.0,km2,K9,gfed5_annual_burned_area,measured,f_product_level;f_grid_resolution;f_zero_no_detection
TUV,Tuvalu,country,2012,burned_area_km2,0.0,km2,K9,gfed5_annual_burned_area,measured,f_product_level;f_grid_resolution;f_zero_no_detection
TUV,Tuvalu,country,2013,burned_area_km2,0.0,km2,K9,gfed5_annual_burned_area,measured,f_product_level;f_grid_resolution;f_zero_no_detection
TUV,Tuvalu,country,2014,burned_area_km2,0.0,km2,K9,gfed5_annual_burned_area,measured,f_product_level;f_grid_resolution;f_zero_no_detection
TUV,Tuvalu,country,2015,burned_area_km2,0.0,km2,K9,gfed5_annual_burned_area,measured,f_product_level;f_grid_resolution;f_zero_no_detection
TUV,Tuvalu,country,2016,burned_area_km2,0.0,km2,K9,gfed5_annual_burned_area,measured,f_product_level;f_grid_resolution;f_zero_no_detection
TUV,Tuvalu,country,2017,burned_area_km2,0.0,km2,K9,gfed5_annual_burned_area,measured,f_product_level;f_grid_resolution;f_zero_no_detection
TUV,Tuvalu,country,2018,burned_area_km2,0.0,km2,K9,gfed5_annual_burned_area,measured,f_product_level;f_grid_resolution;f_zero_no_detection
TUV,Tuvalu,country,2019,burned_area_km2,0.0,km2,K9,gfed5_annual_burned_area,measured,f_product_level;f_grid_resolution;f_zero_no_detection
TUV,Tuvalu,country,2020,burned_area_km2,0.0,km2,K9,gfed5_annual_burned_area,measured,f_product_level;f_grid_resolution;f_zero_no_detection
TWN,Taiwan,country,1997,burned_area_km2,655.83,km2,K9,gfed5_annual_burned_area,measured,f_product_level;f_resolution_change
TWN,Taiwan,country,1998,burned_area_km2,630.96,km2,K9,gfed5_annual_burned_area,measured,f_product_level;f_resolution_change
TWN,Taiwan,country,1999,burned_area_km2,471.7,km2,K9,gfed5_annual_burned_area,measured,f_product_level;f_resolution_change
TWN,Taiwan,country,2000,burned_area_km2,449.74,km2,K9,gfed5_annual_burned_area,measured,f_product_level;f_resolution_change
TWN,Taiwan,country,2001,burned_area_km2,175.94,km2,K9,gfed5_annual_burned_area,measured,f_product_level
TWN,Taiwan,country,2002,burned_area_km2,308.04,km2,K9,gfed5_annual_burned_area,measured,f_product_level
TWN,Taiwan,country,2003,burned_area_km2,217.0,km2,K9,gfed5_annual_burned_area,measured,f_product_level
TWN,Taiwan,country,2004,burned_area_km2,211.82,km2,K9,gfed5_annual_burned_area,measured,f_product_level
TWN,Taiwan,country,2005,burned_area_km2,127.75,km2,K9,gfed5_annual_burned_area,measured,f_product_level
TWN,Taiwan,country,2006,burned_area_km2,115.01,km2,K9,gfed5_annual_burned_area,measured,f_product_level
TWN,Taiwan,country,2007,burned_area_km2,117.5,km2,K9,gfed5_annual_burned_area,measured,f_product_level
TWN,Taiwan,country,2008,burned_area_km2,111.44,km2,K9,gfed5_annual_burned_area,measured,f_product_level
TWN,Taiwan,country,2009,burned_area_km2,197.55,km2,K9,gfed5_annual_burned_area,measured,f_product_level
TWN,Taiwan,country,2010,burned_area_km2,112.57,km2,K9,gfed5_annual_burned_area,measured,f_product_level
TWN,Taiwan,country,2011,burned_area_km2,88.68,km2,K9,gfed5_annual_burned_area,measured,f_product_level
TWN,Taiwan,country,2012,burned_area_km2,61.51,km2,K9,gfed5_annual_burned_area,measured,f_product_level
TWN,Taiwan,country,2013,burned_area_km2,97.13,km2,K9,gfed5_annual_burned_area,measured,f_product_level
TWN,Taiwan,country,2014,burned_area_km2,113.68,km2,K9,gfed5_annual_burned_area,measured,f_product_level
TWN,Taiwan,country,2015,burned_area_km2,130.12,km2,K9,gfed5_annual_burned_area,measured,f_product_level
TWN,Taiwan,country,2016,burned_area_km2,57.53,km2,K9,gfed5_annual_burned_area,measured,f_product_level
TWN,Taiwan,country,2017,burned_area_km2,168.77,km2,K9,gfed5_annual_burned_area,measured,f_product_level
TWN,Taiwan,country,2018,burned_area_km2,121.74,km2,K9,gfed5_annual_burned_area,measured,f_product_level
TWN,Taiwan,country,2019,burned_area_km2,90.08,km2,K9,gfed5_annual_burned_area,measured,f_product_level
TWN,Taiwan,country,2020,burned_area_km2,164.92,km2,K9,gfed5_annual_burned_area,measured,f_product_level
TZA,Tanzania,country,1997,burned_area_km2,254507.2,km2,K9,gfed5_annual_burned_area,measured,f_product_level;f_resolution_change
TZA,Tanzania,country,1998,burned_area_km2,339492.6,km2,K9,gfed5_annual_burned_area,measured,f_product_level;f_resolution_change
TZA,Tanzania,country,1999,burned_area_km2,232993.7,km2,K9,gfed5_annual_burned_area,measured,f_product_level;f_resolution_change
TZA,Tanzania,country,2000,burned_area_km2,242623.87,km2,K9,gfed5_annual_burned_area,measured,f_product_level;f_resolution_change
TZA,Tanzania,country,2001,burned_area_km2,337487.73,km2,K9,gfed5_annual_burned_area,measured,f_product_level
TZA,Tanzania,country,2002,burned_area_km2,299982.33,km2,K9,gfed5_annual_burned_area,measured,f_product_level
TZA,Tanzania,country,2003,burned_area_km2,267095.15,km2,K9,gfed5_annual_burned_area,measured,f_product_level
TZA,Tanzania,country,2004,burned_area_km2,214078.09,km2,K9,gfed5_annual_burned_area,measured,f_product_level
TZA,Tanzania,country,2005,burned_area_km2,245852.86,km2,K9,gfed5_annual_burned_area,measured,f_product_level
TZA,Tanzania,country,2006,burned_area_km2,159585.92,km2,K9,gfed5_annual_burned_area,measured,f_product_level
TZA,Tanzania,country,2007,burned_area_km2,242679.25,km2,K9,gfed5_annual_burned_area,measured,f_product_level
TZA,Tanzania,country,2008,burned_area_km2,225950.06,km2,K9,gfed5_annual_burned_area,measured,f_product_level
TZA,Tanzania,country,2009,burned_area_km2,227530.48,km2,K9,gfed5_annual_burned_area,measured,f_product_level
TZA,Tanzania,country,2010,burned_area_km2,237302.53,km2,K9,gfed5_annual_burned_area,measured,f_product_level
TZA,Tanzania,country,2011,burned_area_km2,185722.28,km2,K9,gfed5_annual_burned_area,measured,f_product_level
TZA,Tanzania,country,2012,burned_area_km2,211671.05,km2,K9,gfed5_annual_burned_area,measured,f_product_level
TZA,Tanzania,country,2013,burned_area_km2,196424.7,km2,K9,gfed5_annual_burned_area,measured,f_product_level
TZA,Tanzania,country,2014,burned_area_km2,174617.3,km2,K9,gfed5_annual_burned_area,measured,f_product_level
TZA,Tanzania,country,2015,burned_area_km2,197655.58,km2,K9,gfed5_annual_burned_area,measured,f_product_level
TZA,Tanzania,country,2016,burned_area_km2,215748.27,km2,K9,gfed5_annual_burned_area,measured,f_product_level
TZA,Tanzania,country,2017,burned_area_km2,158220.73,km2,K9,gfed5_annual_burned_area,measured,f_product_level
TZA,Tanzania,country,2018,burned_area_km2,156404.67,km2,K9,gfed5_annual_burned_area,measured,f_product_level
TZA,Tanzania,country,2019,burned_area_km2,162888.86,km2,K9,gfed5_annual_burned_area,measured,f_product_level
TZA,Tanzania,country,2020,burned_area_km2,209130.84,km2,K9,gfed5_annual_burned_area,measured,f_product_level
UGA,Uganda,country,1997,burned_area_km2,93572.33,km2,K9,gfed5_annual_burned_area,measured,f_product_level;f_resolution_change
UGA,Uganda,country,1998,burned_area_km2,74089.25,km2,K9,gfed5_annual_burned_area,measured,f_product_level;f_resolution_change
UGA,Uganda,country,1999,burned_area_km2,49928.57,km2,K9,gfed5_annual_burned_area,measured,f_product_level;f_resolution_change
UGA,Uganda,country,2000,burned_area_km2,65992.52,km2,K9,gfed5_annual_burned_area,measured,f_product_level;f_resolution_change
UGA,Uganda,country,2001,burned_area_km2,55541.46,km2,K9,gfed5_annual_burned_area,measured,f_product_level
UGA,Uganda,country,2002,burned_area_km2,56068.29,km2,K9,gfed5_annual_burned_area,measured,f_product_level
UGA,Uganda,country,2003,burned_area_km2,62105.02,km2,K9,gfed5_annual_burned_area,measured,f_product_level
UGA,Uganda,country,2004,burned_area_km2,48018.38,km2,K9,gfed5_annual_burned_area,measured,f_product_level
UGA,Uganda,country,2005,burned_area_km2,81594.5,km2,K9,gfed5_annual_burned_area,measured,f_product_level
UGA,Uganda,country,2006,burned_area_km2,23317.81,km2,K9,gfed5_annual_burned_area,measured,f_product_level
UGA,Uganda,country,2007,burned_area_km2,63540.27,km2,K9,gfed5_annual_burned_area,measured,f_product_level
UGA,Uganda,country,2008,burned_area_km2,48404.48,km2,K9,gfed5_annual_burned_area,measured,f_product_level
UGA,Uganda,country,2009,burned_area_km2,36102.61,km2,K9,gfed5_annual_burned_area,measured,f_product_level
UGA,Uganda,country,2010,burned_area_km2,48990.07,km2,K9,gfed5_annual_burned_area,measured,f_product_level
UGA,Uganda,country,2011,burned_area_km2,37551.31,km2,K9,gfed5_annual_burned_area,measured,f_product_level
UGA,Uganda,country,2012,burned_area_km2,58771.14,km2,K9,gfed5_annual_burned_area,measured,f_product_level
UGA,Uganda,country,2013,burned_area_km2,55929.88,km2,K9,gfed5_annual_burned_area,measured,f_product_level
UGA,Uganda,country,2014,burned_area_km2,40599.07,km2,K9,gfed5_annual_burned_area,measured,f_product_level
UGA,Uganda,country,2015,burned_area_km2,48119.94,km2,K9,gfed5_annual_burned_area,measured,f_product_level
UGA,Uganda,country,2016,burned_area_km2,64690.75,km2,K9,gfed5_annual_burned_area,measured,f_product_level
UGA,Uganda,country,2017,burned_area_km2,43878.16,km2,K9,gfed5_annual_burned_area,measured,f_product_level
UGA,Uganda,country,2018,burned_area_km2,46022.79,km2,K9,gfed5_annual_burned_area,measured,f_product_level
UGA,Uganda,country,2019,burned_area_km2,22483.0,km2,K9,gfed5_annual_burned_area,measured,f_product_level
UGA,Uganda,country,2020,burned_area_km2,45202.53,km2,K9,gfed5_annual_burned_area,measured,f_product_level
UKR,Ukraina,country,1997,burned_area_km2,16241.88,km2,K9,gfed5_annual_burned_area,measured,f_product_level;f_resolution_change
UKR,Ukraina,country,1998,burned_area_km2,16533.51,km2,K9,gfed5_annual_burned_area,measured,f_product_level;f_resolution_change
UKR,Ukraina,country,1999,burned_area_km2,12831.37,km2,K9,gfed5_annual_burned_area,measured,f_product_level;f_resolution_change
UKR,Ukraina,country,2000,burned_area_km2,13545.74,km2,K9,gfed5_annual_burned_area,measured,f_product_level;f_resolution_change
UKR,Ukraina,country,2001,burned_area_km2,78485.4,km2,K9,gfed5_annual_burned_area,measured,f_product_level
UKR,Ukraina,country,2002,burned_area_km2,57827.27,km2,K9,gfed5_annual_burned_area,measured,f_product_level
UKR,Ukraina,country,2003,burned_area_km2,15352.77,km2,K9,gfed5_annual_burned_area,measured,f_product_level
UKR,Ukraina,country,2004,burned_area_km2,28755.67,km2,K9,gfed5_annual_burned_area,measured,f_product_level
UKR,Ukraina,country,2005,burned_area_km2,58598.47,km2,K9,gfed5_annual_burned_area,measured,f_product_level
UKR,Ukraina,country,2006,burned_area_km2,35069.23,km2,K9,gfed5_annual_burned_area,measured,f_product_level
UKR,Ukraina,country,2007,burned_area_km2,43720.71,km2,K9,gfed5_annual_burned_area,measured,f_product_level
UKR,Ukraina,country,2008,burned_area_km2,72382.36,km2,K9,gfed5_annual_burned_area,measured,f_product_level
UKR,Ukraina,country,2009,burned_area_km2,51811.54,km2,K9,gfed5_annual_burned_area,measured,f_product_level
UKR,Ukraina,country,2010,burned_area_km2,24886.47,km2,K9,gfed5_annual_burned_area,measured,f_product_level
UKR,Ukraina,country,2011,burned_area_km2,34838.14,km2,K9,gfed5_annual_burned_area,measured,f_product_level
UKR,Ukraina,country,2012,burned_area_km2,23541.52,km2,K9,gfed5_annual_burned_area,measured,f_product_level
UKR,Ukraina,country,2013,burned_area_km2,17670.27,km2,K9,gfed5_annual_burned_area,measured,f_product_level
UKR,Ukraina,country,2014,burned_area_km2,66141.5,km2,K9,gfed5_annual_burned_area,measured,f_product_level
UKR,Ukraina,country,2015,burned_area_km2,59996.36,km2,K9,gfed5_annual_burned_area,measured,f_product_level
UKR,Ukraina,country,2016,burned_area_km2,34756.72,km2,K9,gfed5_annual_burned_area,measured,f_product_level
UKR,Ukraina,country,2017,burned_area_km2,46583.49,km2,K9,gfed5_annual_burned_area,measured,f_product_level
UKR,Ukraina,country,2018,burned_area_km2,25906.65,km2,K9,gfed5_annual_burned_area,measured,f_product_level
UKR,Ukraina,country,2019,burned_area_km2,35681.43,km2,K9,gfed5_annual_burned_area,measured,f_product_level
UKR,Ukraina,country,2020,burned_area_km2,29986.28,km2,K9,gfed5_annual_burned_area,measured,f_product_level
URY,Uruguay,country,1997,burned_area_km2,295.54,km2,K9,gfed5_annual_burned_area,measured,f_product_level;f_resolution_change
URY,Uruguay,country,1998,burned_area_km2,292.09,km2,K9,gfed5_annual_burned_area,measured,f_product_level;f_resolution_change
URY,Uruguay,country,1999,burned_area_km2,272.37,km2,K9,gfed5_annual_burned_area,measured,f_product_level;f_resolution_change
URY,Uruguay,country,2000,burned_area_km2,317.63,km2,K9,gfed5_annual_burned_area,measured,f_product_level;f_resolution_change
URY,Uruguay,country,2001,burned_area_km2,1465.29,km2,K9,gfed5_annual_burned_area,measured,f_product_level
URY,Uruguay,country,2002,burned_area_km2,3258.43,km2,K9,gfed5_annual_burned_area,measured,f_product_level
URY,Uruguay,country,2003,burned_area_km2,4023.42,km2,K9,gfed5_annual_burned_area,measured,f_product_level
URY,Uruguay,country,2004,burned_area_km2,5025.1,km2,K9,gfed5_annual_burned_area,measured,f_product_level
URY,Uruguay,country,2005,burned_area_km2,2648.48,km2,K9,gfed5_annual_burned_area,measured,f_product_level
URY,Uruguay,country,2006,burned_area_km2,2791.85,km2,K9,gfed5_annual_burned_area,measured,f_product_level
URY,Uruguay,country,2007,burned_area_km2,2655.52,km2,K9,gfed5_annual_burned_area,measured,f_product_level
URY,Uruguay,country,2008,burned_area_km2,4125.45,km2,K9,gfed5_annual_burned_area,measured,f_product_level
URY,Uruguay,country,2009,burned_area_km2,3040.78,km2,K9,gfed5_annual_burned_area,measured,f_product_level
URY,Uruguay,country,2010,burned_area_km2,3329.59,km2,K9,gfed5_annual_burned_area,measured,f_product_level
URY,Uruguay,country,2011,burned_area_km2,2812.67,km2,K9,gfed5_annual_burned_area,measured,f_product_level
URY,Uruguay,country,2012,burned_area_km2,3070.57,km2,K9,gfed5_annual_burned_area,measured,f_product_level
URY,Uruguay,country,2013,burned_area_km2,2688.81,km2,K9,gfed5_annual_burned_area,measured,f_product_level
URY,Uruguay,country,2014,burned_area_km2,1891.38,km2,K9,gfed5_annual_burned_area,measured,f_product_level
URY,Uruguay,country,2015,burned_area_km2,4381.86,km2,K9,gfed5_annual_burned_area,measured,f_product_level
URY,Uruguay,country,2016,burned_area_km2,1907.21,km2,K9,gfed5_annual_burned_area,measured,f_product_level
URY,Uruguay,country,2017,burned_area_km2,1991.93,km2,K9,gfed5_annual_burned_area,measured,f_product_level
URY,Uruguay,country,2018,burned_area_km2,1995.91,km2,K9,gfed5_annual_burned_area,measured,f_product_level
URY,Uruguay,country,2019,burned_area_km2,3092.8,km2,K9,gfed5_annual_burned_area,measured,f_product_level
URY,Uruguay,country,2020,burned_area_km2,4507.77,km2,K9,gfed5_annual_burned_area,measured,f_product_level
USA,USA,country,1997,burned_area_km2,54523.97,km2,K9,gfed5_annual_burned_area,measured,f_product_level;f_resolution_change
USA,USA,country,1998,burned_area_km2,71559.46,km2,K9,gfed5_annual_burned_area,measured,f_product_level;f_resolution_change
USA,USA,country,1999,burned_area_km2,62281.01,km2,K9,gfed5_annual_burned_area,measured,f_product_level;f_resolution_change
USA,USA,country,2000,burned_area_km2,65422.63,km2,K9,gfed5_annual_burned_area,measured,f_product_level;f_resolution_change
USA,USA,country,2001,burned_area_km2,61485.1,km2,K9,gfed5_annual_burned_area,measured,f_product_level
USA,USA,country,2002,burned_area_km2,57565.62,km2,K9,gfed5_annual_burned_area,measured,f_product_level
USA,USA,country,2003,burned_area_km2,66620.98,km2,K9,gfed5_annual_burned_area,measured,f_product_level
USA,USA,country,2004,burned_area_km2,80128.91,km2,K9,gfed5_annual_burned_area,measured,f_product_level
USA,USA,country,2005,burned_area_km2,88754.58,km2,K9,gfed5_annual_burned_area,measured,f_product_level
USA,USA,country,2006,burned_area_km2,73702.84,km2,K9,gfed5_annual_burned_area,measured,f_product_level
USA,USA,country,2007,burned_area_km2,73973.95,km2,K9,gfed5_annual_burned_area,measured,f_product_level
USA,USA,country,2008,burned_area_km2,68611.62,km2,K9,gfed5_annual_burned_area,measured,f_product_level
USA,USA,country,2009,burned_area_km2,69335.36,km2,K9,gfed5_annual_burned_area,measured,f_product_level
USA,USA,country,2010,burned_area_km2,69250.92,km2,K9,gfed5_annual_burned_area,measured,f_product_level
USA,USA,country,2011,burned_area_km2,75570.25,km2,K9,gfed5_annual_burned_area,measured,f_product_level
USA,USA,country,2012,burned_area_km2,73956.4,km2,K9,gfed5_annual_burned_area,measured,f_product_level
USA,USA,country,2013,burned_area_km2,54681.73,km2,K9,gfed5_annual_burned_area,measured,f_product_level
USA,USA,country,2014,burned_area_km2,57807.92,km2,K9,gfed5_annual_burned_area,measured,f_product_level
USA,USA,country,2015,burned_area_km2,80163.44,km2,K9,gfed5_annual_burned_area,measured,f_product_level
USA,USA,country,2016,burned_area_km2,68750.57,km2,K9,gfed5_annual_burned_area,measured,f_product_level
USA,USA,country,2017,burned_area_km2,74198.81,km2,K9,gfed5_annual_burned_area,measured,f_product_level
USA,USA,country,2018,burned_area_km2,63011.44,km2,K9,gfed5_annual_burned_area,measured,f_product_level
USA,USA,country,2019,burned_area_km2,61099.37,km2,K9,gfed5_annual_burned_area,measured,f_product_level
USA,USA,country,2020,burned_area_km2,78031.85,km2,K9,gfed5_annual_burned_area,measured,f_product_level
UZB,Usbekistan,country,1997,burned_area_km2,4549.69,km2,K9,gfed5_annual_burned_area,measured,f_product_level;f_resolution_change
UZB,Usbekistan,country,1998,burned_area_km2,4195.92,km2,K9,gfed5_annual_burned_area,measured,f_product_level;f_resolution_change
UZB,Usbekistan,country,1999,burned_area_km2,3788.25,km2,K9,gfed5_annual_burned_area,measured,f_product_level;f_resolution_change
UZB,Usbekistan,country,2000,burned_area_km2,3833.6,km2,K9,gfed5_annual_burned_area,measured,f_product_level;f_resolution_change
UZB,Usbekistan,country,2001,burned_area_km2,6917.36,km2,K9,gfed5_annual_burned_area,measured,f_product_level
UZB,Usbekistan,country,2002,burned_area_km2,6315.98,km2,K9,gfed5_annual_burned_area,measured,f_product_level
UZB,Usbekistan,country,2003,burned_area_km2,5310.89,km2,K9,gfed5_annual_burned_area,measured,f_product_level
UZB,Usbekistan,country,2004,burned_area_km2,6027.85,km2,K9,gfed5_annual_burned_area,measured,f_product_level
UZB,Usbekistan,country,2005,burned_area_km2,5695.83,km2,K9,gfed5_annual_burned_area,measured,f_product_level
UZB,Usbekistan,country,2006,burned_area_km2,3682.67,km2,K9,gfed5_annual_burned_area,measured,f_product_level
UZB,Usbekistan,country,2007,burned_area_km2,4935.07,km2,K9,gfed5_annual_burned_area,measured,f_product_level
UZB,Usbekistan,country,2008,burned_area_km2,4517.37,km2,K9,gfed5_annual_burned_area,measured,f_product_level
UZB,Usbekistan,country,2009,burned_area_km2,4196.37,km2,K9,gfed5_annual_burned_area,measured,f_product_level
UZB,Usbekistan,country,2010,burned_area_km2,1678.4,km2,K9,gfed5_annual_burned_area,measured,f_product_level
UZB,Usbekistan,country,2011,burned_area_km2,3279.76,km2,K9,gfed5_annual_burned_area,measured,f_product_level
UZB,Usbekistan,country,2012,burned_area_km2,3535.02,km2,K9,gfed5_annual_burned_area,measured,f_product_level
UZB,Usbekistan,country,2013,burned_area_km2,4372.74,km2,K9,gfed5_annual_burned_area,measured,f_product_level
UZB,Usbekistan,country,2014,burned_area_km2,4723.2,km2,K9,gfed5_annual_burned_area,measured,f_product_level
UZB,Usbekistan,country,2015,burned_area_km2,2769.99,km2,K9,gfed5_annual_burned_area,measured,f_product_level
UZB,Usbekistan,country,2016,burned_area_km2,3411.97,km2,K9,gfed5_annual_burned_area,measured,f_product_level
UZB,Usbekistan,country,2017,burned_area_km2,3888.63,km2,K9,gfed5_annual_burned_area,measured,f_product_level
UZB,Usbekistan,country,2018,burned_area_km2,3470.19,km2,K9,gfed5_annual_burned_area,measured,f_product_level
UZB,Usbekistan,country,2019,burned_area_km2,3891.09,km2,K9,gfed5_annual_burned_area,measured,f_product_level
UZB,Usbekistan,country,2020,burned_area_km2,4223.94,km2,K9,gfed5_annual_burned_area,measured,f_product_level
VCT,St. Vincent og Grenadinene,country,1997,burned_area_km2,0.0,km2,K9,gfed5_annual_burned_area,measured,f_product_level;f_resolution_change;f_grid_resolution;f_zero_no_detection
VCT,St. Vincent og Grenadinene,country,1998,burned_area_km2,0.0,km2,K9,gfed5_annual_burned_area,measured,f_product_level;f_resolution_change;f_grid_resolution;f_zero_no_detection
VCT,St. Vincent og Grenadinene,country,1999,burned_area_km2,0.0,km2,K9,gfed5_annual_burned_area,measured,f_product_level;f_resolution_change;f_grid_resolution;f_zero_no_detection
VCT,St. Vincent og Grenadinene,country,2000,burned_area_km2,0.0,km2,K9,gfed5_annual_burned_area,measured,f_product_level;f_resolution_change;f_grid_resolution;f_zero_no_detection
VCT,St. Vincent og Grenadinene,country,2001,burned_area_km2,0.0,km2,K9,gfed5_annual_burned_area,measured,f_product_level;f_grid_resolution;f_zero_no_detection
VCT,St. Vincent og Grenadinene,country,2002,burned_area_km2,0.0,km2,K9,gfed5_annual_burned_area,measured,f_product_level;f_grid_resolution;f_zero_no_detection
VCT,St. Vincent og Grenadinene,country,2003,burned_area_km2,0.0,km2,K9,gfed5_annual_burned_area,measured,f_product_level;f_grid_resolution;f_zero_no_detection
VCT,St. Vincent og Grenadinene,country,2004,burned_area_km2,0.0,km2,K9,gfed5_annual_burned_area,measured,f_product_level;f_grid_resolution;f_zero_no_detection
VCT,St. Vincent og Grenadinene,country,2005,burned_area_km2,0.0,km2,K9,gfed5_annual_burned_area,measured,f_product_level;f_grid_resolution;f_zero_no_detection
VCT,St. Vincent og Grenadinene,country,2006,burned_area_km2,0.0,km2,K9,gfed5_annual_burned_area,measured,f_product_level;f_grid_resolution;f_zero_no_detection
VCT,St. Vincent og Grenadinene,country,2007,burned_area_km2,0.0,km2,K9,gfed5_annual_burned_area,measured,f_product_level;f_grid_resolution;f_zero_no_detection
VCT,St. Vincent og Grenadinene,country,2008,burned_area_km2,0.0,km2,K9,gfed5_annual_burned_area,measured,f_product_level;f_grid_resolution;f_zero_no_detection
VCT,St. Vincent og Grenadinene,country,2009,burned_area_km2,0.0,km2,K9,gfed5_annual_burned_area,measured,f_product_level;f_grid_resolution;f_zero_no_detection
VCT,St. Vincent og Grenadinene,country,2010,burned_area_km2,0.0,km2,K9,gfed5_annual_burned_area,measured,f_product_level;f_grid_resolution;f_zero_no_detection
VCT,St. Vincent og Grenadinene,country,2011,burned_area_km2,0.0,km2,K9,gfed5_annual_burned_area,measured,f_product_level;f_grid_resolution;f_zero_no_detection
VCT,St. Vincent og Grenadinene,country,2012,burned_area_km2,0.0,km2,K9,gfed5_annual_burned_area,measured,f_product_level;f_grid_resolution;f_zero_no_detection
VCT,St. Vincent og Grenadinene,country,2013,burned_area_km2,0.0,km2,K9,gfed5_annual_burned_area,measured,f_product_level;f_grid_resolution;f_zero_no_detection
VCT,St. Vincent og Grenadinene,country,2014,burned_area_km2,0.0,km2,K9,gfed5_annual_burned_area,measured,f_product_level;f_grid_resolution;f_zero_no_detection
VCT,St. Vincent og Grenadinene,country,2015,burned_area_km2,0.0,km2,K9,gfed5_annual_burned_area,measured,f_product_level;f_grid_resolution;f_zero_no_detection
VCT,St. Vincent og Grenadinene,country,2016,burned_area_km2,0.0,km2,K9,gfed5_annual_burned_area,measured,f_product_level;f_grid_resolution;f_zero_no_detection
VCT,St. Vincent og Grenadinene,country,2017,burned_area_km2,0.0,km2,K9,gfed5_annual_burned_area,measured,f_product_level;f_grid_resolution;f_zero_no_detection
VCT,St. Vincent og Grenadinene,country,2018,burned_area_km2,0.0,km2,K9,gfed5_annual_burned_area,measured,f_product_level;f_grid_resolution;f_zero_no_detection
VCT,St. Vincent og Grenadinene,country,2019,burned_area_km2,0.0,km2,K9,gfed5_annual_burned_area,measured,f_product_level;f_grid_resolution;f_zero_no_detection
VCT,St. Vincent og Grenadinene,country,2020,burned_area_km2,0.0,km2,K9,gfed5_annual_burned_area,measured,f_product_level;f_grid_resolution;f_zero_no_detection
VEN,Venezuela,country,1997,burned_area_km2,30238.69,km2,K9,gfed5_annual_burned_area,measured,f_product_level;f_resolution_change
VEN,Venezuela,country,1998,burned_area_km2,53620.6,km2,K9,gfed5_annual_burned_area,measured,f_product_level;f_resolution_change
VEN,Venezuela,country,1999,burned_area_km2,30119.94,km2,K9,gfed5_annual_burned_area,measured,f_product_level;f_resolution_change
VEN,Venezuela,country,2000,burned_area_km2,39581.67,km2,K9,gfed5_annual_burned_area,measured,f_product_level;f_resolution_change
VEN,Venezuela,country,2001,burned_area_km2,71400.62,km2,K9,gfed5_annual_burned_area,measured,f_product_level
VEN,Venezuela,country,2002,burned_area_km2,46831.35,km2,K9,gfed5_annual_burned_area,measured,f_product_level
VEN,Venezuela,country,2003,burned_area_km2,61539.58,km2,K9,gfed5_annual_burned_area,measured,f_product_level
VEN,Venezuela,country,2004,burned_area_km2,48577.56,km2,K9,gfed5_annual_burned_area,measured,f_product_level
VEN,Venezuela,country,2005,burned_area_km2,52681.1,km2,K9,gfed5_annual_burned_area,measured,f_product_level
VEN,Venezuela,country,2006,burned_area_km2,48775.86,km2,K9,gfed5_annual_burned_area,measured,f_product_level
VEN,Venezuela,country,2007,burned_area_km2,54677.75,km2,K9,gfed5_annual_burned_area,measured,f_product_level
VEN,Venezuela,country,2008,burned_area_km2,46504.74,km2,K9,gfed5_annual_burned_area,measured,f_product_level
VEN,Venezuela,country,2009,burned_area_km2,49941.54,km2,K9,gfed5_annual_burned_area,measured,f_product_level
VEN,Venezuela,country,2010,burned_area_km2,45507.12,km2,K9,gfed5_annual_burned_area,measured,f_product_level
VEN,Venezuela,country,2011,burned_area_km2,28820.54,km2,K9,gfed5_annual_burned_area,measured,f_product_level
VEN,Venezuela,country,2012,burned_area_km2,32938.79,km2,K9,gfed5_annual_burned_area,measured,f_product_level
VEN,Venezuela,country,2013,burned_area_km2,49940.14,km2,K9,gfed5_annual_burned_area,measured,f_product_level
VEN,Venezuela,country,2014,burned_area_km2,51341.08,km2,K9,gfed5_annual_burned_area,measured,f_product_level
VEN,Venezuela,country,2015,burned_area_km2,44248.95,km2,K9,gfed5_annual_burned_area,measured,f_product_level
VEN,Venezuela,country,2016,burned_area_km2,43283.44,km2,K9,gfed5_annual_burned_area,measured,f_product_level
VEN,Venezuela,country,2017,burned_area_km2,40546.99,km2,K9,gfed5_annual_burned_area,measured,f_product_level
VEN,Venezuela,country,2018,burned_area_km2,56773.7,km2,K9,gfed5_annual_burned_area,measured,f_product_level
VEN,Venezuela,country,2019,burned_area_km2,60613.69,km2,K9,gfed5_annual_burned_area,measured,f_product_level
VEN,Venezuela,country,2020,burned_area_km2,70366.69,km2,K9,gfed5_annual_burned_area,measured,f_product_level
VGB,De britiske Jomfruøyer,country,1997,burned_area_km2,0.0,km2,K9,gfed5_annual_burned_area,measured,f_product_level;f_resolution_change;f_grid_resolution;f_zero_no_detection
VGB,De britiske Jomfruøyer,country,1998,burned_area_km2,0.0,km2,K9,gfed5_annual_burned_area,measured,f_product_level;f_resolution_change;f_grid_resolution;f_zero_no_detection
VGB,De britiske Jomfruøyer,country,1999,burned_area_km2,0.0,km2,K9,gfed5_annual_burned_area,measured,f_product_level;f_resolution_change;f_grid_resolution;f_zero_no_detection
VGB,De britiske Jomfruøyer,country,2000,burned_area_km2,0.0,km2,K9,gfed5_annual_burned_area,measured,f_product_level;f_resolution_change;f_grid_resolution;f_zero_no_detection
VGB,De britiske Jomfruøyer,country,2001,burned_area_km2,0.0,km2,K9,gfed5_annual_burned_area,measured,f_product_level;f_grid_resolution;f_zero_no_detection
VGB,De britiske Jomfruøyer,country,2002,burned_area_km2,0.0,km2,K9,gfed5_annual_burned_area,measured,f_product_level;f_grid_resolution;f_zero_no_detection
VGB,De britiske Jomfruøyer,country,2003,burned_area_km2,0.0,km2,K9,gfed5_annual_burned_area,measured,f_product_level;f_grid_resolution;f_zero_no_detection
VGB,De britiske Jomfruøyer,country,2004,burned_area_km2,0.0,km2,K9,gfed5_annual_burned_area,measured,f_product_level;f_grid_resolution;f_zero_no_detection
VGB,De britiske Jomfruøyer,country,2005,burned_area_km2,0.57,km2,K9,gfed5_annual_burned_area,measured,f_product_level;f_grid_resolution
VGB,De britiske Jomfruøyer,country,2006,burned_area_km2,0.0,km2,K9,gfed5_annual_burned_area,measured,f_product_level;f_grid_resolution;f_zero_no_detection
VGB,De britiske Jomfruøyer,country,2007,burned_area_km2,0.14,km2,K9,gfed5_annual_burned_area,measured,f_product_level;f_grid_resolution
VGB,De britiske Jomfruøyer,country,2008,burned_area_km2,0.0,km2,K9,gfed5_annual_burned_area,measured,f_product_level;f_grid_resolution;f_zero_no_detection
VGB,De britiske Jomfruøyer,country,2009,burned_area_km2,0.0,km2,K9,gfed5_annual_burned_area,measured,f_product_level;f_grid_resolution;f_zero_no_detection
VGB,De britiske Jomfruøyer,country,2010,burned_area_km2,0.0,km2,K9,gfed5_annual_burned_area,measured,f_product_level;f_grid_resolution;f_zero_no_detection
VGB,De britiske Jomfruøyer,country,2011,burned_area_km2,0.0,km2,K9,gfed5_annual_burned_area,measured,f_product_level;f_grid_resolution;f_zero_no_detection
VGB,De britiske Jomfruøyer,country,2012,burned_area_km2,0.0,km2,K9,gfed5_annual_burned_area,measured,f_product_level;f_grid_resolution;f_zero_no_detection
VGB,De britiske Jomfruøyer,country,2013,burned_area_km2,0.0,km2,K9,gfed5_annual_burned_area,measured,f_product_level;f_grid_resolution;f_zero_no_detection
VGB,De britiske Jomfruøyer,country,2014,burned_area_km2,0.0,km2,K9,gfed5_annual_burned_area,measured,f_product_level;f_grid_resolution;f_zero_no_detection
VGB,De britiske Jomfruøyer,country,2015,burned_area_km2,0.14,km2,K9,gfed5_annual_burned_area,measured,f_product_level;f_grid_resolution
VGB,De britiske Jomfruøyer,country,2016,burned_area_km2,0.0,km2,K9,gfed5_annual_burned_area,measured,f_product_level;f_grid_resolution;f_zero_no_detection
VGB,De britiske Jomfruøyer,country,2017,burned_area_km2,0.0,km2,K9,gfed5_annual_burned_area,measured,f_product_level;f_grid_resolution;f_zero_no_detection
VGB,De britiske Jomfruøyer,country,2018,burned_area_km2,0.0,km2,K9,gfed5_annual_burned_area,measured,f_product_level;f_grid_resolution;f_zero_no_detection
VGB,De britiske Jomfruøyer,country,2019,burned_area_km2,0.0,km2,K9,gfed5_annual_burned_area,measured,f_product_level;f_grid_resolution;f_zero_no_detection
VGB,De britiske Jomfruøyer,country,2020,burned_area_km2,0.0,km2,K9,gfed5_annual_burned_area,measured,f_product_level;f_grid_resolution;f_zero_no_detection
VIR,De amerikanske Jomfruøyer,country,1997,burned_area_km2,0.0,km2,K9,gfed5_annual_burned_area,measured,f_product_level;f_resolution_change;f_grid_resolution;f_zero_no_detection
VIR,De amerikanske Jomfruøyer,country,1998,burned_area_km2,0.0,km2,K9,gfed5_annual_burned_area,measured,f_product_level;f_resolution_change;f_grid_resolution;f_zero_no_detection
VIR,De amerikanske Jomfruøyer,country,1999,burned_area_km2,0.0,km2,K9,gfed5_annual_burned_area,measured,f_product_level;f_resolution_change;f_grid_resolution;f_zero_no_detection
VIR,De amerikanske Jomfruøyer,country,2000,burned_area_km2,0.0,km2,K9,gfed5_annual_burned_area,measured,f_product_level;f_resolution_change;f_grid_resolution;f_zero_no_detection
VIR,De amerikanske Jomfruøyer,country,2001,burned_area_km2,0.0,km2,K9,gfed5_annual_burned_area,measured,f_product_level;f_grid_resolution;f_zero_no_detection
VIR,De amerikanske Jomfruøyer,country,2002,burned_area_km2,0.0,km2,K9,gfed5_annual_burned_area,measured,f_product_level;f_grid_resolution;f_zero_no_detection
VIR,De amerikanske Jomfruøyer,country,2003,burned_area_km2,0.0,km2,K9,gfed5_annual_burned_area,measured,f_product_level;f_grid_resolution;f_zero_no_detection
VIR,De amerikanske Jomfruøyer,country,2004,burned_area_km2,0.0,km2,K9,gfed5_annual_burned_area,measured,f_product_level;f_grid_resolution;f_zero_no_detection
VIR,De amerikanske Jomfruøyer,country,2005,burned_area_km2,0.29,km2,K9,gfed5_annual_burned_area,measured,f_product_level;f_grid_resolution
VIR,De amerikanske Jomfruøyer,country,2006,burned_area_km2,0.0,km2,K9,gfed5_annual_burned_area,measured,f_product_level;f_grid_resolution;f_zero_no_detection
VIR,De amerikanske Jomfruøyer,country,2007,burned_area_km2,0.07,km2,K9,gfed5_annual_burned_area,measured,f_product_level;f_grid_resolution
VIR,De amerikanske Jomfruøyer,country,2008,burned_area_km2,0.0,km2,K9,gfed5_annual_burned_area,measured,f_product_level;f_grid_resolution;f_zero_no_detection
VIR,De amerikanske Jomfruøyer,country,2009,burned_area_km2,0.0,km2,K9,gfed5_annual_burned_area,measured,f_product_level;f_grid_resolution;f_zero_no_detection
VIR,De amerikanske Jomfruøyer,country,2010,burned_area_km2,0.0,km2,K9,gfed5_annual_burned_area,measured,f_product_level;f_grid_resolution;f_zero_no_detection
VIR,De amerikanske Jomfruøyer,country,2011,burned_area_km2,0.0,km2,K9,gfed5_annual_burned_area,measured,f_product_level;f_grid_resolution;f_zero_no_detection
VIR,De amerikanske Jomfruøyer,country,2012,burned_area_km2,0.0,km2,K9,gfed5_annual_burned_area,measured,f_product_level;f_grid_resolution;f_zero_no_detection
VIR,De amerikanske Jomfruøyer,country,2013,burned_area_km2,0.0,km2,K9,gfed5_annual_burned_area,measured,f_product_level;f_grid_resolution;f_zero_no_detection
VIR,De amerikanske Jomfruøyer,country,2014,burned_area_km2,0.0,km2,K9,gfed5_annual_burned_area,measured,f_product_level;f_grid_resolution;f_zero_no_detection
VIR,De amerikanske Jomfruøyer,country,2015,burned_area_km2,0.07,km2,K9,gfed5_annual_burned_area,measured,f_product_level;f_grid_resolution
VIR,De amerikanske Jomfruøyer,country,2016,burned_area_km2,0.0,km2,K9,gfed5_annual_burned_area,measured,f_product_level;f_grid_resolution;f_zero_no_detection
VIR,De amerikanske Jomfruøyer,country,2017,burned_area_km2,0.0,km2,K9,gfed5_annual_burned_area,measured,f_product_level;f_grid_resolution;f_zero_no_detection
VIR,De amerikanske Jomfruøyer,country,2018,burned_area_km2,1.76,km2,K9,gfed5_annual_burned_area,measured,f_product_level;f_grid_resolution
VIR,De amerikanske Jomfruøyer,country,2019,burned_area_km2,0.0,km2,K9,gfed5_annual_burned_area,measured,f_product_level;f_grid_resolution;f_zero_no_detection
VIR,De amerikanske Jomfruøyer,country,2020,burned_area_km2,1.76,km2,K9,gfed5_annual_burned_area,measured,f_product_level;f_grid_resolution
VNM,Vietnam,country,1997,burned_area_km2,17326.65,km2,K9,gfed5_annual_burned_area,measured,f_product_level;f_resolution_change
VNM,Vietnam,country,1998,burned_area_km2,54167.86,km2,K9,gfed5_annual_burned_area,measured,f_product_level;f_resolution_change
VNM,Vietnam,country,1999,burned_area_km2,38029.72,km2,K9,gfed5_annual_burned_area,measured,f_product_level;f_resolution_change
VNM,Vietnam,country,2000,burned_area_km2,33605.17,km2,K9,gfed5_annual_burned_area,measured,f_product_level;f_resolution_change
VNM,Vietnam,country,2001,burned_area_km2,21904.75,km2,K9,gfed5_annual_burned_area,measured,f_product_level
VNM,Vietnam,country,2002,burned_area_km2,27460.4,km2,K9,gfed5_annual_burned_area,measured,f_product_level
VNM,Vietnam,country,2003,burned_area_km2,44206.67,km2,K9,gfed5_annual_burned_area,measured,f_product_level
VNM,Vietnam,country,2004,burned_area_km2,49184.82,km2,K9,gfed5_annual_burned_area,measured,f_product_level
VNM,Vietnam,country,2005,burned_area_km2,42547.41,km2,K9,gfed5_annual_burned_area,measured,f_product_level
VNM,Vietnam,country,2006,burned_area_km2,35476.94,km2,K9,gfed5_annual_burned_area,measured,f_product_level
VNM,Vietnam,country,2007,burned_area_km2,47868.3,km2,K9,gfed5_annual_burned_area,measured,f_product_level
VNM,Vietnam,country,2008,burned_area_km2,31753.9,km2,K9,gfed5_annual_burned_area,measured,f_product_level
VNM,Vietnam,country,2009,burned_area_km2,35751.79,km2,K9,gfed5_annual_burned_area,measured,f_product_level
VNM,Vietnam,country,2010,burned_area_km2,49563.79,km2,K9,gfed5_annual_burned_area,measured,f_product_level
VNM,Vietnam,country,2011,burned_area_km2,32028.89,km2,K9,gfed5_annual_burned_area,measured,f_product_level
VNM,Vietnam,country,2012,burned_area_km2,40727.73,km2,K9,gfed5_annual_burned_area,measured,f_product_level
VNM,Vietnam,country,2013,burned_area_km2,38004.98,km2,K9,gfed5_annual_burned_area,measured,f_product_level
VNM,Vietnam,country,2014,burned_area_km2,51349.36,km2,K9,gfed5_annual_burned_area,measured,f_product_level
VNM,Vietnam,country,2015,burned_area_km2,48637.33,km2,K9,gfed5_annual_burned_area,measured,f_product_level
VNM,Vietnam,country,2016,burned_area_km2,45291.7,km2,K9,gfed5_annual_burned_area,measured,f_product_level
VNM,Vietnam,country,2017,burned_area_km2,25269.31,km2,K9,gfed5_annual_burned_area,measured,f_product_level
VNM,Vietnam,country,2018,burned_area_km2,30008.98,km2,K9,gfed5_annual_burned_area,measured,f_product_level
VNM,Vietnam,country,2019,burned_area_km2,44294.14,km2,K9,gfed5_annual_burned_area,measured,f_product_level
VNM,Vietnam,country,2020,burned_area_km2,43326.25,km2,K9,gfed5_annual_burned_area,measured,f_product_level
VUT,Vanuatu,country,1997,burned_area_km2,17.78,km2,K9,gfed5_annual_burned_area,measured,f_product_level;f_resolution_change;f_grid_resolution
VUT,Vanuatu,country,1998,burned_area_km2,0.69,km2,K9,gfed5_annual_burned_area,measured,f_product_level;f_resolution_change;f_grid_resolution
VUT,Vanuatu,country,1999,burned_area_km2,0.0,km2,K9,gfed5_annual_burned_area,measured,f_product_level;f_resolution_change;f_grid_resolution;f_zero_no_detection
VUT,Vanuatu,country,2000,burned_area_km2,0.0,km2,K9,gfed5_annual_burned_area,measured,f_product_level;f_resolution_change;f_grid_resolution;f_zero_no_detection
VUT,Vanuatu,country,2001,burned_area_km2,0.95,km2,K9,gfed5_annual_burned_area,measured,f_product_level
VUT,Vanuatu,country,2002,burned_area_km2,0.0,km2,K9,gfed5_annual_burned_area,measured,f_product_level;f_zero_no_detection
VUT,Vanuatu,country,2003,burned_area_km2,11.27,km2,K9,gfed5_annual_burned_area,measured,f_product_level
VUT,Vanuatu,country,2004,burned_area_km2,1.81,km2,K9,gfed5_annual_burned_area,measured,f_product_level
VUT,Vanuatu,country,2005,burned_area_km2,17.93,km2,K9,gfed5_annual_burned_area,measured,f_product_level
VUT,Vanuatu,country,2006,burned_area_km2,2.54,km2,K9,gfed5_annual_burned_area,measured,f_product_level
VUT,Vanuatu,country,2007,burned_area_km2,3.3,km2,K9,gfed5_annual_burned_area,measured,f_product_level
VUT,Vanuatu,country,2008,burned_area_km2,2.29,km2,K9,gfed5_annual_burned_area,measured,f_product_level
VUT,Vanuatu,country,2009,burned_area_km2,4.81,km2,K9,gfed5_annual_burned_area,measured,f_product_level
VUT,Vanuatu,country,2010,burned_area_km2,2.23,km2,K9,gfed5_annual_burned_area,measured,f_product_level
VUT,Vanuatu,country,2011,burned_area_km2,0.59,km2,K9,gfed5_annual_burned_area,measured,f_product_level
VUT,Vanuatu,country,2012,burned_area_km2,0.64,km2,K9,gfed5_annual_burned_area,measured,f_product_level
VUT,Vanuatu,country,2013,burned_area_km2,0.64,km2,K9,gfed5_annual_burned_area,measured,f_product_level
VUT,Vanuatu,country,2014,burned_area_km2,2.09,km2,K9,gfed5_annual_burned_area,measured,f_product_level
VUT,Vanuatu,country,2015,burned_area_km2,20.66,km2,K9,gfed5_annual_burned_area,measured,f_product_level
VUT,Vanuatu,country,2016,burned_area_km2,1.94,km2,K9,gfed5_annual_burned_area,measured,f_product_level
VUT,Vanuatu,country,2017,burned_area_km2,23.14,km2,K9,gfed5_annual_burned_area,measured,f_product_level
VUT,Vanuatu,country,2018,burned_area_km2,4.68,km2,K9,gfed5_annual_burned_area,measured,f_product_level
VUT,Vanuatu,country,2019,burned_area_km2,2.37,km2,K9,gfed5_annual_burned_area,measured,f_product_level
VUT,Vanuatu,country,2020,burned_area_km2,0.0,km2,K9,gfed5_annual_burned_area,measured,f_product_level;f_zero_no_detection
WLD,Verden,world,1997,burned_area_km2,7494169.49,km2,K9,gfed5_annual_burned_area,measured,f_product_level;f_resolution_change
WLD,Verden,world,1998,burned_area_km2,9217221.72,km2,K9,gfed5_annual_burned_area,measured,f_product_level;f_resolution_change
WLD,Verden,world,1999,burned_area_km2,7910364.0,km2,K9,gfed5_annual_burned_area,measured,f_product_level;f_resolution_change
WLD,Verden,world,2000,burned_area_km2,8333155.19,km2,K9,gfed5_annual_burned_area,measured,f_product_level;f_resolution_change
WLD,Verden,world,2001,burned_area_km2,9161310.46,km2,K9,gfed5_annual_burned_area,measured,f_product_level
WLD,Verden,world,2002,burned_area_km2,8521379.86,km2,K9,gfed5_annual_burned_area,measured,f_product_level
WLD,Verden,world,2003,burned_area_km2,8157350.18,km2,K9,gfed5_annual_burned_area,measured,f_product_level
WLD,Verden,world,2004,burned_area_km2,8534076.99,km2,K9,gfed5_annual_burned_area,measured,f_product_level
WLD,Verden,world,2005,burned_area_km2,8258140.58,km2,K9,gfed5_annual_burned_area,measured,f_product_level
WLD,Verden,world,2006,burned_area_km2,7691428.2,km2,K9,gfed5_annual_burned_area,measured,f_product_level
WLD,Verden,world,2007,burned_area_km2,8242435.99,km2,K9,gfed5_annual_burned_area,measured,f_product_level
WLD,Verden,world,2008,burned_area_km2,8208652.75,km2,K9,gfed5_annual_burned_area,measured,f_product_level
WLD,Verden,world,2009,burned_area_km2,7600318.76,km2,K9,gfed5_annual_burned_area,measured,f_product_level
WLD,Verden,world,2010,burned_area_km2,7575892.79,km2,K9,gfed5_annual_burned_area,measured,f_product_level
WLD,Verden,world,2011,burned_area_km2,7970510.2,km2,K9,gfed5_annual_burned_area,measured,f_product_level
WLD,Verden,world,2012,burned_area_km2,7898588.97,km2,K9,gfed5_annual_burned_area,measured,f_product_level
WLD,Verden,world,2013,burned_area_km2,6976609.86,km2,K9,gfed5_annual_burned_area,measured,f_product_level
WLD,Verden,world,2014,burned_area_km2,7243504.17,km2,K9,gfed5_annual_burned_area,measured,f_product_level
WLD,Verden,world,2015,burned_area_km2,7444495.6,km2,K9,gfed5_annual_burned_area,measured,f_product_level
WLD,Verden,world,2016,burned_area_km2,7384958.62,km2,K9,gfed5_annual_burned_area,measured,f_product_level
WLD,Verden,world,2017,burned_area_km2,7335328.7,km2,K9,gfed5_annual_burned_area,measured,f_product_level
WLD,Verden,world,2018,burned_area_km2,6848813.87,km2,K9,gfed5_annual_burned_area,measured,f_product_level
WLD,Verden,world,2019,burned_area_km2,6813516.5,km2,K9,gfed5_annual_burned_area,measured,f_product_level
WLD,Verden,world,2020,burned_area_km2,7226134.36,km2,K9,gfed5_annual_burned_area,measured,f_product_level
WLF,Wallis- og Futunaøyene,country,1997,burned_area_km2,0.0,km2,K9,gfed5_annual_burned_area,measured,f_product_level;f_resolution_change;f_grid_resolution;f_zero_no_detection
WLF,Wallis- og Futunaøyene,country,1998,burned_area_km2,0.0,km2,K9,gfed5_annual_burned_area,measured,f_product_level;f_resolution_change;f_grid_resolution;f_zero_no_detection
WLF,Wallis- og Futunaøyene,country,1999,burned_area_km2,0.0,km2,K9,gfed5_annual_burned_area,measured,f_product_level;f_resolution_change;f_grid_resolution;f_zero_no_detection
WLF,Wallis- og Futunaøyene,country,2000,burned_area_km2,0.0,km2,K9,gfed5_annual_burned_area,measured,f_product_level;f_resolution_change;f_grid_resolution;f_zero_no_detection
WLF,Wallis- og Futunaøyene,country,2001,burned_area_km2,0.0,km2,K9,gfed5_annual_burned_area,measured,f_product_level;f_grid_resolution;f_zero_no_detection
WLF,Wallis- og Futunaøyene,country,2002,burned_area_km2,0.0,km2,K9,gfed5_annual_burned_area,measured,f_product_level;f_grid_resolution;f_zero_no_detection
WLF,Wallis- og Futunaøyene,country,2003,burned_area_km2,0.0,km2,K9,gfed5_annual_burned_area,measured,f_product_level;f_grid_resolution;f_zero_no_detection
WLF,Wallis- og Futunaøyene,country,2004,burned_area_km2,0.0,km2,K9,gfed5_annual_burned_area,measured,f_product_level;f_grid_resolution;f_zero_no_detection
WLF,Wallis- og Futunaøyene,country,2005,burned_area_km2,0.0,km2,K9,gfed5_annual_burned_area,measured,f_product_level;f_grid_resolution;f_zero_no_detection
WLF,Wallis- og Futunaøyene,country,2006,burned_area_km2,0.0,km2,K9,gfed5_annual_burned_area,measured,f_product_level;f_grid_resolution;f_zero_no_detection
WLF,Wallis- og Futunaøyene,country,2007,burned_area_km2,0.0,km2,K9,gfed5_annual_burned_area,measured,f_product_level;f_grid_resolution;f_zero_no_detection
WLF,Wallis- og Futunaøyene,country,2008,burned_area_km2,0.0,km2,K9,gfed5_annual_burned_area,measured,f_product_level;f_grid_resolution;f_zero_no_detection
WLF,Wallis- og Futunaøyene,country,2009,burned_area_km2,0.0,km2,K9,gfed5_annual_burned_area,measured,f_product_level;f_grid_resolution;f_zero_no_detection
WLF,Wallis- og Futunaøyene,country,2010,burned_area_km2,0.0,km2,K9,gfed5_annual_burned_area,measured,f_product_level;f_grid_resolution;f_zero_no_detection
WLF,Wallis- og Futunaøyene,country,2011,burned_area_km2,0.0,km2,K9,gfed5_annual_burned_area,measured,f_product_level;f_grid_resolution;f_zero_no_detection
WLF,Wallis- og Futunaøyene,country,2012,burned_area_km2,0.0,km2,K9,gfed5_annual_burned_area,measured,f_product_level;f_grid_resolution;f_zero_no_detection
WLF,Wallis- og Futunaøyene,country,2013,burned_area_km2,0.0,km2,K9,gfed5_annual_burned_area,measured,f_product_level;f_grid_resolution;f_zero_no_detection
WLF,Wallis- og Futunaøyene,country,2014,burned_area_km2,0.0,km2,K9,gfed5_annual_burned_area,measured,f_product_level;f_grid_resolution;f_zero_no_detection
WLF,Wallis- og Futunaøyene,country,2015,burned_area_km2,0.0,km2,K9,gfed5_annual_burned_area,measured,f_product_level;f_grid_resolution;f_zero_no_detection
WLF,Wallis- og Futunaøyene,country,2016,burned_area_km2,0.0,km2,K9,gfed5_annual_burned_area,measured,f_product_level;f_grid_resolution;f_zero_no_detection
WLF,Wallis- og Futunaøyene,country,2017,burned_area_km2,0.0,km2,K9,gfed5_annual_burned_area,measured,f_product_level;f_grid_resolution;f_zero_no_detection
WLF,Wallis- og Futunaøyene,country,2018,burned_area_km2,0.0,km2,K9,gfed5_annual_burned_area,measured,f_product_level;f_grid_resolution;f_zero_no_detection
WLF,Wallis- og Futunaøyene,country,2019,burned_area_km2,0.0,km2,K9,gfed5_annual_burned_area,measured,f_product_level;f_grid_resolution;f_zero_no_detection
WLF,Wallis- og Futunaøyene,country,2020,burned_area_km2,0.0,km2,K9,gfed5_annual_burned_area,measured,f_product_level;f_grid_resolution;f_zero_no_detection
WSM,Samoa,country,1997,burned_area_km2,0.0,km2,K9,gfed5_annual_burned_area,measured,f_product_level;f_resolution_change;f_grid_resolution;f_zero_no_detection
WSM,Samoa,country,1998,burned_area_km2,0.0,km2,K9,gfed5_annual_burned_area,measured,f_product_level;f_resolution_change;f_grid_resolution;f_zero_no_detection
WSM,Samoa,country,1999,burned_area_km2,0.0,km2,K9,gfed5_annual_burned_area,measured,f_product_level;f_resolution_change;f_grid_resolution;f_zero_no_detection
WSM,Samoa,country,2000,burned_area_km2,0.0,km2,K9,gfed5_annual_burned_area,measured,f_product_level;f_resolution_change;f_grid_resolution;f_zero_no_detection
WSM,Samoa,country,2001,burned_area_km2,0.0,km2,K9,gfed5_annual_burned_area,measured,f_product_level;f_zero_no_detection
WSM,Samoa,country,2002,burned_area_km2,0.0,km2,K9,gfed5_annual_burned_area,measured,f_product_level;f_zero_no_detection
WSM,Samoa,country,2003,burned_area_km2,0.0,km2,K9,gfed5_annual_burned_area,measured,f_product_level;f_zero_no_detection
WSM,Samoa,country,2004,burned_area_km2,0.0,km2,K9,gfed5_annual_burned_area,measured,f_product_level;f_zero_no_detection
WSM,Samoa,country,2005,burned_area_km2,0.0,km2,K9,gfed5_annual_burned_area,measured,f_product_level;f_zero_no_detection
WSM,Samoa,country,2006,burned_area_km2,0.0,km2,K9,gfed5_annual_burned_area,measured,f_product_level;f_zero_no_detection
WSM,Samoa,country,2007,burned_area_km2,0.0,km2,K9,gfed5_annual_burned_area,measured,f_product_level;f_zero_no_detection
WSM,Samoa,country,2008,burned_area_km2,0.0,km2,K9,gfed5_annual_burned_area,measured,f_product_level;f_zero_no_detection
WSM,Samoa,country,2009,burned_area_km2,1.76,km2,K9,gfed5_annual_burned_area,measured,f_product_level
WSM,Samoa,country,2010,burned_area_km2,0.0,km2,K9,gfed5_annual_burned_area,measured,f_product_level;f_zero_no_detection
WSM,Samoa,country,2011,burned_area_km2,13.09,km2,K9,gfed5_annual_burned_area,measured,f_product_level
WSM,Samoa,country,2012,burned_area_km2,0.0,km2,K9,gfed5_annual_burned_area,measured,f_product_level;f_zero_no_detection
WSM,Samoa,country,2013,burned_area_km2,0.0,km2,K9,gfed5_annual_burned_area,measured,f_product_level;f_zero_no_detection
WSM,Samoa,country,2014,burned_area_km2,0.0,km2,K9,gfed5_annual_burned_area,measured,f_product_level;f_zero_no_detection
WSM,Samoa,country,2015,burned_area_km2,1.76,km2,K9,gfed5_annual_burned_area,measured,f_product_level
WSM,Samoa,country,2016,burned_area_km2,0.0,km2,K9,gfed5_annual_burned_area,measured,f_product_level;f_zero_no_detection
WSM,Samoa,country,2017,burned_area_km2,0.0,km2,K9,gfed5_annual_burned_area,measured,f_product_level;f_zero_no_detection
WSM,Samoa,country,2018,burned_area_km2,0.0,km2,K9,gfed5_annual_burned_area,measured,f_product_level;f_zero_no_detection
WSM,Samoa,country,2019,burned_area_km2,0.0,km2,K9,gfed5_annual_burned_area,measured,f_product_level;f_zero_no_detection
WSM,Samoa,country,2020,burned_area_km2,0.0,km2,K9,gfed5_annual_burned_area,measured,f_product_level;f_zero_no_detection
XKX,Kosovo,country,1997,burned_area_km2,316.15,km2,K9,gfed5_annual_burned_area,measured,f_product_level;f_resolution_change;f_grid_resolution
XKX,Kosovo,country,1998,burned_area_km2,526.92,km2,K9,gfed5_annual_burned_area,measured,f_product_level;f_resolution_change;f_grid_resolution
XKX,Kosovo,country,1999,burned_area_km2,352.55,km2,K9,gfed5_annual_burned_area,measured,f_product_level;f_resolution_change;f_grid_resolution
XKX,Kosovo,country,2000,burned_area_km2,982.5,km2,K9,gfed5_annual_burned_area,measured,f_product_level;f_resolution_change;f_grid_resolution
XKX,Kosovo,country,2001,burned_area_km2,153.59,km2,K9,gfed5_annual_burned_area,measured,f_product_level
XKX,Kosovo,country,2002,burned_area_km2,100.51,km2,K9,gfed5_annual_burned_area,measured,f_product_level
XKX,Kosovo,country,2003,burned_area_km2,170.04,km2,K9,gfed5_annual_burned_area,measured,f_product_level
XKX,Kosovo,country,2004,burned_area_km2,167.11,km2,K9,gfed5_annual_burned_area,measured,f_product_level
XKX,Kosovo,country,2005,burned_area_km2,153.43,km2,K9,gfed5_annual_burned_area,measured,f_product_level
XKX,Kosovo,country,2006,burned_area_km2,75.05,km2,K9,gfed5_annual_burned_area,measured,f_product_level
XKX,Kosovo,country,2007,burned_area_km2,590.12,km2,K9,gfed5_annual_burned_area,measured,f_product_level
XKX,Kosovo,country,2008,burned_area_km2,187.26,km2,K9,gfed5_annual_burned_area,measured,f_product_level
XKX,Kosovo,country,2009,burned_area_km2,159.09,km2,K9,gfed5_annual_burned_area,measured,f_product_level
XKX,Kosovo,country,2010,burned_area_km2,193.83,km2,K9,gfed5_annual_burned_area,measured,f_product_level
XKX,Kosovo,country,2011,burned_area_km2,512.75,km2,K9,gfed5_annual_burned_area,measured,f_product_level
XKX,Kosovo,country,2012,burned_area_km2,543.04,km2,K9,gfed5_annual_burned_area,measured,f_product_level
XKX,Kosovo,country,2013,burned_area_km2,237.64,km2,K9,gfed5_annual_burned_area,measured,f_product_level
XKX,Kosovo,country,2014,burned_area_km2,225.6,km2,K9,gfed5_annual_burned_area,measured,f_product_level
XKX,Kosovo,country,2015,burned_area_km2,149.47,km2,K9,gfed5_annual_burned_area,measured,f_product_level
XKX,Kosovo,country,2016,burned_area_km2,76.96,km2,K9,gfed5_annual_burned_area,measured,f_product_level
XKX,Kosovo,country,2017,burned_area_km2,233.35,km2,K9,gfed5_annual_burned_area,measured,f_product_level
XKX,Kosovo,country,2018,burned_area_km2,152.38,km2,K9,gfed5_annual_burned_area,measured,f_product_level
XKX,Kosovo,country,2019,burned_area_km2,392.28,km2,K9,gfed5_annual_burned_area,measured,f_product_level
XKX,Kosovo,country,2020,burned_area_km2,221.34,km2,K9,gfed5_annual_burned_area,measured,f_product_level
YEM,Jemen,country,1997,burned_area_km2,0.0,km2,K9,gfed5_annual_burned_area,measured,f_product_level;f_resolution_change;f_zero_no_detection
YEM,Jemen,country,1998,burned_area_km2,4.46,km2,K9,gfed5_annual_burned_area,measured,f_product_level;f_resolution_change
YEM,Jemen,country,1999,burned_area_km2,0.11,km2,K9,gfed5_annual_burned_area,measured,f_product_level;f_resolution_change
YEM,Jemen,country,2000,burned_area_km2,3.74,km2,K9,gfed5_annual_burned_area,measured,f_product_level;f_resolution_change
YEM,Jemen,country,2001,burned_area_km2,46.34,km2,K9,gfed5_annual_burned_area,measured,f_product_level
YEM,Jemen,country,2002,burned_area_km2,60.84,km2,K9,gfed5_annual_burned_area,measured,f_product_level
YEM,Jemen,country,2003,burned_area_km2,19.93,km2,K9,gfed5_annual_burned_area,measured,f_product_level
YEM,Jemen,country,2004,burned_area_km2,17.61,km2,K9,gfed5_annual_burned_area,measured,f_product_level
YEM,Jemen,country,2005,burned_area_km2,22.8,km2,K9,gfed5_annual_burned_area,measured,f_product_level
YEM,Jemen,country,2006,burned_area_km2,21.47,km2,K9,gfed5_annual_burned_area,measured,f_product_level
YEM,Jemen,country,2007,burned_area_km2,1.18,km2,K9,gfed5_annual_burned_area,measured,f_product_level
YEM,Jemen,country,2008,burned_area_km2,30.36,km2,K9,gfed5_annual_burned_area,measured,f_product_level
YEM,Jemen,country,2009,burned_area_km2,40.52,km2,K9,gfed5_annual_burned_area,measured,f_product_level
YEM,Jemen,country,2010,burned_area_km2,31.16,km2,K9,gfed5_annual_burned_area,measured,f_product_level
YEM,Jemen,country,2011,burned_area_km2,26.59,km2,K9,gfed5_annual_burned_area,measured,f_product_level
YEM,Jemen,country,2012,burned_area_km2,34.23,km2,K9,gfed5_annual_burned_area,measured,f_product_level
YEM,Jemen,country,2013,burned_area_km2,50.46,km2,K9,gfed5_annual_burned_area,measured,f_product_level
YEM,Jemen,country,2014,burned_area_km2,31.42,km2,K9,gfed5_annual_burned_area,measured,f_product_level
YEM,Jemen,country,2015,burned_area_km2,60.31,km2,K9,gfed5_annual_burned_area,measured,f_product_level
YEM,Jemen,country,2016,burned_area_km2,29.96,km2,K9,gfed5_annual_burned_area,measured,f_product_level
YEM,Jemen,country,2017,burned_area_km2,20.53,km2,K9,gfed5_annual_burned_area,measured,f_product_level
YEM,Jemen,country,2018,burned_area_km2,50.14,km2,K9,gfed5_annual_burned_area,measured,f_product_level
YEM,Jemen,country,2019,burned_area_km2,17.57,km2,K9,gfed5_annual_burned_area,measured,f_product_level
YEM,Jemen,country,2020,burned_area_km2,65.29,km2,K9,gfed5_annual_burned_area,measured,f_product_level
ZAF,Sør-Afrika,country,1997,burned_area_km2,157273.53,km2,K9,gfed5_annual_burned_area,measured,f_product_level;f_resolution_change
ZAF,Sør-Afrika,country,1998,burned_area_km2,217707.47,km2,K9,gfed5_annual_burned_area,measured,f_product_level;f_resolution_change
ZAF,Sør-Afrika,country,1999,burned_area_km2,171881.01,km2,K9,gfed5_annual_burned_area,measured,f_product_level;f_resolution_change
ZAF,Sør-Afrika,country,2000,burned_area_km2,160509.51,km2,K9,gfed5_annual_burned_area,measured,f_product_level;f_resolution_change
ZAF,Sør-Afrika,country,2001,burned_area_km2,82390.9,km2,K9,gfed5_annual_burned_area,measured,f_product_level
ZAF,Sør-Afrika,country,2002,burned_area_km2,77841.93,km2,K9,gfed5_annual_burned_area,measured,f_product_level
ZAF,Sør-Afrika,country,2003,burned_area_km2,48900.65,km2,K9,gfed5_annual_burned_area,measured,f_product_level
ZAF,Sør-Afrika,country,2004,burned_area_km2,40631.54,km2,K9,gfed5_annual_burned_area,measured,f_product_level
ZAF,Sør-Afrika,country,2005,burned_area_km2,60419.27,km2,K9,gfed5_annual_burned_area,measured,f_product_level
ZAF,Sør-Afrika,country,2006,burned_area_km2,50177.28,km2,K9,gfed5_annual_burned_area,measured,f_product_level
ZAF,Sør-Afrika,country,2007,burned_area_km2,55915.28,km2,K9,gfed5_annual_burned_area,measured,f_product_level
ZAF,Sør-Afrika,country,2008,burned_area_km2,54439.15,km2,K9,gfed5_annual_burned_area,measured,f_product_level
ZAF,Sør-Afrika,country,2009,burned_area_km2,53274.36,km2,K9,gfed5_annual_burned_area,measured,f_product_level
ZAF,Sør-Afrika,country,2010,burned_area_km2,62446.72,km2,K9,gfed5_annual_burned_area,measured,f_product_level
ZAF,Sør-Afrika,country,2011,burned_area_km2,59715.71,km2,K9,gfed5_annual_burned_area,measured,f_product_level
ZAF,Sør-Afrika,country,2012,burned_area_km2,54069.54,km2,K9,gfed5_annual_burned_area,measured,f_product_level
ZAF,Sør-Afrika,country,2013,burned_area_km2,54048.73,km2,K9,gfed5_annual_burned_area,measured,f_product_level
ZAF,Sør-Afrika,country,2014,burned_area_km2,57233.1,km2,K9,gfed5_annual_burned_area,measured,f_product_level
ZAF,Sør-Afrika,country,2015,burned_area_km2,41096.05,km2,K9,gfed5_annual_burned_area,measured,f_product_level
ZAF,Sør-Afrika,country,2016,burned_area_km2,28707.93,km2,K9,gfed5_annual_burned_area,measured,f_product_level
ZAF,Sør-Afrika,country,2017,burned_area_km2,45776.29,km2,K9,gfed5_annual_burned_area,measured,f_product_level
ZAF,Sør-Afrika,country,2018,burned_area_km2,43727.93,km2,K9,gfed5_annual_burned_area,measured,f_product_level
ZAF,Sør-Afrika,country,2019,burned_area_km2,43057.66,km2,K9,gfed5_annual_burned_area,measured,f_product_level
ZAF,Sør-Afrika,country,2020,burned_area_km2,47618.84,km2,K9,gfed5_annual_burned_area,measured,f_product_level
ZMB,Zambia,country,1997,burned_area_km2,232370.09,km2,K9,gfed5_annual_burned_area,measured,f_product_level;f_resolution_change
ZMB,Zambia,country,1998,burned_area_km2,283059.14,km2,K9,gfed5_annual_burned_area,measured,f_product_level;f_resolution_change
ZMB,Zambia,country,1999,burned_area_km2,212853.7,km2,K9,gfed5_annual_burned_area,measured,f_product_level;f_resolution_change
ZMB,Zambia,country,2000,burned_area_km2,203439.69,km2,K9,gfed5_annual_burned_area,measured,f_product_level;f_resolution_change
ZMB,Zambia,country,2001,burned_area_km2,481069.12,km2,K9,gfed5_annual_burned_area,measured,f_product_level
ZMB,Zambia,country,2002,burned_area_km2,440165.37,km2,K9,gfed5_annual_burned_area,measured,f_product_level
ZMB,Zambia,country,2003,burned_area_km2,369036.05,km2,K9,gfed5_annual_burned_area,measured,f_product_level
ZMB,Zambia,country,2004,burned_area_km2,361783.4,km2,K9,gfed5_annual_burned_area,measured,f_product_level
ZMB,Zambia,country,2005,burned_area_km2,392110.81,km2,K9,gfed5_annual_burned_area,measured,f_product_level
ZMB,Zambia,country,2006,burned_area_km2,344177.01,km2,K9,gfed5_annual_burned_area,measured,f_product_level
ZMB,Zambia,country,2007,burned_area_km2,374811.71,km2,K9,gfed5_annual_burned_area,measured,f_product_level
ZMB,Zambia,country,2008,burned_area_km2,400328.05,km2,K9,gfed5_annual_burned_area,measured,f_product_level
ZMB,Zambia,country,2009,burned_area_km2,363999.17,km2,K9,gfed5_annual_burned_area,measured,f_product_level
ZMB,Zambia,country,2010,burned_area_km2,388844.44,km2,K9,gfed5_annual_burned_area,measured,f_product_level
ZMB,Zambia,country,2011,burned_area_km2,386931.01,km2,K9,gfed5_annual_burned_area,measured,f_product_level
ZMB,Zambia,country,2012,burned_area_km2,393111.93,km2,K9,gfed5_annual_burned_area,measured,f_product_level
ZMB,Zambia,country,2013,burned_area_km2,395856.46,km2,K9,gfed5_annual_burned_area,measured,f_product_level
ZMB,Zambia,country,2014,burned_area_km2,370964.34,km2,K9,gfed5_annual_burned_area,measured,f_product_level
ZMB,Zambia,country,2015,burned_area_km2,388257.41,km2,K9,gfed5_annual_burned_area,measured,f_product_level
ZMB,Zambia,country,2016,burned_area_km2,386463.37,km2,K9,gfed5_annual_burned_area,measured,f_product_level
ZMB,Zambia,country,2017,burned_area_km2,356077.56,km2,K9,gfed5_annual_burned_area,measured,f_product_level
ZMB,Zambia,country,2018,burned_area_km2,353545.84,km2,K9,gfed5_annual_burned_area,measured,f_product_level
ZMB,Zambia,country,2019,burned_area_km2,365522.89,km2,K9,gfed5_annual_burned_area,measured,f_product_level
ZMB,Zambia,country,2020,burned_area_km2,350465.23,km2,K9,gfed5_annual_burned_area,measured,f_product_level
ZWE,Zimbabwe,country,1997,burned_area_km2,91481.35,km2,K9,gfed5_annual_burned_area,measured,f_product_level;f_resolution_change
ZWE,Zimbabwe,country,1998,burned_area_km2,113465.7,km2,K9,gfed5_annual_burned_area,measured,f_product_level;f_resolution_change
ZWE,Zimbabwe,country,1999,burned_area_km2,87241.79,km2,K9,gfed5_annual_burned_area,measured,f_product_level;f_resolution_change
ZWE,Zimbabwe,country,2000,burned_area_km2,79396.92,km2,K9,gfed5_annual_burned_area,measured,f_product_level;f_resolution_change
ZWE,Zimbabwe,country,2001,burned_area_km2,87896.66,km2,K9,gfed5_annual_burned_area,measured,f_product_level
ZWE,Zimbabwe,country,2002,burned_area_km2,60179.74,km2,K9,gfed5_annual_burned_area,measured,f_product_level
ZWE,Zimbabwe,country,2003,burned_area_km2,37979.98,km2,K9,gfed5_annual_burned_area,measured,f_product_level
ZWE,Zimbabwe,country,2004,burned_area_km2,54324.18,km2,K9,gfed5_annual_burned_area,measured,f_product_level
ZWE,Zimbabwe,country,2005,burned_area_km2,56435.47,km2,K9,gfed5_annual_burned_area,measured,f_product_level
ZWE,Zimbabwe,country,2006,burned_area_km2,49921.37,km2,K9,gfed5_annual_burned_area,measured,f_product_level
ZWE,Zimbabwe,country,2007,burned_area_km2,55141.86,km2,K9,gfed5_annual_burned_area,measured,f_product_level
ZWE,Zimbabwe,country,2008,burned_area_km2,65177.71,km2,K9,gfed5_annual_burned_area,measured,f_product_level
ZWE,Zimbabwe,country,2009,burned_area_km2,61885.23,km2,K9,gfed5_annual_burned_area,measured,f_product_level
ZWE,Zimbabwe,country,2010,burned_area_km2,59911.18,km2,K9,gfed5_annual_burned_area,measured,f_product_level
ZWE,Zimbabwe,country,2011,burned_area_km2,68099.34,km2,K9,gfed5_annual_burned_area,measured,f_product_level
ZWE,Zimbabwe,country,2012,burned_area_km2,51220.93,km2,K9,gfed5_annual_burned_area,measured,f_product_level
ZWE,Zimbabwe,country,2013,burned_area_km2,42937.58,km2,K9,gfed5_annual_burned_area,measured,f_product_level
ZWE,Zimbabwe,country,2014,burned_area_km2,48983.46,km2,K9,gfed5_annual_burned_area,measured,f_product_level
ZWE,Zimbabwe,country,2015,burned_area_km2,51870.1,km2,K9,gfed5_annual_burned_area,measured,f_product_level
ZWE,Zimbabwe,country,2016,burned_area_km2,34240.91,km2,K9,gfed5_annual_burned_area,measured,f_product_level
ZWE,Zimbabwe,country,2017,burned_area_km2,40155.59,km2,K9,gfed5_annual_burned_area,measured,f_product_level
ZWE,Zimbabwe,country,2018,burned_area_km2,46987.65,km2,K9,gfed5_annual_burned_area,measured,f_product_level
ZWE,Zimbabwe,country,2019,burned_area_km2,44931.79,km2,K9,gfed5_annual_burned_area,measured,f_product_level
ZWE,Zimbabwe,country,2020,burned_area_km2,25905.36,km2,K9,gfed5_annual_burned_area,measured,f_product_level
