entity,entity_name,level,period,indicator,value,unit,source_id,series_id,quality,footnotes
ABW,Aruba,country,2012,burned_area_share_land,0.0,share,K1,owid_annual_area_burnt_share_land,measured,f_sensor_break;f_min_fire_size;f_zero_no_detection
ABW,Aruba,country,2013,burned_area_share_land,0.0,share,K1,owid_annual_area_burnt_share_land,measured,f_sensor_break;f_min_fire_size;f_zero_no_detection
ABW,Aruba,country,2014,burned_area_share_land,0.0,share,K1,owid_annual_area_burnt_share_land,measured,f_sensor_break;f_min_fire_size;f_zero_no_detection
ABW,Aruba,country,2015,burned_area_share_land,0.0,share,K1,owid_annual_area_burnt_share_land,measured,f_sensor_break;f_min_fire_size;f_zero_no_detection
ABW,Aruba,country,2016,burned_area_share_land,0.0,share,K1,owid_annual_area_burnt_share_land,measured,f_sensor_break;f_min_fire_size;f_zero_no_detection
ABW,Aruba,country,2017,burned_area_share_land,0.0,share,K1,owid_annual_area_burnt_share_land,measured,f_sensor_break;f_min_fire_size;f_zero_no_detection
ABW,Aruba,country,2018,burned_area_share_land,0.0,share,K1,owid_annual_area_burnt_share_land,measured,f_sensor_break;f_min_fire_size;f_zero_no_detection
ABW,Aruba,country,2019,burned_area_share_land,0.0,share,K1,owid_annual_area_burnt_share_land,measured,f_sensor_break;f_min_fire_size;f_zero_no_detection
ABW,Aruba,country,2020,burned_area_share_land,0.0,share,K1,owid_annual_area_burnt_share_land,measured,f_sensor_break;f_min_fire_size;f_zero_no_detection
ABW,Aruba,country,2021,burned_area_share_land,0.0,share,K1,owid_annual_area_burnt_share_land,measured,f_sensor_break;f_min_fire_size;f_zero_no_detection
ABW,Aruba,country,2022,burned_area_share_land,0.0,share,K1,owid_annual_area_burnt_share_land,measured,f_sensor_break;f_min_fire_size;f_zero_no_detection
ABW,Aruba,country,2023,burned_area_share_land,0.0,share,K1,owid_annual_area_burnt_share_land,measured,f_sensor_break;f_min_fire_size;f_zero_no_detection
ABW,Aruba,country,2024,burned_area_share_land,0.0,share,K1,owid_annual_area_burnt_share_land,measured,f_sensor_break;f_min_fire_size;f_zero_no_detection
ABW,Aruba,country,2025,burned_area_share_land,0.0,share,K1,owid_annual_area_burnt_share_land,measured,f_sensor_break;f_min_fire_size;f_zero_no_detection
ABW,Aruba,country,2026,burned_area_share_land,0.0,share,K1,owid_annual_area_burnt_share_land,measured,f_sensor_break;f_min_fire_size;f_incomplete_year;f_zero_no_detection
AFG,Afghanistan,country,2012,burned_area_share_land,0.0001625,share,K1,owid_annual_area_burnt_share_land,measured,f_sensor_break;f_min_fire_size
AFG,Afghanistan,country,2013,burned_area_share_land,9.18e-05,share,K1,owid_annual_area_burnt_share_land,measured,f_sensor_break;f_min_fire_size
AFG,Afghanistan,country,2014,burned_area_share_land,7.999e-05,share,K1,owid_annual_area_burnt_share_land,measured,f_sensor_break;f_min_fire_size
AFG,Afghanistan,country,2015,burned_area_share_land,6.363e-05,share,K1,owid_annual_area_burnt_share_land,measured,f_sensor_break;f_min_fire_size
AFG,Afghanistan,country,2016,burned_area_share_land,0.00015083,share,K1,owid_annual_area_burnt_share_land,measured,f_sensor_break;f_min_fire_size
AFG,Afghanistan,country,2017,burned_area_share_land,0.00023993,share,K1,owid_annual_area_burnt_share_land,measured,f_sensor_break;f_min_fire_size
AFG,Afghanistan,country,2018,burned_area_share_land,0.00015619,share,K1,owid_annual_area_burnt_share_land,measured,f_sensor_break;f_min_fire_size
AFG,Afghanistan,country,2019,burned_area_share_land,0.00011995,share,K1,owid_annual_area_burnt_share_land,measured,f_sensor_break;f_min_fire_size
AFG,Afghanistan,country,2020,burned_area_share_land,0.00046198,share,K1,owid_annual_area_burnt_share_land,measured,f_sensor_break;f_min_fire_size
AFG,Afghanistan,country,2021,burned_area_share_land,0.00026394,share,K1,owid_annual_area_burnt_share_land,measured,f_sensor_break;f_min_fire_size
AFG,Afghanistan,country,2022,burned_area_share_land,3.005e-05,share,K1,owid_annual_area_burnt_share_land,measured,f_sensor_break;f_min_fire_size
AFG,Afghanistan,country,2023,burned_area_share_land,3.434e-05,share,K1,owid_annual_area_burnt_share_land,measured,f_sensor_break;f_min_fire_size
AFG,Afghanistan,country,2024,burned_area_share_land,3.186e-05,share,K1,owid_annual_area_burnt_share_land,measured,f_sensor_break;f_min_fire_size
AFG,Afghanistan,country,2025,burned_area_share_land,3.426e-05,share,K1,owid_annual_area_burnt_share_land,measured,f_sensor_break;f_min_fire_size
AFG,Afghanistan,country,2026,burned_area_share_land,3.088e-05,share,K1,owid_annual_area_burnt_share_land,measured,f_sensor_break;f_min_fire_size;f_incomplete_year
AGO,Angola,country,2012,burned_area_share_land,0.28067341,share,K1,owid_annual_area_burnt_share_land,measured,f_sensor_break;f_min_fire_size
AGO,Angola,country,2013,burned_area_share_land,0.30511286,share,K1,owid_annual_area_burnt_share_land,measured,f_sensor_break;f_min_fire_size
AGO,Angola,country,2014,burned_area_share_land,0.27277387,share,K1,owid_annual_area_burnt_share_land,measured,f_sensor_break;f_min_fire_size
AGO,Angola,country,2015,burned_area_share_land,0.31424535,share,K1,owid_annual_area_burnt_share_land,measured,f_sensor_break;f_min_fire_size
AGO,Angola,country,2016,burned_area_share_land,0.31139645,share,K1,owid_annual_area_burnt_share_land,measured,f_sensor_break;f_min_fire_size
AGO,Angola,country,2017,burned_area_share_land,0.3029528,share,K1,owid_annual_area_burnt_share_land,measured,f_sensor_break;f_min_fire_size
AGO,Angola,country,2018,burned_area_share_land,0.2599206,share,K1,owid_annual_area_burnt_share_land,measured,f_sensor_break;f_min_fire_size
AGO,Angola,country,2019,burned_area_share_land,0.32574619,share,K1,owid_annual_area_burnt_share_land,measured,f_sensor_break;f_min_fire_size
AGO,Angola,country,2020,burned_area_share_land,0.26535067,share,K1,owid_annual_area_burnt_share_land,measured,f_sensor_break;f_min_fire_size
AGO,Angola,country,2021,burned_area_share_land,0.24838177,share,K1,owid_annual_area_burnt_share_land,measured,f_sensor_break;f_min_fire_size
AGO,Angola,country,2022,burned_area_share_land,0.27040884,share,K1,owid_annual_area_burnt_share_land,measured,f_sensor_break;f_min_fire_size
AGO,Angola,country,2023,burned_area_share_land,0.30475191,share,K1,owid_annual_area_burnt_share_land,measured,f_sensor_break;f_min_fire_size
AGO,Angola,country,2024,burned_area_share_land,0.27532292,share,K1,owid_annual_area_burnt_share_land,measured,f_sensor_break;f_min_fire_size
AGO,Angola,country,2025,burned_area_share_land,0.20015818,share,K1,owid_annual_area_burnt_share_land,measured,f_sensor_break;f_min_fire_size
AGO,Angola,country,2026,burned_area_share_land,0.06004029,share,K1,owid_annual_area_burnt_share_land,measured,f_sensor_break;f_min_fire_size;f_incomplete_year
AIA,Anguilla,country,2012,burned_area_share_land,0.0,share,K1,owid_annual_area_burnt_share_land,measured,f_sensor_break;f_min_fire_size;f_zero_no_detection
AIA,Anguilla,country,2013,burned_area_share_land,0.0,share,K1,owid_annual_area_burnt_share_land,measured,f_sensor_break;f_min_fire_size;f_zero_no_detection
AIA,Anguilla,country,2014,burned_area_share_land,0.0,share,K1,owid_annual_area_burnt_share_land,measured,f_sensor_break;f_min_fire_size;f_zero_no_detection
AIA,Anguilla,country,2015,burned_area_share_land,0.0,share,K1,owid_annual_area_burnt_share_land,measured,f_sensor_break;f_min_fire_size;f_zero_no_detection
AIA,Anguilla,country,2016,burned_area_share_land,0.0,share,K1,owid_annual_area_burnt_share_land,measured,f_sensor_break;f_min_fire_size;f_zero_no_detection
AIA,Anguilla,country,2017,burned_area_share_land,0.0,share,K1,owid_annual_area_burnt_share_land,measured,f_sensor_break;f_min_fire_size;f_zero_no_detection
AIA,Anguilla,country,2018,burned_area_share_land,0.0,share,K1,owid_annual_area_burnt_share_land,measured,f_sensor_break;f_min_fire_size;f_zero_no_detection
AIA,Anguilla,country,2019,burned_area_share_land,0.0,share,K1,owid_annual_area_burnt_share_land,measured,f_sensor_break;f_min_fire_size;f_zero_no_detection
AIA,Anguilla,country,2020,burned_area_share_land,0.0,share,K1,owid_annual_area_burnt_share_land,measured,f_sensor_break;f_min_fire_size;f_zero_no_detection
AIA,Anguilla,country,2021,burned_area_share_land,0.0,share,K1,owid_annual_area_burnt_share_land,measured,f_sensor_break;f_min_fire_size;f_zero_no_detection
AIA,Anguilla,country,2022,burned_area_share_land,0.0,share,K1,owid_annual_area_burnt_share_land,measured,f_sensor_break;f_min_fire_size;f_zero_no_detection
AIA,Anguilla,country,2023,burned_area_share_land,0.0,share,K1,owid_annual_area_burnt_share_land,measured,f_sensor_break;f_min_fire_size;f_zero_no_detection
AIA,Anguilla,country,2024,burned_area_share_land,0.0,share,K1,owid_annual_area_burnt_share_land,measured,f_sensor_break;f_min_fire_size;f_zero_no_detection
AIA,Anguilla,country,2025,burned_area_share_land,0.0,share,K1,owid_annual_area_burnt_share_land,measured,f_sensor_break;f_min_fire_size;f_zero_no_detection
AIA,Anguilla,country,2026,burned_area_share_land,0.0,share,K1,owid_annual_area_burnt_share_land,measured,f_sensor_break;f_min_fire_size;f_incomplete_year;f_zero_no_detection
ALA,Åland,country,2012,burned_area_share_land,0.0,share,K1,owid_annual_area_burnt_share_land,measured,f_sensor_break;f_min_fire_size;f_zero_no_detection
ALA,Åland,country,2013,burned_area_share_land,0.0,share,K1,owid_annual_area_burnt_share_land,measured,f_sensor_break;f_min_fire_size;f_zero_no_detection
ALA,Åland,country,2014,burned_area_share_land,0.0,share,K1,owid_annual_area_burnt_share_land,measured,f_sensor_break;f_min_fire_size;f_zero_no_detection
ALA,Åland,country,2015,burned_area_share_land,0.0,share,K1,owid_annual_area_burnt_share_land,measured,f_sensor_break;f_min_fire_size;f_zero_no_detection
ALA,Åland,country,2016,burned_area_share_land,0.0,share,K1,owid_annual_area_burnt_share_land,measured,f_sensor_break;f_min_fire_size;f_zero_no_detection
ALA,Åland,country,2017,burned_area_share_land,0.0,share,K1,owid_annual_area_burnt_share_land,measured,f_sensor_break;f_min_fire_size;f_zero_no_detection
ALA,Åland,country,2018,burned_area_share_land,0.0,share,K1,owid_annual_area_burnt_share_land,measured,f_sensor_break;f_min_fire_size;f_zero_no_detection
ALA,Åland,country,2019,burned_area_share_land,0.0,share,K1,owid_annual_area_burnt_share_land,measured,f_sensor_break;f_min_fire_size;f_zero_no_detection
ALA,Åland,country,2020,burned_area_share_land,0.0,share,K1,owid_annual_area_burnt_share_land,measured,f_sensor_break;f_min_fire_size;f_zero_no_detection
ALA,Åland,country,2021,burned_area_share_land,0.0,share,K1,owid_annual_area_burnt_share_land,measured,f_sensor_break;f_min_fire_size;f_zero_no_detection
ALA,Åland,country,2022,burned_area_share_land,0.0,share,K1,owid_annual_area_burnt_share_land,measured,f_sensor_break;f_min_fire_size;f_zero_no_detection
ALA,Åland,country,2023,burned_area_share_land,0.0,share,K1,owid_annual_area_burnt_share_land,measured,f_sensor_break;f_min_fire_size;f_zero_no_detection
ALA,Åland,country,2024,burned_area_share_land,0.0,share,K1,owid_annual_area_burnt_share_land,measured,f_sensor_break;f_min_fire_size;f_zero_no_detection
ALA,Åland,country,2025,burned_area_share_land,0.0,share,K1,owid_annual_area_burnt_share_land,measured,f_sensor_break;f_min_fire_size;f_zero_no_detection
ALA,Åland,country,2026,burned_area_share_land,0.0,share,K1,owid_annual_area_burnt_share_land,measured,f_sensor_break;f_min_fire_size;f_incomplete_year;f_zero_no_detection
ALB,Albania,country,2012,burned_area_share_land,0.06232589,share,K1,owid_annual_area_burnt_share_land,measured,f_sensor_break;f_min_fire_size
ALB,Albania,country,2013,burned_area_share_land,0.00376941,share,K1,owid_annual_area_burnt_share_land,measured,f_sensor_break;f_min_fire_size
ALB,Albania,country,2014,burned_area_share_land,0.00153596,share,K1,owid_annual_area_burnt_share_land,measured,f_sensor_break;f_min_fire_size
ALB,Albania,country,2015,burned_area_share_land,0.00848232,share,K1,owid_annual_area_burnt_share_land,measured,f_sensor_break;f_min_fire_size
ALB,Albania,country,2016,burned_area_share_land,0.00507029,share,K1,owid_annual_area_burnt_share_land,measured,f_sensor_break;f_min_fire_size
ALB,Albania,country,2017,burned_area_share_land,0.03595657,share,K1,owid_annual_area_burnt_share_land,measured,f_sensor_break;f_min_fire_size
ALB,Albania,country,2018,burned_area_share_land,0.00362667,share,K1,owid_annual_area_burnt_share_land,measured,f_sensor_break;f_min_fire_size
ALB,Albania,country,2019,burned_area_share_land,0.0116265,share,K1,owid_annual_area_burnt_share_land,measured,f_sensor_break;f_min_fire_size
ALB,Albania,country,2020,burned_area_share_land,0.0120163,share,K1,owid_annual_area_burnt_share_land,measured,f_sensor_break;f_min_fire_size
ALB,Albania,country,2021,burned_area_share_land,0.01787854,share,K1,owid_annual_area_burnt_share_land,measured,f_sensor_break;f_min_fire_size
ALB,Albania,country,2022,burned_area_share_land,0.01324951,share,K1,owid_annual_area_burnt_share_land,measured,f_sensor_break;f_min_fire_size
ALB,Albania,country,2023,burned_area_share_land,0.00428504,share,K1,owid_annual_area_burnt_share_land,measured,f_sensor_break;f_min_fire_size
ALB,Albania,country,2024,burned_area_share_land,0.02116123,share,K1,owid_annual_area_burnt_share_land,measured,f_sensor_break;f_min_fire_size
ALB,Albania,country,2025,burned_area_share_land,0.02568593,share,K1,owid_annual_area_burnt_share_land,measured,f_sensor_break;f_min_fire_size
ALB,Albania,country,2026,burned_area_share_land,0.0003965,share,K1,owid_annual_area_burnt_share_land,measured,f_sensor_break;f_min_fire_size;f_incomplete_year
AND,Andorra,country,2012,burned_area_share_land,0.0,share,K1,owid_annual_area_burnt_share_land,measured,f_sensor_break;f_min_fire_size;f_zero_no_detection
AND,Andorra,country,2013,burned_area_share_land,0.0,share,K1,owid_annual_area_burnt_share_land,measured,f_sensor_break;f_min_fire_size;f_zero_no_detection
AND,Andorra,country,2014,burned_area_share_land,0.0,share,K1,owid_annual_area_burnt_share_land,measured,f_sensor_break;f_min_fire_size;f_zero_no_detection
AND,Andorra,country,2015,burned_area_share_land,0.0,share,K1,owid_annual_area_burnt_share_land,measured,f_sensor_break;f_min_fire_size;f_zero_no_detection
AND,Andorra,country,2016,burned_area_share_land,0.0,share,K1,owid_annual_area_burnt_share_land,measured,f_sensor_break;f_min_fire_size;f_zero_no_detection
AND,Andorra,country,2017,burned_area_share_land,0.0,share,K1,owid_annual_area_burnt_share_land,measured,f_sensor_break;f_min_fire_size;f_zero_no_detection
AND,Andorra,country,2018,burned_area_share_land,0.0,share,K1,owid_annual_area_burnt_share_land,measured,f_sensor_break;f_min_fire_size;f_zero_no_detection
AND,Andorra,country,2019,burned_area_share_land,0.0,share,K1,owid_annual_area_burnt_share_land,measured,f_sensor_break;f_min_fire_size;f_zero_no_detection
AND,Andorra,country,2020,burned_area_share_land,0.0,share,K1,owid_annual_area_burnt_share_land,measured,f_sensor_break;f_min_fire_size;f_zero_no_detection
AND,Andorra,country,2021,burned_area_share_land,0.0,share,K1,owid_annual_area_burnt_share_land,measured,f_sensor_break;f_min_fire_size;f_zero_no_detection
AND,Andorra,country,2022,burned_area_share_land,0.0,share,K1,owid_annual_area_burnt_share_land,measured,f_sensor_break;f_min_fire_size;f_zero_no_detection
AND,Andorra,country,2023,burned_area_share_land,0.0,share,K1,owid_annual_area_burnt_share_land,measured,f_sensor_break;f_min_fire_size;f_zero_no_detection
AND,Andorra,country,2024,burned_area_share_land,0.0,share,K1,owid_annual_area_burnt_share_land,measured,f_sensor_break;f_min_fire_size;f_zero_no_detection
AND,Andorra,country,2025,burned_area_share_land,0.0,share,K1,owid_annual_area_burnt_share_land,measured,f_sensor_break;f_min_fire_size;f_zero_no_detection
AND,Andorra,country,2026,burned_area_share_land,0.0,share,K1,owid_annual_area_burnt_share_land,measured,f_sensor_break;f_min_fire_size;f_incomplete_year;f_zero_no_detection
ARE,De forente arabiske emirater,country,2012,burned_area_share_land,2.053e-05,share,K1,owid_annual_area_burnt_share_land,measured,f_sensor_break;f_min_fire_size
ARE,De forente arabiske emirater,country,2013,burned_area_share_land,0.0,share,K1,owid_annual_area_burnt_share_land,measured,f_sensor_break;f_min_fire_size;f_zero_no_detection
ARE,De forente arabiske emirater,country,2014,burned_area_share_land,1.631e-05,share,K1,owid_annual_area_burnt_share_land,measured,f_sensor_break;f_min_fire_size
ARE,De forente arabiske emirater,country,2015,burned_area_share_land,0.00014835,share,K1,owid_annual_area_burnt_share_land,measured,f_sensor_break;f_min_fire_size
ARE,De forente arabiske emirater,country,2016,burned_area_share_land,1.631e-05,share,K1,owid_annual_area_burnt_share_land,measured,f_sensor_break;f_min_fire_size
ARE,De forente arabiske emirater,country,2017,burned_area_share_land,3.262e-05,share,K1,owid_annual_area_burnt_share_land,measured,f_sensor_break;f_min_fire_size
ARE,De forente arabiske emirater,country,2018,burned_area_share_land,1.926e-05,share,K1,owid_annual_area_burnt_share_land,measured,f_sensor_break;f_min_fire_size
ARE,De forente arabiske emirater,country,2019,burned_area_share_land,3.37e-06,share,K1,owid_annual_area_burnt_share_land,measured,f_sensor_break;f_min_fire_size
ARE,De forente arabiske emirater,country,2020,burned_area_share_land,7.383e-05,share,K1,owid_annual_area_burnt_share_land,measured,f_sensor_break;f_min_fire_size
ARE,De forente arabiske emirater,country,2021,burned_area_share_land,0.0,share,K1,owid_annual_area_burnt_share_land,measured,f_sensor_break;f_min_fire_size;f_zero_no_detection
ARE,De forente arabiske emirater,country,2022,burned_area_share_land,4.542e-05,share,K1,owid_annual_area_burnt_share_land,measured,f_sensor_break;f_min_fire_size
ARE,De forente arabiske emirater,country,2023,burned_area_share_land,0.0,share,K1,owid_annual_area_burnt_share_land,measured,f_sensor_break;f_min_fire_size;f_zero_no_detection
ARE,De forente arabiske emirater,country,2024,burned_area_share_land,2.208e-05,share,K1,owid_annual_area_burnt_share_land,measured,f_sensor_break;f_min_fire_size
ARE,De forente arabiske emirater,country,2025,burned_area_share_land,3.023e-05,share,K1,owid_annual_area_burnt_share_land,measured,f_sensor_break;f_min_fire_size
ARE,De forente arabiske emirater,country,2026,burned_area_share_land,0.0,share,K1,owid_annual_area_burnt_share_land,measured,f_sensor_break;f_min_fire_size;f_incomplete_year;f_zero_no_detection
ARG,Argentina,country,2012,burned_area_share_land,0.01426013,share,K1,owid_annual_area_burnt_share_land,measured,f_sensor_break;f_min_fire_size
ARG,Argentina,country,2013,burned_area_share_land,0.01665434,share,K1,owid_annual_area_burnt_share_land,measured,f_sensor_break;f_min_fire_size
ARG,Argentina,country,2014,burned_area_share_land,0.00885357,share,K1,owid_annual_area_burnt_share_land,measured,f_sensor_break;f_min_fire_size
ARG,Argentina,country,2015,burned_area_share_land,0.01096682,share,K1,owid_annual_area_burnt_share_land,measured,f_sensor_break;f_min_fire_size
ARG,Argentina,country,2016,burned_area_share_land,0.01437901,share,K1,owid_annual_area_burnt_share_land,measured,f_sensor_break;f_min_fire_size
ARG,Argentina,country,2017,burned_area_share_land,0.01515803,share,K1,owid_annual_area_burnt_share_land,measured,f_sensor_break;f_min_fire_size
ARG,Argentina,country,2018,burned_area_share_land,0.01250719,share,K1,owid_annual_area_burnt_share_land,measured,f_sensor_break;f_min_fire_size
ARG,Argentina,country,2019,burned_area_share_land,0.0115662,share,K1,owid_annual_area_burnt_share_land,measured,f_sensor_break;f_min_fire_size
ARG,Argentina,country,2020,burned_area_share_land,0.03491705,share,K1,owid_annual_area_burnt_share_land,measured,f_sensor_break;f_min_fire_size
ARG,Argentina,country,2021,burned_area_share_land,0.01395635,share,K1,owid_annual_area_burnt_share_land,measured,f_sensor_break;f_min_fire_size
ARG,Argentina,country,2022,burned_area_share_land,0.02234241,share,K1,owid_annual_area_burnt_share_land,measured,f_sensor_break;f_min_fire_size
ARG,Argentina,country,2023,burned_area_share_land,0.01012302,share,K1,owid_annual_area_burnt_share_land,measured,f_sensor_break;f_min_fire_size
ARG,Argentina,country,2024,burned_area_share_land,0.00971364,share,K1,owid_annual_area_burnt_share_land,measured,f_sensor_break;f_min_fire_size
ARG,Argentina,country,2025,burned_area_share_land,0.00943292,share,K1,owid_annual_area_burnt_share_land,measured,f_sensor_break;f_min_fire_size
ARG,Argentina,country,2026,burned_area_share_land,0.0019598,share,K1,owid_annual_area_burnt_share_land,measured,f_sensor_break;f_min_fire_size;f_incomplete_year
ARM,Armenia,country,2012,burned_area_share_land,0.006966,share,K1,owid_annual_area_burnt_share_land,measured,f_sensor_break;f_min_fire_size
ARM,Armenia,country,2013,burned_area_share_land,0.0083198,share,K1,owid_annual_area_burnt_share_land,measured,f_sensor_break;f_min_fire_size
ARM,Armenia,country,2014,burned_area_share_land,0.00312968,share,K1,owid_annual_area_burnt_share_land,measured,f_sensor_break;f_min_fire_size
ARM,Armenia,country,2015,burned_area_share_land,0.00427869,share,K1,owid_annual_area_burnt_share_land,measured,f_sensor_break;f_min_fire_size
ARM,Armenia,country,2016,burned_area_share_land,0.00619989,share,K1,owid_annual_area_burnt_share_land,measured,f_sensor_break;f_min_fire_size
ARM,Armenia,country,2017,burned_area_share_land,0.00934005,share,K1,owid_annual_area_burnt_share_land,measured,f_sensor_break;f_min_fire_size
ARM,Armenia,country,2018,burned_area_share_land,0.00891188,share,K1,owid_annual_area_burnt_share_land,measured,f_sensor_break;f_min_fire_size
ARM,Armenia,country,2019,burned_area_share_land,0.00931166,share,K1,owid_annual_area_burnt_share_land,measured,f_sensor_break;f_min_fire_size
ARM,Armenia,country,2020,burned_area_share_land,0.00131797,share,K1,owid_annual_area_burnt_share_land,measured,f_sensor_break;f_min_fire_size
ARM,Armenia,country,2021,burned_area_share_land,0.00178839,share,K1,owid_annual_area_burnt_share_land,measured,f_sensor_break;f_min_fire_size
ARM,Armenia,country,2022,burned_area_share_land,0.00773482,share,K1,owid_annual_area_burnt_share_land,measured,f_sensor_break;f_min_fire_size
ARM,Armenia,country,2023,burned_area_share_land,0.00190093,share,K1,owid_annual_area_burnt_share_land,measured,f_sensor_break;f_min_fire_size
ARM,Armenia,country,2024,burned_area_share_land,0.00089183,share,K1,owid_annual_area_burnt_share_land,measured,f_sensor_break;f_min_fire_size
ARM,Armenia,country,2025,burned_area_share_land,0.00815894,share,K1,owid_annual_area_burnt_share_land,measured,f_sensor_break;f_min_fire_size
ARM,Armenia,country,2026,burned_area_share_land,4.528e-05,share,K1,owid_annual_area_burnt_share_land,measured,f_sensor_break;f_min_fire_size;f_incomplete_year
ASM,Amerikansk Samoa,country,2012,burned_area_share_land,0.0,share,K1,owid_annual_area_burnt_share_land,measured,f_sensor_break;f_min_fire_size;f_zero_no_detection
ASM,Amerikansk Samoa,country,2013,burned_area_share_land,0.0,share,K1,owid_annual_area_burnt_share_land,measured,f_sensor_break;f_min_fire_size;f_zero_no_detection
ASM,Amerikansk Samoa,country,2014,burned_area_share_land,0.0,share,K1,owid_annual_area_burnt_share_land,measured,f_sensor_break;f_min_fire_size;f_zero_no_detection
ASM,Amerikansk Samoa,country,2015,burned_area_share_land,0.0,share,K1,owid_annual_area_burnt_share_land,measured,f_sensor_break;f_min_fire_size;f_zero_no_detection
ASM,Amerikansk Samoa,country,2016,burned_area_share_land,0.0,share,K1,owid_annual_area_burnt_share_land,measured,f_sensor_break;f_min_fire_size;f_zero_no_detection
ASM,Amerikansk Samoa,country,2017,burned_area_share_land,0.0,share,K1,owid_annual_area_burnt_share_land,measured,f_sensor_break;f_min_fire_size;f_zero_no_detection
ASM,Amerikansk Samoa,country,2018,burned_area_share_land,0.0,share,K1,owid_annual_area_burnt_share_land,measured,f_sensor_break;f_min_fire_size;f_zero_no_detection
ASM,Amerikansk Samoa,country,2019,burned_area_share_land,0.0,share,K1,owid_annual_area_burnt_share_land,measured,f_sensor_break;f_min_fire_size;f_zero_no_detection
ASM,Amerikansk Samoa,country,2020,burned_area_share_land,0.0,share,K1,owid_annual_area_burnt_share_land,measured,f_sensor_break;f_min_fire_size;f_zero_no_detection
ASM,Amerikansk Samoa,country,2021,burned_area_share_land,0.0,share,K1,owid_annual_area_burnt_share_land,measured,f_sensor_break;f_min_fire_size;f_zero_no_detection
ASM,Amerikansk Samoa,country,2022,burned_area_share_land,0.0,share,K1,owid_annual_area_burnt_share_land,measured,f_sensor_break;f_min_fire_size;f_zero_no_detection
ASM,Amerikansk Samoa,country,2023,burned_area_share_land,0.0,share,K1,owid_annual_area_burnt_share_land,measured,f_sensor_break;f_min_fire_size;f_zero_no_detection
ASM,Amerikansk Samoa,country,2024,burned_area_share_land,0.0,share,K1,owid_annual_area_burnt_share_land,measured,f_sensor_break;f_min_fire_size;f_zero_no_detection
ASM,Amerikansk Samoa,country,2025,burned_area_share_land,0.0,share,K1,owid_annual_area_burnt_share_land,measured,f_sensor_break;f_min_fire_size;f_zero_no_detection
ASM,Amerikansk Samoa,country,2026,burned_area_share_land,0.0,share,K1,owid_annual_area_burnt_share_land,measured,f_sensor_break;f_min_fire_size;f_incomplete_year;f_zero_no_detection
ATF,De franske sørterritorier,country,2012,burned_area_share_land,0.0,share,K1,owid_annual_area_burnt_share_land,measured,f_sensor_break;f_min_fire_size;f_zero_no_detection
ATF,De franske sørterritorier,country,2013,burned_area_share_land,0.0,share,K1,owid_annual_area_burnt_share_land,measured,f_sensor_break;f_min_fire_size;f_zero_no_detection
ATF,De franske sørterritorier,country,2014,burned_area_share_land,0.0,share,K1,owid_annual_area_burnt_share_land,measured,f_sensor_break;f_min_fire_size;f_zero_no_detection
ATF,De franske sørterritorier,country,2015,burned_area_share_land,0.0,share,K1,owid_annual_area_burnt_share_land,measured,f_sensor_break;f_min_fire_size;f_zero_no_detection
ATF,De franske sørterritorier,country,2016,burned_area_share_land,0.0,share,K1,owid_annual_area_burnt_share_land,measured,f_sensor_break;f_min_fire_size;f_zero_no_detection
ATF,De franske sørterritorier,country,2017,burned_area_share_land,0.0,share,K1,owid_annual_area_burnt_share_land,measured,f_sensor_break;f_min_fire_size;f_zero_no_detection
ATF,De franske sørterritorier,country,2018,burned_area_share_land,0.0,share,K1,owid_annual_area_burnt_share_land,measured,f_sensor_break;f_min_fire_size;f_zero_no_detection
ATF,De franske sørterritorier,country,2019,burned_area_share_land,0.0,share,K1,owid_annual_area_burnt_share_land,measured,f_sensor_break;f_min_fire_size;f_zero_no_detection
ATF,De franske sørterritorier,country,2020,burned_area_share_land,0.0,share,K1,owid_annual_area_burnt_share_land,measured,f_sensor_break;f_min_fire_size;f_zero_no_detection
ATF,De franske sørterritorier,country,2021,burned_area_share_land,0.0,share,K1,owid_annual_area_burnt_share_land,measured,f_sensor_break;f_min_fire_size;f_zero_no_detection
ATF,De franske sørterritorier,country,2022,burned_area_share_land,0.0,share,K1,owid_annual_area_burnt_share_land,measured,f_sensor_break;f_min_fire_size;f_zero_no_detection
ATF,De franske sørterritorier,country,2023,burned_area_share_land,0.0,share,K1,owid_annual_area_burnt_share_land,measured,f_sensor_break;f_min_fire_size;f_zero_no_detection
ATF,De franske sørterritorier,country,2024,burned_area_share_land,0.0,share,K1,owid_annual_area_burnt_share_land,measured,f_sensor_break;f_min_fire_size;f_zero_no_detection
ATF,De franske sørterritorier,country,2025,burned_area_share_land,0.0,share,K1,owid_annual_area_burnt_share_land,measured,f_sensor_break;f_min_fire_size;f_zero_no_detection
ATF,De franske sørterritorier,country,2026,burned_area_share_land,0.0,share,K1,owid_annual_area_burnt_share_land,measured,f_sensor_break;f_min_fire_size;f_incomplete_year;f_zero_no_detection
ATG,Antigua og Barbuda,country,2012,burned_area_share_land,0.0,share,K1,owid_annual_area_burnt_share_land,measured,f_sensor_break;f_min_fire_size;f_zero_no_detection
ATG,Antigua og Barbuda,country,2013,burned_area_share_land,0.00549361,share,K1,owid_annual_area_burnt_share_land,measured,f_sensor_break;f_min_fire_size
ATG,Antigua og Barbuda,country,2014,burned_area_share_land,0.00445052,share,K1,owid_annual_area_burnt_share_land,measured,f_sensor_break;f_min_fire_size
ATG,Antigua og Barbuda,country,2015,burned_area_share_land,0.0,share,K1,owid_annual_area_burnt_share_land,measured,f_sensor_break;f_min_fire_size;f_zero_no_detection
ATG,Antigua og Barbuda,country,2016,burned_area_share_land,0.00347697,share,K1,owid_annual_area_burnt_share_land,measured,f_sensor_break;f_min_fire_size
ATG,Antigua og Barbuda,country,2017,burned_area_share_land,0.0,share,K1,owid_annual_area_burnt_share_land,measured,f_sensor_break;f_min_fire_size;f_zero_no_detection
ATG,Antigua og Barbuda,country,2018,burned_area_share_land,0.00864607,share,K1,owid_annual_area_burnt_share_land,measured,f_sensor_break;f_min_fire_size
ATG,Antigua og Barbuda,country,2019,burned_area_share_land,0.0,share,K1,owid_annual_area_burnt_share_land,measured,f_sensor_break;f_min_fire_size;f_zero_no_detection
ATG,Antigua og Barbuda,country,2020,burned_area_share_land,0.0,share,K1,owid_annual_area_burnt_share_land,measured,f_sensor_break;f_min_fire_size;f_zero_no_detection
ATG,Antigua og Barbuda,country,2021,burned_area_share_land,0.00440416,share,K1,owid_annual_area_burnt_share_land,measured,f_sensor_break;f_min_fire_size
ATG,Antigua og Barbuda,country,2022,burned_area_share_land,0.0,share,K1,owid_annual_area_burnt_share_land,measured,f_sensor_break;f_min_fire_size;f_zero_no_detection
ATG,Antigua og Barbuda,country,2023,burned_area_share_land,0.0,share,K1,owid_annual_area_burnt_share_land,measured,f_sensor_break;f_min_fire_size;f_zero_no_detection
ATG,Antigua og Barbuda,country,2024,burned_area_share_land,0.0,share,K1,owid_annual_area_burnt_share_land,measured,f_sensor_break;f_min_fire_size;f_zero_no_detection
ATG,Antigua og Barbuda,country,2025,burned_area_share_land,0.0,share,K1,owid_annual_area_burnt_share_land,measured,f_sensor_break;f_min_fire_size;f_zero_no_detection
ATG,Antigua og Barbuda,country,2026,burned_area_share_land,0.0,share,K1,owid_annual_area_burnt_share_land,measured,f_sensor_break;f_min_fire_size;f_incomplete_year;f_zero_no_detection
AUS,Australia,country,2012,burned_area_share_land,0.08489807,share,K1,owid_annual_area_burnt_share_land,measured,f_sensor_break;f_min_fire_size
AUS,Australia,country,2013,burned_area_share_land,0.03411623,share,K1,owid_annual_area_burnt_share_land,measured,f_sensor_break;f_min_fire_size
AUS,Australia,country,2014,burned_area_share_land,0.04669662,share,K1,owid_annual_area_burnt_share_land,measured,f_sensor_break;f_min_fire_size
AUS,Australia,country,2015,burned_area_share_land,0.04416328,share,K1,owid_annual_area_burnt_share_land,measured,f_sensor_break;f_min_fire_size
AUS,Australia,country,2016,burned_area_share_land,0.0296894,share,K1,owid_annual_area_burnt_share_land,measured,f_sensor_break;f_min_fire_size
AUS,Australia,country,2017,burned_area_share_land,0.04937322,share,K1,owid_annual_area_burnt_share_land,measured,f_sensor_break;f_min_fire_size
AUS,Australia,country,2018,burned_area_share_land,0.04771596,share,K1,owid_annual_area_burnt_share_land,measured,f_sensor_break;f_min_fire_size
AUS,Australia,country,2019,burned_area_share_land,0.04732283,share,K1,owid_annual_area_burnt_share_land,measured,f_sensor_break;f_min_fire_size
AUS,Australia,country,2020,burned_area_share_land,0.02429164,share,K1,owid_annual_area_burnt_share_land,measured,f_sensor_break;f_min_fire_size
AUS,Australia,country,2021,burned_area_share_land,0.03244999,share,K1,owid_annual_area_burnt_share_land,measured,f_sensor_break;f_min_fire_size
AUS,Australia,country,2022,burned_area_share_land,0.03424713,share,K1,owid_annual_area_burnt_share_land,measured,f_sensor_break;f_min_fire_size
AUS,Australia,country,2023,burned_area_share_land,0.07075782,share,K1,owid_annual_area_burnt_share_land,measured,f_sensor_break;f_min_fire_size
AUS,Australia,country,2024,burned_area_share_land,0.03941678,share,K1,owid_annual_area_burnt_share_land,measured,f_sensor_break;f_min_fire_size
AUS,Australia,country,2025,burned_area_share_land,0.04639847,share,K1,owid_annual_area_burnt_share_land,measured,f_sensor_break;f_min_fire_size
AUS,Australia,country,2026,burned_area_share_land,0.01534399,share,K1,owid_annual_area_burnt_share_land,measured,f_sensor_break;f_min_fire_size;f_incomplete_year
AUT,Østerrike,country,2012,burned_area_share_land,5.799e-05,share,K1,owid_annual_area_burnt_share_land,measured,f_sensor_break;f_min_fire_size
AUT,Østerrike,country,2013,burned_area_share_land,5.443e-05,share,K1,owid_annual_area_burnt_share_land,measured,f_sensor_break;f_min_fire_size
AUT,Østerrike,country,2014,burned_area_share_land,0.0001148,share,K1,owid_annual_area_burnt_share_land,measured,f_sensor_break;f_min_fire_size
AUT,Østerrike,country,2015,burned_area_share_land,6.619e-05,share,K1,owid_annual_area_burnt_share_land,measured,f_sensor_break;f_min_fire_size
AUT,Østerrike,country,2016,burned_area_share_land,0.0,share,K1,owid_annual_area_burnt_share_land,measured,f_sensor_break;f_min_fire_size;f_zero_no_detection
AUT,Østerrike,country,2017,burned_area_share_land,0.00010398,share,K1,owid_annual_area_burnt_share_land,measured,f_sensor_break;f_min_fire_size
AUT,Østerrike,country,2018,burned_area_share_land,5.11e-05,share,K1,owid_annual_area_burnt_share_land,measured,f_sensor_break;f_min_fire_size
AUT,Østerrike,country,2019,burned_area_share_land,0.00017552,share,K1,owid_annual_area_burnt_share_land,measured,f_sensor_break;f_min_fire_size
AUT,Østerrike,country,2020,burned_area_share_land,0.0,share,K1,owid_annual_area_burnt_share_land,measured,f_sensor_break;f_min_fire_size;f_zero_no_detection
AUT,Østerrike,country,2021,burned_area_share_land,8.271e-05,share,K1,owid_annual_area_burnt_share_land,measured,f_sensor_break;f_min_fire_size
AUT,Østerrike,country,2022,burned_area_share_land,0.00017136,share,K1,owid_annual_area_burnt_share_land,measured,f_sensor_break;f_min_fire_size
AUT,Østerrike,country,2023,burned_area_share_land,4.397e-05,share,K1,owid_annual_area_burnt_share_land,measured,f_sensor_break;f_min_fire_size
AUT,Østerrike,country,2024,burned_area_share_land,2.222e-05,share,K1,owid_annual_area_burnt_share_land,measured,f_sensor_break;f_min_fire_size
AUT,Østerrike,country,2025,burned_area_share_land,0.00012419,share,K1,owid_annual_area_burnt_share_land,measured,f_sensor_break;f_min_fire_size
AUT,Østerrike,country,2026,burned_area_share_land,0.00020048,share,K1,owid_annual_area_burnt_share_land,measured,f_sensor_break;f_min_fire_size;f_incomplete_year
AZE,Aserbajdsjan,country,2012,burned_area_share_land,0.00904743,share,K1,owid_annual_area_burnt_share_land,measured,f_sensor_break;f_min_fire_size
AZE,Aserbajdsjan,country,2013,burned_area_share_land,0.00919552,share,K1,owid_annual_area_burnt_share_land,measured,f_sensor_break;f_min_fire_size
AZE,Aserbajdsjan,country,2014,burned_area_share_land,0.00586769,share,K1,owid_annual_area_burnt_share_land,measured,f_sensor_break;f_min_fire_size
AZE,Aserbajdsjan,country,2015,burned_area_share_land,0.02631142,share,K1,owid_annual_area_burnt_share_land,measured,f_sensor_break;f_min_fire_size
AZE,Aserbajdsjan,country,2016,burned_area_share_land,0.01234104,share,K1,owid_annual_area_burnt_share_land,measured,f_sensor_break;f_min_fire_size
AZE,Aserbajdsjan,country,2017,burned_area_share_land,0.01280404,share,K1,owid_annual_area_burnt_share_land,measured,f_sensor_break;f_min_fire_size
AZE,Aserbajdsjan,country,2018,burned_area_share_land,0.01013539,share,K1,owid_annual_area_burnt_share_land,measured,f_sensor_break;f_min_fire_size
AZE,Aserbajdsjan,country,2019,burned_area_share_land,0.02138326,share,K1,owid_annual_area_burnt_share_land,measured,f_sensor_break;f_min_fire_size
AZE,Aserbajdsjan,country,2020,burned_area_share_land,0.00704236,share,K1,owid_annual_area_burnt_share_land,measured,f_sensor_break;f_min_fire_size
AZE,Aserbajdsjan,country,2021,burned_area_share_land,0.00936095,share,K1,owid_annual_area_burnt_share_land,measured,f_sensor_break;f_min_fire_size
AZE,Aserbajdsjan,country,2022,burned_area_share_land,0.00680595,share,K1,owid_annual_area_burnt_share_land,measured,f_sensor_break;f_min_fire_size
AZE,Aserbajdsjan,country,2023,burned_area_share_land,0.00166808,share,K1,owid_annual_area_burnt_share_land,measured,f_sensor_break;f_min_fire_size
AZE,Aserbajdsjan,country,2024,burned_area_share_land,0.00155814,share,K1,owid_annual_area_burnt_share_land,measured,f_sensor_break;f_min_fire_size
AZE,Aserbajdsjan,country,2025,burned_area_share_land,0.00393961,share,K1,owid_annual_area_burnt_share_land,measured,f_sensor_break;f_min_fire_size
AZE,Aserbajdsjan,country,2026,burned_area_share_land,0.00118889,share,K1,owid_annual_area_burnt_share_land,measured,f_sensor_break;f_min_fire_size;f_incomplete_year
BDI,Burundi,country,2012,burned_area_share_land,0.02107957,share,K1,owid_annual_area_burnt_share_land,measured,f_sensor_break;f_min_fire_size
BDI,Burundi,country,2013,burned_area_share_land,0.03547103,share,K1,owid_annual_area_burnt_share_land,measured,f_sensor_break;f_min_fire_size
BDI,Burundi,country,2014,burned_area_share_land,0.0198262,share,K1,owid_annual_area_burnt_share_land,measured,f_sensor_break;f_min_fire_size
BDI,Burundi,country,2015,burned_area_share_land,0.04488297,share,K1,owid_annual_area_burnt_share_land,measured,f_sensor_break;f_min_fire_size
BDI,Burundi,country,2016,burned_area_share_land,0.03628028,share,K1,owid_annual_area_burnt_share_land,measured,f_sensor_break;f_min_fire_size
BDI,Burundi,country,2017,burned_area_share_land,0.01776542,share,K1,owid_annual_area_burnt_share_land,measured,f_sensor_break;f_min_fire_size
BDI,Burundi,country,2018,burned_area_share_land,0.01206451,share,K1,owid_annual_area_burnt_share_land,measured,f_sensor_break;f_min_fire_size
BDI,Burundi,country,2019,burned_area_share_land,0.01927132,share,K1,owid_annual_area_burnt_share_land,measured,f_sensor_break;f_min_fire_size
BDI,Burundi,country,2020,burned_area_share_land,0.02400719,share,K1,owid_annual_area_burnt_share_land,measured,f_sensor_break;f_min_fire_size
BDI,Burundi,country,2021,burned_area_share_land,0.01433166,share,K1,owid_annual_area_burnt_share_land,measured,f_sensor_break;f_min_fire_size
BDI,Burundi,country,2022,burned_area_share_land,0.01574747,share,K1,owid_annual_area_burnt_share_land,measured,f_sensor_break;f_min_fire_size
BDI,Burundi,country,2023,burned_area_share_land,0.01316024,share,K1,owid_annual_area_burnt_share_land,measured,f_sensor_break;f_min_fire_size
BDI,Burundi,country,2024,burned_area_share_land,0.01674648,share,K1,owid_annual_area_burnt_share_land,measured,f_sensor_break;f_min_fire_size
BDI,Burundi,country,2025,burned_area_share_land,0.00869461,share,K1,owid_annual_area_burnt_share_land,measured,f_sensor_break;f_min_fire_size
BDI,Burundi,country,2026,burned_area_share_land,0.00303542,share,K1,owid_annual_area_burnt_share_land,measured,f_sensor_break;f_min_fire_size;f_incomplete_year
BEL,Belgia,country,2012,burned_area_share_land,0.0,share,K1,owid_annual_area_burnt_share_land,measured,f_sensor_break;f_min_fire_size;f_zero_no_detection
BEL,Belgia,country,2013,burned_area_share_land,9.955e-05,share,K1,owid_annual_area_burnt_share_land,measured,f_sensor_break;f_min_fire_size
BEL,Belgia,country,2014,burned_area_share_land,0.00024529,share,K1,owid_annual_area_burnt_share_land,measured,f_sensor_break;f_min_fire_size
BEL,Belgia,country,2015,burned_area_share_land,5.856e-05,share,K1,owid_annual_area_burnt_share_land,measured,f_sensor_break;f_min_fire_size
BEL,Belgia,country,2016,burned_area_share_land,0.00015387,share,K1,owid_annual_area_burnt_share_land,measured,f_sensor_break;f_min_fire_size
BEL,Belgia,country,2017,burned_area_share_land,0.0,share,K1,owid_annual_area_burnt_share_land,measured,f_sensor_break;f_min_fire_size;f_zero_no_detection
BEL,Belgia,country,2018,burned_area_share_land,9.174e-05,share,K1,owid_annual_area_burnt_share_land,measured,f_sensor_break;f_min_fire_size
BEL,Belgia,country,2019,burned_area_share_land,0.00023878,share,K1,owid_annual_area_burnt_share_land,measured,f_sensor_break;f_min_fire_size
BEL,Belgia,country,2020,burned_area_share_land,4.132e-05,share,K1,owid_annual_area_burnt_share_land,measured,f_sensor_break;f_min_fire_size
BEL,Belgia,country,2021,burned_area_share_land,0.00034256,share,K1,owid_annual_area_burnt_share_land,measured,f_sensor_break;f_min_fire_size
BEL,Belgia,country,2022,burned_area_share_land,0.00018445,share,K1,owid_annual_area_burnt_share_land,measured,f_sensor_break;f_min_fire_size
BEL,Belgia,country,2023,burned_area_share_land,0.00018185,share,K1,owid_annual_area_burnt_share_land,measured,f_sensor_break;f_min_fire_size
BEL,Belgia,country,2024,burned_area_share_land,0.0,share,K1,owid_annual_area_burnt_share_land,measured,f_sensor_break;f_min_fire_size;f_zero_no_detection
BEL,Belgia,country,2025,burned_area_share_land,0.00023813,share,K1,owid_annual_area_burnt_share_land,measured,f_sensor_break;f_min_fire_size
BEL,Belgia,country,2026,burned_area_share_land,8.165e-05,share,K1,owid_annual_area_burnt_share_land,measured,f_sensor_break;f_min_fire_size;f_incomplete_year
BEN,Benin,country,2012,burned_area_share_land,0.10926015,share,K1,owid_annual_area_burnt_share_land,measured,f_sensor_break;f_min_fire_size
BEN,Benin,country,2013,burned_area_share_land,0.13354315,share,K1,owid_annual_area_burnt_share_land,measured,f_sensor_break;f_min_fire_size
BEN,Benin,country,2014,burned_area_share_land,0.11827285,share,K1,owid_annual_area_burnt_share_land,measured,f_sensor_break;f_min_fire_size
BEN,Benin,country,2015,burned_area_share_land,0.10830206,share,K1,owid_annual_area_burnt_share_land,measured,f_sensor_break;f_min_fire_size
BEN,Benin,country,2016,burned_area_share_land,0.11459403,share,K1,owid_annual_area_burnt_share_land,measured,f_sensor_break;f_min_fire_size
BEN,Benin,country,2017,burned_area_share_land,0.11927987,share,K1,owid_annual_area_burnt_share_land,measured,f_sensor_break;f_min_fire_size
BEN,Benin,country,2018,burned_area_share_land,0.04216895,share,K1,owid_annual_area_burnt_share_land,measured,f_sensor_break;f_min_fire_size
BEN,Benin,country,2019,burned_area_share_land,0.09549409,share,K1,owid_annual_area_burnt_share_land,measured,f_sensor_break;f_min_fire_size
BEN,Benin,country,2020,burned_area_share_land,0.08932416,share,K1,owid_annual_area_burnt_share_land,measured,f_sensor_break;f_min_fire_size
BEN,Benin,country,2021,burned_area_share_land,0.09823583,share,K1,owid_annual_area_burnt_share_land,measured,f_sensor_break;f_min_fire_size
BEN,Benin,country,2022,burned_area_share_land,0.08041913,share,K1,owid_annual_area_burnt_share_land,measured,f_sensor_break;f_min_fire_size
BEN,Benin,country,2023,burned_area_share_land,0.06391744,share,K1,owid_annual_area_burnt_share_land,measured,f_sensor_break;f_min_fire_size
BEN,Benin,country,2024,burned_area_share_land,0.05820399,share,K1,owid_annual_area_burnt_share_land,measured,f_sensor_break;f_min_fire_size
BEN,Benin,country,2025,burned_area_share_land,0.05366406,share,K1,owid_annual_area_burnt_share_land,measured,f_sensor_break;f_min_fire_size
BEN,Benin,country,2026,burned_area_share_land,0.02957803,share,K1,owid_annual_area_burnt_share_land,measured,f_sensor_break;f_min_fire_size;f_incomplete_year
BFA,Burkina Faso,country,2012,burned_area_share_land,0.04199268,share,K1,owid_annual_area_burnt_share_land,measured,f_sensor_break;f_min_fire_size
BFA,Burkina Faso,country,2013,burned_area_share_land,0.05685317,share,K1,owid_annual_area_burnt_share_land,measured,f_sensor_break;f_min_fire_size
BFA,Burkina Faso,country,2014,burned_area_share_land,0.04771647,share,K1,owid_annual_area_burnt_share_land,measured,f_sensor_break;f_min_fire_size
BFA,Burkina Faso,country,2015,burned_area_share_land,0.0437089,share,K1,owid_annual_area_burnt_share_land,measured,f_sensor_break;f_min_fire_size
BFA,Burkina Faso,country,2016,burned_area_share_land,0.05259435,share,K1,owid_annual_area_burnt_share_land,measured,f_sensor_break;f_min_fire_size
BFA,Burkina Faso,country,2017,burned_area_share_land,0.0530845,share,K1,owid_annual_area_burnt_share_land,measured,f_sensor_break;f_min_fire_size
BFA,Burkina Faso,country,2018,burned_area_share_land,0.01597059,share,K1,owid_annual_area_burnt_share_land,measured,f_sensor_break;f_min_fire_size
BFA,Burkina Faso,country,2019,burned_area_share_land,0.03969833,share,K1,owid_annual_area_burnt_share_land,measured,f_sensor_break;f_min_fire_size
BFA,Burkina Faso,country,2020,burned_area_share_land,0.0432741,share,K1,owid_annual_area_burnt_share_land,measured,f_sensor_break;f_min_fire_size
BFA,Burkina Faso,country,2021,burned_area_share_land,0.05317617,share,K1,owid_annual_area_burnt_share_land,measured,f_sensor_break;f_min_fire_size
BFA,Burkina Faso,country,2022,burned_area_share_land,0.03657432,share,K1,owid_annual_area_burnt_share_land,measured,f_sensor_break;f_min_fire_size
BFA,Burkina Faso,country,2023,burned_area_share_land,0.0623574,share,K1,owid_annual_area_burnt_share_land,measured,f_sensor_break;f_min_fire_size
BFA,Burkina Faso,country,2024,burned_area_share_land,0.08311053,share,K1,owid_annual_area_burnt_share_land,measured,f_sensor_break;f_min_fire_size
BFA,Burkina Faso,country,2025,burned_area_share_land,0.06333617,share,K1,owid_annual_area_burnt_share_land,measured,f_sensor_break;f_min_fire_size
BFA,Burkina Faso,country,2026,burned_area_share_land,0.02031051,share,K1,owid_annual_area_burnt_share_land,measured,f_sensor_break;f_min_fire_size;f_incomplete_year
BGD,Bangladesh,country,2012,burned_area_share_land,0.02398465,share,K1,owid_annual_area_burnt_share_land,measured,f_sensor_break;f_min_fire_size
BGD,Bangladesh,country,2013,burned_area_share_land,0.02441623,share,K1,owid_annual_area_burnt_share_land,measured,f_sensor_break;f_min_fire_size
BGD,Bangladesh,country,2014,burned_area_share_land,0.026519,share,K1,owid_annual_area_burnt_share_land,measured,f_sensor_break;f_min_fire_size
BGD,Bangladesh,country,2015,burned_area_share_land,0.01177277,share,K1,owid_annual_area_burnt_share_land,measured,f_sensor_break;f_min_fire_size
BGD,Bangladesh,country,2016,burned_area_share_land,0.01388551,share,K1,owid_annual_area_burnt_share_land,measured,f_sensor_break;f_min_fire_size
BGD,Bangladesh,country,2017,burned_area_share_land,0.01129974,share,K1,owid_annual_area_burnt_share_land,measured,f_sensor_break;f_min_fire_size
BGD,Bangladesh,country,2018,burned_area_share_land,0.0168841,share,K1,owid_annual_area_burnt_share_land,measured,f_sensor_break;f_min_fire_size
BGD,Bangladesh,country,2019,burned_area_share_land,0.02081612,share,K1,owid_annual_area_burnt_share_land,measured,f_sensor_break;f_min_fire_size
BGD,Bangladesh,country,2020,burned_area_share_land,0.02145946,share,K1,owid_annual_area_burnt_share_land,measured,f_sensor_break;f_min_fire_size
BGD,Bangladesh,country,2021,burned_area_share_land,0.02156733,share,K1,owid_annual_area_burnt_share_land,measured,f_sensor_break;f_min_fire_size
BGD,Bangladesh,country,2022,burned_area_share_land,0.01186003,share,K1,owid_annual_area_burnt_share_land,measured,f_sensor_break;f_min_fire_size
BGD,Bangladesh,country,2023,burned_area_share_land,0.02144121,share,K1,owid_annual_area_burnt_share_land,measured,f_sensor_break;f_min_fire_size
BGD,Bangladesh,country,2024,burned_area_share_land,0.01222828,share,K1,owid_annual_area_burnt_share_land,measured,f_sensor_break;f_min_fire_size
BGD,Bangladesh,country,2025,burned_area_share_land,0.01136461,share,K1,owid_annual_area_burnt_share_land,measured,f_sensor_break;f_min_fire_size
BGD,Bangladesh,country,2026,burned_area_share_land,0.01063851,share,K1,owid_annual_area_burnt_share_land,measured,f_sensor_break;f_min_fire_size;f_incomplete_year
BGR,Bulgaria,country,2012,burned_area_share_land,0.01950138,share,K1,owid_annual_area_burnt_share_land,measured,f_sensor_break;f_min_fire_size
BGR,Bulgaria,country,2013,burned_area_share_land,0.01031534,share,K1,owid_annual_area_burnt_share_land,measured,f_sensor_break;f_min_fire_size
BGR,Bulgaria,country,2014,burned_area_share_land,0.00545005,share,K1,owid_annual_area_burnt_share_land,measured,f_sensor_break;f_min_fire_size
BGR,Bulgaria,country,2015,burned_area_share_land,0.00690587,share,K1,owid_annual_area_burnt_share_land,measured,f_sensor_break;f_min_fire_size
BGR,Bulgaria,country,2016,burned_area_share_land,0.01176538,share,K1,owid_annual_area_burnt_share_land,measured,f_sensor_break;f_min_fire_size
BGR,Bulgaria,country,2017,burned_area_share_land,0.01247696,share,K1,owid_annual_area_burnt_share_land,measured,f_sensor_break;f_min_fire_size
BGR,Bulgaria,country,2018,burned_area_share_land,0.01107495,share,K1,owid_annual_area_burnt_share_land,measured,f_sensor_break;f_min_fire_size
BGR,Bulgaria,country,2019,burned_area_share_land,0.01810621,share,K1,owid_annual_area_burnt_share_land,measured,f_sensor_break;f_min_fire_size
BGR,Bulgaria,country,2020,burned_area_share_land,0.00341586,share,K1,owid_annual_area_burnt_share_land,measured,f_sensor_break;f_min_fire_size
BGR,Bulgaria,country,2021,burned_area_share_land,0.00298046,share,K1,owid_annual_area_burnt_share_land,measured,f_sensor_break;f_min_fire_size
BGR,Bulgaria,country,2022,burned_area_share_land,0.0043378,share,K1,owid_annual_area_burnt_share_land,measured,f_sensor_break;f_min_fire_size
BGR,Bulgaria,country,2023,burned_area_share_land,0.00277338,share,K1,owid_annual_area_burnt_share_land,measured,f_sensor_break;f_min_fire_size
BGR,Bulgaria,country,2024,burned_area_share_land,0.00438158,share,K1,owid_annual_area_burnt_share_land,measured,f_sensor_break;f_min_fire_size
BGR,Bulgaria,country,2025,burned_area_share_land,0.00236817,share,K1,owid_annual_area_burnt_share_land,measured,f_sensor_break;f_min_fire_size
BGR,Bulgaria,country,2026,burned_area_share_land,0.00034313,share,K1,owid_annual_area_burnt_share_land,measured,f_sensor_break;f_min_fire_size;f_incomplete_year
BHR,Bahrain,country,2012,burned_area_share_land,0.0,share,K1,owid_annual_area_burnt_share_land,measured,f_sensor_break;f_min_fire_size;f_zero_no_detection
BHR,Bahrain,country,2013,burned_area_share_land,0.0,share,K1,owid_annual_area_burnt_share_land,measured,f_sensor_break;f_min_fire_size;f_zero_no_detection
BHR,Bahrain,country,2014,burned_area_share_land,0.0,share,K1,owid_annual_area_burnt_share_land,measured,f_sensor_break;f_min_fire_size;f_zero_no_detection
BHR,Bahrain,country,2015,burned_area_share_land,0.0,share,K1,owid_annual_area_burnt_share_land,measured,f_sensor_break;f_min_fire_size;f_zero_no_detection
BHR,Bahrain,country,2016,burned_area_share_land,0.0,share,K1,owid_annual_area_burnt_share_land,measured,f_sensor_break;f_min_fire_size;f_zero_no_detection
BHR,Bahrain,country,2017,burned_area_share_land,0.0,share,K1,owid_annual_area_burnt_share_land,measured,f_sensor_break;f_min_fire_size;f_zero_no_detection
BHR,Bahrain,country,2018,burned_area_share_land,0.0,share,K1,owid_annual_area_burnt_share_land,measured,f_sensor_break;f_min_fire_size;f_zero_no_detection
BHR,Bahrain,country,2019,burned_area_share_land,0.0,share,K1,owid_annual_area_burnt_share_land,measured,f_sensor_break;f_min_fire_size;f_zero_no_detection
BHR,Bahrain,country,2020,burned_area_share_land,0.0,share,K1,owid_annual_area_burnt_share_land,measured,f_sensor_break;f_min_fire_size;f_zero_no_detection
BHR,Bahrain,country,2021,burned_area_share_land,0.0,share,K1,owid_annual_area_burnt_share_land,measured,f_sensor_break;f_min_fire_size;f_zero_no_detection
BHR,Bahrain,country,2022,burned_area_share_land,0.0,share,K1,owid_annual_area_burnt_share_land,measured,f_sensor_break;f_min_fire_size;f_zero_no_detection
BHR,Bahrain,country,2023,burned_area_share_land,0.0,share,K1,owid_annual_area_burnt_share_land,measured,f_sensor_break;f_min_fire_size;f_zero_no_detection
BHR,Bahrain,country,2024,burned_area_share_land,0.0,share,K1,owid_annual_area_burnt_share_land,measured,f_sensor_break;f_min_fire_size;f_zero_no_detection
BHR,Bahrain,country,2025,burned_area_share_land,0.0,share,K1,owid_annual_area_burnt_share_land,measured,f_sensor_break;f_min_fire_size;f_zero_no_detection
BHR,Bahrain,country,2026,burned_area_share_land,0.0,share,K1,owid_annual_area_burnt_share_land,measured,f_sensor_break;f_min_fire_size;f_incomplete_year;f_zero_no_detection
BHS,Bahamas,country,2012,burned_area_share_land,0.01687392,share,K1,owid_annual_area_burnt_share_land,measured,f_sensor_break;f_min_fire_size
BHS,Bahamas,country,2013,burned_area_share_land,0.04667324,share,K1,owid_annual_area_burnt_share_land,measured,f_sensor_break;f_min_fire_size
BHS,Bahamas,country,2014,burned_area_share_land,0.01373948,share,K1,owid_annual_area_burnt_share_land,measured,f_sensor_break;f_min_fire_size
BHS,Bahamas,country,2015,burned_area_share_land,0.01927894,share,K1,owid_annual_area_burnt_share_land,measured,f_sensor_break;f_min_fire_size
BHS,Bahamas,country,2016,burned_area_share_land,0.02910313,share,K1,owid_annual_area_burnt_share_land,measured,f_sensor_break;f_min_fire_size
BHS,Bahamas,country,2017,burned_area_share_land,0.05700613,share,K1,owid_annual_area_burnt_share_land,measured,f_sensor_break;f_min_fire_size
BHS,Bahamas,country,2018,burned_area_share_land,0.00934715,share,K1,owid_annual_area_burnt_share_land,measured,f_sensor_break;f_min_fire_size
BHS,Bahamas,country,2019,burned_area_share_land,0.02096957,share,K1,owid_annual_area_burnt_share_land,measured,f_sensor_break;f_min_fire_size
BHS,Bahamas,country,2020,burned_area_share_land,0.02856912,share,K1,owid_annual_area_burnt_share_land,measured,f_sensor_break;f_min_fire_size
BHS,Bahamas,country,2021,burned_area_share_land,0.02013414,share,K1,owid_annual_area_burnt_share_land,measured,f_sensor_break;f_min_fire_size
BHS,Bahamas,country,2022,burned_area_share_land,0.00923164,share,K1,owid_annual_area_burnt_share_land,measured,f_sensor_break;f_min_fire_size
BHS,Bahamas,country,2023,burned_area_share_land,0.01322841,share,K1,owid_annual_area_burnt_share_land,measured,f_sensor_break;f_min_fire_size
BHS,Bahamas,country,2024,burned_area_share_land,0.02569338,share,K1,owid_annual_area_burnt_share_land,measured,f_sensor_break;f_min_fire_size
BHS,Bahamas,country,2025,burned_area_share_land,0.03730236,share,K1,owid_annual_area_burnt_share_land,measured,f_sensor_break;f_min_fire_size
BHS,Bahamas,country,2026,burned_area_share_land,0.00821188,share,K1,owid_annual_area_burnt_share_land,measured,f_sensor_break;f_min_fire_size;f_incomplete_year
BIH,Bosnia-Hercegovina,country,2012,burned_area_share_land,0.04064061,share,K1,owid_annual_area_burnt_share_land,measured,f_sensor_break;f_min_fire_size
BIH,Bosnia-Hercegovina,country,2013,burned_area_share_land,0.00234274,share,K1,owid_annual_area_burnt_share_land,measured,f_sensor_break;f_min_fire_size
BIH,Bosnia-Hercegovina,country,2014,burned_area_share_land,0.00214965,share,K1,owid_annual_area_burnt_share_land,measured,f_sensor_break;f_min_fire_size
BIH,Bosnia-Hercegovina,country,2015,burned_area_share_land,0.01015933,share,K1,owid_annual_area_burnt_share_land,measured,f_sensor_break;f_min_fire_size
BIH,Bosnia-Hercegovina,country,2016,burned_area_share_land,0.00884556,share,K1,owid_annual_area_burnt_share_land,measured,f_sensor_break;f_min_fire_size
BIH,Bosnia-Hercegovina,country,2017,burned_area_share_land,0.02583268,share,K1,owid_annual_area_burnt_share_land,measured,f_sensor_break;f_min_fire_size
BIH,Bosnia-Hercegovina,country,2018,burned_area_share_land,0.00156749,share,K1,owid_annual_area_burnt_share_land,measured,f_sensor_break;f_min_fire_size
BIH,Bosnia-Hercegovina,country,2019,burned_area_share_land,0.00925529,share,K1,owid_annual_area_burnt_share_land,measured,f_sensor_break;f_min_fire_size
BIH,Bosnia-Hercegovina,country,2020,burned_area_share_land,0.02302711,share,K1,owid_annual_area_burnt_share_land,measured,f_sensor_break;f_min_fire_size
BIH,Bosnia-Hercegovina,country,2021,burned_area_share_land,0.0125544,share,K1,owid_annual_area_burnt_share_land,measured,f_sensor_break;f_min_fire_size
BIH,Bosnia-Hercegovina,country,2022,burned_area_share_land,0.01977242,share,K1,owid_annual_area_burnt_share_land,measured,f_sensor_break;f_min_fire_size
BIH,Bosnia-Hercegovina,country,2023,burned_area_share_land,0.00113652,share,K1,owid_annual_area_burnt_share_land,measured,f_sensor_break;f_min_fire_size
BIH,Bosnia-Hercegovina,country,2024,burned_area_share_land,0.00583918,share,K1,owid_annual_area_burnt_share_land,measured,f_sensor_break;f_min_fire_size
BIH,Bosnia-Hercegovina,country,2025,burned_area_share_land,0.00577874,share,K1,owid_annual_area_burnt_share_land,measured,f_sensor_break;f_min_fire_size
BIH,Bosnia-Hercegovina,country,2026,burned_area_share_land,0.00301449,share,K1,owid_annual_area_burnt_share_land,measured,f_sensor_break;f_min_fire_size;f_incomplete_year
BLM,Saint-Barthélemy,country,2012,burned_area_share_land,0.0,share,K1,owid_annual_area_burnt_share_land,measured,f_sensor_break;f_min_fire_size;f_zero_no_detection
BLM,Saint-Barthélemy,country,2013,burned_area_share_land,0.0,share,K1,owid_annual_area_burnt_share_land,measured,f_sensor_break;f_min_fire_size;f_zero_no_detection
BLM,Saint-Barthélemy,country,2014,burned_area_share_land,0.0,share,K1,owid_annual_area_burnt_share_land,measured,f_sensor_break;f_min_fire_size;f_zero_no_detection
BLM,Saint-Barthélemy,country,2015,burned_area_share_land,0.0,share,K1,owid_annual_area_burnt_share_land,measured,f_sensor_break;f_min_fire_size;f_zero_no_detection
BLM,Saint-Barthélemy,country,2016,burned_area_share_land,0.0,share,K1,owid_annual_area_burnt_share_land,measured,f_sensor_break;f_min_fire_size;f_zero_no_detection
BLM,Saint-Barthélemy,country,2017,burned_area_share_land,0.0,share,K1,owid_annual_area_burnt_share_land,measured,f_sensor_break;f_min_fire_size;f_zero_no_detection
BLM,Saint-Barthélemy,country,2018,burned_area_share_land,0.0,share,K1,owid_annual_area_burnt_share_land,measured,f_sensor_break;f_min_fire_size;f_zero_no_detection
BLM,Saint-Barthélemy,country,2019,burned_area_share_land,0.0,share,K1,owid_annual_area_burnt_share_land,measured,f_sensor_break;f_min_fire_size;f_zero_no_detection
BLM,Saint-Barthélemy,country,2020,burned_area_share_land,0.0,share,K1,owid_annual_area_burnt_share_land,measured,f_sensor_break;f_min_fire_size;f_zero_no_detection
BLM,Saint-Barthélemy,country,2021,burned_area_share_land,0.0,share,K1,owid_annual_area_burnt_share_land,measured,f_sensor_break;f_min_fire_size;f_zero_no_detection
BLM,Saint-Barthélemy,country,2022,burned_area_share_land,0.0,share,K1,owid_annual_area_burnt_share_land,measured,f_sensor_break;f_min_fire_size;f_zero_no_detection
BLM,Saint-Barthélemy,country,2023,burned_area_share_land,0.0,share,K1,owid_annual_area_burnt_share_land,measured,f_sensor_break;f_min_fire_size;f_zero_no_detection
BLM,Saint-Barthélemy,country,2024,burned_area_share_land,0.0,share,K1,owid_annual_area_burnt_share_land,measured,f_sensor_break;f_min_fire_size;f_zero_no_detection
BLM,Saint-Barthélemy,country,2025,burned_area_share_land,0.0,share,K1,owid_annual_area_burnt_share_land,measured,f_sensor_break;f_min_fire_size;f_zero_no_detection
BLM,Saint-Barthélemy,country,2026,burned_area_share_land,0.0,share,K1,owid_annual_area_burnt_share_land,measured,f_sensor_break;f_min_fire_size;f_incomplete_year;f_zero_no_detection
BLR,Belarus,country,2012,burned_area_share_land,0.0022498,share,K1,owid_annual_area_burnt_share_land,measured,f_sensor_break;f_min_fire_size
BLR,Belarus,country,2013,burned_area_share_land,0.00092296,share,K1,owid_annual_area_burnt_share_land,measured,f_sensor_break;f_min_fire_size
BLR,Belarus,country,2014,burned_area_share_land,0.00579584,share,K1,owid_annual_area_burnt_share_land,measured,f_sensor_break;f_min_fire_size
BLR,Belarus,country,2015,burned_area_share_land,0.00840717,share,K1,owid_annual_area_burnt_share_land,measured,f_sensor_break;f_min_fire_size
BLR,Belarus,country,2016,burned_area_share_land,0.00090243,share,K1,owid_annual_area_burnt_share_land,measured,f_sensor_break;f_min_fire_size
BLR,Belarus,country,2017,burned_area_share_land,0.00142845,share,K1,owid_annual_area_burnt_share_land,measured,f_sensor_break;f_min_fire_size
BLR,Belarus,country,2018,burned_area_share_land,0.00136461,share,K1,owid_annual_area_burnt_share_land,measured,f_sensor_break;f_min_fire_size
BLR,Belarus,country,2019,burned_area_share_land,0.00473177,share,K1,owid_annual_area_burnt_share_land,measured,f_sensor_break;f_min_fire_size
BLR,Belarus,country,2020,burned_area_share_land,0.00364322,share,K1,owid_annual_area_burnt_share_land,measured,f_sensor_break;f_min_fire_size
BLR,Belarus,country,2021,burned_area_share_land,0.00106865,share,K1,owid_annual_area_burnt_share_land,measured,f_sensor_break;f_min_fire_size
BLR,Belarus,country,2022,burned_area_share_land,0.00120649,share,K1,owid_annual_area_burnt_share_land,measured,f_sensor_break;f_min_fire_size
BLR,Belarus,country,2023,burned_area_share_land,0.00028594,share,K1,owid_annual_area_burnt_share_land,measured,f_sensor_break;f_min_fire_size
BLR,Belarus,country,2024,burned_area_share_land,0.00025573,share,K1,owid_annual_area_burnt_share_land,measured,f_sensor_break;f_min_fire_size
BLR,Belarus,country,2025,burned_area_share_land,0.00102254,share,K1,owid_annual_area_burnt_share_land,measured,f_sensor_break;f_min_fire_size
BLR,Belarus,country,2026,burned_area_share_land,0.00073458,share,K1,owid_annual_area_burnt_share_land,measured,f_sensor_break;f_min_fire_size;f_incomplete_year
BLZ,Belize,country,2012,burned_area_share_land,0.03205862,share,K1,owid_annual_area_burnt_share_land,measured,f_sensor_break;f_min_fire_size
BLZ,Belize,country,2013,burned_area_share_land,0.0877166,share,K1,owid_annual_area_burnt_share_land,measured,f_sensor_break;f_min_fire_size
BLZ,Belize,country,2014,burned_area_share_land,0.04408226,share,K1,owid_annual_area_burnt_share_land,measured,f_sensor_break;f_min_fire_size
BLZ,Belize,country,2015,burned_area_share_land,0.06972167,share,K1,owid_annual_area_burnt_share_land,measured,f_sensor_break;f_min_fire_size
BLZ,Belize,country,2016,burned_area_share_land,0.04666404,share,K1,owid_annual_area_burnt_share_land,measured,f_sensor_break;f_min_fire_size
BLZ,Belize,country,2017,burned_area_share_land,0.05091459,share,K1,owid_annual_area_burnt_share_land,measured,f_sensor_break;f_min_fire_size
BLZ,Belize,country,2018,burned_area_share_land,0.03050172,share,K1,owid_annual_area_burnt_share_land,measured,f_sensor_break;f_min_fire_size
BLZ,Belize,country,2019,burned_area_share_land,0.07635713,share,K1,owid_annual_area_burnt_share_land,measured,f_sensor_break;f_min_fire_size
BLZ,Belize,country,2020,burned_area_share_land,0.05407244,share,K1,owid_annual_area_burnt_share_land,measured,f_sensor_break;f_min_fire_size
BLZ,Belize,country,2021,burned_area_share_land,0.03704733,share,K1,owid_annual_area_burnt_share_land,measured,f_sensor_break;f_min_fire_size
BLZ,Belize,country,2022,burned_area_share_land,0.03835892,share,K1,owid_annual_area_burnt_share_land,measured,f_sensor_break;f_min_fire_size
BLZ,Belize,country,2023,burned_area_share_land,0.06932308,share,K1,owid_annual_area_burnt_share_land,measured,f_sensor_break;f_min_fire_size
BLZ,Belize,country,2024,burned_area_share_land,0.07417658,share,K1,owid_annual_area_burnt_share_land,measured,f_sensor_break;f_min_fire_size
BLZ,Belize,country,2025,burned_area_share_land,0.02926676,share,K1,owid_annual_area_burnt_share_land,measured,f_sensor_break;f_min_fire_size
BLZ,Belize,country,2026,burned_area_share_land,0.01666881,share,K1,owid_annual_area_burnt_share_land,measured,f_sensor_break;f_min_fire_size;f_incomplete_year
BMU,Bermuda,country,2012,burned_area_share_land,0.0,share,K1,owid_annual_area_burnt_share_land,measured,f_sensor_break;f_min_fire_size;f_zero_no_detection
BMU,Bermuda,country,2013,burned_area_share_land,0.0,share,K1,owid_annual_area_burnt_share_land,measured,f_sensor_break;f_min_fire_size;f_zero_no_detection
BMU,Bermuda,country,2014,burned_area_share_land,0.0,share,K1,owid_annual_area_burnt_share_land,measured,f_sensor_break;f_min_fire_size;f_zero_no_detection
BMU,Bermuda,country,2015,burned_area_share_land,0.0,share,K1,owid_annual_area_burnt_share_land,measured,f_sensor_break;f_min_fire_size;f_zero_no_detection
BMU,Bermuda,country,2016,burned_area_share_land,0.0,share,K1,owid_annual_area_burnt_share_land,measured,f_sensor_break;f_min_fire_size;f_zero_no_detection
BMU,Bermuda,country,2017,burned_area_share_land,0.0,share,K1,owid_annual_area_burnt_share_land,measured,f_sensor_break;f_min_fire_size;f_zero_no_detection
BMU,Bermuda,country,2018,burned_area_share_land,0.0,share,K1,owid_annual_area_burnt_share_land,measured,f_sensor_break;f_min_fire_size;f_zero_no_detection
BMU,Bermuda,country,2019,burned_area_share_land,0.0,share,K1,owid_annual_area_burnt_share_land,measured,f_sensor_break;f_min_fire_size;f_zero_no_detection
BMU,Bermuda,country,2020,burned_area_share_land,0.0,share,K1,owid_annual_area_burnt_share_land,measured,f_sensor_break;f_min_fire_size;f_zero_no_detection
BMU,Bermuda,country,2021,burned_area_share_land,0.0,share,K1,owid_annual_area_burnt_share_land,measured,f_sensor_break;f_min_fire_size;f_zero_no_detection
BMU,Bermuda,country,2022,burned_area_share_land,0.0,share,K1,owid_annual_area_burnt_share_land,measured,f_sensor_break;f_min_fire_size;f_zero_no_detection
BMU,Bermuda,country,2023,burned_area_share_land,0.0,share,K1,owid_annual_area_burnt_share_land,measured,f_sensor_break;f_min_fire_size;f_zero_no_detection
BMU,Bermuda,country,2024,burned_area_share_land,0.0,share,K1,owid_annual_area_burnt_share_land,measured,f_sensor_break;f_min_fire_size;f_zero_no_detection
BMU,Bermuda,country,2025,burned_area_share_land,0.0,share,K1,owid_annual_area_burnt_share_land,measured,f_sensor_break;f_min_fire_size;f_zero_no_detection
BMU,Bermuda,country,2026,burned_area_share_land,0.0,share,K1,owid_annual_area_burnt_share_land,measured,f_sensor_break;f_min_fire_size;f_incomplete_year;f_zero_no_detection
BOL,Bolivia,country,2012,burned_area_share_land,0.03878263,share,K1,owid_annual_area_burnt_share_land,measured,f_sensor_break;f_min_fire_size
BOL,Bolivia,country,2013,burned_area_share_land,0.02728608,share,K1,owid_annual_area_burnt_share_land,measured,f_sensor_break;f_min_fire_size
BOL,Bolivia,country,2014,burned_area_share_land,0.0225412,share,K1,owid_annual_area_burnt_share_land,measured,f_sensor_break;f_min_fire_size
BOL,Bolivia,country,2015,burned_area_share_land,0.03555821,share,K1,owid_annual_area_burnt_share_land,measured,f_sensor_break;f_min_fire_size
BOL,Bolivia,country,2016,burned_area_share_land,0.06166201,share,K1,owid_annual_area_burnt_share_land,measured,f_sensor_break;f_min_fire_size
BOL,Bolivia,country,2017,burned_area_share_land,0.04783525,share,K1,owid_annual_area_burnt_share_land,measured,f_sensor_break;f_min_fire_size
BOL,Bolivia,country,2018,burned_area_share_land,0.04205005,share,K1,owid_annual_area_burnt_share_land,measured,f_sensor_break;f_min_fire_size
BOL,Bolivia,country,2019,burned_area_share_land,0.08216526,share,K1,owid_annual_area_burnt_share_land,measured,f_sensor_break;f_min_fire_size
BOL,Bolivia,country,2020,burned_area_share_land,0.06966958,share,K1,owid_annual_area_burnt_share_land,measured,f_sensor_break;f_min_fire_size
BOL,Bolivia,country,2021,burned_area_share_land,0.06797716,share,K1,owid_annual_area_burnt_share_land,measured,f_sensor_break;f_min_fire_size
BOL,Bolivia,country,2022,burned_area_share_land,0.07615227,share,K1,owid_annual_area_burnt_share_land,measured,f_sensor_break;f_min_fire_size
BOL,Bolivia,country,2023,burned_area_share_land,0.07277152,share,K1,owid_annual_area_burnt_share_land,measured,f_sensor_break;f_min_fire_size
BOL,Bolivia,country,2024,burned_area_share_land,0.15163046,share,K1,owid_annual_area_burnt_share_land,measured,f_sensor_break;f_min_fire_size
BOL,Bolivia,country,2025,burned_area_share_land,0.02574702,share,K1,owid_annual_area_burnt_share_land,measured,f_sensor_break;f_min_fire_size
BOL,Bolivia,country,2026,burned_area_share_land,0.00502925,share,K1,owid_annual_area_burnt_share_land,measured,f_sensor_break;f_min_fire_size;f_incomplete_year
BRA,Brasil,country,2012,burned_area_share_land,0.04618577,share,K1,owid_annual_area_burnt_share_land,measured,f_sensor_break;f_min_fire_size
BRA,Brasil,country,2013,burned_area_share_land,0.02147288,share,K1,owid_annual_area_burnt_share_land,measured,f_sensor_break;f_min_fire_size
BRA,Brasil,country,2014,burned_area_share_land,0.03378407,share,K1,owid_annual_area_burnt_share_land,measured,f_sensor_break;f_min_fire_size
BRA,Brasil,country,2015,burned_area_share_land,0.048472,share,K1,owid_annual_area_burnt_share_land,measured,f_sensor_break;f_min_fire_size
BRA,Brasil,country,2016,burned_area_share_land,0.03548572,share,K1,owid_annual_area_burnt_share_land,measured,f_sensor_break;f_min_fire_size
BRA,Brasil,country,2017,burned_area_share_land,0.04440601,share,K1,owid_annual_area_burnt_share_land,measured,f_sensor_break;f_min_fire_size
BRA,Brasil,country,2018,burned_area_share_land,0.02353423,share,K1,owid_annual_area_burnt_share_land,measured,f_sensor_break;f_min_fire_size
BRA,Brasil,country,2019,burned_area_share_land,0.04010352,share,K1,owid_annual_area_burnt_share_land,measured,f_sensor_break;f_min_fire_size
BRA,Brasil,country,2020,burned_area_share_land,0.04411919,share,K1,owid_annual_area_burnt_share_land,measured,f_sensor_break;f_min_fire_size
BRA,Brasil,country,2021,burned_area_share_land,0.03437024,share,K1,owid_annual_area_burnt_share_land,measured,f_sensor_break;f_min_fire_size
BRA,Brasil,country,2022,burned_area_share_land,0.03848974,share,K1,owid_annual_area_burnt_share_land,measured,f_sensor_break;f_min_fire_size
BRA,Brasil,country,2023,burned_area_share_land,0.03246245,share,K1,owid_annual_area_burnt_share_land,measured,f_sensor_break;f_min_fire_size
BRA,Brasil,country,2024,burned_area_share_land,0.04869905,share,K1,owid_annual_area_burnt_share_land,measured,f_sensor_break;f_min_fire_size
BRA,Brasil,country,2025,burned_area_share_land,0.01931182,share,K1,owid_annual_area_burnt_share_land,measured,f_sensor_break;f_min_fire_size
BRA,Brasil,country,2026,burned_area_share_land,0.00239776,share,K1,owid_annual_area_burnt_share_land,measured,f_sensor_break;f_min_fire_size;f_incomplete_year
BRB,Barbados,country,2012,burned_area_share_land,0.0,share,K1,owid_annual_area_burnt_share_land,measured,f_sensor_break;f_min_fire_size;f_zero_no_detection
BRB,Barbados,country,2013,burned_area_share_land,0.0,share,K1,owid_annual_area_burnt_share_land,measured,f_sensor_break;f_min_fire_size;f_zero_no_detection
BRB,Barbados,country,2014,burned_area_share_land,0.0067815,share,K1,owid_annual_area_burnt_share_land,measured,f_sensor_break;f_min_fire_size
BRB,Barbados,country,2015,burned_area_share_land,0.0,share,K1,owid_annual_area_burnt_share_land,measured,f_sensor_break;f_min_fire_size;f_zero_no_detection
BRB,Barbados,country,2016,burned_area_share_land,0.00471868,share,K1,owid_annual_area_burnt_share_land,measured,f_sensor_break;f_min_fire_size
BRB,Barbados,country,2017,burned_area_share_land,0.0,share,K1,owid_annual_area_burnt_share_land,measured,f_sensor_break;f_min_fire_size;f_zero_no_detection
BRB,Barbados,country,2018,burned_area_share_land,0.00482182,share,K1,owid_annual_area_burnt_share_land,measured,f_sensor_break;f_min_fire_size
BRB,Barbados,country,2019,burned_area_share_land,0.0,share,K1,owid_annual_area_burnt_share_land,measured,f_sensor_break;f_min_fire_size;f_zero_no_detection
BRB,Barbados,country,2020,burned_area_share_land,0.0,share,K1,owid_annual_area_burnt_share_land,measured,f_sensor_break;f_min_fire_size;f_zero_no_detection
BRB,Barbados,country,2021,burned_area_share_land,0.0,share,K1,owid_annual_area_burnt_share_land,measured,f_sensor_break;f_min_fire_size;f_zero_no_detection
BRB,Barbados,country,2022,burned_area_share_land,0.0,share,K1,owid_annual_area_burnt_share_land,measured,f_sensor_break;f_min_fire_size;f_zero_no_detection
BRB,Barbados,country,2023,burned_area_share_land,0.0,share,K1,owid_annual_area_burnt_share_land,measured,f_sensor_break;f_min_fire_size;f_zero_no_detection
BRB,Barbados,country,2024,burned_area_share_land,0.0,share,K1,owid_annual_area_burnt_share_land,measured,f_sensor_break;f_min_fire_size;f_zero_no_detection
BRB,Barbados,country,2025,burned_area_share_land,0.0,share,K1,owid_annual_area_burnt_share_land,measured,f_sensor_break;f_min_fire_size;f_zero_no_detection
BRB,Barbados,country,2026,burned_area_share_land,0.00513125,share,K1,owid_annual_area_burnt_share_land,measured,f_sensor_break;f_min_fire_size;f_incomplete_year
BRN,Brunei,country,2012,burned_area_share_land,0.00179382,share,K1,owid_annual_area_burnt_share_land,measured,f_sensor_break;f_min_fire_size
BRN,Brunei,country,2013,burned_area_share_land,0.00069947,share,K1,owid_annual_area_burnt_share_land,measured,f_sensor_break;f_min_fire_size
BRN,Brunei,country,2014,burned_area_share_land,0.00211433,share,K1,owid_annual_area_burnt_share_land,measured,f_sensor_break;f_min_fire_size
BRN,Brunei,country,2015,burned_area_share_land,0.00614644,share,K1,owid_annual_area_burnt_share_land,measured,f_sensor_break;f_min_fire_size
BRN,Brunei,country,2016,burned_area_share_land,0.00947554,share,K1,owid_annual_area_burnt_share_land,measured,f_sensor_break;f_min_fire_size
BRN,Brunei,country,2017,burned_area_share_land,0.0,share,K1,owid_annual_area_burnt_share_land,measured,f_sensor_break;f_min_fire_size;f_zero_no_detection
BRN,Brunei,country,2018,burned_area_share_land,0.00068353,share,K1,owid_annual_area_burnt_share_land,measured,f_sensor_break;f_min_fire_size
BRN,Brunei,country,2019,burned_area_share_land,0.00237287,share,K1,owid_annual_area_burnt_share_land,measured,f_sensor_break;f_min_fire_size
BRN,Brunei,country,2020,burned_area_share_land,0.00344774,share,K1,owid_annual_area_burnt_share_land,measured,f_sensor_break;f_min_fire_size
BRN,Brunei,country,2021,burned_area_share_land,0.00247026,share,K1,owid_annual_area_burnt_share_land,measured,f_sensor_break;f_min_fire_size
BRN,Brunei,country,2022,burned_area_share_land,0.00164861,share,K1,owid_annual_area_burnt_share_land,measured,f_sensor_break;f_min_fire_size
BRN,Brunei,country,2023,burned_area_share_land,0.00120591,share,K1,owid_annual_area_burnt_share_land,measured,f_sensor_break;f_min_fire_size
BRN,Brunei,country,2024,burned_area_share_land,0.0019585,share,K1,owid_annual_area_burnt_share_land,measured,f_sensor_break;f_min_fire_size
BRN,Brunei,country,2025,burned_area_share_land,0.00036478,share,K1,owid_annual_area_burnt_share_land,measured,f_sensor_break;f_min_fire_size
BRN,Brunei,country,2026,burned_area_share_land,0.00051884,share,K1,owid_annual_area_burnt_share_land,measured,f_sensor_break;f_min_fire_size;f_incomplete_year
BTN,Bhutan,country,2012,burned_area_share_land,0.01005242,share,K1,owid_annual_area_burnt_share_land,measured,f_sensor_break;f_min_fire_size
BTN,Bhutan,country,2013,burned_area_share_land,0.00384489,share,K1,owid_annual_area_burnt_share_land,measured,f_sensor_break;f_min_fire_size
BTN,Bhutan,country,2014,burned_area_share_land,0.00761241,share,K1,owid_annual_area_burnt_share_land,measured,f_sensor_break;f_min_fire_size
BTN,Bhutan,country,2015,burned_area_share_land,0.00621783,share,K1,owid_annual_area_burnt_share_land,measured,f_sensor_break;f_min_fire_size
BTN,Bhutan,country,2016,burned_area_share_land,0.00444422,share,K1,owid_annual_area_burnt_share_land,measured,f_sensor_break;f_min_fire_size
BTN,Bhutan,country,2017,burned_area_share_land,0.00458488,share,K1,owid_annual_area_burnt_share_land,measured,f_sensor_break;f_min_fire_size
BTN,Bhutan,country,2018,burned_area_share_land,0.00171911,share,K1,owid_annual_area_burnt_share_land,measured,f_sensor_break;f_min_fire_size
BTN,Bhutan,country,2019,burned_area_share_land,0.00219862,share,K1,owid_annual_area_burnt_share_land,measured,f_sensor_break;f_min_fire_size
BTN,Bhutan,country,2020,burned_area_share_land,0.0020243,share,K1,owid_annual_area_burnt_share_land,measured,f_sensor_break;f_min_fire_size
BTN,Bhutan,country,2021,burned_area_share_land,0.00482099,share,K1,owid_annual_area_burnt_share_land,measured,f_sensor_break;f_min_fire_size
BTN,Bhutan,country,2022,burned_area_share_land,0.00192659,share,K1,owid_annual_area_burnt_share_land,measured,f_sensor_break;f_min_fire_size
BTN,Bhutan,country,2023,burned_area_share_land,0.00431059,share,K1,owid_annual_area_burnt_share_land,measured,f_sensor_break;f_min_fire_size
BTN,Bhutan,country,2024,burned_area_share_land,0.00382957,share,K1,owid_annual_area_burnt_share_land,measured,f_sensor_break;f_min_fire_size
BTN,Bhutan,country,2025,burned_area_share_land,0.00238626,share,K1,owid_annual_area_burnt_share_land,measured,f_sensor_break;f_min_fire_size
BTN,Bhutan,country,2026,burned_area_share_land,0.00170906,share,K1,owid_annual_area_burnt_share_land,measured,f_sensor_break;f_min_fire_size;f_incomplete_year
BWA,Botswana,country,2012,burned_area_share_land,0.03649088,share,K1,owid_annual_area_burnt_share_land,measured,f_sensor_break;f_min_fire_size
BWA,Botswana,country,2013,burned_area_share_land,0.03174615,share,K1,owid_annual_area_burnt_share_land,measured,f_sensor_break;f_min_fire_size
BWA,Botswana,country,2014,burned_area_share_land,0.01923143,share,K1,owid_annual_area_burnt_share_land,measured,f_sensor_break;f_min_fire_size
BWA,Botswana,country,2015,burned_area_share_land,0.02014334,share,K1,owid_annual_area_burnt_share_land,measured,f_sensor_break;f_min_fire_size
BWA,Botswana,country,2016,burned_area_share_land,0.01413024,share,K1,owid_annual_area_burnt_share_land,measured,f_sensor_break;f_min_fire_size
BWA,Botswana,country,2017,burned_area_share_land,0.04458004,share,K1,owid_annual_area_burnt_share_land,measured,f_sensor_break;f_min_fire_size
BWA,Botswana,country,2018,burned_area_share_land,0.02342073,share,K1,owid_annual_area_burnt_share_land,measured,f_sensor_break;f_min_fire_size
BWA,Botswana,country,2019,burned_area_share_land,0.01493706,share,K1,owid_annual_area_burnt_share_land,measured,f_sensor_break;f_min_fire_size
BWA,Botswana,country,2020,burned_area_share_land,0.02491945,share,K1,owid_annual_area_burnt_share_land,measured,f_sensor_break;f_min_fire_size
BWA,Botswana,country,2021,burned_area_share_land,0.09001507,share,K1,owid_annual_area_burnt_share_land,measured,f_sensor_break;f_min_fire_size
BWA,Botswana,country,2022,burned_area_share_land,0.06567408,share,K1,owid_annual_area_burnt_share_land,measured,f_sensor_break;f_min_fire_size
BWA,Botswana,country,2023,burned_area_share_land,0.07625755,share,K1,owid_annual_area_burnt_share_land,measured,f_sensor_break;f_min_fire_size
BWA,Botswana,country,2024,burned_area_share_land,0.01415778,share,K1,owid_annual_area_burnt_share_land,measured,f_sensor_break;f_min_fire_size
BWA,Botswana,country,2025,burned_area_share_land,0.01426249,share,K1,owid_annual_area_burnt_share_land,measured,f_sensor_break;f_min_fire_size
BWA,Botswana,country,2026,burned_area_share_land,0.00295016,share,K1,owid_annual_area_burnt_share_land,measured,f_sensor_break;f_min_fire_size;f_incomplete_year
CAF,Den sentralafrikanske republikk,country,2012,burned_area_share_land,0.19051272,share,K1,owid_annual_area_burnt_share_land,measured,f_sensor_break;f_min_fire_size
CAF,Den sentralafrikanske republikk,country,2013,burned_area_share_land,0.25778812,share,K1,owid_annual_area_burnt_share_land,measured,f_sensor_break;f_min_fire_size
CAF,Den sentralafrikanske republikk,country,2014,burned_area_share_land,0.2845133,share,K1,owid_annual_area_burnt_share_land,measured,f_sensor_break;f_min_fire_size
CAF,Den sentralafrikanske republikk,country,2015,burned_area_share_land,0.31977378,share,K1,owid_annual_area_burnt_share_land,measured,f_sensor_break;f_min_fire_size
CAF,Den sentralafrikanske republikk,country,2016,burned_area_share_land,0.35007866,share,K1,owid_annual_area_burnt_share_land,measured,f_sensor_break;f_min_fire_size
CAF,Den sentralafrikanske republikk,country,2017,burned_area_share_land,0.27950446,share,K1,owid_annual_area_burnt_share_land,measured,f_sensor_break;f_min_fire_size
CAF,Den sentralafrikanske republikk,country,2018,burned_area_share_land,0.22929016,share,K1,owid_annual_area_burnt_share_land,measured,f_sensor_break;f_min_fire_size
CAF,Den sentralafrikanske republikk,country,2019,burned_area_share_land,0.24256072,share,K1,owid_annual_area_burnt_share_land,measured,f_sensor_break;f_min_fire_size
CAF,Den sentralafrikanske republikk,country,2020,burned_area_share_land,0.29814042,share,K1,owid_annual_area_burnt_share_land,measured,f_sensor_break;f_min_fire_size
CAF,Den sentralafrikanske republikk,country,2021,burned_area_share_land,0.26752832,share,K1,owid_annual_area_burnt_share_land,measured,f_sensor_break;f_min_fire_size
CAF,Den sentralafrikanske republikk,country,2022,burned_area_share_land,0.26957175,share,K1,owid_annual_area_burnt_share_land,measured,f_sensor_break;f_min_fire_size
CAF,Den sentralafrikanske republikk,country,2023,burned_area_share_land,0.20361335,share,K1,owid_annual_area_burnt_share_land,measured,f_sensor_break;f_min_fire_size
CAF,Den sentralafrikanske republikk,country,2024,burned_area_share_land,0.17998354,share,K1,owid_annual_area_burnt_share_land,measured,f_sensor_break;f_min_fire_size
CAF,Den sentralafrikanske republikk,country,2025,burned_area_share_land,0.14860848,share,K1,owid_annual_area_burnt_share_land,measured,f_sensor_break;f_min_fire_size
CAF,Den sentralafrikanske republikk,country,2026,burned_area_share_land,0.09732587,share,K1,owid_annual_area_burnt_share_land,measured,f_sensor_break;f_min_fire_size;f_incomplete_year
CAN,Canada,country,2012,burned_area_share_land,0.0021705,share,K1,owid_annual_area_burnt_share_land,measured,f_sensor_break;f_min_fire_size
CAN,Canada,country,2013,burned_area_share_land,0.00391759,share,K1,owid_annual_area_burnt_share_land,measured,f_sensor_break;f_min_fire_size
CAN,Canada,country,2014,burned_area_share_land,0.0044117,share,K1,owid_annual_area_burnt_share_land,measured,f_sensor_break;f_min_fire_size
CAN,Canada,country,2015,burned_area_share_land,0.00411699,share,K1,owid_annual_area_burnt_share_land,measured,f_sensor_break;f_min_fire_size
CAN,Canada,country,2016,burned_area_share_land,0.00156421,share,K1,owid_annual_area_burnt_share_land,measured,f_sensor_break;f_min_fire_size
CAN,Canada,country,2017,burned_area_share_land,0.00407566,share,K1,owid_annual_area_burnt_share_land,measured,f_sensor_break;f_min_fire_size
CAN,Canada,country,2018,burned_area_share_land,0.00289715,share,K1,owid_annual_area_burnt_share_land,measured,f_sensor_break;f_min_fire_size
CAN,Canada,country,2019,burned_area_share_land,0.00211598,share,K1,owid_annual_area_burnt_share_land,measured,f_sensor_break;f_min_fire_size
CAN,Canada,country,2020,burned_area_share_land,0.00061672,share,K1,owid_annual_area_burnt_share_land,measured,f_sensor_break;f_min_fire_size
CAN,Canada,country,2021,burned_area_share_land,0.0045037,share,K1,owid_annual_area_burnt_share_land,measured,f_sensor_break;f_min_fire_size
CAN,Canada,country,2022,burned_area_share_land,0.00175308,share,K1,owid_annual_area_burnt_share_land,measured,f_sensor_break;f_min_fire_size
CAN,Canada,country,2023,burned_area_share_land,0.01501898,share,K1,owid_annual_area_burnt_share_land,measured,f_sensor_break;f_min_fire_size
CAN,Canada,country,2024,burned_area_share_land,0.00519468,share,K1,owid_annual_area_burnt_share_land,measured,f_sensor_break;f_min_fire_size
CAN,Canada,country,2025,burned_area_share_land,0.00742286,share,K1,owid_annual_area_burnt_share_land,measured,f_sensor_break;f_min_fire_size
CAN,Canada,country,2026,burned_area_share_land,0.0020475,share,K1,owid_annual_area_burnt_share_land,measured,f_sensor_break;f_min_fire_size;f_incomplete_year
CHE,Sveits,country,2012,burned_area_share_land,0.0,share,K1,owid_annual_area_burnt_share_land,measured,f_sensor_break;f_min_fire_size;f_zero_no_detection
CHE,Sveits,country,2013,burned_area_share_land,0.0,share,K1,owid_annual_area_burnt_share_land,measured,f_sensor_break;f_min_fire_size;f_zero_no_detection
CHE,Sveits,country,2014,burned_area_share_land,0.0,share,K1,owid_annual_area_burnt_share_land,measured,f_sensor_break;f_min_fire_size;f_zero_no_detection
CHE,Sveits,country,2015,burned_area_share_land,3.921e-05,share,K1,owid_annual_area_burnt_share_land,measured,f_sensor_break;f_min_fire_size
CHE,Sveits,country,2016,burned_area_share_land,0.00012223,share,K1,owid_annual_area_burnt_share_land,measured,f_sensor_break;f_min_fire_size
CHE,Sveits,country,2017,burned_area_share_land,6.559e-05,share,K1,owid_annual_area_burnt_share_land,measured,f_sensor_break;f_min_fire_size
CHE,Sveits,country,2018,burned_area_share_land,7.769e-05,share,K1,owid_annual_area_burnt_share_land,measured,f_sensor_break;f_min_fire_size
CHE,Sveits,country,2019,burned_area_share_land,3.15e-06,share,K1,owid_annual_area_burnt_share_land,measured,f_sensor_break;f_min_fire_size
CHE,Sveits,country,2020,burned_area_share_land,3.873e-05,share,K1,owid_annual_area_burnt_share_land,measured,f_sensor_break;f_min_fire_size
CHE,Sveits,country,2021,burned_area_share_land,2.42e-05,share,K1,owid_annual_area_burnt_share_land,measured,f_sensor_break;f_min_fire_size
CHE,Sveits,country,2022,burned_area_share_land,0.00017911,share,K1,owid_annual_area_burnt_share_land,measured,f_sensor_break;f_min_fire_size
CHE,Sveits,country,2023,burned_area_share_land,9.197e-05,share,K1,owid_annual_area_burnt_share_land,measured,f_sensor_break;f_min_fire_size
CHE,Sveits,country,2024,burned_area_share_land,0.0,share,K1,owid_annual_area_burnt_share_land,measured,f_sensor_break;f_min_fire_size;f_zero_no_detection
CHE,Sveits,country,2025,burned_area_share_land,0.0,share,K1,owid_annual_area_burnt_share_land,measured,f_sensor_break;f_min_fire_size;f_zero_no_detection
CHE,Sveits,country,2026,burned_area_share_land,1.815e-05,share,K1,owid_annual_area_burnt_share_land,measured,f_sensor_break;f_min_fire_size;f_incomplete_year
CHL,Chile,country,2012,burned_area_share_land,0.00373922,share,K1,owid_annual_area_burnt_share_land,measured,f_sensor_break;f_min_fire_size
CHL,Chile,country,2013,burned_area_share_land,0.0039386,share,K1,owid_annual_area_burnt_share_land,measured,f_sensor_break;f_min_fire_size
CHL,Chile,country,2014,burned_area_share_land,0.00444591,share,K1,owid_annual_area_burnt_share_land,measured,f_sensor_break;f_min_fire_size
CHL,Chile,country,2015,burned_area_share_land,0.00694513,share,K1,owid_annual_area_burnt_share_land,measured,f_sensor_break;f_min_fire_size
CHL,Chile,country,2016,burned_area_share_land,0.00462101,share,K1,owid_annual_area_burnt_share_land,measured,f_sensor_break;f_min_fire_size
CHL,Chile,country,2017,burned_area_share_land,0.01220146,share,K1,owid_annual_area_burnt_share_land,measured,f_sensor_break;f_min_fire_size
CHL,Chile,country,2018,burned_area_share_land,0.00377941,share,K1,owid_annual_area_burnt_share_land,measured,f_sensor_break;f_min_fire_size
CHL,Chile,country,2019,burned_area_share_land,0.00462371,share,K1,owid_annual_area_burnt_share_land,measured,f_sensor_break;f_min_fire_size
CHL,Chile,country,2020,burned_area_share_land,0.00478569,share,K1,owid_annual_area_burnt_share_land,measured,f_sensor_break;f_min_fire_size
CHL,Chile,country,2021,burned_area_share_land,0.00403699,share,K1,owid_annual_area_burnt_share_land,measured,f_sensor_break;f_min_fire_size
CHL,Chile,country,2022,burned_area_share_land,0.00550583,share,K1,owid_annual_area_burnt_share_land,measured,f_sensor_break;f_min_fire_size
CHL,Chile,country,2023,burned_area_share_land,0.00999488,share,K1,owid_annual_area_burnt_share_land,measured,f_sensor_break;f_min_fire_size
CHL,Chile,country,2024,burned_area_share_land,0.00312232,share,K1,owid_annual_area_burnt_share_land,measured,f_sensor_break;f_min_fire_size
CHL,Chile,country,2025,burned_area_share_land,0.00368226,share,K1,owid_annual_area_burnt_share_land,measured,f_sensor_break;f_min_fire_size
CHL,Chile,country,2026,burned_area_share_land,0.00413436,share,K1,owid_annual_area_burnt_share_land,measured,f_sensor_break;f_min_fire_size;f_incomplete_year
CHN,Kina,country,2012,burned_area_share_land,0.00272508,share,K1,owid_annual_area_burnt_share_land,measured,f_sensor_break;f_min_fire_size
CHN,Kina,country,2013,burned_area_share_land,0.003786,share,K1,owid_annual_area_burnt_share_land,measured,f_sensor_break;f_min_fire_size
CHN,Kina,country,2014,burned_area_share_land,0.00590563,share,K1,owid_annual_area_burnt_share_land,measured,f_sensor_break;f_min_fire_size
CHN,Kina,country,2015,burned_area_share_land,0.00503216,share,K1,owid_annual_area_burnt_share_land,measured,f_sensor_break;f_min_fire_size
CHN,Kina,country,2016,burned_area_share_land,0.00286765,share,K1,owid_annual_area_burnt_share_land,measured,f_sensor_break;f_min_fire_size
CHN,Kina,country,2017,burned_area_share_land,0.00408204,share,K1,owid_annual_area_burnt_share_land,measured,f_sensor_break;f_min_fire_size
CHN,Kina,country,2018,burned_area_share_land,0.00154028,share,K1,owid_annual_area_burnt_share_land,measured,f_sensor_break;f_min_fire_size
CHN,Kina,country,2019,burned_area_share_land,0.00286023,share,K1,owid_annual_area_burnt_share_land,measured,f_sensor_break;f_min_fire_size
CHN,Kina,country,2020,burned_area_share_land,0.00323278,share,K1,owid_annual_area_burnt_share_land,measured,f_sensor_break;f_min_fire_size
CHN,Kina,country,2021,burned_area_share_land,0.00273853,share,K1,owid_annual_area_burnt_share_land,measured,f_sensor_break;f_min_fire_size
CHN,Kina,country,2022,burned_area_share_land,0.00269978,share,K1,owid_annual_area_burnt_share_land,measured,f_sensor_break;f_min_fire_size
CHN,Kina,country,2023,burned_area_share_land,0.00287968,share,K1,owid_annual_area_burnt_share_land,measured,f_sensor_break;f_min_fire_size
CHN,Kina,country,2024,burned_area_share_land,0.00289897,share,K1,owid_annual_area_burnt_share_land,measured,f_sensor_break;f_min_fire_size
CHN,Kina,country,2025,burned_area_share_land,0.00315529,share,K1,owid_annual_area_burnt_share_land,measured,f_sensor_break;f_min_fire_size
CHN,Kina,country,2026,burned_area_share_land,0.00241657,share,K1,owid_annual_area_burnt_share_land,measured,f_sensor_break;f_min_fire_size;f_incomplete_year
CIV,Elfenbenskysten,country,2012,burned_area_share_land,0.06842114,share,K1,owid_annual_area_burnt_share_land,measured,f_sensor_break;f_min_fire_size
CIV,Elfenbenskysten,country,2013,burned_area_share_land,0.11737563,share,K1,owid_annual_area_burnt_share_land,measured,f_sensor_break;f_min_fire_size
CIV,Elfenbenskysten,country,2014,burned_area_share_land,0.07555141,share,K1,owid_annual_area_burnt_share_land,measured,f_sensor_break;f_min_fire_size
CIV,Elfenbenskysten,country,2015,burned_area_share_land,0.08205619,share,K1,owid_annual_area_burnt_share_land,measured,f_sensor_break;f_min_fire_size
CIV,Elfenbenskysten,country,2016,burned_area_share_land,0.08880972,share,K1,owid_annual_area_burnt_share_land,measured,f_sensor_break;f_min_fire_size
CIV,Elfenbenskysten,country,2017,burned_area_share_land,0.06615361,share,K1,owid_annual_area_burnt_share_land,measured,f_sensor_break;f_min_fire_size
CIV,Elfenbenskysten,country,2018,burned_area_share_land,0.04279788,share,K1,owid_annual_area_burnt_share_land,measured,f_sensor_break;f_min_fire_size
CIV,Elfenbenskysten,country,2019,burned_area_share_land,0.05255267,share,K1,owid_annual_area_burnt_share_land,measured,f_sensor_break;f_min_fire_size
CIV,Elfenbenskysten,country,2020,burned_area_share_land,0.06548497,share,K1,owid_annual_area_burnt_share_land,measured,f_sensor_break;f_min_fire_size
CIV,Elfenbenskysten,country,2021,burned_area_share_land,0.04949837,share,K1,owid_annual_area_burnt_share_land,measured,f_sensor_break;f_min_fire_size
CIV,Elfenbenskysten,country,2022,burned_area_share_land,0.05400328,share,K1,owid_annual_area_burnt_share_land,measured,f_sensor_break;f_min_fire_size
CIV,Elfenbenskysten,country,2023,burned_area_share_land,0.03788875,share,K1,owid_annual_area_burnt_share_land,measured,f_sensor_break;f_min_fire_size
CIV,Elfenbenskysten,country,2024,burned_area_share_land,0.04660872,share,K1,owid_annual_area_burnt_share_land,measured,f_sensor_break;f_min_fire_size
CIV,Elfenbenskysten,country,2025,burned_area_share_land,0.02277757,share,K1,owid_annual_area_burnt_share_land,measured,f_sensor_break;f_min_fire_size
CIV,Elfenbenskysten,country,2026,burned_area_share_land,0.01406913,share,K1,owid_annual_area_burnt_share_land,measured,f_sensor_break;f_min_fire_size;f_incomplete_year
CMR,Kamerun,country,2012,burned_area_share_land,0.06719214,share,K1,owid_annual_area_burnt_share_land,measured,f_sensor_break;f_min_fire_size
CMR,Kamerun,country,2013,burned_area_share_land,0.07170743,share,K1,owid_annual_area_burnt_share_land,measured,f_sensor_break;f_min_fire_size
CMR,Kamerun,country,2014,burned_area_share_land,0.07139131,share,K1,owid_annual_area_burnt_share_land,measured,f_sensor_break;f_min_fire_size
CMR,Kamerun,country,2015,burned_area_share_land,0.07091702,share,K1,owid_annual_area_burnt_share_land,measured,f_sensor_break;f_min_fire_size
CMR,Kamerun,country,2016,burned_area_share_land,0.0851397,share,K1,owid_annual_area_burnt_share_land,measured,f_sensor_break;f_min_fire_size
CMR,Kamerun,country,2017,burned_area_share_land,0.08627721,share,K1,owid_annual_area_burnt_share_land,measured,f_sensor_break;f_min_fire_size
CMR,Kamerun,country,2018,burned_area_share_land,0.04635976,share,K1,owid_annual_area_burnt_share_land,measured,f_sensor_break;f_min_fire_size
CMR,Kamerun,country,2019,burned_area_share_land,0.07298242,share,K1,owid_annual_area_burnt_share_land,measured,f_sensor_break;f_min_fire_size
CMR,Kamerun,country,2020,burned_area_share_land,0.09463244,share,K1,owid_annual_area_burnt_share_land,measured,f_sensor_break;f_min_fire_size
CMR,Kamerun,country,2021,burned_area_share_land,0.09214531,share,K1,owid_annual_area_burnt_share_land,measured,f_sensor_break;f_min_fire_size
CMR,Kamerun,country,2022,burned_area_share_land,0.0780714,share,K1,owid_annual_area_burnt_share_land,measured,f_sensor_break;f_min_fire_size
CMR,Kamerun,country,2023,burned_area_share_land,0.07960555,share,K1,owid_annual_area_burnt_share_land,measured,f_sensor_break;f_min_fire_size
CMR,Kamerun,country,2024,burned_area_share_land,0.05286997,share,K1,owid_annual_area_burnt_share_land,measured,f_sensor_break;f_min_fire_size
CMR,Kamerun,country,2025,burned_area_share_land,0.05972287,share,K1,owid_annual_area_burnt_share_land,measured,f_sensor_break;f_min_fire_size
CMR,Kamerun,country,2026,burned_area_share_land,0.03094336,share,K1,owid_annual_area_burnt_share_land,measured,f_sensor_break;f_min_fire_size;f_incomplete_year
COD,Kongo-Kinshasa,country,2012,burned_area_share_land,0.16577692,share,K1,owid_annual_area_burnt_share_land,measured,f_sensor_break;f_min_fire_size
COD,Kongo-Kinshasa,country,2013,burned_area_share_land,0.19806083,share,K1,owid_annual_area_burnt_share_land,measured,f_sensor_break;f_min_fire_size
COD,Kongo-Kinshasa,country,2014,burned_area_share_land,0.17905049,share,K1,owid_annual_area_burnt_share_land,measured,f_sensor_break;f_min_fire_size
COD,Kongo-Kinshasa,country,2015,burned_area_share_land,0.2034889,share,K1,owid_annual_area_burnt_share_land,measured,f_sensor_break;f_min_fire_size
COD,Kongo-Kinshasa,country,2016,burned_area_share_land,0.21784667,share,K1,owid_annual_area_burnt_share_land,measured,f_sensor_break;f_min_fire_size
COD,Kongo-Kinshasa,country,2017,burned_area_share_land,0.1956123,share,K1,owid_annual_area_burnt_share_land,measured,f_sensor_break;f_min_fire_size
COD,Kongo-Kinshasa,country,2018,burned_area_share_land,0.18150464,share,K1,owid_annual_area_burnt_share_land,measured,f_sensor_break;f_min_fire_size
COD,Kongo-Kinshasa,country,2019,burned_area_share_land,0.18844876,share,K1,owid_annual_area_burnt_share_land,measured,f_sensor_break;f_min_fire_size
COD,Kongo-Kinshasa,country,2020,burned_area_share_land,0.2029785,share,K1,owid_annual_area_burnt_share_land,measured,f_sensor_break;f_min_fire_size
COD,Kongo-Kinshasa,country,2021,burned_area_share_land,0.17859349,share,K1,owid_annual_area_burnt_share_land,measured,f_sensor_break;f_min_fire_size
COD,Kongo-Kinshasa,country,2022,burned_area_share_land,0.19000759,share,K1,owid_annual_area_burnt_share_land,measured,f_sensor_break;f_min_fire_size
COD,Kongo-Kinshasa,country,2023,burned_area_share_land,0.17667553,share,K1,owid_annual_area_burnt_share_land,measured,f_sensor_break;f_min_fire_size
COD,Kongo-Kinshasa,country,2024,burned_area_share_land,0.16160312,share,K1,owid_annual_area_burnt_share_land,measured,f_sensor_break;f_min_fire_size
COD,Kongo-Kinshasa,country,2025,burned_area_share_land,0.1329773,share,K1,owid_annual_area_burnt_share_land,measured,f_sensor_break;f_min_fire_size
COD,Kongo-Kinshasa,country,2026,burned_area_share_land,0.05855641,share,K1,owid_annual_area_burnt_share_land,measured,f_sensor_break;f_min_fire_size;f_incomplete_year
COG,Kongo-Brazzaville,country,2012,burned_area_share_land,0.05047512,share,K1,owid_annual_area_burnt_share_land,measured,f_sensor_break;f_min_fire_size
COG,Kongo-Brazzaville,country,2013,burned_area_share_land,0.05846079,share,K1,owid_annual_area_burnt_share_land,measured,f_sensor_break;f_min_fire_size
COG,Kongo-Brazzaville,country,2014,burned_area_share_land,0.04513698,share,K1,owid_annual_area_burnt_share_land,measured,f_sensor_break;f_min_fire_size
COG,Kongo-Brazzaville,country,2015,burned_area_share_land,0.05294201,share,K1,owid_annual_area_burnt_share_land,measured,f_sensor_break;f_min_fire_size
COG,Kongo-Brazzaville,country,2016,burned_area_share_land,0.05558346,share,K1,owid_annual_area_burnt_share_land,measured,f_sensor_break;f_min_fire_size
COG,Kongo-Brazzaville,country,2017,burned_area_share_land,0.04381817,share,K1,owid_annual_area_burnt_share_land,measured,f_sensor_break;f_min_fire_size
COG,Kongo-Brazzaville,country,2018,burned_area_share_land,0.04979375,share,K1,owid_annual_area_burnt_share_land,measured,f_sensor_break;f_min_fire_size
COG,Kongo-Brazzaville,country,2019,burned_area_share_land,0.04550054,share,K1,owid_annual_area_burnt_share_land,measured,f_sensor_break;f_min_fire_size
COG,Kongo-Brazzaville,country,2020,burned_area_share_land,0.05038816,share,K1,owid_annual_area_burnt_share_land,measured,f_sensor_break;f_min_fire_size
COG,Kongo-Brazzaville,country,2021,burned_area_share_land,0.0403283,share,K1,owid_annual_area_burnt_share_land,measured,f_sensor_break;f_min_fire_size
COG,Kongo-Brazzaville,country,2022,burned_area_share_land,0.05256875,share,K1,owid_annual_area_burnt_share_land,measured,f_sensor_break;f_min_fire_size
COG,Kongo-Brazzaville,country,2023,burned_area_share_land,0.04039548,share,K1,owid_annual_area_burnt_share_land,measured,f_sensor_break;f_min_fire_size
COG,Kongo-Brazzaville,country,2024,burned_area_share_land,0.05408375,share,K1,owid_annual_area_burnt_share_land,measured,f_sensor_break;f_min_fire_size
COG,Kongo-Brazzaville,country,2025,burned_area_share_land,0.03649068,share,K1,owid_annual_area_burnt_share_land,measured,f_sensor_break;f_min_fire_size
COG,Kongo-Brazzaville,country,2026,burned_area_share_land,0.01961448,share,K1,owid_annual_area_burnt_share_land,measured,f_sensor_break;f_min_fire_size;f_incomplete_year
COK,Cookøyene,country,2012,burned_area_share_land,0.0,share,K1,owid_annual_area_burnt_share_land,measured,f_sensor_break;f_min_fire_size;f_zero_no_detection
COK,Cookøyene,country,2013,burned_area_share_land,0.0,share,K1,owid_annual_area_burnt_share_land,measured,f_sensor_break;f_min_fire_size;f_zero_no_detection
COK,Cookøyene,country,2014,burned_area_share_land,0.0,share,K1,owid_annual_area_burnt_share_land,measured,f_sensor_break;f_min_fire_size;f_zero_no_detection
COK,Cookøyene,country,2015,burned_area_share_land,0.0,share,K1,owid_annual_area_burnt_share_land,measured,f_sensor_break;f_min_fire_size;f_zero_no_detection
COK,Cookøyene,country,2016,burned_area_share_land,0.0,share,K1,owid_annual_area_burnt_share_land,measured,f_sensor_break;f_min_fire_size;f_zero_no_detection
COK,Cookøyene,country,2017,burned_area_share_land,0.0,share,K1,owid_annual_area_burnt_share_land,measured,f_sensor_break;f_min_fire_size;f_zero_no_detection
COK,Cookøyene,country,2018,burned_area_share_land,0.0,share,K1,owid_annual_area_burnt_share_land,measured,f_sensor_break;f_min_fire_size;f_zero_no_detection
COK,Cookøyene,country,2019,burned_area_share_land,0.0,share,K1,owid_annual_area_burnt_share_land,measured,f_sensor_break;f_min_fire_size;f_zero_no_detection
COK,Cookøyene,country,2020,burned_area_share_land,0.0,share,K1,owid_annual_area_burnt_share_land,measured,f_sensor_break;f_min_fire_size;f_zero_no_detection
COK,Cookøyene,country,2021,burned_area_share_land,0.0,share,K1,owid_annual_area_burnt_share_land,measured,f_sensor_break;f_min_fire_size;f_zero_no_detection
COK,Cookøyene,country,2022,burned_area_share_land,0.0,share,K1,owid_annual_area_burnt_share_land,measured,f_sensor_break;f_min_fire_size;f_zero_no_detection
COK,Cookøyene,country,2023,burned_area_share_land,0.0,share,K1,owid_annual_area_burnt_share_land,measured,f_sensor_break;f_min_fire_size;f_zero_no_detection
COK,Cookøyene,country,2024,burned_area_share_land,0.0,share,K1,owid_annual_area_burnt_share_land,measured,f_sensor_break;f_min_fire_size;f_zero_no_detection
COK,Cookøyene,country,2025,burned_area_share_land,0.0,share,K1,owid_annual_area_burnt_share_land,measured,f_sensor_break;f_min_fire_size;f_zero_no_detection
COK,Cookøyene,country,2026,burned_area_share_land,0.0,share,K1,owid_annual_area_burnt_share_land,measured,f_sensor_break;f_min_fire_size;f_incomplete_year;f_zero_no_detection
COL,Colombia,country,2012,burned_area_share_land,0.01407785,share,K1,owid_annual_area_burnt_share_land,measured,f_sensor_break;f_min_fire_size
COL,Colombia,country,2013,burned_area_share_land,0.01770272,share,K1,owid_annual_area_burnt_share_land,measured,f_sensor_break;f_min_fire_size
COL,Colombia,country,2014,burned_area_share_land,0.02433006,share,K1,owid_annual_area_burnt_share_land,measured,f_sensor_break;f_min_fire_size
COL,Colombia,country,2015,burned_area_share_land,0.01779043,share,K1,owid_annual_area_burnt_share_land,measured,f_sensor_break;f_min_fire_size
COL,Colombia,country,2016,burned_area_share_land,0.0262616,share,K1,owid_annual_area_burnt_share_land,measured,f_sensor_break;f_min_fire_size
COL,Colombia,country,2017,burned_area_share_land,0.01556163,share,K1,owid_annual_area_burnt_share_land,measured,f_sensor_break;f_min_fire_size
COL,Colombia,country,2018,burned_area_share_land,0.01074214,share,K1,owid_annual_area_burnt_share_land,measured,f_sensor_break;f_min_fire_size
COL,Colombia,country,2019,burned_area_share_land,0.0216614,share,K1,owid_annual_area_burnt_share_land,measured,f_sensor_break;f_min_fire_size
COL,Colombia,country,2020,burned_area_share_land,0.02999126,share,K1,owid_annual_area_burnt_share_land,measured,f_sensor_break;f_min_fire_size
COL,Colombia,country,2021,burned_area_share_land,0.01496463,share,K1,owid_annual_area_burnt_share_land,measured,f_sensor_break;f_min_fire_size
COL,Colombia,country,2022,burned_area_share_land,0.02512057,share,K1,owid_annual_area_burnt_share_land,measured,f_sensor_break;f_min_fire_size
COL,Colombia,country,2023,burned_area_share_land,0.01424588,share,K1,owid_annual_area_burnt_share_land,measured,f_sensor_break;f_min_fire_size
COL,Colombia,country,2024,burned_area_share_land,0.01371805,share,K1,owid_annual_area_burnt_share_land,measured,f_sensor_break;f_min_fire_size
COL,Colombia,country,2025,burned_area_share_land,0.01096797,share,K1,owid_annual_area_burnt_share_land,measured,f_sensor_break;f_min_fire_size
COL,Colombia,country,2026,burned_area_share_land,0.00786266,share,K1,owid_annual_area_burnt_share_land,measured,f_sensor_break;f_min_fire_size;f_incomplete_year
COM,Komorene,country,2012,burned_area_share_land,0.00974266,share,K1,owid_annual_area_burnt_share_land,measured,f_sensor_break;f_min_fire_size
COM,Komorene,country,2013,burned_area_share_land,0.02089703,share,K1,owid_annual_area_burnt_share_land,measured,f_sensor_break;f_min_fire_size
COM,Komorene,country,2014,burned_area_share_land,0.01372456,share,K1,owid_annual_area_burnt_share_land,measured,f_sensor_break;f_min_fire_size
COM,Komorene,country,2015,burned_area_share_land,0.03998354,share,K1,owid_annual_area_burnt_share_land,measured,f_sensor_break;f_min_fire_size
COM,Komorene,country,2016,burned_area_share_land,0.01014782,share,K1,owid_annual_area_burnt_share_land,measured,f_sensor_break;f_min_fire_size
COM,Komorene,country,2017,burned_area_share_land,0.01672522,share,K1,owid_annual_area_burnt_share_land,measured,f_sensor_break;f_min_fire_size
COM,Komorene,country,2018,burned_area_share_land,0.02228975,share,K1,owid_annual_area_burnt_share_land,measured,f_sensor_break;f_min_fire_size
COM,Komorene,country,2019,burned_area_share_land,0.03453297,share,K1,owid_annual_area_burnt_share_land,measured,f_sensor_break;f_min_fire_size
COM,Komorene,country,2020,burned_area_share_land,0.00652043,share,K1,owid_annual_area_burnt_share_land,measured,f_sensor_break;f_min_fire_size
COM,Komorene,country,2021,burned_area_share_land,0.01770645,share,K1,owid_annual_area_burnt_share_land,measured,f_sensor_break;f_min_fire_size
COM,Komorene,country,2022,burned_area_share_land,0.00260817,share,K1,owid_annual_area_burnt_share_land,measured,f_sensor_break;f_min_fire_size
COM,Komorene,country,2023,burned_area_share_land,0.00555819,share,K1,owid_annual_area_burnt_share_land,measured,f_sensor_break;f_min_fire_size
COM,Komorene,country,2024,burned_area_share_land,0.0460735,share,K1,owid_annual_area_burnt_share_land,measured,f_sensor_break;f_min_fire_size
COM,Komorene,country,2025,burned_area_share_land,0.00245624,share,K1,owid_annual_area_burnt_share_land,measured,f_sensor_break;f_min_fire_size
COM,Komorene,country,2026,burned_area_share_land,0.002988,share,K1,owid_annual_area_burnt_share_land,measured,f_sensor_break;f_min_fire_size;f_incomplete_year
CPV,Kapp Verde,country,2012,burned_area_share_land,0.00053742,share,K1,owid_annual_area_burnt_share_land,measured,f_sensor_break;f_min_fire_size
CPV,Kapp Verde,country,2013,burned_area_share_land,0.0,share,K1,owid_annual_area_burnt_share_land,measured,f_sensor_break;f_min_fire_size;f_zero_no_detection
CPV,Kapp Verde,country,2014,burned_area_share_land,0.03308487,share,K1,owid_annual_area_burnt_share_land,measured,f_sensor_break;f_min_fire_size
CPV,Kapp Verde,country,2015,burned_area_share_land,0.0101102,share,K1,owid_annual_area_burnt_share_land,measured,f_sensor_break;f_min_fire_size
CPV,Kapp Verde,country,2016,burned_area_share_land,0.0,share,K1,owid_annual_area_burnt_share_land,measured,f_sensor_break;f_min_fire_size;f_zero_no_detection
CPV,Kapp Verde,country,2017,burned_area_share_land,0.0,share,K1,owid_annual_area_burnt_share_land,measured,f_sensor_break;f_min_fire_size;f_zero_no_detection
CPV,Kapp Verde,country,2018,burned_area_share_land,0.00066058,share,K1,owid_annual_area_burnt_share_land,measured,f_sensor_break;f_min_fire_size
CPV,Kapp Verde,country,2019,burned_area_share_land,0.0,share,K1,owid_annual_area_burnt_share_land,measured,f_sensor_break;f_min_fire_size;f_zero_no_detection
CPV,Kapp Verde,country,2020,burned_area_share_land,0.0,share,K1,owid_annual_area_burnt_share_land,measured,f_sensor_break;f_min_fire_size;f_zero_no_detection
CPV,Kapp Verde,country,2021,burned_area_share_land,0.0,share,K1,owid_annual_area_burnt_share_land,measured,f_sensor_break;f_min_fire_size;f_zero_no_detection
CPV,Kapp Verde,country,2022,burned_area_share_land,0.00047304,share,K1,owid_annual_area_burnt_share_land,measured,f_sensor_break;f_min_fire_size
CPV,Kapp Verde,country,2023,burned_area_share_land,0.00405584,share,K1,owid_annual_area_burnt_share_land,measured,f_sensor_break;f_min_fire_size
CPV,Kapp Verde,country,2024,burned_area_share_land,0.0,share,K1,owid_annual_area_burnt_share_land,measured,f_sensor_break;f_min_fire_size;f_zero_no_detection
CPV,Kapp Verde,country,2025,burned_area_share_land,0.00191456,share,K1,owid_annual_area_burnt_share_land,measured,f_sensor_break;f_min_fire_size
CPV,Kapp Verde,country,2026,burned_area_share_land,0.00110563,share,K1,owid_annual_area_burnt_share_land,measured,f_sensor_break;f_min_fire_size;f_incomplete_year
CRI,Costa Rica,country,2012,burned_area_share_land,0.01816509,share,K1,owid_annual_area_burnt_share_land,measured,f_sensor_break;f_min_fire_size
CRI,Costa Rica,country,2013,burned_area_share_land,0.0338397,share,K1,owid_annual_area_burnt_share_land,measured,f_sensor_break;f_min_fire_size
CRI,Costa Rica,country,2014,burned_area_share_land,0.02221668,share,K1,owid_annual_area_burnt_share_land,measured,f_sensor_break;f_min_fire_size
CRI,Costa Rica,country,2015,burned_area_share_land,0.02540243,share,K1,owid_annual_area_burnt_share_land,measured,f_sensor_break;f_min_fire_size
CRI,Costa Rica,country,2016,burned_area_share_land,0.02850652,share,K1,owid_annual_area_burnt_share_land,measured,f_sensor_break;f_min_fire_size
CRI,Costa Rica,country,2017,burned_area_share_land,0.01597712,share,K1,owid_annual_area_burnt_share_land,measured,f_sensor_break;f_min_fire_size
CRI,Costa Rica,country,2018,burned_area_share_land,0.01578786,share,K1,owid_annual_area_burnt_share_land,measured,f_sensor_break;f_min_fire_size
CRI,Costa Rica,country,2019,burned_area_share_land,0.02497147,share,K1,owid_annual_area_burnt_share_land,measured,f_sensor_break;f_min_fire_size
CRI,Costa Rica,country,2020,burned_area_share_land,0.0217822,share,K1,owid_annual_area_burnt_share_land,measured,f_sensor_break;f_min_fire_size
CRI,Costa Rica,country,2021,burned_area_share_land,0.00773127,share,K1,owid_annual_area_burnt_share_land,measured,f_sensor_break;f_min_fire_size
CRI,Costa Rica,country,2022,burned_area_share_land,0.02476953,share,K1,owid_annual_area_burnt_share_land,measured,f_sensor_break;f_min_fire_size
CRI,Costa Rica,country,2023,burned_area_share_land,0.00707459,share,K1,owid_annual_area_burnt_share_land,measured,f_sensor_break;f_min_fire_size
CRI,Costa Rica,country,2024,burned_area_share_land,0.01949093,share,K1,owid_annual_area_burnt_share_land,measured,f_sensor_break;f_min_fire_size
CRI,Costa Rica,country,2025,burned_area_share_land,0.00359548,share,K1,owid_annual_area_burnt_share_land,measured,f_sensor_break;f_min_fire_size
CRI,Costa Rica,country,2026,burned_area_share_land,0.01910889,share,K1,owid_annual_area_burnt_share_land,measured,f_sensor_break;f_min_fire_size;f_incomplete_year
CUB,Cuba,country,2012,burned_area_share_land,0.03196805,share,K1,owid_annual_area_burnt_share_land,measured,f_sensor_break;f_min_fire_size
CUB,Cuba,country,2013,burned_area_share_land,0.03919998,share,K1,owid_annual_area_burnt_share_land,measured,f_sensor_break;f_min_fire_size
CUB,Cuba,country,2014,burned_area_share_land,0.02657428,share,K1,owid_annual_area_burnt_share_land,measured,f_sensor_break;f_min_fire_size
CUB,Cuba,country,2015,burned_area_share_land,0.04992468,share,K1,owid_annual_area_burnt_share_land,measured,f_sensor_break;f_min_fire_size
CUB,Cuba,country,2016,burned_area_share_land,0.02415302,share,K1,owid_annual_area_burnt_share_land,measured,f_sensor_break;f_min_fire_size
CUB,Cuba,country,2017,burned_area_share_land,0.04803101,share,K1,owid_annual_area_burnt_share_land,measured,f_sensor_break;f_min_fire_size
CUB,Cuba,country,2018,burned_area_share_land,0.01539658,share,K1,owid_annual_area_burnt_share_land,measured,f_sensor_break;f_min_fire_size
CUB,Cuba,country,2019,burned_area_share_land,0.02686005,share,K1,owid_annual_area_burnt_share_land,measured,f_sensor_break;f_min_fire_size
CUB,Cuba,country,2020,burned_area_share_land,0.07264814,share,K1,owid_annual_area_burnt_share_land,measured,f_sensor_break;f_min_fire_size
CUB,Cuba,country,2021,burned_area_share_land,0.0477591,share,K1,owid_annual_area_burnt_share_land,measured,f_sensor_break;f_min_fire_size
CUB,Cuba,country,2022,burned_area_share_land,0.0352744,share,K1,owid_annual_area_burnt_share_land,measured,f_sensor_break;f_min_fire_size
CUB,Cuba,country,2023,burned_area_share_land,0.06887292,share,K1,owid_annual_area_burnt_share_land,measured,f_sensor_break;f_min_fire_size
CUB,Cuba,country,2024,burned_area_share_land,0.03918393,share,K1,owid_annual_area_burnt_share_land,measured,f_sensor_break;f_min_fire_size
CUB,Cuba,country,2025,burned_area_share_land,0.04659283,share,K1,owid_annual_area_burnt_share_land,measured,f_sensor_break;f_min_fire_size
CUB,Cuba,country,2026,burned_area_share_land,0.01667083,share,K1,owid_annual_area_burnt_share_land,measured,f_sensor_break;f_min_fire_size;f_incomplete_year
CUW,Curaçao,country,2012,burned_area_share_land,0.01083935,share,K1,owid_annual_area_burnt_share_land,measured,f_sensor_break;f_min_fire_size
CUW,Curaçao,country,2013,burned_area_share_land,0.00261639,share,K1,owid_annual_area_burnt_share_land,measured,f_sensor_break;f_min_fire_size
CUW,Curaçao,country,2014,burned_area_share_land,0.0,share,K1,owid_annual_area_burnt_share_land,measured,f_sensor_break;f_min_fire_size;f_zero_no_detection
CUW,Curaçao,country,2015,burned_area_share_land,0.00399467,share,K1,owid_annual_area_burnt_share_land,measured,f_sensor_break;f_min_fire_size
CUW,Curaçao,country,2016,burned_area_share_land,0.0,share,K1,owid_annual_area_burnt_share_land,measured,f_sensor_break;f_min_fire_size;f_zero_no_detection
CUW,Curaçao,country,2017,burned_area_share_land,0.0,share,K1,owid_annual_area_burnt_share_land,measured,f_sensor_break;f_min_fire_size;f_zero_no_detection
CUW,Curaçao,country,2018,burned_area_share_land,0.0,share,K1,owid_annual_area_burnt_share_land,measured,f_sensor_break;f_min_fire_size;f_zero_no_detection
CUW,Curaçao,country,2019,burned_area_share_land,0.0,share,K1,owid_annual_area_burnt_share_land,measured,f_sensor_break;f_min_fire_size;f_zero_no_detection
CUW,Curaçao,country,2020,burned_area_share_land,0.0,share,K1,owid_annual_area_burnt_share_land,measured,f_sensor_break;f_min_fire_size;f_zero_no_detection
CUW,Curaçao,country,2021,burned_area_share_land,0.0,share,K1,owid_annual_area_burnt_share_land,measured,f_sensor_break;f_min_fire_size;f_zero_no_detection
CUW,Curaçao,country,2022,burned_area_share_land,0.0,share,K1,owid_annual_area_burnt_share_land,measured,f_sensor_break;f_min_fire_size;f_zero_no_detection
CUW,Curaçao,country,2023,burned_area_share_land,0.0,share,K1,owid_annual_area_burnt_share_land,measured,f_sensor_break;f_min_fire_size;f_zero_no_detection
CUW,Curaçao,country,2024,burned_area_share_land,0.0,share,K1,owid_annual_area_burnt_share_land,measured,f_sensor_break;f_min_fire_size;f_zero_no_detection
CUW,Curaçao,country,2025,burned_area_share_land,0.0,share,K1,owid_annual_area_burnt_share_land,measured,f_sensor_break;f_min_fire_size;f_zero_no_detection
CUW,Curaçao,country,2026,burned_area_share_land,0.0,share,K1,owid_annual_area_burnt_share_land,measured,f_sensor_break;f_min_fire_size;f_incomplete_year;f_zero_no_detection
CYM,Caymanøyene,country,2012,burned_area_share_land,0.0,share,K1,owid_annual_area_burnt_share_land,measured,f_sensor_break;f_min_fire_size;f_zero_no_detection
CYM,Caymanøyene,country,2013,burned_area_share_land,0.0,share,K1,owid_annual_area_burnt_share_land,measured,f_sensor_break;f_min_fire_size;f_zero_no_detection
CYM,Caymanøyene,country,2014,burned_area_share_land,0.0,share,K1,owid_annual_area_burnt_share_land,measured,f_sensor_break;f_min_fire_size;f_zero_no_detection
CYM,Caymanøyene,country,2015,burned_area_share_land,0.0,share,K1,owid_annual_area_burnt_share_land,measured,f_sensor_break;f_min_fire_size;f_zero_no_detection
CYM,Caymanøyene,country,2016,burned_area_share_land,0.0,share,K1,owid_annual_area_burnt_share_land,measured,f_sensor_break;f_min_fire_size;f_zero_no_detection
CYM,Caymanøyene,country,2017,burned_area_share_land,0.0,share,K1,owid_annual_area_burnt_share_land,measured,f_sensor_break;f_min_fire_size;f_zero_no_detection
CYM,Caymanøyene,country,2018,burned_area_share_land,0.0,share,K1,owid_annual_area_burnt_share_land,measured,f_sensor_break;f_min_fire_size;f_zero_no_detection
CYM,Caymanøyene,country,2019,burned_area_share_land,0.0,share,K1,owid_annual_area_burnt_share_land,measured,f_sensor_break;f_min_fire_size;f_zero_no_detection
CYM,Caymanøyene,country,2020,burned_area_share_land,0.0,share,K1,owid_annual_area_burnt_share_land,measured,f_sensor_break;f_min_fire_size;f_zero_no_detection
CYM,Caymanøyene,country,2021,burned_area_share_land,0.0,share,K1,owid_annual_area_burnt_share_land,measured,f_sensor_break;f_min_fire_size;f_zero_no_detection
CYM,Caymanøyene,country,2022,burned_area_share_land,0.0,share,K1,owid_annual_area_burnt_share_land,measured,f_sensor_break;f_min_fire_size;f_zero_no_detection
CYM,Caymanøyene,country,2023,burned_area_share_land,0.00635777,share,K1,owid_annual_area_burnt_share_land,measured,f_sensor_break;f_min_fire_size
CYM,Caymanøyene,country,2024,burned_area_share_land,0.0,share,K1,owid_annual_area_burnt_share_land,measured,f_sensor_break;f_min_fire_size;f_zero_no_detection
CYM,Caymanøyene,country,2025,burned_area_share_land,0.0,share,K1,owid_annual_area_burnt_share_land,measured,f_sensor_break;f_min_fire_size;f_zero_no_detection
CYM,Caymanøyene,country,2026,burned_area_share_land,0.0,share,K1,owid_annual_area_burnt_share_land,measured,f_sensor_break;f_min_fire_size;f_incomplete_year;f_zero_no_detection
CYP,Kypros,country,2012,burned_area_share_land,0.00549601,share,K1,owid_annual_area_burnt_share_land,measured,f_sensor_break;f_min_fire_size
CYP,Kypros,country,2013,burned_area_share_land,0.00561514,share,K1,owid_annual_area_burnt_share_land,measured,f_sensor_break;f_min_fire_size
CYP,Kypros,country,2014,burned_area_share_land,0.00047479,share,K1,owid_annual_area_burnt_share_land,measured,f_sensor_break;f_min_fire_size
CYP,Kypros,country,2015,burned_area_share_land,0.00370372,share,K1,owid_annual_area_burnt_share_land,measured,f_sensor_break;f_min_fire_size
CYP,Kypros,country,2016,burned_area_share_land,0.00553455,share,K1,owid_annual_area_burnt_share_land,measured,f_sensor_break;f_min_fire_size
CYP,Kypros,country,2017,burned_area_share_land,0.00102492,share,K1,owid_annual_area_burnt_share_land,measured,f_sensor_break;f_min_fire_size
CYP,Kypros,country,2018,burned_area_share_land,0.00319389,share,K1,owid_annual_area_burnt_share_land,measured,f_sensor_break;f_min_fire_size
CYP,Kypros,country,2019,burned_area_share_land,0.00165213,share,K1,owid_annual_area_burnt_share_land,measured,f_sensor_break;f_min_fire_size
CYP,Kypros,country,2020,burned_area_share_land,0.0040804,share,K1,owid_annual_area_burnt_share_land,measured,f_sensor_break;f_min_fire_size
CYP,Kypros,country,2021,burned_area_share_land,0.00552229,share,K1,owid_annual_area_burnt_share_land,measured,f_sensor_break;f_min_fire_size
CYP,Kypros,country,2022,burned_area_share_land,0.00145941,share,K1,owid_annual_area_burnt_share_land,measured,f_sensor_break;f_min_fire_size
CYP,Kypros,country,2023,burned_area_share_land,0.00162235,share,K1,owid_annual_area_burnt_share_land,measured,f_sensor_break;f_min_fire_size
CYP,Kypros,country,2024,burned_area_share_land,0.0009636,share,K1,owid_annual_area_burnt_share_land,measured,f_sensor_break;f_min_fire_size
CYP,Kypros,country,2025,burned_area_share_land,0.00688008,share,K1,owid_annual_area_burnt_share_land,measured,f_sensor_break;f_min_fire_size
CYP,Kypros,country,2026,burned_area_share_land,0.0,share,K1,owid_annual_area_burnt_share_land,measured,f_sensor_break;f_min_fire_size;f_incomplete_year;f_zero_no_detection
CZE,Tsjekkia,country,2012,burned_area_share_land,0.00010667,share,K1,owid_annual_area_burnt_share_land,measured,f_sensor_break;f_min_fire_size
CZE,Tsjekkia,country,2013,burned_area_share_land,2.248e-05,share,K1,owid_annual_area_burnt_share_land,measured,f_sensor_break;f_min_fire_size
CZE,Tsjekkia,country,2014,burned_area_share_land,0.00012826,share,K1,owid_annual_area_burnt_share_land,measured,f_sensor_break;f_min_fire_size
CZE,Tsjekkia,country,2015,burned_area_share_land,5.727e-05,share,K1,owid_annual_area_burnt_share_land,measured,f_sensor_break;f_min_fire_size
CZE,Tsjekkia,country,2016,burned_area_share_land,1.524e-05,share,K1,owid_annual_area_burnt_share_land,measured,f_sensor_break;f_min_fire_size
CZE,Tsjekkia,country,2017,burned_area_share_land,7.823e-05,share,K1,owid_annual_area_burnt_share_land,measured,f_sensor_break;f_min_fire_size
CZE,Tsjekkia,country,2018,burned_area_share_land,7.251e-05,share,K1,owid_annual_area_burnt_share_land,measured,f_sensor_break;f_min_fire_size
CZE,Tsjekkia,country,2019,burned_area_share_land,2.248e-05,share,K1,owid_annual_area_burnt_share_land,measured,f_sensor_break;f_min_fire_size
CZE,Tsjekkia,country,2020,burned_area_share_land,0.00025335,share,K1,owid_annual_area_burnt_share_land,measured,f_sensor_break;f_min_fire_size
CZE,Tsjekkia,country,2021,burned_area_share_land,5.956e-05,share,K1,owid_annual_area_burnt_share_land,measured,f_sensor_break;f_min_fire_size
CZE,Tsjekkia,country,2022,burned_area_share_land,1.27e-05,share,K1,owid_annual_area_burnt_share_land,measured,f_sensor_break;f_min_fire_size
CZE,Tsjekkia,country,2023,burned_area_share_land,3.594e-05,share,K1,owid_annual_area_burnt_share_land,measured,f_sensor_break;f_min_fire_size
CZE,Tsjekkia,country,2024,burned_area_share_land,0.0,share,K1,owid_annual_area_burnt_share_land,measured,f_sensor_break;f_min_fire_size;f_zero_no_detection
CZE,Tsjekkia,country,2025,burned_area_share_land,4.47e-05,share,K1,owid_annual_area_burnt_share_land,measured,f_sensor_break;f_min_fire_size
CZE,Tsjekkia,country,2026,burned_area_share_land,2.387e-05,share,K1,owid_annual_area_burnt_share_land,measured,f_sensor_break;f_min_fire_size;f_incomplete_year
DEU,Tyskland,country,2012,burned_area_share_land,5.282e-05,share,K1,owid_annual_area_burnt_share_land,measured,f_sensor_break;f_min_fire_size
DEU,Tyskland,country,2013,burned_area_share_land,6.166e-05,share,K1,owid_annual_area_burnt_share_land,measured,f_sensor_break;f_min_fire_size
DEU,Tyskland,country,2014,burned_area_share_land,3.679e-05,share,K1,owid_annual_area_burnt_share_land,measured,f_sensor_break;f_min_fire_size
DEU,Tyskland,country,2015,burned_area_share_land,6.756e-05,share,K1,owid_annual_area_burnt_share_land,measured,f_sensor_break;f_min_fire_size
DEU,Tyskland,country,2016,burned_area_share_land,5.469e-05,share,K1,owid_annual_area_burnt_share_land,measured,f_sensor_break;f_min_fire_size
DEU,Tyskland,country,2017,burned_area_share_land,3.086e-05,share,K1,owid_annual_area_burnt_share_land,measured,f_sensor_break;f_min_fire_size
DEU,Tyskland,country,2018,burned_area_share_land,0.00026638,share,K1,owid_annual_area_burnt_share_land,measured,f_sensor_break;f_min_fire_size
DEU,Tyskland,country,2019,burned_area_share_land,0.0001742,share,K1,owid_annual_area_burnt_share_land,measured,f_sensor_break;f_min_fire_size
DEU,Tyskland,country,2020,burned_area_share_land,7.332e-05,share,K1,owid_annual_area_burnt_share_land,measured,f_sensor_break;f_min_fire_size
DEU,Tyskland,country,2021,burned_area_share_land,2.652e-05,share,K1,owid_annual_area_burnt_share_land,measured,f_sensor_break;f_min_fire_size
DEU,Tyskland,country,2022,burned_area_share_land,0.00029229,share,K1,owid_annual_area_burnt_share_land,measured,f_sensor_break;f_min_fire_size
DEU,Tyskland,country,2023,burned_area_share_land,0.00015123,share,K1,owid_annual_area_burnt_share_land,measured,f_sensor_break;f_min_fire_size
DEU,Tyskland,country,2024,burned_area_share_land,0.00016525,share,K1,owid_annual_area_burnt_share_land,measured,f_sensor_break;f_min_fire_size
DEU,Tyskland,country,2025,burned_area_share_land,0.0002964,share,K1,owid_annual_area_burnt_share_land,measured,f_sensor_break;f_min_fire_size
DEU,Tyskland,country,2026,burned_area_share_land,0.00012967,share,K1,owid_annual_area_burnt_share_land,measured,f_sensor_break;f_min_fire_size;f_incomplete_year
DJI,Djibouti,country,2012,burned_area_share_land,0.0,share,K1,owid_annual_area_burnt_share_land,measured,f_sensor_break;f_min_fire_size;f_zero_no_detection
DJI,Djibouti,country,2013,burned_area_share_land,0.0,share,K1,owid_annual_area_burnt_share_land,measured,f_sensor_break;f_min_fire_size;f_zero_no_detection
DJI,Djibouti,country,2014,burned_area_share_land,0.0,share,K1,owid_annual_area_burnt_share_land,measured,f_sensor_break;f_min_fire_size;f_zero_no_detection
DJI,Djibouti,country,2015,burned_area_share_land,0.0,share,K1,owid_annual_area_burnt_share_land,measured,f_sensor_break;f_min_fire_size;f_zero_no_detection
DJI,Djibouti,country,2016,burned_area_share_land,0.00011101,share,K1,owid_annual_area_burnt_share_land,measured,f_sensor_break;f_min_fire_size
DJI,Djibouti,country,2017,burned_area_share_land,9.344e-05,share,K1,owid_annual_area_burnt_share_land,measured,f_sensor_break;f_min_fire_size
DJI,Djibouti,country,2018,burned_area_share_land,0.00017161,share,K1,owid_annual_area_burnt_share_land,measured,f_sensor_break;f_min_fire_size
DJI,Djibouti,country,2019,burned_area_share_land,0.00015727,share,K1,owid_annual_area_burnt_share_land,measured,f_sensor_break;f_min_fire_size
DJI,Djibouti,country,2020,burned_area_share_land,0.00021278,share,K1,owid_annual_area_burnt_share_land,measured,f_sensor_break;f_min_fire_size
DJI,Djibouti,country,2021,burned_area_share_land,6.291e-05,share,K1,owid_annual_area_burnt_share_land,measured,f_sensor_break;f_min_fire_size
DJI,Djibouti,country,2022,burned_area_share_land,0.0,share,K1,owid_annual_area_burnt_share_land,measured,f_sensor_break;f_min_fire_size;f_zero_no_detection
DJI,Djibouti,country,2023,burned_area_share_land,0.0,share,K1,owid_annual_area_burnt_share_land,measured,f_sensor_break;f_min_fire_size;f_zero_no_detection
DJI,Djibouti,country,2024,burned_area_share_land,0.0,share,K1,owid_annual_area_burnt_share_land,measured,f_sensor_break;f_min_fire_size;f_zero_no_detection
DJI,Djibouti,country,2025,burned_area_share_land,0.00024099,share,K1,owid_annual_area_burnt_share_land,measured,f_sensor_break;f_min_fire_size
DJI,Djibouti,country,2026,burned_area_share_land,9.575e-05,share,K1,owid_annual_area_burnt_share_land,measured,f_sensor_break;f_min_fire_size;f_incomplete_year
DMA,Dominica,country,2012,burned_area_share_land,0.0,share,K1,owid_annual_area_burnt_share_land,measured,f_sensor_break;f_min_fire_size;f_zero_no_detection
DMA,Dominica,country,2013,burned_area_share_land,0.0,share,K1,owid_annual_area_burnt_share_land,measured,f_sensor_break;f_min_fire_size;f_zero_no_detection
DMA,Dominica,country,2014,burned_area_share_land,0.0,share,K1,owid_annual_area_burnt_share_land,measured,f_sensor_break;f_min_fire_size;f_zero_no_detection
DMA,Dominica,country,2015,burned_area_share_land,0.0,share,K1,owid_annual_area_burnt_share_land,measured,f_sensor_break;f_min_fire_size;f_zero_no_detection
DMA,Dominica,country,2016,burned_area_share_land,0.0,share,K1,owid_annual_area_burnt_share_land,measured,f_sensor_break;f_min_fire_size;f_zero_no_detection
DMA,Dominica,country,2017,burned_area_share_land,0.00255968,share,K1,owid_annual_area_burnt_share_land,measured,f_sensor_break;f_min_fire_size
DMA,Dominica,country,2018,burned_area_share_land,0.0,share,K1,owid_annual_area_burnt_share_land,measured,f_sensor_break;f_min_fire_size;f_zero_no_detection
DMA,Dominica,country,2019,burned_area_share_land,0.00355191,share,K1,owid_annual_area_burnt_share_land,measured,f_sensor_break;f_min_fire_size
DMA,Dominica,country,2020,burned_area_share_land,0.00188381,share,K1,owid_annual_area_burnt_share_land,measured,f_sensor_break;f_min_fire_size
DMA,Dominica,country,2021,burned_area_share_land,0.0029767,share,K1,owid_annual_area_burnt_share_land,measured,f_sensor_break;f_min_fire_size
DMA,Dominica,country,2022,burned_area_share_land,0.0,share,K1,owid_annual_area_burnt_share_land,measured,f_sensor_break;f_min_fire_size;f_zero_no_detection
DMA,Dominica,country,2023,burned_area_share_land,0.00284728,share,K1,owid_annual_area_burnt_share_land,measured,f_sensor_break;f_min_fire_size
DMA,Dominica,country,2024,burned_area_share_land,0.0,share,K1,owid_annual_area_burnt_share_land,measured,f_sensor_break;f_min_fire_size;f_zero_no_detection
DMA,Dominica,country,2025,burned_area_share_land,0.0,share,K1,owid_annual_area_burnt_share_land,measured,f_sensor_break;f_min_fire_size;f_zero_no_detection
DMA,Dominica,country,2026,burned_area_share_land,0.0,share,K1,owid_annual_area_burnt_share_land,measured,f_sensor_break;f_min_fire_size;f_incomplete_year;f_zero_no_detection
DNK,Danmark,country,2012,burned_area_share_land,0.00012835,share,K1,owid_annual_area_burnt_share_land,measured,f_sensor_break;f_min_fire_size
DNK,Danmark,country,2013,burned_area_share_land,6.781e-05,share,K1,owid_annual_area_burnt_share_land,measured,f_sensor_break;f_min_fire_size
DNK,Danmark,country,2014,burned_area_share_land,0.00012272,share,K1,owid_annual_area_burnt_share_land,measured,f_sensor_break;f_min_fire_size
DNK,Danmark,country,2015,burned_area_share_land,0.00020296,share,K1,owid_annual_area_burnt_share_land,measured,f_sensor_break;f_min_fire_size
DNK,Danmark,country,2016,burned_area_share_land,1.854e-05,share,K1,owid_annual_area_burnt_share_land,measured,f_sensor_break;f_min_fire_size
DNK,Danmark,country,2017,burned_area_share_land,0.00015815,share,K1,owid_annual_area_burnt_share_land,measured,f_sensor_break;f_min_fire_size
DNK,Danmark,country,2018,burned_area_share_land,0.00029072,share,K1,owid_annual_area_burnt_share_land,measured,f_sensor_break;f_min_fire_size
DNK,Danmark,country,2019,burned_area_share_land,0.0,share,K1,owid_annual_area_burnt_share_land,measured,f_sensor_break;f_min_fire_size;f_zero_no_detection
DNK,Danmark,country,2020,burned_area_share_land,0.0,share,K1,owid_annual_area_burnt_share_land,measured,f_sensor_break;f_min_fire_size;f_zero_no_detection
DNK,Danmark,country,2021,burned_area_share_land,0.00015134,share,K1,owid_annual_area_burnt_share_land,measured,f_sensor_break;f_min_fire_size
DNK,Danmark,country,2022,burned_area_share_land,0.0003651,share,K1,owid_annual_area_burnt_share_land,measured,f_sensor_break;f_min_fire_size
DNK,Danmark,country,2023,burned_area_share_land,0.00022314,share,K1,owid_annual_area_burnt_share_land,measured,f_sensor_break;f_min_fire_size
DNK,Danmark,country,2024,burned_area_share_land,0.00021235,share,K1,owid_annual_area_burnt_share_land,measured,f_sensor_break;f_min_fire_size
DNK,Danmark,country,2025,burned_area_share_land,0.00027969,share,K1,owid_annual_area_burnt_share_land,measured,f_sensor_break;f_min_fire_size
DNK,Danmark,country,2026,burned_area_share_land,0.00027617,share,K1,owid_annual_area_burnt_share_land,measured,f_sensor_break;f_min_fire_size;f_incomplete_year
DOM,Den dominikanske republikk,country,2012,burned_area_share_land,0.01336642,share,K1,owid_annual_area_burnt_share_land,measured,f_sensor_break;f_min_fire_size
DOM,Den dominikanske republikk,country,2013,burned_area_share_land,0.02313478,share,K1,owid_annual_area_burnt_share_land,measured,f_sensor_break;f_min_fire_size
DOM,Den dominikanske republikk,country,2014,burned_area_share_land,0.0147279,share,K1,owid_annual_area_burnt_share_land,measured,f_sensor_break;f_min_fire_size
DOM,Den dominikanske republikk,country,2015,burned_area_share_land,0.02042463,share,K1,owid_annual_area_burnt_share_land,measured,f_sensor_break;f_min_fire_size
DOM,Den dominikanske republikk,country,2016,burned_area_share_land,0.00620169,share,K1,owid_annual_area_burnt_share_land,measured,f_sensor_break;f_min_fire_size
DOM,Den dominikanske republikk,country,2017,burned_area_share_land,0.00472357,share,K1,owid_annual_area_burnt_share_land,measured,f_sensor_break;f_min_fire_size
DOM,Den dominikanske republikk,country,2018,burned_area_share_land,0.00782927,share,K1,owid_annual_area_burnt_share_land,measured,f_sensor_break;f_min_fire_size
DOM,Den dominikanske republikk,country,2019,burned_area_share_land,0.01115399,share,K1,owid_annual_area_burnt_share_land,measured,f_sensor_break;f_min_fire_size
DOM,Den dominikanske republikk,country,2020,burned_area_share_land,0.0106028,share,K1,owid_annual_area_burnt_share_land,measured,f_sensor_break;f_min_fire_size
DOM,Den dominikanske republikk,country,2021,burned_area_share_land,0.01149421,share,K1,owid_annual_area_burnt_share_land,measured,f_sensor_break;f_min_fire_size
DOM,Den dominikanske republikk,country,2022,burned_area_share_land,0.01099607,share,K1,owid_annual_area_burnt_share_land,measured,f_sensor_break;f_min_fire_size
DOM,Den dominikanske republikk,country,2023,burned_area_share_land,0.01846943,share,K1,owid_annual_area_burnt_share_land,measured,f_sensor_break;f_min_fire_size
DOM,Den dominikanske republikk,country,2024,burned_area_share_land,0.00620499,share,K1,owid_annual_area_burnt_share_land,measured,f_sensor_break;f_min_fire_size
DOM,Den dominikanske republikk,country,2025,burned_area_share_land,0.00667588,share,K1,owid_annual_area_burnt_share_land,measured,f_sensor_break;f_min_fire_size
DOM,Den dominikanske republikk,country,2026,burned_area_share_land,0.00417692,share,K1,owid_annual_area_burnt_share_land,measured,f_sensor_break;f_min_fire_size;f_incomplete_year
DZA,Algerie,country,2012,burned_area_share_land,0.00272111,share,K1,owid_annual_area_burnt_share_land,measured,f_sensor_break;f_min_fire_size
DZA,Algerie,country,2013,burned_area_share_land,0.00050972,share,K1,owid_annual_area_burnt_share_land,measured,f_sensor_break;f_min_fire_size
DZA,Algerie,country,2014,burned_area_share_land,0.00128292,share,K1,owid_annual_area_burnt_share_land,measured,f_sensor_break;f_min_fire_size
DZA,Algerie,country,2015,burned_area_share_land,0.00053401,share,K1,owid_annual_area_burnt_share_land,measured,f_sensor_break;f_min_fire_size
DZA,Algerie,country,2016,burned_area_share_land,0.00073573,share,K1,owid_annual_area_burnt_share_land,measured,f_sensor_break;f_min_fire_size
DZA,Algerie,country,2017,burned_area_share_land,0.00123657,share,K1,owid_annual_area_burnt_share_land,measured,f_sensor_break;f_min_fire_size
DZA,Algerie,country,2018,burned_area_share_land,0.00014784,share,K1,owid_annual_area_burnt_share_land,measured,f_sensor_break;f_min_fire_size
DZA,Algerie,country,2019,burned_area_share_land,0.00069255,share,K1,owid_annual_area_burnt_share_land,measured,f_sensor_break;f_min_fire_size
DZA,Algerie,country,2020,burned_area_share_land,0.00118424,share,K1,owid_annual_area_burnt_share_land,measured,f_sensor_break;f_min_fire_size
DZA,Algerie,country,2021,burned_area_share_land,0.00078166,share,K1,owid_annual_area_burnt_share_land,measured,f_sensor_break;f_min_fire_size
DZA,Algerie,country,2022,burned_area_share_land,0.00040967,share,K1,owid_annual_area_burnt_share_land,measured,f_sensor_break;f_min_fire_size
DZA,Algerie,country,2023,burned_area_share_land,0.00039187,share,K1,owid_annual_area_burnt_share_land,measured,f_sensor_break;f_min_fire_size
DZA,Algerie,country,2024,burned_area_share_land,0.00010614,share,K1,owid_annual_area_burnt_share_land,measured,f_sensor_break;f_min_fire_size
DZA,Algerie,country,2025,burned_area_share_land,0.00016784,share,K1,owid_annual_area_burnt_share_land,measured,f_sensor_break;f_min_fire_size
DZA,Algerie,country,2026,burned_area_share_land,0.00042248,share,K1,owid_annual_area_burnt_share_land,measured,f_sensor_break;f_min_fire_size;f_incomplete_year
ECU,Ecuador,country,2012,burned_area_share_land,0.01067904,share,K1,owid_annual_area_burnt_share_land,measured,f_sensor_break;f_min_fire_size
ECU,Ecuador,country,2013,burned_area_share_land,0.00912047,share,K1,owid_annual_area_burnt_share_land,measured,f_sensor_break;f_min_fire_size
ECU,Ecuador,country,2014,burned_area_share_land,0.00602361,share,K1,owid_annual_area_burnt_share_land,measured,f_sensor_break;f_min_fire_size
ECU,Ecuador,country,2015,burned_area_share_land,0.00632578,share,K1,owid_annual_area_burnt_share_land,measured,f_sensor_break;f_min_fire_size
ECU,Ecuador,country,2016,burned_area_share_land,0.01321958,share,K1,owid_annual_area_burnt_share_land,measured,f_sensor_break;f_min_fire_size
ECU,Ecuador,country,2017,burned_area_share_land,0.0052391,share,K1,owid_annual_area_burnt_share_land,measured,f_sensor_break;f_min_fire_size
ECU,Ecuador,country,2018,burned_area_share_land,0.00716226,share,K1,owid_annual_area_burnt_share_land,measured,f_sensor_break;f_min_fire_size
ECU,Ecuador,country,2019,burned_area_share_land,0.00979816,share,K1,owid_annual_area_burnt_share_land,measured,f_sensor_break;f_min_fire_size
ECU,Ecuador,country,2020,burned_area_share_land,0.01313743,share,K1,owid_annual_area_burnt_share_land,measured,f_sensor_break;f_min_fire_size
ECU,Ecuador,country,2021,burned_area_share_land,0.00608364,share,K1,owid_annual_area_burnt_share_land,measured,f_sensor_break;f_min_fire_size
ECU,Ecuador,country,2022,burned_area_share_land,0.01194833,share,K1,owid_annual_area_burnt_share_land,measured,f_sensor_break;f_min_fire_size
ECU,Ecuador,country,2023,burned_area_share_land,0.00365829,share,K1,owid_annual_area_burnt_share_land,measured,f_sensor_break;f_min_fire_size
ECU,Ecuador,country,2024,burned_area_share_land,0.01181451,share,K1,owid_annual_area_burnt_share_land,measured,f_sensor_break;f_min_fire_size
ECU,Ecuador,country,2025,burned_area_share_land,0.00521722,share,K1,owid_annual_area_burnt_share_land,measured,f_sensor_break;f_min_fire_size
ECU,Ecuador,country,2026,burned_area_share_land,0.00050548,share,K1,owid_annual_area_burnt_share_land,measured,f_sensor_break;f_min_fire_size;f_incomplete_year
EGY,Egypt,country,2012,burned_area_share_land,0.00012294,share,K1,owid_annual_area_burnt_share_land,measured,f_sensor_break;f_min_fire_size
EGY,Egypt,country,2013,burned_area_share_land,0.00021444,share,K1,owid_annual_area_burnt_share_land,measured,f_sensor_break;f_min_fire_size
EGY,Egypt,country,2014,burned_area_share_land,0.00017335,share,K1,owid_annual_area_burnt_share_land,measured,f_sensor_break;f_min_fire_size
EGY,Egypt,country,2015,burned_area_share_land,0.00014607,share,K1,owid_annual_area_burnt_share_land,measured,f_sensor_break;f_min_fire_size
EGY,Egypt,country,2016,burned_area_share_land,0.00023727,share,K1,owid_annual_area_burnt_share_land,measured,f_sensor_break;f_min_fire_size
EGY,Egypt,country,2017,burned_area_share_land,0.00019734,share,K1,owid_annual_area_burnt_share_land,measured,f_sensor_break;f_min_fire_size
EGY,Egypt,country,2018,burned_area_share_land,0.00011308,share,K1,owid_annual_area_burnt_share_land,measured,f_sensor_break;f_min_fire_size
EGY,Egypt,country,2019,burned_area_share_land,9.101e-05,share,K1,owid_annual_area_burnt_share_land,measured,f_sensor_break;f_min_fire_size
EGY,Egypt,country,2020,burned_area_share_land,0.00014426,share,K1,owid_annual_area_burnt_share_land,measured,f_sensor_break;f_min_fire_size
EGY,Egypt,country,2021,burned_area_share_land,0.00017142,share,K1,owid_annual_area_burnt_share_land,measured,f_sensor_break;f_min_fire_size
EGY,Egypt,country,2022,burned_area_share_land,0.00023334,share,K1,owid_annual_area_burnt_share_land,measured,f_sensor_break;f_min_fire_size
EGY,Egypt,country,2023,burned_area_share_land,0.00021348,share,K1,owid_annual_area_burnt_share_land,measured,f_sensor_break;f_min_fire_size
EGY,Egypt,country,2024,burned_area_share_land,0.00013445,share,K1,owid_annual_area_burnt_share_land,measured,f_sensor_break;f_min_fire_size
EGY,Egypt,country,2025,burned_area_share_land,4.673e-05,share,K1,owid_annual_area_burnt_share_land,measured,f_sensor_break;f_min_fire_size
EGY,Egypt,country,2026,burned_area_share_land,3.664e-05,share,K1,owid_annual_area_burnt_share_land,measured,f_sensor_break;f_min_fire_size;f_incomplete_year
ERI,Eritrea,country,2012,burned_area_share_land,0.00070739,share,K1,owid_annual_area_burnt_share_land,measured,f_sensor_break;f_min_fire_size
ERI,Eritrea,country,2013,burned_area_share_land,0.00080175,share,K1,owid_annual_area_burnt_share_land,measured,f_sensor_break;f_min_fire_size
ERI,Eritrea,country,2014,burned_area_share_land,0.00074187,share,K1,owid_annual_area_burnt_share_land,measured,f_sensor_break;f_min_fire_size
ERI,Eritrea,country,2015,burned_area_share_land,0.00061464,share,K1,owid_annual_area_burnt_share_land,measured,f_sensor_break;f_min_fire_size
ERI,Eritrea,country,2016,burned_area_share_land,0.00030355,share,K1,owid_annual_area_burnt_share_land,measured,f_sensor_break;f_min_fire_size
ERI,Eritrea,country,2017,burned_area_share_land,0.00021705,share,K1,owid_annual_area_burnt_share_land,measured,f_sensor_break;f_min_fire_size
ERI,Eritrea,country,2018,burned_area_share_land,0.00042169,share,K1,owid_annual_area_burnt_share_land,measured,f_sensor_break;f_min_fire_size
ERI,Eritrea,country,2019,burned_area_share_land,0.00175751,share,K1,owid_annual_area_burnt_share_land,measured,f_sensor_break;f_min_fire_size
ERI,Eritrea,country,2020,burned_area_share_land,0.00493531,share,K1,owid_annual_area_burnt_share_land,measured,f_sensor_break;f_min_fire_size
ERI,Eritrea,country,2021,burned_area_share_land,0.00241767,share,K1,owid_annual_area_burnt_share_land,measured,f_sensor_break;f_min_fire_size
ERI,Eritrea,country,2022,burned_area_share_land,0.00176773,share,K1,owid_annual_area_burnt_share_land,measured,f_sensor_break;f_min_fire_size
ERI,Eritrea,country,2023,burned_area_share_land,0.00149031,share,K1,owid_annual_area_burnt_share_land,measured,f_sensor_break;f_min_fire_size
ERI,Eritrea,country,2024,burned_area_share_land,0.00046307,share,K1,owid_annual_area_burnt_share_land,measured,f_sensor_break;f_min_fire_size
ERI,Eritrea,country,2025,burned_area_share_land,0.00235227,share,K1,owid_annual_area_burnt_share_land,measured,f_sensor_break;f_min_fire_size
ERI,Eritrea,country,2026,burned_area_share_land,0.00078625,share,K1,owid_annual_area_burnt_share_land,measured,f_sensor_break;f_min_fire_size;f_incomplete_year
ESH,Vest-Sahara,country,2012,burned_area_share_land,0.0,share,K1,owid_annual_area_burnt_share_land,measured,f_sensor_break;f_min_fire_size;f_zero_no_detection
ESH,Vest-Sahara,country,2013,burned_area_share_land,0.0,share,K1,owid_annual_area_burnt_share_land,measured,f_sensor_break;f_min_fire_size;f_zero_no_detection
ESH,Vest-Sahara,country,2014,burned_area_share_land,0.0,share,K1,owid_annual_area_burnt_share_land,measured,f_sensor_break;f_min_fire_size;f_zero_no_detection
ESH,Vest-Sahara,country,2015,burned_area_share_land,0.0,share,K1,owid_annual_area_burnt_share_land,measured,f_sensor_break;f_min_fire_size;f_zero_no_detection
ESH,Vest-Sahara,country,2016,burned_area_share_land,0.0,share,K1,owid_annual_area_burnt_share_land,measured,f_sensor_break;f_min_fire_size;f_zero_no_detection
ESH,Vest-Sahara,country,2017,burned_area_share_land,0.0,share,K1,owid_annual_area_burnt_share_land,measured,f_sensor_break;f_min_fire_size;f_zero_no_detection
ESH,Vest-Sahara,country,2018,burned_area_share_land,1.601e-05,share,K1,owid_annual_area_burnt_share_land,measured,f_sensor_break;f_min_fire_size
ESH,Vest-Sahara,country,2019,burned_area_share_land,0.0,share,K1,owid_annual_area_burnt_share_land,measured,f_sensor_break;f_min_fire_size;f_zero_no_detection
ESH,Vest-Sahara,country,2020,burned_area_share_land,2.892e-05,share,K1,owid_annual_area_burnt_share_land,measured,f_sensor_break;f_min_fire_size
ESH,Vest-Sahara,country,2021,burned_area_share_land,0.0,share,K1,owid_annual_area_burnt_share_land,measured,f_sensor_break;f_min_fire_size;f_zero_no_detection
ESH,Vest-Sahara,country,2022,burned_area_share_land,0.0,share,K1,owid_annual_area_burnt_share_land,measured,f_sensor_break;f_min_fire_size;f_zero_no_detection
ESH,Vest-Sahara,country,2023,burned_area_share_land,0.0,share,K1,owid_annual_area_burnt_share_land,measured,f_sensor_break;f_min_fire_size;f_zero_no_detection
ESH,Vest-Sahara,country,2024,burned_area_share_land,0.0,share,K1,owid_annual_area_burnt_share_land,measured,f_sensor_break;f_min_fire_size;f_zero_no_detection
ESH,Vest-Sahara,country,2025,burned_area_share_land,0.0,share,K1,owid_annual_area_burnt_share_land,measured,f_sensor_break;f_min_fire_size;f_zero_no_detection
ESH,Vest-Sahara,country,2026,burned_area_share_land,0.0,share,K1,owid_annual_area_burnt_share_land,measured,f_sensor_break;f_min_fire_size;f_incomplete_year;f_zero_no_detection
ESP,Spania,country,2012,burned_area_share_land,0.0058077,share,K1,owid_annual_area_burnt_share_land,measured,f_sensor_break;f_min_fire_size
ESP,Spania,country,2013,burned_area_share_land,0.00194394,share,K1,owid_annual_area_burnt_share_land,measured,f_sensor_break;f_min_fire_size
ESP,Spania,country,2014,burned_area_share_land,0.00169519,share,K1,owid_annual_area_burnt_share_land,measured,f_sensor_break;f_min_fire_size
ESP,Spania,country,2015,burned_area_share_land,0.0028668,share,K1,owid_annual_area_burnt_share_land,measured,f_sensor_break;f_min_fire_size
ESP,Spania,country,2016,burned_area_share_land,0.00230396,share,K1,owid_annual_area_burnt_share_land,measured,f_sensor_break;f_min_fire_size
ESP,Spania,country,2017,burned_area_share_land,0.00471163,share,K1,owid_annual_area_burnt_share_land,measured,f_sensor_break;f_min_fire_size
ESP,Spania,country,2018,burned_area_share_land,0.00089467,share,K1,owid_annual_area_burnt_share_land,measured,f_sensor_break;f_min_fire_size
ESP,Spania,country,2019,burned_area_share_land,0.00281683,share,K1,owid_annual_area_burnt_share_land,measured,f_sensor_break;f_min_fire_size
ESP,Spania,country,2020,burned_area_share_land,0.00207908,share,K1,owid_annual_area_burnt_share_land,measured,f_sensor_break;f_min_fire_size
ESP,Spania,country,2021,burned_area_share_land,0.00251677,share,K1,owid_annual_area_burnt_share_land,measured,f_sensor_break;f_min_fire_size
ESP,Spania,country,2022,burned_area_share_land,0.00689298,share,K1,owid_annual_area_burnt_share_land,measured,f_sensor_break;f_min_fire_size
ESP,Spania,country,2023,burned_area_share_land,0.00277578,share,K1,owid_annual_area_burnt_share_land,measured,f_sensor_break;f_min_fire_size
ESP,Spania,country,2024,burned_area_share_land,0.00110468,share,K1,owid_annual_area_burnt_share_land,measured,f_sensor_break;f_min_fire_size
ESP,Spania,country,2025,burned_area_share_land,0.0078395,share,K1,owid_annual_area_burnt_share_land,measured,f_sensor_break;f_min_fire_size
ESP,Spania,country,2026,burned_area_share_land,0.00354579,share,K1,owid_annual_area_burnt_share_land,measured,f_sensor_break;f_min_fire_size;f_incomplete_year
EST,Estland,country,2012,burned_area_share_land,0.0,share,K1,owid_annual_area_burnt_share_land,measured,f_sensor_break;f_min_fire_size;f_zero_no_detection
EST,Estland,country,2013,burned_area_share_land,6.478e-05,share,K1,owid_annual_area_burnt_share_land,measured,f_sensor_break;f_min_fire_size
EST,Estland,country,2014,burned_area_share_land,5.143e-05,share,K1,owid_annual_area_burnt_share_land,measured,f_sensor_break;f_min_fire_size
EST,Estland,country,2015,burned_area_share_land,4.64e-05,share,K1,owid_annual_area_burnt_share_land,measured,f_sensor_break;f_min_fire_size
EST,Estland,country,2016,burned_area_share_land,8.8e-07,share,K1,owid_annual_area_burnt_share_land,measured,f_sensor_break;f_min_fire_size
EST,Estland,country,2017,burned_area_share_land,0.0,share,K1,owid_annual_area_burnt_share_land,measured,f_sensor_break;f_min_fire_size;f_zero_no_detection
EST,Estland,country,2018,burned_area_share_land,0.00027728,share,K1,owid_annual_area_burnt_share_land,measured,f_sensor_break;f_min_fire_size
EST,Estland,country,2019,burned_area_share_land,2.84e-06,share,K1,owid_annual_area_burnt_share_land,measured,f_sensor_break;f_min_fire_size
EST,Estland,country,2020,burned_area_share_land,0.0,share,K1,owid_annual_area_burnt_share_land,measured,f_sensor_break;f_min_fire_size;f_zero_no_detection
EST,Estland,country,2021,burned_area_share_land,0.0,share,K1,owid_annual_area_burnt_share_land,measured,f_sensor_break;f_min_fire_size;f_zero_no_detection
EST,Estland,country,2022,burned_area_share_land,8.8e-07,share,K1,owid_annual_area_burnt_share_land,measured,f_sensor_break;f_min_fire_size
EST,Estland,country,2023,burned_area_share_land,9.52e-05,share,K1,owid_annual_area_burnt_share_land,measured,f_sensor_break;f_min_fire_size
EST,Estland,country,2024,burned_area_share_land,0.0,share,K1,owid_annual_area_burnt_share_land,measured,f_sensor_break;f_min_fire_size;f_zero_no_detection
EST,Estland,country,2025,burned_area_share_land,0.0,share,K1,owid_annual_area_burnt_share_land,measured,f_sensor_break;f_min_fire_size;f_zero_no_detection
EST,Estland,country,2026,burned_area_share_land,0.0,share,K1,owid_annual_area_burnt_share_land,measured,f_sensor_break;f_min_fire_size;f_incomplete_year;f_zero_no_detection
ETH,Etiopia,country,2012,burned_area_share_land,0.05293063,share,K1,owid_annual_area_burnt_share_land,measured,f_sensor_break;f_min_fire_size
ETH,Etiopia,country,2013,burned_area_share_land,0.06197781,share,K1,owid_annual_area_burnt_share_land,measured,f_sensor_break;f_min_fire_size
ETH,Etiopia,country,2014,burned_area_share_land,0.05448706,share,K1,owid_annual_area_burnt_share_land,measured,f_sensor_break;f_min_fire_size
ETH,Etiopia,country,2015,burned_area_share_land,0.06603232,share,K1,owid_annual_area_burnt_share_land,measured,f_sensor_break;f_min_fire_size
ETH,Etiopia,country,2016,burned_area_share_land,0.06197621,share,K1,owid_annual_area_burnt_share_land,measured,f_sensor_break;f_min_fire_size
ETH,Etiopia,country,2017,burned_area_share_land,0.0543554,share,K1,owid_annual_area_burnt_share_land,measured,f_sensor_break;f_min_fire_size
ETH,Etiopia,country,2018,burned_area_share_land,0.03007216,share,K1,owid_annual_area_burnt_share_land,measured,f_sensor_break;f_min_fire_size
ETH,Etiopia,country,2019,burned_area_share_land,0.04635153,share,K1,owid_annual_area_burnt_share_land,measured,f_sensor_break;f_min_fire_size
ETH,Etiopia,country,2020,burned_area_share_land,0.04985722,share,K1,owid_annual_area_burnt_share_land,measured,f_sensor_break;f_min_fire_size
ETH,Etiopia,country,2021,burned_area_share_land,0.05764563,share,K1,owid_annual_area_burnt_share_land,measured,f_sensor_break;f_min_fire_size
ETH,Etiopia,country,2022,burned_area_share_land,0.04139735,share,K1,owid_annual_area_burnt_share_land,measured,f_sensor_break;f_min_fire_size
ETH,Etiopia,country,2023,burned_area_share_land,0.03558262,share,K1,owid_annual_area_burnt_share_land,measured,f_sensor_break;f_min_fire_size
ETH,Etiopia,country,2024,burned_area_share_land,0.02822775,share,K1,owid_annual_area_burnt_share_land,measured,f_sensor_break;f_min_fire_size
ETH,Etiopia,country,2025,burned_area_share_land,0.02850566,share,K1,owid_annual_area_burnt_share_land,measured,f_sensor_break;f_min_fire_size
ETH,Etiopia,country,2026,burned_area_share_land,0.01642391,share,K1,owid_annual_area_burnt_share_land,measured,f_sensor_break;f_min_fire_size;f_incomplete_year
FIN,Finland,country,2012,burned_area_share_land,2.559e-05,share,K1,owid_annual_area_burnt_share_land,measured,f_sensor_break;f_min_fire_size
FIN,Finland,country,2013,burned_area_share_land,6.353e-05,share,K1,owid_annual_area_burnt_share_land,measured,f_sensor_break;f_min_fire_size
FIN,Finland,country,2014,burned_area_share_land,1.506e-05,share,K1,owid_annual_area_burnt_share_land,measured,f_sensor_break;f_min_fire_size
FIN,Finland,country,2015,burned_area_share_land,1.566e-05,share,K1,owid_annual_area_burnt_share_land,measured,f_sensor_break;f_min_fire_size
FIN,Finland,country,2016,burned_area_share_land,2.655e-05,share,K1,owid_annual_area_burnt_share_land,measured,f_sensor_break;f_min_fire_size
FIN,Finland,country,2017,burned_area_share_land,2.096e-05,share,K1,owid_annual_area_burnt_share_land,measured,f_sensor_break;f_min_fire_size
FIN,Finland,country,2018,burned_area_share_land,8.71e-05,share,K1,owid_annual_area_burnt_share_land,measured,f_sensor_break;f_min_fire_size
FIN,Finland,country,2019,burned_area_share_land,1.329e-05,share,K1,owid_annual_area_burnt_share_land,measured,f_sensor_break;f_min_fire_size
FIN,Finland,country,2020,burned_area_share_land,3.767e-05,share,K1,owid_annual_area_burnt_share_land,measured,f_sensor_break;f_min_fire_size
FIN,Finland,country,2021,burned_area_share_land,6.133e-05,share,K1,owid_annual_area_burnt_share_land,measured,f_sensor_break;f_min_fire_size
FIN,Finland,country,2022,burned_area_share_land,3.003e-05,share,K1,owid_annual_area_burnt_share_land,measured,f_sensor_break;f_min_fire_size
FIN,Finland,country,2023,burned_area_share_land,3.097e-05,share,K1,owid_annual_area_burnt_share_land,measured,f_sensor_break;f_min_fire_size
FIN,Finland,country,2024,burned_area_share_land,5.604e-05,share,K1,owid_annual_area_burnt_share_land,measured,f_sensor_break;f_min_fire_size
FIN,Finland,country,2025,burned_area_share_land,1.723e-05,share,K1,owid_annual_area_burnt_share_land,measured,f_sensor_break;f_min_fire_size
FIN,Finland,country,2026,burned_area_share_land,1.136e-05,share,K1,owid_annual_area_burnt_share_land,measured,f_sensor_break;f_min_fire_size;f_incomplete_year
FJI,Fiji,country,2012,burned_area_share_land,0.00920232,share,K1,owid_annual_area_burnt_share_land,measured,f_sensor_break;f_min_fire_size
FJI,Fiji,country,2013,burned_area_share_land,0.0161824,share,K1,owid_annual_area_burnt_share_land,measured,f_sensor_break;f_min_fire_size
FJI,Fiji,country,2014,burned_area_share_land,0.05277855,share,K1,owid_annual_area_burnt_share_land,measured,f_sensor_break;f_min_fire_size
FJI,Fiji,country,2015,burned_area_share_land,0.02738401,share,K1,owid_annual_area_burnt_share_land,measured,f_sensor_break;f_min_fire_size
FJI,Fiji,country,2016,burned_area_share_land,0.01851691,share,K1,owid_annual_area_burnt_share_land,measured,f_sensor_break;f_min_fire_size
FJI,Fiji,country,2017,burned_area_share_land,0.02587528,share,K1,owid_annual_area_burnt_share_land,measured,f_sensor_break;f_min_fire_size
FJI,Fiji,country,2018,burned_area_share_land,0.02282891,share,K1,owid_annual_area_burnt_share_land,measured,f_sensor_break;f_min_fire_size
FJI,Fiji,country,2019,burned_area_share_land,0.00730549,share,K1,owid_annual_area_burnt_share_land,measured,f_sensor_break;f_min_fire_size
FJI,Fiji,country,2020,burned_area_share_land,0.01114383,share,K1,owid_annual_area_burnt_share_land,measured,f_sensor_break;f_min_fire_size
FJI,Fiji,country,2021,burned_area_share_land,0.01763009,share,K1,owid_annual_area_burnt_share_land,measured,f_sensor_break;f_min_fire_size
FJI,Fiji,country,2022,burned_area_share_land,0.00924265,share,K1,owid_annual_area_burnt_share_land,measured,f_sensor_break;f_min_fire_size
FJI,Fiji,country,2023,burned_area_share_land,0.0148688,share,K1,owid_annual_area_burnt_share_land,measured,f_sensor_break;f_min_fire_size
FJI,Fiji,country,2024,burned_area_share_land,0.01380593,share,K1,owid_annual_area_burnt_share_land,measured,f_sensor_break;f_min_fire_size
FJI,Fiji,country,2025,burned_area_share_land,0.01058078,share,K1,owid_annual_area_burnt_share_land,measured,f_sensor_break;f_min_fire_size
FJI,Fiji,country,2026,burned_area_share_land,0.00100564,share,K1,owid_annual_area_burnt_share_land,measured,f_sensor_break;f_min_fire_size;f_incomplete_year
FLK,Falklandsøyene,country,2012,burned_area_share_land,0.00825667,share,K1,owid_annual_area_burnt_share_land,measured,f_sensor_break;f_min_fire_size
FLK,Falklandsøyene,country,2013,burned_area_share_land,0.00132814,share,K1,owid_annual_area_burnt_share_land,measured,f_sensor_break;f_min_fire_size
FLK,Falklandsøyene,country,2014,burned_area_share_land,0.00022748,share,K1,owid_annual_area_burnt_share_land,measured,f_sensor_break;f_min_fire_size
FLK,Falklandsøyene,country,2015,burned_area_share_land,0.00145938,share,K1,owid_annual_area_burnt_share_land,measured,f_sensor_break;f_min_fire_size
FLK,Falklandsøyene,country,2016,burned_area_share_land,0.00327747,share,K1,owid_annual_area_burnt_share_land,measured,f_sensor_break;f_min_fire_size
FLK,Falklandsøyene,country,2017,burned_area_share_land,0.0017761,share,K1,owid_annual_area_burnt_share_land,measured,f_sensor_break;f_min_fire_size
FLK,Falklandsøyene,country,2018,burned_area_share_land,0.00062732,share,K1,owid_annual_area_burnt_share_land,measured,f_sensor_break;f_min_fire_size
FLK,Falklandsøyene,country,2019,burned_area_share_land,0.00011899,share,K1,owid_annual_area_burnt_share_land,measured,f_sensor_break;f_min_fire_size
FLK,Falklandsøyene,country,2020,burned_area_share_land,0.00012424,share,K1,owid_annual_area_burnt_share_land,measured,f_sensor_break;f_min_fire_size
FLK,Falklandsøyene,country,2021,burned_area_share_land,0.00121352,share,K1,owid_annual_area_burnt_share_land,measured,f_sensor_break;f_min_fire_size
FLK,Falklandsøyene,country,2022,burned_area_share_land,0.00368693,share,K1,owid_annual_area_burnt_share_land,measured,f_sensor_break;f_min_fire_size
FLK,Falklandsøyene,country,2023,burned_area_share_land,0.00090642,share,K1,owid_annual_area_burnt_share_land,measured,f_sensor_break;f_min_fire_size
FLK,Falklandsøyene,country,2024,burned_area_share_land,0.00014786,share,K1,owid_annual_area_burnt_share_land,measured,f_sensor_break;f_min_fire_size
FLK,Falklandsøyene,country,2025,burned_area_share_land,0.0,share,K1,owid_annual_area_burnt_share_land,measured,f_sensor_break;f_min_fire_size;f_zero_no_detection
FLK,Falklandsøyene,country,2026,burned_area_share_land,0.0,share,K1,owid_annual_area_burnt_share_land,measured,f_sensor_break;f_min_fire_size;f_incomplete_year;f_zero_no_detection
FRA,Frankrike,country,2012,burned_area_share_land,0.00085965,share,K1,owid_annual_area_burnt_share_land,measured,f_sensor_break;f_min_fire_size
FRA,Frankrike,country,2013,burned_area_share_land,0.00019482,share,K1,owid_annual_area_burnt_share_land,measured,f_sensor_break;f_min_fire_size
FRA,Frankrike,country,2014,burned_area_share_land,0.00064256,share,K1,owid_annual_area_burnt_share_land,measured,f_sensor_break;f_min_fire_size
FRA,Frankrike,country,2015,burned_area_share_land,0.00052133,share,K1,owid_annual_area_burnt_share_land,measured,f_sensor_break;f_min_fire_size
FRA,Frankrike,country,2016,burned_area_share_land,0.00047223,share,K1,owid_annual_area_burnt_share_land,measured,f_sensor_break;f_min_fire_size
FRA,Frankrike,country,2017,burned_area_share_land,0.00114731,share,K1,owid_annual_area_burnt_share_land,measured,f_sensor_break;f_min_fire_size
FRA,Frankrike,country,2018,burned_area_share_land,0.00017451,share,K1,owid_annual_area_burnt_share_land,measured,f_sensor_break;f_min_fire_size
FRA,Frankrike,country,2019,burned_area_share_land,0.00145421,share,K1,owid_annual_area_burnt_share_land,measured,f_sensor_break;f_min_fire_size
FRA,Frankrike,country,2020,burned_area_share_land,0.00049311,share,K1,owid_annual_area_burnt_share_land,measured,f_sensor_break;f_min_fire_size
FRA,Frankrike,country,2021,burned_area_share_land,0.00058356,share,K1,owid_annual_area_burnt_share_land,measured,f_sensor_break;f_min_fire_size
FRA,Frankrike,country,2022,burned_area_share_land,0.00151251,share,K1,owid_annual_area_burnt_share_land,measured,f_sensor_break;f_min_fire_size
FRA,Frankrike,country,2023,burned_area_share_land,0.0005498,share,K1,owid_annual_area_burnt_share_land,measured,f_sensor_break;f_min_fire_size
FRA,Frankrike,country,2024,burned_area_share_land,0.00019879,share,K1,owid_annual_area_burnt_share_land,measured,f_sensor_break;f_min_fire_size
FRA,Frankrike,country,2025,burned_area_share_land,0.00044474,share,K1,owid_annual_area_burnt_share_land,measured,f_sensor_break;f_min_fire_size
FRA,Frankrike,country,2026,burned_area_share_land,0.00151007,share,K1,owid_annual_area_burnt_share_land,measured,f_sensor_break;f_min_fire_size;f_incomplete_year
FRO,Færøyene,country,2012,burned_area_share_land,0.0,share,K1,owid_annual_area_burnt_share_land,measured,f_sensor_break;f_min_fire_size;f_zero_no_detection
FRO,Færøyene,country,2013,burned_area_share_land,0.0,share,K1,owid_annual_area_burnt_share_land,measured,f_sensor_break;f_min_fire_size;f_zero_no_detection
FRO,Færøyene,country,2014,burned_area_share_land,0.0,share,K1,owid_annual_area_burnt_share_land,measured,f_sensor_break;f_min_fire_size;f_zero_no_detection
FRO,Færøyene,country,2015,burned_area_share_land,0.0,share,K1,owid_annual_area_burnt_share_land,measured,f_sensor_break;f_min_fire_size;f_zero_no_detection
FRO,Færøyene,country,2016,burned_area_share_land,0.0,share,K1,owid_annual_area_burnt_share_land,measured,f_sensor_break;f_min_fire_size;f_zero_no_detection
FRO,Færøyene,country,2017,burned_area_share_land,0.0,share,K1,owid_annual_area_burnt_share_land,measured,f_sensor_break;f_min_fire_size;f_zero_no_detection
FRO,Færøyene,country,2018,burned_area_share_land,0.0,share,K1,owid_annual_area_burnt_share_land,measured,f_sensor_break;f_min_fire_size;f_zero_no_detection
FRO,Færøyene,country,2019,burned_area_share_land,0.0,share,K1,owid_annual_area_burnt_share_land,measured,f_sensor_break;f_min_fire_size;f_zero_no_detection
FRO,Færøyene,country,2020,burned_area_share_land,0.0,share,K1,owid_annual_area_burnt_share_land,measured,f_sensor_break;f_min_fire_size;f_zero_no_detection
FRO,Færøyene,country,2021,burned_area_share_land,0.0,share,K1,owid_annual_area_burnt_share_land,measured,f_sensor_break;f_min_fire_size;f_zero_no_detection
FRO,Færøyene,country,2022,burned_area_share_land,0.0,share,K1,owid_annual_area_burnt_share_land,measured,f_sensor_break;f_min_fire_size;f_zero_no_detection
FRO,Færøyene,country,2023,burned_area_share_land,0.0,share,K1,owid_annual_area_burnt_share_land,measured,f_sensor_break;f_min_fire_size;f_zero_no_detection
FRO,Færøyene,country,2024,burned_area_share_land,0.0,share,K1,owid_annual_area_burnt_share_land,measured,f_sensor_break;f_min_fire_size;f_zero_no_detection
FRO,Færøyene,country,2025,burned_area_share_land,0.0,share,K1,owid_annual_area_burnt_share_land,measured,f_sensor_break;f_min_fire_size;f_zero_no_detection
FRO,Færøyene,country,2026,burned_area_share_land,0.0,share,K1,owid_annual_area_burnt_share_land,measured,f_sensor_break;f_min_fire_size;f_incomplete_year;f_zero_no_detection
FSM,Mikronesiaføderasjonen,country,2012,burned_area_share_land,0.0,share,K1,owid_annual_area_burnt_share_land,measured,f_sensor_break;f_min_fire_size;f_zero_no_detection
FSM,Mikronesiaføderasjonen,country,2013,burned_area_share_land,0.0,share,K1,owid_annual_area_burnt_share_land,measured,f_sensor_break;f_min_fire_size;f_zero_no_detection
FSM,Mikronesiaføderasjonen,country,2014,burned_area_share_land,0.0,share,K1,owid_annual_area_burnt_share_land,measured,f_sensor_break;f_min_fire_size;f_zero_no_detection
FSM,Mikronesiaføderasjonen,country,2015,burned_area_share_land,0.0,share,K1,owid_annual_area_burnt_share_land,measured,f_sensor_break;f_min_fire_size;f_zero_no_detection
FSM,Mikronesiaføderasjonen,country,2016,burned_area_share_land,0.00940865,share,K1,owid_annual_area_burnt_share_land,measured,f_sensor_break;f_min_fire_size
FSM,Mikronesiaføderasjonen,country,2017,burned_area_share_land,0.0,share,K1,owid_annual_area_burnt_share_land,measured,f_sensor_break;f_min_fire_size;f_zero_no_detection
FSM,Mikronesiaføderasjonen,country,2018,burned_area_share_land,0.0,share,K1,owid_annual_area_burnt_share_land,measured,f_sensor_break;f_min_fire_size;f_zero_no_detection
FSM,Mikronesiaføderasjonen,country,2019,burned_area_share_land,0.0,share,K1,owid_annual_area_burnt_share_land,measured,f_sensor_break;f_min_fire_size;f_zero_no_detection
FSM,Mikronesiaføderasjonen,country,2020,burned_area_share_land,0.0,share,K1,owid_annual_area_burnt_share_land,measured,f_sensor_break;f_min_fire_size;f_zero_no_detection
FSM,Mikronesiaføderasjonen,country,2021,burned_area_share_land,0.0,share,K1,owid_annual_area_burnt_share_land,measured,f_sensor_break;f_min_fire_size;f_zero_no_detection
FSM,Mikronesiaføderasjonen,country,2022,burned_area_share_land,0.0,share,K1,owid_annual_area_burnt_share_land,measured,f_sensor_break;f_min_fire_size;f_zero_no_detection
FSM,Mikronesiaføderasjonen,country,2023,burned_area_share_land,0.0,share,K1,owid_annual_area_burnt_share_land,measured,f_sensor_break;f_min_fire_size;f_zero_no_detection
FSM,Mikronesiaføderasjonen,country,2024,burned_area_share_land,0.0,share,K1,owid_annual_area_burnt_share_land,measured,f_sensor_break;f_min_fire_size;f_zero_no_detection
FSM,Mikronesiaføderasjonen,country,2025,burned_area_share_land,0.0,share,K1,owid_annual_area_burnt_share_land,measured,f_sensor_break;f_min_fire_size;f_zero_no_detection
FSM,Mikronesiaføderasjonen,country,2026,burned_area_share_land,0.0,share,K1,owid_annual_area_burnt_share_land,measured,f_sensor_break;f_min_fire_size;f_incomplete_year;f_zero_no_detection
GAB,Gabon,country,2012,burned_area_share_land,0.00940418,share,K1,owid_annual_area_burnt_share_land,measured,f_sensor_break;f_min_fire_size
GAB,Gabon,country,2013,burned_area_share_land,0.00961952,share,K1,owid_annual_area_burnt_share_land,measured,f_sensor_break;f_min_fire_size
GAB,Gabon,country,2014,burned_area_share_land,0.00679292,share,K1,owid_annual_area_burnt_share_land,measured,f_sensor_break;f_min_fire_size
GAB,Gabon,country,2015,burned_area_share_land,0.00730437,share,K1,owid_annual_area_burnt_share_land,measured,f_sensor_break;f_min_fire_size
GAB,Gabon,country,2016,burned_area_share_land,0.00825189,share,K1,owid_annual_area_burnt_share_land,measured,f_sensor_break;f_min_fire_size
GAB,Gabon,country,2017,burned_area_share_land,0.00728402,share,K1,owid_annual_area_burnt_share_land,measured,f_sensor_break;f_min_fire_size
GAB,Gabon,country,2018,burned_area_share_land,0.00740718,share,K1,owid_annual_area_burnt_share_land,measured,f_sensor_break;f_min_fire_size
GAB,Gabon,country,2019,burned_area_share_land,0.00786799,share,K1,owid_annual_area_burnt_share_land,measured,f_sensor_break;f_min_fire_size
GAB,Gabon,country,2020,burned_area_share_land,0.00810036,share,K1,owid_annual_area_burnt_share_land,measured,f_sensor_break;f_min_fire_size
GAB,Gabon,country,2021,burned_area_share_land,0.00598148,share,K1,owid_annual_area_burnt_share_land,measured,f_sensor_break;f_min_fire_size
GAB,Gabon,country,2022,burned_area_share_land,0.00796083,share,K1,owid_annual_area_burnt_share_land,measured,f_sensor_break;f_min_fire_size
GAB,Gabon,country,2023,burned_area_share_land,0.00699227,share,K1,owid_annual_area_burnt_share_land,measured,f_sensor_break;f_min_fire_size
GAB,Gabon,country,2024,burned_area_share_land,0.00795004,share,K1,owid_annual_area_burnt_share_land,measured,f_sensor_break;f_min_fire_size
GAB,Gabon,country,2025,burned_area_share_land,0.00610186,share,K1,owid_annual_area_burnt_share_land,measured,f_sensor_break;f_min_fire_size
GAB,Gabon,country,2026,burned_area_share_land,0.00398533,share,K1,owid_annual_area_burnt_share_land,measured,f_sensor_break;f_min_fire_size;f_incomplete_year
GBR,Storbritannia,country,2012,burned_area_share_land,0.00058057,share,K1,owid_annual_area_burnt_share_land,measured,f_sensor_break;f_min_fire_size
GBR,Storbritannia,country,2013,burned_area_share_land,0.00046804,share,K1,owid_annual_area_burnt_share_land,measured,f_sensor_break;f_min_fire_size
GBR,Storbritannia,country,2014,burned_area_share_land,0.00022502,share,K1,owid_annual_area_burnt_share_land,measured,f_sensor_break;f_min_fire_size
GBR,Storbritannia,country,2015,burned_area_share_land,0.00041576,share,K1,owid_annual_area_burnt_share_land,measured,f_sensor_break;f_min_fire_size
GBR,Storbritannia,country,2016,burned_area_share_land,0.00024555,share,K1,owid_annual_area_burnt_share_land,measured,f_sensor_break;f_min_fire_size
GBR,Storbritannia,country,2017,burned_area_share_land,0.00056586,share,K1,owid_annual_area_burnt_share_land,measured,f_sensor_break;f_min_fire_size
GBR,Storbritannia,country,2018,burned_area_share_land,0.00083107,share,K1,owid_annual_area_burnt_share_land,measured,f_sensor_break;f_min_fire_size
GBR,Storbritannia,country,2019,burned_area_share_land,0.00116771,share,K1,owid_annual_area_burnt_share_land,measured,f_sensor_break;f_min_fire_size
GBR,Storbritannia,country,2020,burned_area_share_land,0.00057151,share,K1,owid_annual_area_burnt_share_land,measured,f_sensor_break;f_min_fire_size
GBR,Storbritannia,country,2021,burned_area_share_land,0.0002148,share,K1,owid_annual_area_burnt_share_land,measured,f_sensor_break;f_min_fire_size
GBR,Storbritannia,country,2022,burned_area_share_land,0.00096471,share,K1,owid_annual_area_burnt_share_land,measured,f_sensor_break;f_min_fire_size
GBR,Storbritannia,country,2023,burned_area_share_land,0.00041971,share,K1,owid_annual_area_burnt_share_land,measured,f_sensor_break;f_min_fire_size
GBR,Storbritannia,country,2024,burned_area_share_land,0.00016257,share,K1,owid_annual_area_burnt_share_land,measured,f_sensor_break;f_min_fire_size
GBR,Storbritannia,country,2025,burned_area_share_land,0.00181303,share,K1,owid_annual_area_burnt_share_land,measured,f_sensor_break;f_min_fire_size
GBR,Storbritannia,country,2026,burned_area_share_land,0.00088023,share,K1,owid_annual_area_burnt_share_land,measured,f_sensor_break;f_min_fire_size;f_incomplete_year
GEO,Georgia,country,2012,burned_area_share_land,0.00439783,share,K1,owid_annual_area_burnt_share_land,measured,f_sensor_break;f_min_fire_size
GEO,Georgia,country,2013,burned_area_share_land,0.00385918,share,K1,owid_annual_area_burnt_share_land,measured,f_sensor_break;f_min_fire_size
GEO,Georgia,country,2014,burned_area_share_land,0.00420983,share,K1,owid_annual_area_burnt_share_land,measured,f_sensor_break;f_min_fire_size
GEO,Georgia,country,2015,burned_area_share_land,0.00686103,share,K1,owid_annual_area_burnt_share_land,measured,f_sensor_break;f_min_fire_size
GEO,Georgia,country,2016,burned_area_share_land,0.00600083,share,K1,owid_annual_area_burnt_share_land,measured,f_sensor_break;f_min_fire_size
GEO,Georgia,country,2017,burned_area_share_land,0.00755384,share,K1,owid_annual_area_burnt_share_land,measured,f_sensor_break;f_min_fire_size
GEO,Georgia,country,2018,burned_area_share_land,0.0042058,share,K1,owid_annual_area_burnt_share_land,measured,f_sensor_break;f_min_fire_size
GEO,Georgia,country,2019,burned_area_share_land,0.00885675,share,K1,owid_annual_area_burnt_share_land,measured,f_sensor_break;f_min_fire_size
GEO,Georgia,country,2020,burned_area_share_land,0.00585043,share,K1,owid_annual_area_burnt_share_land,measured,f_sensor_break;f_min_fire_size
GEO,Georgia,country,2021,burned_area_share_land,0.00508977,share,K1,owid_annual_area_burnt_share_land,measured,f_sensor_break;f_min_fire_size
GEO,Georgia,country,2022,burned_area_share_land,0.00335135,share,K1,owid_annual_area_burnt_share_land,measured,f_sensor_break;f_min_fire_size
GEO,Georgia,country,2023,burned_area_share_land,0.00181376,share,K1,owid_annual_area_burnt_share_land,measured,f_sensor_break;f_min_fire_size
GEO,Georgia,country,2024,burned_area_share_land,0.00253811,share,K1,owid_annual_area_burnt_share_land,measured,f_sensor_break;f_min_fire_size
GEO,Georgia,country,2025,burned_area_share_land,0.0062296,share,K1,owid_annual_area_burnt_share_land,measured,f_sensor_break;f_min_fire_size
GEO,Georgia,country,2026,burned_area_share_land,0.00075922,share,K1,owid_annual_area_burnt_share_land,measured,f_sensor_break;f_min_fire_size;f_incomplete_year
GGY,Guernsey,country,2012,burned_area_share_land,0.0,share,K1,owid_annual_area_burnt_share_land,measured,f_sensor_break;f_min_fire_size;f_zero_no_detection
GGY,Guernsey,country,2013,burned_area_share_land,0.0,share,K1,owid_annual_area_burnt_share_land,measured,f_sensor_break;f_min_fire_size;f_zero_no_detection
GGY,Guernsey,country,2014,burned_area_share_land,0.0,share,K1,owid_annual_area_burnt_share_land,measured,f_sensor_break;f_min_fire_size;f_zero_no_detection
GGY,Guernsey,country,2015,burned_area_share_land,0.0,share,K1,owid_annual_area_burnt_share_land,measured,f_sensor_break;f_min_fire_size;f_zero_no_detection
GGY,Guernsey,country,2016,burned_area_share_land,0.0,share,K1,owid_annual_area_burnt_share_land,measured,f_sensor_break;f_min_fire_size;f_zero_no_detection
GGY,Guernsey,country,2017,burned_area_share_land,0.0,share,K1,owid_annual_area_burnt_share_land,measured,f_sensor_break;f_min_fire_size;f_zero_no_detection
GGY,Guernsey,country,2018,burned_area_share_land,0.0,share,K1,owid_annual_area_burnt_share_land,measured,f_sensor_break;f_min_fire_size;f_zero_no_detection
GGY,Guernsey,country,2019,burned_area_share_land,0.0,share,K1,owid_annual_area_burnt_share_land,measured,f_sensor_break;f_min_fire_size;f_zero_no_detection
GGY,Guernsey,country,2020,burned_area_share_land,0.0,share,K1,owid_annual_area_burnt_share_land,measured,f_sensor_break;f_min_fire_size;f_zero_no_detection
GGY,Guernsey,country,2021,burned_area_share_land,0.0,share,K1,owid_annual_area_burnt_share_land,measured,f_sensor_break;f_min_fire_size;f_zero_no_detection
GGY,Guernsey,country,2022,burned_area_share_land,0.0,share,K1,owid_annual_area_burnt_share_land,measured,f_sensor_break;f_min_fire_size;f_zero_no_detection
GGY,Guernsey,country,2023,burned_area_share_land,0.0,share,K1,owid_annual_area_burnt_share_land,measured,f_sensor_break;f_min_fire_size;f_zero_no_detection
GGY,Guernsey,country,2024,burned_area_share_land,0.0,share,K1,owid_annual_area_burnt_share_land,measured,f_sensor_break;f_min_fire_size;f_zero_no_detection
GGY,Guernsey,country,2025,burned_area_share_land,0.0,share,K1,owid_annual_area_burnt_share_land,measured,f_sensor_break;f_min_fire_size;f_zero_no_detection
GGY,Guernsey,country,2026,burned_area_share_land,0.0,share,K1,owid_annual_area_burnt_share_land,measured,f_sensor_break;f_min_fire_size;f_incomplete_year;f_zero_no_detection
GHA,Ghana,country,2012,burned_area_share_land,0.1374047,share,K1,owid_annual_area_burnt_share_land,measured,f_sensor_break;f_min_fire_size
GHA,Ghana,country,2013,burned_area_share_land,0.22307274,share,K1,owid_annual_area_burnt_share_land,measured,f_sensor_break;f_min_fire_size
GHA,Ghana,country,2014,burned_area_share_land,0.20689048,share,K1,owid_annual_area_burnt_share_land,measured,f_sensor_break;f_min_fire_size
GHA,Ghana,country,2015,burned_area_share_land,0.23153112,share,K1,owid_annual_area_burnt_share_land,measured,f_sensor_break;f_min_fire_size
GHA,Ghana,country,2016,burned_area_share_land,0.20127396,share,K1,owid_annual_area_burnt_share_land,measured,f_sensor_break;f_min_fire_size
GHA,Ghana,country,2017,burned_area_share_land,0.2386339,share,K1,owid_annual_area_burnt_share_land,measured,f_sensor_break;f_min_fire_size
GHA,Ghana,country,2018,burned_area_share_land,0.13195032,share,K1,owid_annual_area_burnt_share_land,measured,f_sensor_break;f_min_fire_size
GHA,Ghana,country,2019,burned_area_share_land,0.1952492,share,K1,owid_annual_area_burnt_share_land,measured,f_sensor_break;f_min_fire_size
GHA,Ghana,country,2020,burned_area_share_land,0.25171286,share,K1,owid_annual_area_burnt_share_land,measured,f_sensor_break;f_min_fire_size
GHA,Ghana,country,2021,burned_area_share_land,0.16956147,share,K1,owid_annual_area_burnt_share_land,measured,f_sensor_break;f_min_fire_size
GHA,Ghana,country,2022,burned_area_share_land,0.20692318,share,K1,owid_annual_area_burnt_share_land,measured,f_sensor_break;f_min_fire_size
GHA,Ghana,country,2023,burned_area_share_land,0.14753813,share,K1,owid_annual_area_burnt_share_land,measured,f_sensor_break;f_min_fire_size
GHA,Ghana,country,2024,burned_area_share_land,0.16528131,share,K1,owid_annual_area_burnt_share_land,measured,f_sensor_break;f_min_fire_size
GHA,Ghana,country,2025,burned_area_share_land,0.08934358,share,K1,owid_annual_area_burnt_share_land,measured,f_sensor_break;f_min_fire_size
GHA,Ghana,country,2026,burned_area_share_land,0.07391869,share,K1,owid_annual_area_burnt_share_land,measured,f_sensor_break;f_min_fire_size;f_incomplete_year
GIN,Guinea,country,2012,burned_area_share_land,0.25501792,share,K1,owid_annual_area_burnt_share_land,measured,f_sensor_break;f_min_fire_size
GIN,Guinea,country,2013,burned_area_share_land,0.31201906,share,K1,owid_annual_area_burnt_share_land,measured,f_sensor_break;f_min_fire_size
GIN,Guinea,country,2014,burned_area_share_land,0.33950323,share,K1,owid_annual_area_burnt_share_land,measured,f_sensor_break;f_min_fire_size
GIN,Guinea,country,2015,burned_area_share_land,0.30238396,share,K1,owid_annual_area_burnt_share_land,measured,f_sensor_break;f_min_fire_size
GIN,Guinea,country,2016,burned_area_share_land,0.31338034,share,K1,owid_annual_area_burnt_share_land,measured,f_sensor_break;f_min_fire_size
GIN,Guinea,country,2017,burned_area_share_land,0.31667817,share,K1,owid_annual_area_burnt_share_land,measured,f_sensor_break;f_min_fire_size
GIN,Guinea,country,2018,burned_area_share_land,0.20341787,share,K1,owid_annual_area_burnt_share_land,measured,f_sensor_break;f_min_fire_size
GIN,Guinea,country,2019,burned_area_share_land,0.29273053,share,K1,owid_annual_area_burnt_share_land,measured,f_sensor_break;f_min_fire_size
GIN,Guinea,country,2020,burned_area_share_land,0.28689011,share,K1,owid_annual_area_burnt_share_land,measured,f_sensor_break;f_min_fire_size
GIN,Guinea,country,2021,burned_area_share_land,0.24557459,share,K1,owid_annual_area_burnt_share_land,measured,f_sensor_break;f_min_fire_size
GIN,Guinea,country,2022,burned_area_share_land,0.26286794,share,K1,owid_annual_area_burnt_share_land,measured,f_sensor_break;f_min_fire_size
GIN,Guinea,country,2023,burned_area_share_land,0.23495383,share,K1,owid_annual_area_burnt_share_land,measured,f_sensor_break;f_min_fire_size
GIN,Guinea,country,2024,burned_area_share_land,0.21413529,share,K1,owid_annual_area_burnt_share_land,measured,f_sensor_break;f_min_fire_size
GIN,Guinea,country,2025,burned_area_share_land,0.12800109,share,K1,owid_annual_area_burnt_share_land,measured,f_sensor_break;f_min_fire_size
GIN,Guinea,country,2026,burned_area_share_land,0.13327051,share,K1,owid_annual_area_burnt_share_land,measured,f_sensor_break;f_min_fire_size;f_incomplete_year
GMB,Gambia,country,2012,burned_area_share_land,0.08891112,share,K1,owid_annual_area_burnt_share_land,measured,f_sensor_break;f_min_fire_size
GMB,Gambia,country,2013,burned_area_share_land,0.10519534,share,K1,owid_annual_area_burnt_share_land,measured,f_sensor_break;f_min_fire_size
GMB,Gambia,country,2014,burned_area_share_land,0.08410917,share,K1,owid_annual_area_burnt_share_land,measured,f_sensor_break;f_min_fire_size
GMB,Gambia,country,2015,burned_area_share_land,0.05296069,share,K1,owid_annual_area_burnt_share_land,measured,f_sensor_break;f_min_fire_size
GMB,Gambia,country,2016,burned_area_share_land,0.1040294,share,K1,owid_annual_area_burnt_share_land,measured,f_sensor_break;f_min_fire_size
GMB,Gambia,country,2017,burned_area_share_land,0.11694427,share,K1,owid_annual_area_burnt_share_land,measured,f_sensor_break;f_min_fire_size
GMB,Gambia,country,2018,burned_area_share_land,0.07896658,share,K1,owid_annual_area_burnt_share_land,measured,f_sensor_break;f_min_fire_size
GMB,Gambia,country,2019,burned_area_share_land,0.08075442,share,K1,owid_annual_area_burnt_share_land,measured,f_sensor_break;f_min_fire_size
GMB,Gambia,country,2020,burned_area_share_land,0.12588054,share,K1,owid_annual_area_burnt_share_land,measured,f_sensor_break;f_min_fire_size
GMB,Gambia,country,2021,burned_area_share_land,0.11663088,share,K1,owid_annual_area_burnt_share_land,measured,f_sensor_break;f_min_fire_size
GMB,Gambia,country,2022,burned_area_share_land,0.13270975,share,K1,owid_annual_area_burnt_share_land,measured,f_sensor_break;f_min_fire_size
GMB,Gambia,country,2023,burned_area_share_land,0.16059593,share,K1,owid_annual_area_burnt_share_land,measured,f_sensor_break;f_min_fire_size
GMB,Gambia,country,2024,burned_area_share_land,0.1258708,share,K1,owid_annual_area_burnt_share_land,measured,f_sensor_break;f_min_fire_size
GMB,Gambia,country,2025,burned_area_share_land,0.08470187,share,K1,owid_annual_area_burnt_share_land,measured,f_sensor_break;f_min_fire_size
GMB,Gambia,country,2026,burned_area_share_land,0.09505031,share,K1,owid_annual_area_burnt_share_land,measured,f_sensor_break;f_min_fire_size;f_incomplete_year
GNB,Guinea-Bissau,country,2012,burned_area_share_land,0.14491107,share,K1,owid_annual_area_burnt_share_land,measured,f_sensor_break;f_min_fire_size
GNB,Guinea-Bissau,country,2013,burned_area_share_land,0.13101869,share,K1,owid_annual_area_burnt_share_land,measured,f_sensor_break;f_min_fire_size
GNB,Guinea-Bissau,country,2014,burned_area_share_land,0.16733086,share,K1,owid_annual_area_burnt_share_land,measured,f_sensor_break;f_min_fire_size
GNB,Guinea-Bissau,country,2015,burned_area_share_land,0.16834742,share,K1,owid_annual_area_burnt_share_land,measured,f_sensor_break;f_min_fire_size
GNB,Guinea-Bissau,country,2016,burned_area_share_land,0.15406983,share,K1,owid_annual_area_burnt_share_land,measured,f_sensor_break;f_min_fire_size
GNB,Guinea-Bissau,country,2017,burned_area_share_land,0.11175068,share,K1,owid_annual_area_burnt_share_land,measured,f_sensor_break;f_min_fire_size
GNB,Guinea-Bissau,country,2018,burned_area_share_land,0.09345508,share,K1,owid_annual_area_burnt_share_land,measured,f_sensor_break;f_min_fire_size
GNB,Guinea-Bissau,country,2019,burned_area_share_land,0.14767545,share,K1,owid_annual_area_burnt_share_land,measured,f_sensor_break;f_min_fire_size
GNB,Guinea-Bissau,country,2020,burned_area_share_land,0.15418477,share,K1,owid_annual_area_burnt_share_land,measured,f_sensor_break;f_min_fire_size
GNB,Guinea-Bissau,country,2021,burned_area_share_land,0.10693595,share,K1,owid_annual_area_burnt_share_land,measured,f_sensor_break;f_min_fire_size
GNB,Guinea-Bissau,country,2022,burned_area_share_land,0.12141115,share,K1,owid_annual_area_burnt_share_land,measured,f_sensor_break;f_min_fire_size
GNB,Guinea-Bissau,country,2023,burned_area_share_land,0.09233642,share,K1,owid_annual_area_burnt_share_land,measured,f_sensor_break;f_min_fire_size
GNB,Guinea-Bissau,country,2024,burned_area_share_land,0.10070881,share,K1,owid_annual_area_burnt_share_land,measured,f_sensor_break;f_min_fire_size
GNB,Guinea-Bissau,country,2025,burned_area_share_land,0.05880712,share,K1,owid_annual_area_burnt_share_land,measured,f_sensor_break;f_min_fire_size
GNB,Guinea-Bissau,country,2026,burned_area_share_land,0.06216402,share,K1,owid_annual_area_burnt_share_land,measured,f_sensor_break;f_min_fire_size;f_incomplete_year
GNQ,Ekvatorial-Guinea,country,2012,burned_area_share_land,0.00052516,share,K1,owid_annual_area_burnt_share_land,measured,f_sensor_break;f_min_fire_size
GNQ,Ekvatorial-Guinea,country,2013,burned_area_share_land,0.00147672,share,K1,owid_annual_area_burnt_share_land,measured,f_sensor_break;f_min_fire_size
GNQ,Ekvatorial-Guinea,country,2014,burned_area_share_land,0.00181828,share,K1,owid_annual_area_burnt_share_land,measured,f_sensor_break;f_min_fire_size
GNQ,Ekvatorial-Guinea,country,2015,burned_area_share_land,0.00334024,share,K1,owid_annual_area_burnt_share_land,measured,f_sensor_break;f_min_fire_size
GNQ,Ekvatorial-Guinea,country,2016,burned_area_share_land,0.00098775,share,K1,owid_annual_area_burnt_share_land,measured,f_sensor_break;f_min_fire_size
GNQ,Ekvatorial-Guinea,country,2017,burned_area_share_land,0.00054288,share,K1,owid_annual_area_burnt_share_land,measured,f_sensor_break;f_min_fire_size
GNQ,Ekvatorial-Guinea,country,2018,burned_area_share_land,0.00059906,share,K1,owid_annual_area_burnt_share_land,measured,f_sensor_break;f_min_fire_size
GNQ,Ekvatorial-Guinea,country,2019,burned_area_share_land,0.00126183,share,K1,owid_annual_area_burnt_share_land,measured,f_sensor_break;f_min_fire_size
GNQ,Ekvatorial-Guinea,country,2020,burned_area_share_land,0.00148275,share,K1,owid_annual_area_burnt_share_land,measured,f_sensor_break;f_min_fire_size
GNQ,Ekvatorial-Guinea,country,2021,burned_area_share_land,0.00128482,share,K1,owid_annual_area_burnt_share_land,measured,f_sensor_break;f_min_fire_size
GNQ,Ekvatorial-Guinea,country,2022,burned_area_share_land,0.00123129,share,K1,owid_annual_area_burnt_share_land,measured,f_sensor_break;f_min_fire_size
GNQ,Ekvatorial-Guinea,country,2023,burned_area_share_land,0.00149934,share,K1,owid_annual_area_burnt_share_land,measured,f_sensor_break;f_min_fire_size
GNQ,Ekvatorial-Guinea,country,2024,burned_area_share_land,0.00136626,share,K1,owid_annual_area_burnt_share_land,measured,f_sensor_break;f_min_fire_size
GNQ,Ekvatorial-Guinea,country,2025,burned_area_share_land,0.0009278,share,K1,owid_annual_area_burnt_share_land,measured,f_sensor_break;f_min_fire_size
GNQ,Ekvatorial-Guinea,country,2026,burned_area_share_land,0.00027295,share,K1,owid_annual_area_burnt_share_land,measured,f_sensor_break;f_min_fire_size;f_incomplete_year
GRC,Hellas,country,2012,burned_area_share_land,0.00773809,share,K1,owid_annual_area_burnt_share_land,measured,f_sensor_break;f_min_fire_size
GRC,Hellas,country,2013,burned_area_share_land,0.00503691,share,K1,owid_annual_area_burnt_share_land,measured,f_sensor_break;f_min_fire_size
GRC,Hellas,country,2014,burned_area_share_land,0.00403074,share,K1,owid_annual_area_burnt_share_land,measured,f_sensor_break;f_min_fire_size
GRC,Hellas,country,2015,burned_area_share_land,0.00428934,share,K1,owid_annual_area_burnt_share_land,measured,f_sensor_break;f_min_fire_size
GRC,Hellas,country,2016,burned_area_share_land,0.00673023,share,K1,owid_annual_area_burnt_share_land,measured,f_sensor_break;f_min_fire_size
GRC,Hellas,country,2017,burned_area_share_land,0.00391122,share,K1,owid_annual_area_burnt_share_land,measured,f_sensor_break;f_min_fire_size
GRC,Hellas,country,2018,burned_area_share_land,0.00248587,share,K1,owid_annual_area_burnt_share_land,measured,f_sensor_break;f_min_fire_size
GRC,Hellas,country,2019,burned_area_share_land,0.00242085,share,K1,owid_annual_area_burnt_share_land,measured,f_sensor_break;f_min_fire_size
GRC,Hellas,country,2020,burned_area_share_land,0.00267209,share,K1,owid_annual_area_burnt_share_land,measured,f_sensor_break;f_min_fire_size
GRC,Hellas,country,2021,burned_area_share_land,0.01042,share,K1,owid_annual_area_burnt_share_land,measured,f_sensor_break;f_min_fire_size
GRC,Hellas,country,2022,burned_area_share_land,0.00334105,share,K1,owid_annual_area_burnt_share_land,measured,f_sensor_break;f_min_fire_size
GRC,Hellas,country,2023,burned_area_share_land,0.01298739,share,K1,owid_annual_area_burnt_share_land,measured,f_sensor_break;f_min_fire_size
GRC,Hellas,country,2024,burned_area_share_land,0.00371741,share,K1,owid_annual_area_burnt_share_land,measured,f_sensor_break;f_min_fire_size
GRC,Hellas,country,2025,burned_area_share_land,0.00323842,share,K1,owid_annual_area_burnt_share_land,measured,f_sensor_break;f_min_fire_size
GRC,Hellas,country,2026,burned_area_share_land,0.00028278,share,K1,owid_annual_area_burnt_share_land,measured,f_sensor_break;f_min_fire_size;f_incomplete_year
GRD,Grenada,country,2012,burned_area_share_land,0.0,share,K1,owid_annual_area_burnt_share_land,measured,f_sensor_break;f_min_fire_size;f_zero_no_detection
GRD,Grenada,country,2013,burned_area_share_land,0.0,share,K1,owid_annual_area_burnt_share_land,measured,f_sensor_break;f_min_fire_size;f_zero_no_detection
GRD,Grenada,country,2014,burned_area_share_land,0.0,share,K1,owid_annual_area_burnt_share_land,measured,f_sensor_break;f_min_fire_size;f_zero_no_detection
GRD,Grenada,country,2015,burned_area_share_land,0.0,share,K1,owid_annual_area_burnt_share_land,measured,f_sensor_break;f_min_fire_size;f_zero_no_detection
GRD,Grenada,country,2016,burned_area_share_land,0.0,share,K1,owid_annual_area_burnt_share_land,measured,f_sensor_break;f_min_fire_size;f_zero_no_detection
GRD,Grenada,country,2017,burned_area_share_land,0.0,share,K1,owid_annual_area_burnt_share_land,measured,f_sensor_break;f_min_fire_size;f_zero_no_detection
GRD,Grenada,country,2018,burned_area_share_land,0.0,share,K1,owid_annual_area_burnt_share_land,measured,f_sensor_break;f_min_fire_size;f_zero_no_detection
GRD,Grenada,country,2019,burned_area_share_land,0.0,share,K1,owid_annual_area_burnt_share_land,measured,f_sensor_break;f_min_fire_size;f_zero_no_detection
GRD,Grenada,country,2020,burned_area_share_land,0.0,share,K1,owid_annual_area_burnt_share_land,measured,f_sensor_break;f_min_fire_size;f_zero_no_detection
GRD,Grenada,country,2021,burned_area_share_land,0.0,share,K1,owid_annual_area_burnt_share_land,measured,f_sensor_break;f_min_fire_size;f_zero_no_detection
GRD,Grenada,country,2022,burned_area_share_land,0.0,share,K1,owid_annual_area_burnt_share_land,measured,f_sensor_break;f_min_fire_size;f_zero_no_detection
GRD,Grenada,country,2023,burned_area_share_land,0.0,share,K1,owid_annual_area_burnt_share_land,measured,f_sensor_break;f_min_fire_size;f_zero_no_detection
GRD,Grenada,country,2024,burned_area_share_land,0.0,share,K1,owid_annual_area_burnt_share_land,measured,f_sensor_break;f_min_fire_size;f_zero_no_detection
GRD,Grenada,country,2025,burned_area_share_land,0.0,share,K1,owid_annual_area_burnt_share_land,measured,f_sensor_break;f_min_fire_size;f_zero_no_detection
GRD,Grenada,country,2026,burned_area_share_land,0.00558051,share,K1,owid_annual_area_burnt_share_land,measured,f_sensor_break;f_min_fire_size;f_incomplete_year
GRL,Grønland,country,2012,burned_area_share_land,0.0,share,K1,owid_annual_area_burnt_share_land,measured,f_sensor_break;f_min_fire_size;f_zero_no_detection
GRL,Grønland,country,2013,burned_area_share_land,0.0,share,K1,owid_annual_area_burnt_share_land,measured,f_sensor_break;f_min_fire_size;f_zero_no_detection
GRL,Grønland,country,2014,burned_area_share_land,6.4e-07,share,K1,owid_annual_area_burnt_share_land,measured,f_sensor_break;f_min_fire_size
GRL,Grønland,country,2015,burned_area_share_land,2.33e-06,share,K1,owid_annual_area_burnt_share_land,measured,f_sensor_break;f_min_fire_size
GRL,Grønland,country,2016,burned_area_share_land,4.8e-07,share,K1,owid_annual_area_burnt_share_land,measured,f_sensor_break;f_min_fire_size
GRL,Grønland,country,2017,burned_area_share_land,1.722e-05,share,K1,owid_annual_area_burnt_share_land,measured,f_sensor_break;f_min_fire_size
GRL,Grønland,country,2018,burned_area_share_land,0.0,share,K1,owid_annual_area_burnt_share_land,measured,f_sensor_break;f_min_fire_size;f_zero_no_detection
GRL,Grønland,country,2019,burned_area_share_land,8.9e-06,share,K1,owid_annual_area_burnt_share_land,measured,f_sensor_break;f_min_fire_size
GRL,Grønland,country,2020,burned_area_share_land,2.19e-06,share,K1,owid_annual_area_burnt_share_land,measured,f_sensor_break;f_min_fire_size
GRL,Grønland,country,2021,burned_area_share_land,0.0,share,K1,owid_annual_area_burnt_share_land,measured,f_sensor_break;f_min_fire_size;f_zero_no_detection
GRL,Grønland,country,2022,burned_area_share_land,0.0,share,K1,owid_annual_area_burnt_share_land,measured,f_sensor_break;f_min_fire_size;f_zero_no_detection
GRL,Grønland,country,2023,burned_area_share_land,0.0,share,K1,owid_annual_area_burnt_share_land,measured,f_sensor_break;f_min_fire_size;f_zero_no_detection
GRL,Grønland,country,2024,burned_area_share_land,0.0,share,K1,owid_annual_area_burnt_share_land,measured,f_sensor_break;f_min_fire_size;f_zero_no_detection
GRL,Grønland,country,2025,burned_area_share_land,5.8e-07,share,K1,owid_annual_area_burnt_share_land,measured,f_sensor_break;f_min_fire_size
GRL,Grønland,country,2026,burned_area_share_land,1.52e-06,share,K1,owid_annual_area_burnt_share_land,measured,f_sensor_break;f_min_fire_size;f_incomplete_year
GTM,Guatemala,country,2012,burned_area_share_land,0.04999276,share,K1,owid_annual_area_burnt_share_land,measured,f_sensor_break;f_min_fire_size
GTM,Guatemala,country,2013,burned_area_share_land,0.08716493,share,K1,owid_annual_area_burnt_share_land,measured,f_sensor_break;f_min_fire_size
GTM,Guatemala,country,2014,burned_area_share_land,0.03850591,share,K1,owid_annual_area_burnt_share_land,measured,f_sensor_break;f_min_fire_size
GTM,Guatemala,country,2015,burned_area_share_land,0.05503726,share,K1,owid_annual_area_burnt_share_land,measured,f_sensor_break;f_min_fire_size
GTM,Guatemala,country,2016,burned_area_share_land,0.06080192,share,K1,owid_annual_area_burnt_share_land,measured,f_sensor_break;f_min_fire_size
GTM,Guatemala,country,2017,burned_area_share_land,0.0540124,share,K1,owid_annual_area_burnt_share_land,measured,f_sensor_break;f_min_fire_size
GTM,Guatemala,country,2018,burned_area_share_land,0.02822921,share,K1,owid_annual_area_burnt_share_land,measured,f_sensor_break;f_min_fire_size
GTM,Guatemala,country,2019,burned_area_share_land,0.05636018,share,K1,owid_annual_area_burnt_share_land,measured,f_sensor_break;f_min_fire_size
GTM,Guatemala,country,2020,burned_area_share_land,0.05759642,share,K1,owid_annual_area_burnt_share_land,measured,f_sensor_break;f_min_fire_size
GTM,Guatemala,country,2021,burned_area_share_land,0.02965537,share,K1,owid_annual_area_burnt_share_land,measured,f_sensor_break;f_min_fire_size
GTM,Guatemala,country,2022,burned_area_share_land,0.03626386,share,K1,owid_annual_area_burnt_share_land,measured,f_sensor_break;f_min_fire_size
GTM,Guatemala,country,2023,burned_area_share_land,0.04745247,share,K1,owid_annual_area_burnt_share_land,measured,f_sensor_break;f_min_fire_size
GTM,Guatemala,country,2024,burned_area_share_land,0.06326182,share,K1,owid_annual_area_burnt_share_land,measured,f_sensor_break;f_min_fire_size
GTM,Guatemala,country,2025,burned_area_share_land,0.01782486,share,K1,owid_annual_area_burnt_share_land,measured,f_sensor_break;f_min_fire_size
GTM,Guatemala,country,2026,burned_area_share_land,0.01585523,share,K1,owid_annual_area_burnt_share_land,measured,f_sensor_break;f_min_fire_size;f_incomplete_year
GUM,Guam,country,2012,burned_area_share_land,0.0146113,share,K1,owid_annual_area_burnt_share_land,measured,f_sensor_break;f_min_fire_size
GUM,Guam,country,2013,burned_area_share_land,0.00603601,share,K1,owid_annual_area_burnt_share_land,measured,f_sensor_break;f_min_fire_size
GUM,Guam,country,2014,burned_area_share_land,0.02412322,share,K1,owid_annual_area_burnt_share_land,measured,f_sensor_break;f_min_fire_size
GUM,Guam,country,2015,burned_area_share_land,0.02083463,share,K1,owid_annual_area_burnt_share_land,measured,f_sensor_break;f_min_fire_size
GUM,Guam,country,2016,burned_area_share_land,0.02037673,share,K1,owid_annual_area_burnt_share_land,measured,f_sensor_break;f_min_fire_size
GUM,Guam,country,2017,burned_area_share_land,0.00699344,share,K1,owid_annual_area_burnt_share_land,measured,f_sensor_break;f_min_fire_size
GUM,Guam,country,2018,burned_area_share_land,0.00401707,share,K1,owid_annual_area_burnt_share_land,measured,f_sensor_break;f_min_fire_size
GUM,Guam,country,2019,burned_area_share_land,0.04624831,share,K1,owid_annual_area_burnt_share_land,measured,f_sensor_break;f_min_fire_size
GUM,Guam,country,2020,burned_area_share_land,0.00578624,share,K1,owid_annual_area_burnt_share_land,measured,f_sensor_break;f_min_fire_size
GUM,Guam,country,2021,burned_area_share_land,0.01030284,share,K1,owid_annual_area_burnt_share_land,measured,f_sensor_break;f_min_fire_size
GUM,Guam,country,2022,burned_area_share_land,0.00747216,share,K1,owid_annual_area_burnt_share_land,measured,f_sensor_break;f_min_fire_size
GUM,Guam,country,2023,burned_area_share_land,0.0,share,K1,owid_annual_area_burnt_share_land,measured,f_sensor_break;f_min_fire_size;f_zero_no_detection
GUM,Guam,country,2024,burned_area_share_land,0.00703507,share,K1,owid_annual_area_burnt_share_land,measured,f_sensor_break;f_min_fire_size
GUM,Guam,country,2025,burned_area_share_land,0.00899157,share,K1,owid_annual_area_burnt_share_land,measured,f_sensor_break;f_min_fire_size
GUM,Guam,country,2026,burned_area_share_land,0.0,share,K1,owid_annual_area_burnt_share_land,measured,f_sensor_break;f_min_fire_size;f_incomplete_year;f_zero_no_detection
GUY,Guyana,country,2012,burned_area_share_land,0.00593667,share,K1,owid_annual_area_burnt_share_land,measured,f_sensor_break;f_min_fire_size
GUY,Guyana,country,2013,burned_area_share_land,0.00493758,share,K1,owid_annual_area_burnt_share_land,measured,f_sensor_break;f_min_fire_size
GUY,Guyana,country,2014,burned_area_share_land,0.00637193,share,K1,owid_annual_area_burnt_share_land,measured,f_sensor_break;f_min_fire_size
GUY,Guyana,country,2015,burned_area_share_land,0.01046074,share,K1,owid_annual_area_burnt_share_land,measured,f_sensor_break;f_min_fire_size
GUY,Guyana,country,2016,burned_area_share_land,0.00861079,share,K1,owid_annual_area_burnt_share_land,measured,f_sensor_break;f_min_fire_size
GUY,Guyana,country,2017,burned_area_share_land,0.00497483,share,K1,owid_annual_area_burnt_share_land,measured,f_sensor_break;f_min_fire_size
GUY,Guyana,country,2018,burned_area_share_land,0.00548856,share,K1,owid_annual_area_burnt_share_land,measured,f_sensor_break;f_min_fire_size
GUY,Guyana,country,2019,burned_area_share_land,0.00793835,share,K1,owid_annual_area_burnt_share_land,measured,f_sensor_break;f_min_fire_size
GUY,Guyana,country,2020,burned_area_share_land,0.00776733,share,K1,owid_annual_area_burnt_share_land,measured,f_sensor_break;f_min_fire_size
GUY,Guyana,country,2021,burned_area_share_land,0.00215039,share,K1,owid_annual_area_burnt_share_land,measured,f_sensor_break;f_min_fire_size
GUY,Guyana,country,2022,burned_area_share_land,0.00219408,share,K1,owid_annual_area_burnt_share_land,measured,f_sensor_break;f_min_fire_size
GUY,Guyana,country,2023,burned_area_share_land,0.01406054,share,K1,owid_annual_area_burnt_share_land,measured,f_sensor_break;f_min_fire_size
GUY,Guyana,country,2024,burned_area_share_land,0.02352333,share,K1,owid_annual_area_burnt_share_land,measured,f_sensor_break;f_min_fire_size
GUY,Guyana,country,2025,burned_area_share_land,0.0044791,share,K1,owid_annual_area_burnt_share_land,measured,f_sensor_break;f_min_fire_size
GUY,Guyana,country,2026,burned_area_share_land,0.00182919,share,K1,owid_annual_area_burnt_share_land,measured,f_sensor_break;f_min_fire_size;f_incomplete_year
HKG,Hongkong,country,2012,burned_area_share_land,0.0,share,K1,owid_annual_area_burnt_share_land,measured,f_sensor_break;f_min_fire_size;f_zero_no_detection
HKG,Hongkong,country,2013,burned_area_share_land,0.00184153,share,K1,owid_annual_area_burnt_share_land,measured,f_sensor_break;f_min_fire_size
HKG,Hongkong,country,2014,burned_area_share_land,0.00846714,share,K1,owid_annual_area_burnt_share_land,measured,f_sensor_break;f_min_fire_size
HKG,Hongkong,country,2015,burned_area_share_land,0.00315691,share,K1,owid_annual_area_burnt_share_land,measured,f_sensor_break;f_min_fire_size
HKG,Hongkong,country,2016,burned_area_share_land,0.00829176,share,K1,owid_annual_area_burnt_share_land,measured,f_sensor_break;f_min_fire_size
HKG,Hongkong,country,2017,burned_area_share_land,0.00761946,share,K1,owid_annual_area_burnt_share_land,measured,f_sensor_break;f_min_fire_size
HKG,Hongkong,country,2018,burned_area_share_land,0.00835022,share,K1,owid_annual_area_burnt_share_land,measured,f_sensor_break;f_min_fire_size
HKG,Hongkong,country,2019,burned_area_share_land,0.00202666,share,K1,owid_annual_area_burnt_share_land,measured,f_sensor_break;f_min_fire_size
HKG,Hongkong,country,2020,burned_area_share_land,0.00403383,share,K1,owid_annual_area_burnt_share_land,measured,f_sensor_break;f_min_fire_size
HKG,Hongkong,country,2021,burned_area_share_land,0.01216969,share,K1,owid_annual_area_burnt_share_land,measured,f_sensor_break;f_min_fire_size
HKG,Hongkong,country,2022,burned_area_share_land,0.00159794,share,K1,owid_annual_area_burnt_share_land,measured,f_sensor_break;f_min_fire_size
HKG,Hongkong,country,2023,burned_area_share_land,0.0,share,K1,owid_annual_area_burnt_share_land,measured,f_sensor_break;f_min_fire_size;f_zero_no_detection
HKG,Hongkong,country,2024,burned_area_share_land,0.00239691,share,K1,owid_annual_area_burnt_share_land,measured,f_sensor_break;f_min_fire_size
HKG,Hongkong,country,2025,burned_area_share_land,0.00863279,share,K1,owid_annual_area_burnt_share_land,measured,f_sensor_break;f_min_fire_size
HKG,Hongkong,country,2026,burned_area_share_land,0.0,share,K1,owid_annual_area_burnt_share_land,measured,f_sensor_break;f_min_fire_size;f_incomplete_year;f_zero_no_detection
HMD,Heard- og McDonaldøyene,country,2012,burned_area_share_land,0.0,share,K1,owid_annual_area_burnt_share_land,measured,f_sensor_break;f_min_fire_size;f_zero_no_detection
HMD,Heard- og McDonaldøyene,country,2013,burned_area_share_land,0.0,share,K1,owid_annual_area_burnt_share_land,measured,f_sensor_break;f_min_fire_size;f_zero_no_detection
HMD,Heard- og McDonaldøyene,country,2014,burned_area_share_land,0.0,share,K1,owid_annual_area_burnt_share_land,measured,f_sensor_break;f_min_fire_size;f_zero_no_detection
HMD,Heard- og McDonaldøyene,country,2015,burned_area_share_land,0.0,share,K1,owid_annual_area_burnt_share_land,measured,f_sensor_break;f_min_fire_size;f_zero_no_detection
HMD,Heard- og McDonaldøyene,country,2016,burned_area_share_land,0.0,share,K1,owid_annual_area_burnt_share_land,measured,f_sensor_break;f_min_fire_size;f_zero_no_detection
HMD,Heard- og McDonaldøyene,country,2017,burned_area_share_land,0.0,share,K1,owid_annual_area_burnt_share_land,measured,f_sensor_break;f_min_fire_size;f_zero_no_detection
HMD,Heard- og McDonaldøyene,country,2018,burned_area_share_land,0.0,share,K1,owid_annual_area_burnt_share_land,measured,f_sensor_break;f_min_fire_size;f_zero_no_detection
HMD,Heard- og McDonaldøyene,country,2019,burned_area_share_land,0.0,share,K1,owid_annual_area_burnt_share_land,measured,f_sensor_break;f_min_fire_size;f_zero_no_detection
HMD,Heard- og McDonaldøyene,country,2020,burned_area_share_land,0.0,share,K1,owid_annual_area_burnt_share_land,measured,f_sensor_break;f_min_fire_size;f_zero_no_detection
HMD,Heard- og McDonaldøyene,country,2021,burned_area_share_land,0.0,share,K1,owid_annual_area_burnt_share_land,measured,f_sensor_break;f_min_fire_size;f_zero_no_detection
HMD,Heard- og McDonaldøyene,country,2022,burned_area_share_land,0.0,share,K1,owid_annual_area_burnt_share_land,measured,f_sensor_break;f_min_fire_size;f_zero_no_detection
HMD,Heard- og McDonaldøyene,country,2023,burned_area_share_land,0.0,share,K1,owid_annual_area_burnt_share_land,measured,f_sensor_break;f_min_fire_size;f_zero_no_detection
HMD,Heard- og McDonaldøyene,country,2024,burned_area_share_land,0.0,share,K1,owid_annual_area_burnt_share_land,measured,f_sensor_break;f_min_fire_size;f_zero_no_detection
HMD,Heard- og McDonaldøyene,country,2025,burned_area_share_land,0.0,share,K1,owid_annual_area_burnt_share_land,measured,f_sensor_break;f_min_fire_size;f_zero_no_detection
HMD,Heard- og McDonaldøyene,country,2026,burned_area_share_land,0.0,share,K1,owid_annual_area_burnt_share_land,measured,f_sensor_break;f_min_fire_size;f_incomplete_year;f_zero_no_detection
HND,Honduras,country,2012,burned_area_share_land,0.0227358,share,K1,owid_annual_area_burnt_share_land,measured,f_sensor_break;f_min_fire_size
HND,Honduras,country,2013,burned_area_share_land,0.07926916,share,K1,owid_annual_area_burnt_share_land,measured,f_sensor_break;f_min_fire_size
HND,Honduras,country,2014,burned_area_share_land,0.07101954,share,K1,owid_annual_area_burnt_share_land,measured,f_sensor_break;f_min_fire_size
HND,Honduras,country,2015,burned_area_share_land,0.06577383,share,K1,owid_annual_area_burnt_share_land,measured,f_sensor_break;f_min_fire_size
HND,Honduras,country,2016,burned_area_share_land,0.07350022,share,K1,owid_annual_area_burnt_share_land,measured,f_sensor_break;f_min_fire_size
HND,Honduras,country,2017,burned_area_share_land,0.04229006,share,K1,owid_annual_area_burnt_share_land,measured,f_sensor_break;f_min_fire_size
HND,Honduras,country,2018,burned_area_share_land,0.06985868,share,K1,owid_annual_area_burnt_share_land,measured,f_sensor_break;f_min_fire_size
HND,Honduras,country,2019,burned_area_share_land,0.101733,share,K1,owid_annual_area_burnt_share_land,measured,f_sensor_break;f_min_fire_size
HND,Honduras,country,2020,burned_area_share_land,0.15511586,share,K1,owid_annual_area_burnt_share_land,measured,f_sensor_break;f_min_fire_size
HND,Honduras,country,2021,burned_area_share_land,0.03163578,share,K1,owid_annual_area_burnt_share_land,measured,f_sensor_break;f_min_fire_size
HND,Honduras,country,2022,burned_area_share_land,0.04578802,share,K1,owid_annual_area_burnt_share_land,measured,f_sensor_break;f_min_fire_size
HND,Honduras,country,2023,burned_area_share_land,0.11911478,share,K1,owid_annual_area_burnt_share_land,measured,f_sensor_break;f_min_fire_size
HND,Honduras,country,2024,burned_area_share_land,0.08470752,share,K1,owid_annual_area_burnt_share_land,measured,f_sensor_break;f_min_fire_size
HND,Honduras,country,2025,burned_area_share_land,0.01171151,share,K1,owid_annual_area_burnt_share_land,measured,f_sensor_break;f_min_fire_size
HND,Honduras,country,2026,burned_area_share_land,0.02837026,share,K1,owid_annual_area_burnt_share_land,measured,f_sensor_break;f_min_fire_size;f_incomplete_year
HRV,Kroatia,country,2012,burned_area_share_land,0.01159199,share,K1,owid_annual_area_burnt_share_land,measured,f_sensor_break;f_min_fire_size
HRV,Kroatia,country,2013,burned_area_share_land,0.0008958,share,K1,owid_annual_area_burnt_share_land,measured,f_sensor_break;f_min_fire_size
HRV,Kroatia,country,2014,burned_area_share_land,0.00091138,share,K1,owid_annual_area_burnt_share_land,measured,f_sensor_break;f_min_fire_size
HRV,Kroatia,country,2015,burned_area_share_land,0.00335933,share,K1,owid_annual_area_burnt_share_land,measured,f_sensor_break;f_min_fire_size
HRV,Kroatia,country,2016,burned_area_share_land,0.00302565,share,K1,owid_annual_area_burnt_share_land,measured,f_sensor_break;f_min_fire_size
HRV,Kroatia,country,2017,burned_area_share_land,0.01606455,share,K1,owid_annual_area_burnt_share_land,measured,f_sensor_break;f_min_fire_size
HRV,Kroatia,country,2018,burned_area_share_land,0.00116292,share,K1,owid_annual_area_burnt_share_land,measured,f_sensor_break;f_min_fire_size
HRV,Kroatia,country,2019,burned_area_share_land,0.00403511,share,K1,owid_annual_area_burnt_share_land,measured,f_sensor_break;f_min_fire_size
HRV,Kroatia,country,2020,burned_area_share_land,0.00402998,share,K1,owid_annual_area_burnt_share_land,measured,f_sensor_break;f_min_fire_size
HRV,Kroatia,country,2021,burned_area_share_land,0.00184384,share,K1,owid_annual_area_burnt_share_land,measured,f_sensor_break;f_min_fire_size
HRV,Kroatia,country,2022,burned_area_share_land,0.00756971,share,K1,owid_annual_area_burnt_share_land,measured,f_sensor_break;f_min_fire_size
HRV,Kroatia,country,2023,burned_area_share_land,0.00042681,share,K1,owid_annual_area_burnt_share_land,measured,f_sensor_break;f_min_fire_size
HRV,Kroatia,country,2024,burned_area_share_land,0.00198391,share,K1,owid_annual_area_burnt_share_land,measured,f_sensor_break;f_min_fire_size
HRV,Kroatia,country,2025,burned_area_share_land,0.00057422,share,K1,owid_annual_area_burnt_share_land,measured,f_sensor_break;f_min_fire_size
HRV,Kroatia,country,2026,burned_area_share_land,0.0003863,share,K1,owid_annual_area_burnt_share_land,measured,f_sensor_break;f_min_fire_size;f_incomplete_year
HTI,Haiti,country,2012,burned_area_share_land,0.00591325,share,K1,owid_annual_area_burnt_share_land,measured,f_sensor_break;f_min_fire_size
HTI,Haiti,country,2013,burned_area_share_land,0.00837518,share,K1,owid_annual_area_burnt_share_land,measured,f_sensor_break;f_min_fire_size
HTI,Haiti,country,2014,burned_area_share_land,0.00380384,share,K1,owid_annual_area_burnt_share_land,measured,f_sensor_break;f_min_fire_size
HTI,Haiti,country,2015,burned_area_share_land,0.006091,share,K1,owid_annual_area_burnt_share_land,measured,f_sensor_break;f_min_fire_size
HTI,Haiti,country,2016,burned_area_share_land,0.00278711,share,K1,owid_annual_area_burnt_share_land,measured,f_sensor_break;f_min_fire_size
HTI,Haiti,country,2017,burned_area_share_land,0.00381469,share,K1,owid_annual_area_burnt_share_land,measured,f_sensor_break;f_min_fire_size
HTI,Haiti,country,2018,burned_area_share_land,0.00368072,share,K1,owid_annual_area_burnt_share_land,measured,f_sensor_break;f_min_fire_size
HTI,Haiti,country,2019,burned_area_share_land,0.00570445,share,K1,owid_annual_area_burnt_share_land,measured,f_sensor_break;f_min_fire_size
HTI,Haiti,country,2020,burned_area_share_land,0.00793174,share,K1,owid_annual_area_burnt_share_land,measured,f_sensor_break;f_min_fire_size
HTI,Haiti,country,2021,burned_area_share_land,0.00581933,share,K1,owid_annual_area_burnt_share_land,measured,f_sensor_break;f_min_fire_size
HTI,Haiti,country,2022,burned_area_share_land,0.00420274,share,K1,owid_annual_area_burnt_share_land,measured,f_sensor_break;f_min_fire_size
HTI,Haiti,country,2023,burned_area_share_land,0.00872169,share,K1,owid_annual_area_burnt_share_land,measured,f_sensor_break;f_min_fire_size
HTI,Haiti,country,2024,burned_area_share_land,0.00282827,share,K1,owid_annual_area_burnt_share_land,measured,f_sensor_break;f_min_fire_size
HTI,Haiti,country,2025,burned_area_share_land,0.00324477,share,K1,owid_annual_area_burnt_share_land,measured,f_sensor_break;f_min_fire_size
HTI,Haiti,country,2026,burned_area_share_land,0.00198256,share,K1,owid_annual_area_burnt_share_land,measured,f_sensor_break;f_min_fire_size;f_incomplete_year
HUN,Ungarn,country,2012,burned_area_share_land,0.00291096,share,K1,owid_annual_area_burnt_share_land,measured,f_sensor_break;f_min_fire_size
HUN,Ungarn,country,2013,burned_area_share_land,0.00064648,share,K1,owid_annual_area_burnt_share_land,measured,f_sensor_break;f_min_fire_size
HUN,Ungarn,country,2014,burned_area_share_land,0.0007956,share,K1,owid_annual_area_burnt_share_land,measured,f_sensor_break;f_min_fire_size
HUN,Ungarn,country,2015,burned_area_share_land,0.00073316,share,K1,owid_annual_area_burnt_share_land,measured,f_sensor_break;f_min_fire_size
HUN,Ungarn,country,2016,burned_area_share_land,0.00023881,share,K1,owid_annual_area_burnt_share_land,measured,f_sensor_break;f_min_fire_size
HUN,Ungarn,country,2017,burned_area_share_land,0.00062384,share,K1,owid_annual_area_burnt_share_land,measured,f_sensor_break;f_min_fire_size
HUN,Ungarn,country,2018,burned_area_share_land,0.0007028,share,K1,owid_annual_area_burnt_share_land,measured,f_sensor_break;f_min_fire_size
HUN,Ungarn,country,2019,burned_area_share_land,0.00088561,share,K1,owid_annual_area_burnt_share_land,measured,f_sensor_break;f_min_fire_size
HUN,Ungarn,country,2020,burned_area_share_land,0.00079903,share,K1,owid_annual_area_burnt_share_land,measured,f_sensor_break;f_min_fire_size
HUN,Ungarn,country,2021,burned_area_share_land,0.00065828,share,K1,owid_annual_area_burnt_share_land,measured,f_sensor_break;f_min_fire_size
HUN,Ungarn,country,2022,burned_area_share_land,0.00239956,share,K1,owid_annual_area_burnt_share_land,measured,f_sensor_break;f_min_fire_size
HUN,Ungarn,country,2023,burned_area_share_land,0.00017744,share,K1,owid_annual_area_burnt_share_land,measured,f_sensor_break;f_min_fire_size
HUN,Ungarn,country,2024,burned_area_share_land,0.0006351,share,K1,owid_annual_area_burnt_share_land,measured,f_sensor_break;f_min_fire_size
HUN,Ungarn,country,2025,burned_area_share_land,0.00036476,share,K1,owid_annual_area_burnt_share_land,measured,f_sensor_break;f_min_fire_size
HUN,Ungarn,country,2026,burned_area_share_land,0.00041539,share,K1,owid_annual_area_burnt_share_land,measured,f_sensor_break;f_min_fire_size;f_incomplete_year
IDN,Indonesia,country,2012,burned_area_share_land,0.02616002,share,K1,owid_annual_area_burnt_share_land,measured,f_sensor_break;f_min_fire_size
IDN,Indonesia,country,2013,burned_area_share_land,0.0196098,share,K1,owid_annual_area_burnt_share_land,measured,f_sensor_break;f_min_fire_size
IDN,Indonesia,country,2014,burned_area_share_land,0.04464593,share,K1,owid_annual_area_burnt_share_land,measured,f_sensor_break;f_min_fire_size
IDN,Indonesia,country,2015,burned_area_share_land,0.07565409,share,K1,owid_annual_area_burnt_share_land,measured,f_sensor_break;f_min_fire_size
IDN,Indonesia,country,2016,burned_area_share_land,0.00759328,share,K1,owid_annual_area_burnt_share_land,measured,f_sensor_break;f_min_fire_size
IDN,Indonesia,country,2017,burned_area_share_land,0.00519267,share,K1,owid_annual_area_burnt_share_land,measured,f_sensor_break;f_min_fire_size
IDN,Indonesia,country,2018,burned_area_share_land,0.01572359,share,K1,owid_annual_area_burnt_share_land,measured,f_sensor_break;f_min_fire_size
IDN,Indonesia,country,2019,burned_area_share_land,0.03363756,share,K1,owid_annual_area_burnt_share_land,measured,f_sensor_break;f_min_fire_size
IDN,Indonesia,country,2020,burned_area_share_land,0.00484608,share,K1,owid_annual_area_burnt_share_land,measured,f_sensor_break;f_min_fire_size
IDN,Indonesia,country,2021,burned_area_share_land,0.00330146,share,K1,owid_annual_area_burnt_share_land,measured,f_sensor_break;f_min_fire_size
IDN,Indonesia,country,2022,burned_area_share_land,0.00314154,share,K1,owid_annual_area_burnt_share_land,measured,f_sensor_break;f_min_fire_size
IDN,Indonesia,country,2023,burned_area_share_land,0.01908923,share,K1,owid_annual_area_burnt_share_land,measured,f_sensor_break;f_min_fire_size
IDN,Indonesia,country,2024,burned_area_share_land,0.00521242,share,K1,owid_annual_area_burnt_share_land,measured,f_sensor_break;f_min_fire_size
IDN,Indonesia,country,2025,burned_area_share_land,0.00425665,share,K1,owid_annual_area_burnt_share_land,measured,f_sensor_break;f_min_fire_size
IDN,Indonesia,country,2026,burned_area_share_land,0.00262011,share,K1,owid_annual_area_burnt_share_land,measured,f_sensor_break;f_min_fire_size;f_incomplete_year
IMN,Man,country,2012,burned_area_share_land,0.0,share,K1,owid_annual_area_burnt_share_land,measured,f_sensor_break;f_min_fire_size;f_zero_no_detection
IMN,Man,country,2013,burned_area_share_land,0.0,share,K1,owid_annual_area_burnt_share_land,measured,f_sensor_break;f_min_fire_size;f_zero_no_detection
IMN,Man,country,2014,burned_area_share_land,0.0,share,K1,owid_annual_area_burnt_share_land,measured,f_sensor_break;f_min_fire_size;f_zero_no_detection
IMN,Man,country,2015,burned_area_share_land,0.0,share,K1,owid_annual_area_burnt_share_land,measured,f_sensor_break;f_min_fire_size;f_zero_no_detection
IMN,Man,country,2016,burned_area_share_land,0.0,share,K1,owid_annual_area_burnt_share_land,measured,f_sensor_break;f_min_fire_size;f_zero_no_detection
IMN,Man,country,2017,burned_area_share_land,0.0,share,K1,owid_annual_area_burnt_share_land,measured,f_sensor_break;f_min_fire_size;f_zero_no_detection
IMN,Man,country,2018,burned_area_share_land,0.0,share,K1,owid_annual_area_burnt_share_land,measured,f_sensor_break;f_min_fire_size;f_zero_no_detection
IMN,Man,country,2019,burned_area_share_land,0.0,share,K1,owid_annual_area_burnt_share_land,measured,f_sensor_break;f_min_fire_size;f_zero_no_detection
IMN,Man,country,2020,burned_area_share_land,0.0,share,K1,owid_annual_area_burnt_share_land,measured,f_sensor_break;f_min_fire_size;f_zero_no_detection
IMN,Man,country,2021,burned_area_share_land,0.0,share,K1,owid_annual_area_burnt_share_land,measured,f_sensor_break;f_min_fire_size;f_zero_no_detection
IMN,Man,country,2022,burned_area_share_land,0.0,share,K1,owid_annual_area_burnt_share_land,measured,f_sensor_break;f_min_fire_size;f_zero_no_detection
IMN,Man,country,2023,burned_area_share_land,0.0,share,K1,owid_annual_area_burnt_share_land,measured,f_sensor_break;f_min_fire_size;f_zero_no_detection
IMN,Man,country,2024,burned_area_share_land,0.0,share,K1,owid_annual_area_burnt_share_land,measured,f_sensor_break;f_min_fire_size;f_zero_no_detection
IMN,Man,country,2025,burned_area_share_land,0.0,share,K1,owid_annual_area_burnt_share_land,measured,f_sensor_break;f_min_fire_size;f_zero_no_detection
IMN,Man,country,2026,burned_area_share_land,0.0,share,K1,owid_annual_area_burnt_share_land,measured,f_sensor_break;f_min_fire_size;f_incomplete_year;f_zero_no_detection
IND,India,country,2012,burned_area_share_land,0.0254749,share,K1,owid_annual_area_burnt_share_land,measured,f_sensor_break;f_min_fire_size
IND,India,country,2013,burned_area_share_land,0.01785445,share,K1,owid_annual_area_burnt_share_land,measured,f_sensor_break;f_min_fire_size
IND,India,country,2014,burned_area_share_land,0.02054473,share,K1,owid_annual_area_burnt_share_land,measured,f_sensor_break;f_min_fire_size
IND,India,country,2015,burned_area_share_land,0.01682149,share,K1,owid_annual_area_burnt_share_land,measured,f_sensor_break;f_min_fire_size
IND,India,country,2016,burned_area_share_land,0.02738731,share,K1,owid_annual_area_burnt_share_land,measured,f_sensor_break;f_min_fire_size
IND,India,country,2017,burned_area_share_land,0.02244198,share,K1,owid_annual_area_burnt_share_land,measured,f_sensor_break;f_min_fire_size
IND,India,country,2018,burned_area_share_land,0.02058813,share,K1,owid_annual_area_burnt_share_land,measured,f_sensor_break;f_min_fire_size
IND,India,country,2019,burned_area_share_land,0.01957827,share,K1,owid_annual_area_burnt_share_land,measured,f_sensor_break;f_min_fire_size
IND,India,country,2020,burned_area_share_land,0.01698859,share,K1,owid_annual_area_burnt_share_land,measured,f_sensor_break;f_min_fire_size
IND,India,country,2021,burned_area_share_land,0.03654555,share,K1,owid_annual_area_burnt_share_land,measured,f_sensor_break;f_min_fire_size
IND,India,country,2022,burned_area_share_land,0.02417909,share,K1,owid_annual_area_burnt_share_land,measured,f_sensor_break;f_min_fire_size
IND,India,country,2023,burned_area_share_land,0.0168306,share,K1,owid_annual_area_burnt_share_land,measured,f_sensor_break;f_min_fire_size
IND,India,country,2024,burned_area_share_land,0.01223677,share,K1,owid_annual_area_burnt_share_land,measured,f_sensor_break;f_min_fire_size
IND,India,country,2025,burned_area_share_land,0.01488055,share,K1,owid_annual_area_burnt_share_land,measured,f_sensor_break;f_min_fire_size
IND,India,country,2026,burned_area_share_land,0.01279977,share,K1,owid_annual_area_burnt_share_land,measured,f_sensor_break;f_min_fire_size;f_incomplete_year
IOT,Det britiske territorium i Indiahavet,country,2012,burned_area_share_land,0.0,share,K1,owid_annual_area_burnt_share_land,measured,f_sensor_break;f_min_fire_size;f_zero_no_detection
IOT,Det britiske territorium i Indiahavet,country,2013,burned_area_share_land,0.0,share,K1,owid_annual_area_burnt_share_land,measured,f_sensor_break;f_min_fire_size;f_zero_no_detection
IOT,Det britiske territorium i Indiahavet,country,2014,burned_area_share_land,0.0,share,K1,owid_annual_area_burnt_share_land,measured,f_sensor_break;f_min_fire_size;f_zero_no_detection
IOT,Det britiske territorium i Indiahavet,country,2015,burned_area_share_land,0.0,share,K1,owid_annual_area_burnt_share_land,measured,f_sensor_break;f_min_fire_size;f_zero_no_detection
IOT,Det britiske territorium i Indiahavet,country,2016,burned_area_share_land,0.0,share,K1,owid_annual_area_burnt_share_land,measured,f_sensor_break;f_min_fire_size;f_zero_no_detection
IOT,Det britiske territorium i Indiahavet,country,2017,burned_area_share_land,0.0,share,K1,owid_annual_area_burnt_share_land,measured,f_sensor_break;f_min_fire_size;f_zero_no_detection
IOT,Det britiske territorium i Indiahavet,country,2018,burned_area_share_land,0.0,share,K1,owid_annual_area_burnt_share_land,measured,f_sensor_break;f_min_fire_size;f_zero_no_detection
IOT,Det britiske territorium i Indiahavet,country,2019,burned_area_share_land,0.0,share,K1,owid_annual_area_burnt_share_land,measured,f_sensor_break;f_min_fire_size;f_zero_no_detection
IOT,Det britiske territorium i Indiahavet,country,2020,burned_area_share_land,0.0,share,K1,owid_annual_area_burnt_share_land,measured,f_sensor_break;f_min_fire_size;f_zero_no_detection
IOT,Det britiske territorium i Indiahavet,country,2021,burned_area_share_land,0.0,share,K1,owid_annual_area_burnt_share_land,measured,f_sensor_break;f_min_fire_size;f_zero_no_detection
IOT,Det britiske territorium i Indiahavet,country,2022,burned_area_share_land,0.0,share,K1,owid_annual_area_burnt_share_land,measured,f_sensor_break;f_min_fire_size;f_zero_no_detection
IOT,Det britiske territorium i Indiahavet,country,2023,burned_area_share_land,0.0,share,K1,owid_annual_area_burnt_share_land,measured,f_sensor_break;f_min_fire_size;f_zero_no_detection
IOT,Det britiske territorium i Indiahavet,country,2024,burned_area_share_land,0.0,share,K1,owid_annual_area_burnt_share_land,measured,f_sensor_break;f_min_fire_size;f_zero_no_detection
IOT,Det britiske territorium i Indiahavet,country,2025,burned_area_share_land,0.0,share,K1,owid_annual_area_burnt_share_land,measured,f_sensor_break;f_min_fire_size;f_zero_no_detection
IOT,Det britiske territorium i Indiahavet,country,2026,burned_area_share_land,0.0,share,K1,owid_annual_area_burnt_share_land,measured,f_sensor_break;f_min_fire_size;f_incomplete_year;f_zero_no_detection
IRL,Irland,country,2012,burned_area_share_land,0.00045026,share,K1,owid_annual_area_burnt_share_land,measured,f_sensor_break;f_min_fire_size
IRL,Irland,country,2013,burned_area_share_land,0.00101098,share,K1,owid_annual_area_burnt_share_land,measured,f_sensor_break;f_min_fire_size
IRL,Irland,country,2014,burned_area_share_land,0.00015627,share,K1,owid_annual_area_burnt_share_land,measured,f_sensor_break;f_min_fire_size
IRL,Irland,country,2015,burned_area_share_land,0.00250063,share,K1,owid_annual_area_burnt_share_land,measured,f_sensor_break;f_min_fire_size
IRL,Irland,country,2016,burned_area_share_land,0.00037169,share,K1,owid_annual_area_burnt_share_land,measured,f_sensor_break;f_min_fire_size
IRL,Irland,country,2017,burned_area_share_land,0.00137875,share,K1,owid_annual_area_burnt_share_land,measured,f_sensor_break;f_min_fire_size
IRL,Irland,country,2018,burned_area_share_land,0.00062407,share,K1,owid_annual_area_burnt_share_land,measured,f_sensor_break;f_min_fire_size
IRL,Irland,country,2019,burned_area_share_land,0.00044881,share,K1,owid_annual_area_burnt_share_land,measured,f_sensor_break;f_min_fire_size
IRL,Irland,country,2020,burned_area_share_land,0.0005655,share,K1,owid_annual_area_burnt_share_land,measured,f_sensor_break;f_min_fire_size
IRL,Irland,country,2021,burned_area_share_land,0.00053883,share,K1,owid_annual_area_burnt_share_land,measured,f_sensor_break;f_min_fire_size
IRL,Irland,country,2022,burned_area_share_land,0.00057797,share,K1,owid_annual_area_burnt_share_land,measured,f_sensor_break;f_min_fire_size
IRL,Irland,country,2023,burned_area_share_land,0.00019309,share,K1,owid_annual_area_burnt_share_land,measured,f_sensor_break;f_min_fire_size
IRL,Irland,country,2024,burned_area_share_land,3.015e-05,share,K1,owid_annual_area_burnt_share_land,measured,f_sensor_break;f_min_fire_size
IRL,Irland,country,2025,burned_area_share_land,0.0009485,share,K1,owid_annual_area_burnt_share_land,measured,f_sensor_break;f_min_fire_size
IRL,Irland,country,2026,burned_area_share_land,0.00079701,share,K1,owid_annual_area_burnt_share_land,measured,f_sensor_break;f_min_fire_size;f_incomplete_year
IRN,Iran,country,2012,burned_area_share_land,0.00223333,share,K1,owid_annual_area_burnt_share_land,measured,f_sensor_break;f_min_fire_size
IRN,Iran,country,2013,burned_area_share_land,0.00239743,share,K1,owid_annual_area_burnt_share_land,measured,f_sensor_break;f_min_fire_size
IRN,Iran,country,2014,burned_area_share_land,0.00264524,share,K1,owid_annual_area_burnt_share_land,measured,f_sensor_break;f_min_fire_size
IRN,Iran,country,2015,burned_area_share_land,0.00238126,share,K1,owid_annual_area_burnt_share_land,measured,f_sensor_break;f_min_fire_size
IRN,Iran,country,2016,burned_area_share_land,0.00321796,share,K1,owid_annual_area_burnt_share_land,measured,f_sensor_break;f_min_fire_size
IRN,Iran,country,2017,burned_area_share_land,0.00301156,share,K1,owid_annual_area_burnt_share_land,measured,f_sensor_break;f_min_fire_size
IRN,Iran,country,2018,burned_area_share_land,0.00243029,share,K1,owid_annual_area_burnt_share_land,measured,f_sensor_break;f_min_fire_size
IRN,Iran,country,2019,burned_area_share_land,0.00297231,share,K1,owid_annual_area_burnt_share_land,measured,f_sensor_break;f_min_fire_size
IRN,Iran,country,2020,burned_area_share_land,0.0031214,share,K1,owid_annual_area_burnt_share_land,measured,f_sensor_break;f_min_fire_size
IRN,Iran,country,2021,burned_area_share_land,0.00291762,share,K1,owid_annual_area_burnt_share_land,measured,f_sensor_break;f_min_fire_size
IRN,Iran,country,2022,burned_area_share_land,0.00250561,share,K1,owid_annual_area_burnt_share_land,measured,f_sensor_break;f_min_fire_size
IRN,Iran,country,2023,burned_area_share_land,0.00220906,share,K1,owid_annual_area_burnt_share_land,measured,f_sensor_break;f_min_fire_size
IRN,Iran,country,2024,burned_area_share_land,0.00277376,share,K1,owid_annual_area_burnt_share_land,measured,f_sensor_break;f_min_fire_size
IRN,Iran,country,2025,burned_area_share_land,0.00238149,share,K1,owid_annual_area_burnt_share_land,measured,f_sensor_break;f_min_fire_size
IRN,Iran,country,2026,burned_area_share_land,0.00073677,share,K1,owid_annual_area_burnt_share_land,measured,f_sensor_break;f_min_fire_size;f_incomplete_year
IRQ,Irak,country,2012,burned_area_share_land,0.00479745,share,K1,owid_annual_area_burnt_share_land,measured,f_sensor_break;f_min_fire_size
IRQ,Irak,country,2013,burned_area_share_land,0.00454395,share,K1,owid_annual_area_burnt_share_land,measured,f_sensor_break;f_min_fire_size
IRQ,Irak,country,2014,burned_area_share_land,0.00662835,share,K1,owid_annual_area_burnt_share_land,measured,f_sensor_break;f_min_fire_size
IRQ,Irak,country,2015,burned_area_share_land,0.0111793,share,K1,owid_annual_area_burnt_share_land,measured,f_sensor_break;f_min_fire_size
IRQ,Irak,country,2016,burned_area_share_land,0.0100872,share,K1,owid_annual_area_burnt_share_land,measured,f_sensor_break;f_min_fire_size
IRQ,Irak,country,2017,burned_area_share_land,0.00622024,share,K1,owid_annual_area_burnt_share_land,measured,f_sensor_break;f_min_fire_size
IRQ,Irak,country,2018,burned_area_share_land,0.00809105,share,K1,owid_annual_area_burnt_share_land,measured,f_sensor_break;f_min_fire_size
IRQ,Irak,country,2019,burned_area_share_land,0.01780097,share,K1,owid_annual_area_burnt_share_land,measured,f_sensor_break;f_min_fire_size
IRQ,Irak,country,2020,burned_area_share_land,0.01273095,share,K1,owid_annual_area_burnt_share_land,measured,f_sensor_break;f_min_fire_size
IRQ,Irak,country,2021,burned_area_share_land,0.00925799,share,K1,owid_annual_area_burnt_share_land,measured,f_sensor_break;f_min_fire_size
IRQ,Irak,country,2022,burned_area_share_land,0.00692055,share,K1,owid_annual_area_burnt_share_land,measured,f_sensor_break;f_min_fire_size
IRQ,Irak,country,2023,burned_area_share_land,0.00583446,share,K1,owid_annual_area_burnt_share_land,measured,f_sensor_break;f_min_fire_size
IRQ,Irak,country,2024,burned_area_share_land,0.00599933,share,K1,owid_annual_area_burnt_share_land,measured,f_sensor_break;f_min_fire_size
IRQ,Irak,country,2025,burned_area_share_land,0.00483301,share,K1,owid_annual_area_burnt_share_land,measured,f_sensor_break;f_min_fire_size
IRQ,Irak,country,2026,burned_area_share_land,0.00150549,share,K1,owid_annual_area_burnt_share_land,measured,f_sensor_break;f_min_fire_size;f_incomplete_year
ISL,Island,country,2012,burned_area_share_land,5.7e-06,share,K1,owid_annual_area_burnt_share_land,measured,f_sensor_break;f_min_fire_size
ISL,Island,country,2013,burned_area_share_land,2.426e-05,share,K1,owid_annual_area_burnt_share_land,measured,f_sensor_break;f_min_fire_size
ISL,Island,country,2014,burned_area_share_land,0.00246944,share,K1,owid_annual_area_burnt_share_land,measured,f_sensor_break;f_min_fire_size
ISL,Island,country,2015,burned_area_share_land,0.00024542,share,K1,owid_annual_area_burnt_share_land,measured,f_sensor_break;f_min_fire_size
ISL,Island,country,2016,burned_area_share_land,6.97e-06,share,K1,owid_annual_area_burnt_share_land,measured,f_sensor_break;f_min_fire_size
ISL,Island,country,2017,burned_area_share_land,0.0,share,K1,owid_annual_area_burnt_share_land,measured,f_sensor_break;f_min_fire_size;f_zero_no_detection
ISL,Island,country,2018,burned_area_share_land,2.386e-05,share,K1,owid_annual_area_burnt_share_land,measured,f_sensor_break;f_min_fire_size
ISL,Island,country,2019,burned_area_share_land,1.945e-05,share,K1,owid_annual_area_burnt_share_land,measured,f_sensor_break;f_min_fire_size
ISL,Island,country,2020,burned_area_share_land,5.951e-05,share,K1,owid_annual_area_burnt_share_land,measured,f_sensor_break;f_min_fire_size
ISL,Island,country,2021,burned_area_share_land,0.0029647,share,K1,owid_annual_area_burnt_share_land,measured,f_sensor_break;f_min_fire_size
ISL,Island,country,2022,burned_area_share_land,0.00045971,share,K1,owid_annual_area_burnt_share_land,measured,f_sensor_break;f_min_fire_size
ISL,Island,country,2023,burned_area_share_land,0.00103118,share,K1,owid_annual_area_burnt_share_land,measured,f_sensor_break;f_min_fire_size
ISL,Island,country,2024,burned_area_share_land,0.00453436,share,K1,owid_annual_area_burnt_share_land,measured,f_sensor_break;f_min_fire_size
ISL,Island,country,2025,burned_area_share_land,0.00031161,share,K1,owid_annual_area_burnt_share_land,measured,f_sensor_break;f_min_fire_size
ISL,Island,country,2026,burned_area_share_land,0.0,share,K1,owid_annual_area_burnt_share_land,measured,f_sensor_break;f_min_fire_size;f_incomplete_year;f_zero_no_detection
ISR,Israel,country,2012,burned_area_share_land,0.00156681,share,K1,owid_annual_area_burnt_share_land,measured,f_sensor_break;f_min_fire_size
ISR,Israel,country,2013,burned_area_share_land,0.00476033,share,K1,owid_annual_area_burnt_share_land,measured,f_sensor_break;f_min_fire_size
ISR,Israel,country,2014,burned_area_share_land,0.00149464,share,K1,owid_annual_area_burnt_share_land,measured,f_sensor_break;f_min_fire_size
ISR,Israel,country,2015,burned_area_share_land,0.00333695,share,K1,owid_annual_area_burnt_share_land,measured,f_sensor_break;f_min_fire_size
ISR,Israel,country,2016,burned_area_share_land,0.0034123,share,K1,owid_annual_area_burnt_share_land,measured,f_sensor_break;f_min_fire_size
ISR,Israel,country,2017,burned_area_share_land,0.00140432,share,K1,owid_annual_area_burnt_share_land,measured,f_sensor_break;f_min_fire_size
ISR,Israel,country,2018,burned_area_share_land,0.00132943,share,K1,owid_annual_area_burnt_share_land,measured,f_sensor_break;f_min_fire_size
ISR,Israel,country,2019,burned_area_share_land,0.00343499,share,K1,owid_annual_area_burnt_share_land,measured,f_sensor_break;f_min_fire_size
ISR,Israel,country,2020,burned_area_share_land,0.0032952,share,K1,owid_annual_area_burnt_share_land,measured,f_sensor_break;f_min_fire_size
ISR,Israel,country,2021,burned_area_share_land,0.00450026,share,K1,owid_annual_area_burnt_share_land,measured,f_sensor_break;f_min_fire_size
ISR,Israel,country,2022,burned_area_share_land,0.00175381,share,K1,owid_annual_area_burnt_share_land,measured,f_sensor_break;f_min_fire_size
ISR,Israel,country,2023,burned_area_share_land,0.00194081,share,K1,owid_annual_area_burnt_share_land,measured,f_sensor_break;f_min_fire_size
ISR,Israel,country,2024,burned_area_share_land,0.00479301,share,K1,owid_annual_area_burnt_share_land,measured,f_sensor_break;f_min_fire_size
ISR,Israel,country,2025,burned_area_share_land,0.00053921,share,K1,owid_annual_area_burnt_share_land,measured,f_sensor_break;f_min_fire_size
ISR,Israel,country,2026,burned_area_share_land,8.215e-05,share,K1,owid_annual_area_burnt_share_land,measured,f_sensor_break;f_min_fire_size;f_incomplete_year
ITA,Italia,country,2012,burned_area_share_land,0.00941907,share,K1,owid_annual_area_burnt_share_land,measured,f_sensor_break;f_min_fire_size
ITA,Italia,country,2013,burned_area_share_land,0.00306954,share,K1,owid_annual_area_burnt_share_land,measured,f_sensor_break;f_min_fire_size
ITA,Italia,country,2014,burned_area_share_land,0.00354784,share,K1,owid_annual_area_burnt_share_land,measured,f_sensor_break;f_min_fire_size
ITA,Italia,country,2015,burned_area_share_land,0.00357444,share,K1,owid_annual_area_burnt_share_land,measured,f_sensor_break;f_min_fire_size
ITA,Italia,country,2016,burned_area_share_land,0.00388605,share,K1,owid_annual_area_burnt_share_land,measured,f_sensor_break;f_min_fire_size
ITA,Italia,country,2017,burned_area_share_land,0.0113727,share,K1,owid_annual_area_burnt_share_land,measured,f_sensor_break;f_min_fire_size
ITA,Italia,country,2018,burned_area_share_land,0.00203724,share,K1,owid_annual_area_burnt_share_land,measured,f_sensor_break;f_min_fire_size
ITA,Italia,country,2019,burned_area_share_land,0.00384878,share,K1,owid_annual_area_burnt_share_land,measured,f_sensor_break;f_min_fire_size
ITA,Italia,country,2020,burned_area_share_land,0.00359196,share,K1,owid_annual_area_burnt_share_land,measured,f_sensor_break;f_min_fire_size
ITA,Italia,country,2021,burned_area_share_land,0.00823228,share,K1,owid_annual_area_burnt_share_land,measured,f_sensor_break;f_min_fire_size
ITA,Italia,country,2022,burned_area_share_land,0.00454543,share,K1,owid_annual_area_burnt_share_land,measured,f_sensor_break;f_min_fire_size
ITA,Italia,country,2023,burned_area_share_land,0.00572092,share,K1,owid_annual_area_burnt_share_land,measured,f_sensor_break;f_min_fire_size
ITA,Italia,country,2024,burned_area_share_land,0.00248017,share,K1,owid_annual_area_burnt_share_land,measured,f_sensor_break;f_min_fire_size
ITA,Italia,country,2025,burned_area_share_land,0.00425617,share,K1,owid_annual_area_burnt_share_land,measured,f_sensor_break;f_min_fire_size
ITA,Italia,country,2026,burned_area_share_land,0.00229559,share,K1,owid_annual_area_burnt_share_land,measured,f_sensor_break;f_min_fire_size;f_incomplete_year
JAM,Jamaica,country,2012,burned_area_share_land,0.00578853,share,K1,owid_annual_area_burnt_share_land,measured,f_sensor_break;f_min_fire_size
JAM,Jamaica,country,2013,burned_area_share_land,0.00848642,share,K1,owid_annual_area_burnt_share_land,measured,f_sensor_break;f_min_fire_size
JAM,Jamaica,country,2014,burned_area_share_land,0.00919943,share,K1,owid_annual_area_burnt_share_land,measured,f_sensor_break;f_min_fire_size
JAM,Jamaica,country,2015,burned_area_share_land,0.01633324,share,K1,owid_annual_area_burnt_share_land,measured,f_sensor_break;f_min_fire_size
JAM,Jamaica,country,2016,burned_area_share_land,0.00246297,share,K1,owid_annual_area_burnt_share_land,measured,f_sensor_break;f_min_fire_size
JAM,Jamaica,country,2017,burned_area_share_land,0.00845155,share,K1,owid_annual_area_burnt_share_land,measured,f_sensor_break;f_min_fire_size
JAM,Jamaica,country,2018,burned_area_share_land,0.0074559,share,K1,owid_annual_area_burnt_share_land,measured,f_sensor_break;f_min_fire_size
JAM,Jamaica,country,2019,burned_area_share_land,0.00702828,share,K1,owid_annual_area_burnt_share_land,measured,f_sensor_break;f_min_fire_size
JAM,Jamaica,country,2020,burned_area_share_land,0.00882962,share,K1,owid_annual_area_burnt_share_land,measured,f_sensor_break;f_min_fire_size
JAM,Jamaica,country,2021,burned_area_share_land,0.0039101,share,K1,owid_annual_area_burnt_share_land,measured,f_sensor_break;f_min_fire_size
JAM,Jamaica,country,2022,burned_area_share_land,0.0039881,share,K1,owid_annual_area_burnt_share_land,measured,f_sensor_break;f_min_fire_size
JAM,Jamaica,country,2023,burned_area_share_land,0.00953438,share,K1,owid_annual_area_burnt_share_land,measured,f_sensor_break;f_min_fire_size
JAM,Jamaica,country,2024,burned_area_share_land,0.00553893,share,K1,owid_annual_area_burnt_share_land,measured,f_sensor_break;f_min_fire_size
JAM,Jamaica,country,2025,burned_area_share_land,0.00208857,share,K1,owid_annual_area_burnt_share_land,measured,f_sensor_break;f_min_fire_size
JAM,Jamaica,country,2026,burned_area_share_land,0.00173069,share,K1,owid_annual_area_burnt_share_land,measured,f_sensor_break;f_min_fire_size;f_incomplete_year
JEY,Jersey,country,2012,burned_area_share_land,0.0,share,K1,owid_annual_area_burnt_share_land,measured,f_sensor_break;f_min_fire_size;f_zero_no_detection
JEY,Jersey,country,2013,burned_area_share_land,0.0,share,K1,owid_annual_area_burnt_share_land,measured,f_sensor_break;f_min_fire_size;f_zero_no_detection
JEY,Jersey,country,2014,burned_area_share_land,0.0,share,K1,owid_annual_area_burnt_share_land,measured,f_sensor_break;f_min_fire_size;f_zero_no_detection
JEY,Jersey,country,2015,burned_area_share_land,0.0,share,K1,owid_annual_area_burnt_share_land,measured,f_sensor_break;f_min_fire_size;f_zero_no_detection
JEY,Jersey,country,2016,burned_area_share_land,0.0,share,K1,owid_annual_area_burnt_share_land,measured,f_sensor_break;f_min_fire_size;f_zero_no_detection
JEY,Jersey,country,2017,burned_area_share_land,0.0,share,K1,owid_annual_area_burnt_share_land,measured,f_sensor_break;f_min_fire_size;f_zero_no_detection
JEY,Jersey,country,2018,burned_area_share_land,0.0,share,K1,owid_annual_area_burnt_share_land,measured,f_sensor_break;f_min_fire_size;f_zero_no_detection
JEY,Jersey,country,2019,burned_area_share_land,0.0,share,K1,owid_annual_area_burnt_share_land,measured,f_sensor_break;f_min_fire_size;f_zero_no_detection
JEY,Jersey,country,2020,burned_area_share_land,0.0,share,K1,owid_annual_area_burnt_share_land,measured,f_sensor_break;f_min_fire_size;f_zero_no_detection
JEY,Jersey,country,2021,burned_area_share_land,0.0,share,K1,owid_annual_area_burnt_share_land,measured,f_sensor_break;f_min_fire_size;f_zero_no_detection
JEY,Jersey,country,2022,burned_area_share_land,0.0,share,K1,owid_annual_area_burnt_share_land,measured,f_sensor_break;f_min_fire_size;f_zero_no_detection
JEY,Jersey,country,2023,burned_area_share_land,0.0,share,K1,owid_annual_area_burnt_share_land,measured,f_sensor_break;f_min_fire_size;f_zero_no_detection
JEY,Jersey,country,2024,burned_area_share_land,0.0,share,K1,owid_annual_area_burnt_share_land,measured,f_sensor_break;f_min_fire_size;f_zero_no_detection
JEY,Jersey,country,2025,burned_area_share_land,0.0,share,K1,owid_annual_area_burnt_share_land,measured,f_sensor_break;f_min_fire_size;f_zero_no_detection
JEY,Jersey,country,2026,burned_area_share_land,0.0,share,K1,owid_annual_area_burnt_share_land,measured,f_sensor_break;f_min_fire_size;f_incomplete_year;f_zero_no_detection
JOR,Jordan,country,2012,burned_area_share_land,0.0,share,K1,owid_annual_area_burnt_share_land,measured,f_sensor_break;f_min_fire_size;f_zero_no_detection
JOR,Jordan,country,2013,burned_area_share_land,4.652e-05,share,K1,owid_annual_area_burnt_share_land,measured,f_sensor_break;f_min_fire_size
JOR,Jordan,country,2014,burned_area_share_land,0.0,share,K1,owid_annual_area_burnt_share_land,measured,f_sensor_break;f_min_fire_size;f_zero_no_detection
JOR,Jordan,country,2015,burned_area_share_land,0.00015014,share,K1,owid_annual_area_burnt_share_land,measured,f_sensor_break;f_min_fire_size
JOR,Jordan,country,2016,burned_area_share_land,3.334e-05,share,K1,owid_annual_area_burnt_share_land,measured,f_sensor_break;f_min_fire_size
JOR,Jordan,country,2017,burned_area_share_land,7.794e-05,share,K1,owid_annual_area_burnt_share_land,measured,f_sensor_break;f_min_fire_size
JOR,Jordan,country,2018,burned_area_share_land,1.971e-05,share,K1,owid_annual_area_burnt_share_land,measured,f_sensor_break;f_min_fire_size
JOR,Jordan,country,2019,burned_area_share_land,4.122e-05,share,K1,owid_annual_area_burnt_share_land,measured,f_sensor_break;f_min_fire_size
JOR,Jordan,country,2020,burned_area_share_land,0.00020725,share,K1,owid_annual_area_burnt_share_land,measured,f_sensor_break;f_min_fire_size
JOR,Jordan,country,2021,burned_area_share_land,7.152e-05,share,K1,owid_annual_area_burnt_share_land,measured,f_sensor_break;f_min_fire_size
JOR,Jordan,country,2022,burned_area_share_land,9.698e-05,share,K1,owid_annual_area_burnt_share_land,measured,f_sensor_break;f_min_fire_size
JOR,Jordan,country,2023,burned_area_share_land,3.03e-05,share,K1,owid_annual_area_burnt_share_land,measured,f_sensor_break;f_min_fire_size
JOR,Jordan,country,2024,burned_area_share_land,5.564e-05,share,K1,owid_annual_area_burnt_share_land,measured,f_sensor_break;f_min_fire_size
JOR,Jordan,country,2025,burned_area_share_land,1.892e-05,share,K1,owid_annual_area_burnt_share_land,measured,f_sensor_break;f_min_fire_size
JOR,Jordan,country,2026,burned_area_share_land,2.996e-05,share,K1,owid_annual_area_burnt_share_land,measured,f_sensor_break;f_min_fire_size;f_incomplete_year
JPN,Japan,country,2012,burned_area_share_land,0.00012574,share,K1,owid_annual_area_burnt_share_land,measured,f_sensor_break;f_min_fire_size
JPN,Japan,country,2013,burned_area_share_land,0.00022521,share,K1,owid_annual_area_burnt_share_land,measured,f_sensor_break;f_min_fire_size
JPN,Japan,country,2014,burned_area_share_land,0.00044081,share,K1,owid_annual_area_burnt_share_land,measured,f_sensor_break;f_min_fire_size
JPN,Japan,country,2015,burned_area_share_land,0.00044934,share,K1,owid_annual_area_burnt_share_land,measured,f_sensor_break;f_min_fire_size
JPN,Japan,country,2016,burned_area_share_land,0.00019191,share,K1,owid_annual_area_burnt_share_land,measured,f_sensor_break;f_min_fire_size
JPN,Japan,country,2017,burned_area_share_land,0.00012699,share,K1,owid_annual_area_burnt_share_land,measured,f_sensor_break;f_min_fire_size
JPN,Japan,country,2018,burned_area_share_land,0.00046841,share,K1,owid_annual_area_burnt_share_land,measured,f_sensor_break;f_min_fire_size
JPN,Japan,country,2019,burned_area_share_land,0.00033732,share,K1,owid_annual_area_burnt_share_land,measured,f_sensor_break;f_min_fire_size
JPN,Japan,country,2020,burned_area_share_land,0.00044678,share,K1,owid_annual_area_burnt_share_land,measured,f_sensor_break;f_min_fire_size
JPN,Japan,country,2021,burned_area_share_land,0.00016372,share,K1,owid_annual_area_burnt_share_land,measured,f_sensor_break;f_min_fire_size
JPN,Japan,country,2022,burned_area_share_land,0.00049844,share,K1,owid_annual_area_burnt_share_land,measured,f_sensor_break;f_min_fire_size
JPN,Japan,country,2023,burned_area_share_land,0.00023091,share,K1,owid_annual_area_burnt_share_land,measured,f_sensor_break;f_min_fire_size
JPN,Japan,country,2024,burned_area_share_land,0.00020066,share,K1,owid_annual_area_burnt_share_land,measured,f_sensor_break;f_min_fire_size
JPN,Japan,country,2025,burned_area_share_land,0.00040297,share,K1,owid_annual_area_burnt_share_land,measured,f_sensor_break;f_min_fire_size
JPN,Japan,country,2026,burned_area_share_land,0.00040089,share,K1,owid_annual_area_burnt_share_land,measured,f_sensor_break;f_min_fire_size;f_incomplete_year
KAZ,Kasakhstan,country,2012,burned_area_share_land,0.01484518,share,K1,owid_annual_area_burnt_share_land,measured,f_sensor_break;f_min_fire_size
KAZ,Kasakhstan,country,2013,burned_area_share_land,0.00385616,share,K1,owid_annual_area_burnt_share_land,measured,f_sensor_break;f_min_fire_size
KAZ,Kasakhstan,country,2014,burned_area_share_land,0.01104507,share,K1,owid_annual_area_burnt_share_land,measured,f_sensor_break;f_min_fire_size
KAZ,Kasakhstan,country,2015,burned_area_share_land,0.01228638,share,K1,owid_annual_area_burnt_share_land,measured,f_sensor_break;f_min_fire_size
KAZ,Kasakhstan,country,2016,burned_area_share_land,0.00549283,share,K1,owid_annual_area_burnt_share_land,measured,f_sensor_break;f_min_fire_size
KAZ,Kasakhstan,country,2017,burned_area_share_land,0.02292922,share,K1,owid_annual_area_burnt_share_land,measured,f_sensor_break;f_min_fire_size
KAZ,Kasakhstan,country,2018,burned_area_share_land,0.00853789,share,K1,owid_annual_area_burnt_share_land,measured,f_sensor_break;f_min_fire_size
KAZ,Kasakhstan,country,2019,burned_area_share_land,0.01516685,share,K1,owid_annual_area_burnt_share_land,measured,f_sensor_break;f_min_fire_size
KAZ,Kasakhstan,country,2020,burned_area_share_land,0.00938905,share,K1,owid_annual_area_burnt_share_land,measured,f_sensor_break;f_min_fire_size
KAZ,Kasakhstan,country,2021,burned_area_share_land,0.00850247,share,K1,owid_annual_area_burnt_share_land,measured,f_sensor_break;f_min_fire_size
KAZ,Kasakhstan,country,2022,burned_area_share_land,0.00546993,share,K1,owid_annual_area_burnt_share_land,measured,f_sensor_break;f_min_fire_size
KAZ,Kasakhstan,country,2023,burned_area_share_land,0.00282254,share,K1,owid_annual_area_burnt_share_land,measured,f_sensor_break;f_min_fire_size
KAZ,Kasakhstan,country,2024,burned_area_share_land,0.00098335,share,K1,owid_annual_area_burnt_share_land,measured,f_sensor_break;f_min_fire_size
KAZ,Kasakhstan,country,2025,burned_area_share_land,0.00225084,share,K1,owid_annual_area_burnt_share_land,measured,f_sensor_break;f_min_fire_size
KAZ,Kasakhstan,country,2026,burned_area_share_land,0.00157871,share,K1,owid_annual_area_burnt_share_land,measured,f_sensor_break;f_min_fire_size;f_incomplete_year
KEN,Kenya,country,2012,burned_area_share_land,0.01265451,share,K1,owid_annual_area_burnt_share_land,measured,f_sensor_break;f_min_fire_size
KEN,Kenya,country,2013,burned_area_share_land,0.00648771,share,K1,owid_annual_area_burnt_share_land,measured,f_sensor_break;f_min_fire_size
KEN,Kenya,country,2014,burned_area_share_land,0.00429783,share,K1,owid_annual_area_burnt_share_land,measured,f_sensor_break;f_min_fire_size
KEN,Kenya,country,2015,burned_area_share_land,0.00619275,share,K1,owid_annual_area_burnt_share_land,measured,f_sensor_break;f_min_fire_size
KEN,Kenya,country,2016,burned_area_share_land,0.00411507,share,K1,owid_annual_area_burnt_share_land,measured,f_sensor_break;f_min_fire_size
KEN,Kenya,country,2017,burned_area_share_land,0.00272864,share,K1,owid_annual_area_burnt_share_land,measured,f_sensor_break;f_min_fire_size
KEN,Kenya,country,2018,burned_area_share_land,0.00211493,share,K1,owid_annual_area_burnt_share_land,measured,f_sensor_break;f_min_fire_size
KEN,Kenya,country,2019,burned_area_share_land,0.00564212,share,K1,owid_annual_area_burnt_share_land,measured,f_sensor_break;f_min_fire_size
KEN,Kenya,country,2020,burned_area_share_land,0.0072791,share,K1,owid_annual_area_burnt_share_land,measured,f_sensor_break;f_min_fire_size
KEN,Kenya,country,2021,burned_area_share_land,0.006308,share,K1,owid_annual_area_burnt_share_land,measured,f_sensor_break;f_min_fire_size
KEN,Kenya,country,2022,burned_area_share_land,0.0022263,share,K1,owid_annual_area_burnt_share_land,measured,f_sensor_break;f_min_fire_size
KEN,Kenya,country,2023,burned_area_share_land,0.00221448,share,K1,owid_annual_area_burnt_share_land,measured,f_sensor_break;f_min_fire_size
KEN,Kenya,country,2024,burned_area_share_land,0.00352847,share,K1,owid_annual_area_burnt_share_land,measured,f_sensor_break;f_min_fire_size
KEN,Kenya,country,2025,burned_area_share_land,0.00453551,share,K1,owid_annual_area_burnt_share_land,measured,f_sensor_break;f_min_fire_size
KEN,Kenya,country,2026,burned_area_share_land,0.00105471,share,K1,owid_annual_area_burnt_share_land,measured,f_sensor_break;f_min_fire_size;f_incomplete_year
KGZ,Kirgisistan,country,2012,burned_area_share_land,0.00095849,share,K1,owid_annual_area_burnt_share_land,measured,f_sensor_break;f_min_fire_size
KGZ,Kirgisistan,country,2013,burned_area_share_land,0.00062822,share,K1,owid_annual_area_burnt_share_land,measured,f_sensor_break;f_min_fire_size
KGZ,Kirgisistan,country,2014,burned_area_share_land,0.00066854,share,K1,owid_annual_area_burnt_share_land,measured,f_sensor_break;f_min_fire_size
KGZ,Kirgisistan,country,2015,burned_area_share_land,0.0003351,share,K1,owid_annual_area_burnt_share_land,measured,f_sensor_break;f_min_fire_size
KGZ,Kirgisistan,country,2016,burned_area_share_land,0.00050657,share,K1,owid_annual_area_burnt_share_land,measured,f_sensor_break;f_min_fire_size
KGZ,Kirgisistan,country,2017,burned_area_share_land,0.00069035,share,K1,owid_annual_area_burnt_share_land,measured,f_sensor_break;f_min_fire_size
KGZ,Kirgisistan,country,2018,burned_area_share_land,0.0008755,share,K1,owid_annual_area_burnt_share_land,measured,f_sensor_break;f_min_fire_size
KGZ,Kirgisistan,country,2019,burned_area_share_land,0.0007362,share,K1,owid_annual_area_burnt_share_land,measured,f_sensor_break;f_min_fire_size
KGZ,Kirgisistan,country,2020,burned_area_share_land,0.00042428,share,K1,owid_annual_area_burnt_share_land,measured,f_sensor_break;f_min_fire_size
KGZ,Kirgisistan,country,2021,burned_area_share_land,0.00037828,share,K1,owid_annual_area_burnt_share_land,measured,f_sensor_break;f_min_fire_size
KGZ,Kirgisistan,country,2022,burned_area_share_land,0.00026231,share,K1,owid_annual_area_burnt_share_land,measured,f_sensor_break;f_min_fire_size
KGZ,Kirgisistan,country,2023,burned_area_share_land,0.00013538,share,K1,owid_annual_area_burnt_share_land,measured,f_sensor_break;f_min_fire_size
KGZ,Kirgisistan,country,2024,burned_area_share_land,9.189e-05,share,K1,owid_annual_area_burnt_share_land,measured,f_sensor_break;f_min_fire_size
KGZ,Kirgisistan,country,2025,burned_area_share_land,0.00034867,share,K1,owid_annual_area_burnt_share_land,measured,f_sensor_break;f_min_fire_size
KGZ,Kirgisistan,country,2026,burned_area_share_land,3.323e-05,share,K1,owid_annual_area_burnt_share_land,measured,f_sensor_break;f_min_fire_size;f_incomplete_year
KHM,Kambodsja,country,2012,burned_area_share_land,0.12327555,share,K1,owid_annual_area_burnt_share_land,measured,f_sensor_break;f_min_fire_size
KHM,Kambodsja,country,2013,burned_area_share_land,0.23271965,share,K1,owid_annual_area_burnt_share_land,measured,f_sensor_break;f_min_fire_size
KHM,Kambodsja,country,2014,burned_area_share_land,0.20202502,share,K1,owid_annual_area_burnt_share_land,measured,f_sensor_break;f_min_fire_size
KHM,Kambodsja,country,2015,burned_area_share_land,0.25416498,share,K1,owid_annual_area_burnt_share_land,measured,f_sensor_break;f_min_fire_size
KHM,Kambodsja,country,2016,burned_area_share_land,0.25294198,share,K1,owid_annual_area_burnt_share_land,measured,f_sensor_break;f_min_fire_size
KHM,Kambodsja,country,2017,burned_area_share_land,0.1470878,share,K1,owid_annual_area_burnt_share_land,measured,f_sensor_break;f_min_fire_size
KHM,Kambodsja,country,2018,burned_area_share_land,0.09237004,share,K1,owid_annual_area_burnt_share_land,measured,f_sensor_break;f_min_fire_size
KHM,Kambodsja,country,2019,burned_area_share_land,0.19597382,share,K1,owid_annual_area_burnt_share_land,measured,f_sensor_break;f_min_fire_size
KHM,Kambodsja,country,2020,burned_area_share_land,0.22564282,share,K1,owid_annual_area_burnt_share_land,measured,f_sensor_break;f_min_fire_size
KHM,Kambodsja,country,2021,burned_area_share_land,0.18406133,share,K1,owid_annual_area_burnt_share_land,measured,f_sensor_break;f_min_fire_size
KHM,Kambodsja,country,2022,burned_area_share_land,0.11012185,share,K1,owid_annual_area_burnt_share_land,measured,f_sensor_break;f_min_fire_size
KHM,Kambodsja,country,2023,burned_area_share_land,0.10908288,share,K1,owid_annual_area_burnt_share_land,measured,f_sensor_break;f_min_fire_size
KHM,Kambodsja,country,2024,burned_area_share_land,0.13217714,share,K1,owid_annual_area_burnt_share_land,measured,f_sensor_break;f_min_fire_size
KHM,Kambodsja,country,2025,burned_area_share_land,0.08799284,share,K1,owid_annual_area_burnt_share_land,measured,f_sensor_break;f_min_fire_size
KHM,Kambodsja,country,2026,burned_area_share_land,0.08442528,share,K1,owid_annual_area_burnt_share_land,measured,f_sensor_break;f_min_fire_size;f_incomplete_year
KIR,Kiribati,country,2012,burned_area_share_land,0.0,share,K1,owid_annual_area_burnt_share_land,measured,f_sensor_break;f_min_fire_size;f_zero_no_detection
KIR,Kiribati,country,2013,burned_area_share_land,0.0,share,K1,owid_annual_area_burnt_share_land,measured,f_sensor_break;f_min_fire_size;f_zero_no_detection
KIR,Kiribati,country,2014,burned_area_share_land,0.0,share,K1,owid_annual_area_burnt_share_land,measured,f_sensor_break;f_min_fire_size;f_zero_no_detection
KIR,Kiribati,country,2015,burned_area_share_land,0.0,share,K1,owid_annual_area_burnt_share_land,measured,f_sensor_break;f_min_fire_size;f_zero_no_detection
KIR,Kiribati,country,2016,burned_area_share_land,0.0,share,K1,owid_annual_area_burnt_share_land,measured,f_sensor_break;f_min_fire_size;f_zero_no_detection
KIR,Kiribati,country,2017,burned_area_share_land,0.0,share,K1,owid_annual_area_burnt_share_land,measured,f_sensor_break;f_min_fire_size;f_zero_no_detection
KIR,Kiribati,country,2018,burned_area_share_land,0.0,share,K1,owid_annual_area_burnt_share_land,measured,f_sensor_break;f_min_fire_size;f_zero_no_detection
KIR,Kiribati,country,2019,burned_area_share_land,0.0,share,K1,owid_annual_area_burnt_share_land,measured,f_sensor_break;f_min_fire_size;f_zero_no_detection
KIR,Kiribati,country,2020,burned_area_share_land,0.0,share,K1,owid_annual_area_burnt_share_land,measured,f_sensor_break;f_min_fire_size;f_zero_no_detection
KIR,Kiribati,country,2021,burned_area_share_land,0.0,share,K1,owid_annual_area_burnt_share_land,measured,f_sensor_break;f_min_fire_size;f_zero_no_detection
KIR,Kiribati,country,2022,burned_area_share_land,0.0,share,K1,owid_annual_area_burnt_share_land,measured,f_sensor_break;f_min_fire_size;f_zero_no_detection
KIR,Kiribati,country,2023,burned_area_share_land,0.0,share,K1,owid_annual_area_burnt_share_land,measured,f_sensor_break;f_min_fire_size;f_zero_no_detection
KIR,Kiribati,country,2024,burned_area_share_land,0.0,share,K1,owid_annual_area_burnt_share_land,measured,f_sensor_break;f_min_fire_size;f_zero_no_detection
KIR,Kiribati,country,2025,burned_area_share_land,0.0,share,K1,owid_annual_area_burnt_share_land,measured,f_sensor_break;f_min_fire_size;f_zero_no_detection
KIR,Kiribati,country,2026,burned_area_share_land,0.0,share,K1,owid_annual_area_burnt_share_land,measured,f_sensor_break;f_min_fire_size;f_incomplete_year;f_zero_no_detection
KNA,St. Kitts og Nevis,country,2012,burned_area_share_land,0.0,share,K1,owid_annual_area_burnt_share_land,measured,f_sensor_break;f_min_fire_size;f_zero_no_detection
KNA,St. Kitts og Nevis,country,2013,burned_area_share_land,0.00870052,share,K1,owid_annual_area_burnt_share_land,measured,f_sensor_break;f_min_fire_size
KNA,St. Kitts og Nevis,country,2014,burned_area_share_land,0.02498169,share,K1,owid_annual_area_burnt_share_land,measured,f_sensor_break;f_min_fire_size
KNA,St. Kitts og Nevis,country,2015,burned_area_share_land,0.00861438,share,K1,owid_annual_area_burnt_share_land,measured,f_sensor_break;f_min_fire_size
KNA,St. Kitts og Nevis,country,2016,burned_area_share_land,0.0,share,K1,owid_annual_area_burnt_share_land,measured,f_sensor_break;f_min_fire_size;f_zero_no_detection
KNA,St. Kitts og Nevis,country,2017,burned_area_share_land,0.01356764,share,K1,owid_annual_area_burnt_share_land,measured,f_sensor_break;f_min_fire_size
KNA,St. Kitts og Nevis,country,2018,burned_area_share_land,0.02222509,share,K1,owid_annual_area_burnt_share_land,measured,f_sensor_break;f_min_fire_size
KNA,St. Kitts og Nevis,country,2019,burned_area_share_land,0.02519705,share,K1,owid_annual_area_burnt_share_land,measured,f_sensor_break;f_min_fire_size
KNA,St. Kitts og Nevis,country,2020,burned_area_share_land,0.00732222,share,K1,owid_annual_area_burnt_share_land,measured,f_sensor_break;f_min_fire_size
KNA,St. Kitts og Nevis,country,2021,burned_area_share_land,0.0,share,K1,owid_annual_area_burnt_share_land,measured,f_sensor_break;f_min_fire_size;f_zero_no_detection
KNA,St. Kitts og Nevis,country,2022,burned_area_share_land,0.02209588,share,K1,owid_annual_area_burnt_share_land,measured,f_sensor_break;f_min_fire_size
KNA,St. Kitts og Nevis,country,2023,burned_area_share_land,0.0,share,K1,owid_annual_area_burnt_share_land,measured,f_sensor_break;f_min_fire_size;f_zero_no_detection
KNA,St. Kitts og Nevis,country,2024,burned_area_share_land,0.0,share,K1,owid_annual_area_burnt_share_land,measured,f_sensor_break;f_min_fire_size;f_zero_no_detection
KNA,St. Kitts og Nevis,country,2025,burned_area_share_land,0.0,share,K1,owid_annual_area_burnt_share_land,measured,f_sensor_break;f_min_fire_size;f_zero_no_detection
KNA,St. Kitts og Nevis,country,2026,burned_area_share_land,0.0,share,K1,owid_annual_area_burnt_share_land,measured,f_sensor_break;f_min_fire_size;f_incomplete_year;f_zero_no_detection
KOR,Sør-Korea,country,2012,burned_area_share_land,0.00011207,share,K1,owid_annual_area_burnt_share_land,measured,f_sensor_break;f_min_fire_size
KOR,Sør-Korea,country,2013,burned_area_share_land,0.00038828,share,K1,owid_annual_area_burnt_share_land,measured,f_sensor_break;f_min_fire_size
KOR,Sør-Korea,country,2014,burned_area_share_land,0.00077676,share,K1,owid_annual_area_burnt_share_land,measured,f_sensor_break;f_min_fire_size
KOR,Sør-Korea,country,2015,burned_area_share_land,0.00072551,share,K1,owid_annual_area_burnt_share_land,measured,f_sensor_break;f_min_fire_size
KOR,Sør-Korea,country,2016,burned_area_share_land,0.00040577,share,K1,owid_annual_area_burnt_share_land,measured,f_sensor_break;f_min_fire_size
KOR,Sør-Korea,country,2017,burned_area_share_land,0.00088327,share,K1,owid_annual_area_burnt_share_land,measured,f_sensor_break;f_min_fire_size
KOR,Sør-Korea,country,2018,burned_area_share_land,0.00034763,share,K1,owid_annual_area_burnt_share_land,measured,f_sensor_break;f_min_fire_size
KOR,Sør-Korea,country,2019,burned_area_share_land,0.00067982,share,K1,owid_annual_area_burnt_share_land,measured,f_sensor_break;f_min_fire_size
KOR,Sør-Korea,country,2020,burned_area_share_land,0.0008098,share,K1,owid_annual_area_burnt_share_land,measured,f_sensor_break;f_min_fire_size
KOR,Sør-Korea,country,2021,burned_area_share_land,0.00015189,share,K1,owid_annual_area_burnt_share_land,measured,f_sensor_break;f_min_fire_size
KOR,Sør-Korea,country,2022,burned_area_share_land,0.0036535,share,K1,owid_annual_area_burnt_share_land,measured,f_sensor_break;f_min_fire_size
KOR,Sør-Korea,country,2023,burned_area_share_land,0.0005517,share,K1,owid_annual_area_burnt_share_land,measured,f_sensor_break;f_min_fire_size
KOR,Sør-Korea,country,2024,burned_area_share_land,4.94e-06,share,K1,owid_annual_area_burnt_share_land,measured,f_sensor_break;f_min_fire_size
KOR,Sør-Korea,country,2025,burned_area_share_land,0.00717909,share,K1,owid_annual_area_burnt_share_land,measured,f_sensor_break;f_min_fire_size
KOR,Sør-Korea,country,2026,burned_area_share_land,0.00027364,share,K1,owid_annual_area_burnt_share_land,measured,f_sensor_break;f_min_fire_size;f_incomplete_year
KWT,Kuwait,country,2012,burned_area_share_land,0.000546,share,K1,owid_annual_area_burnt_share_land,measured,f_sensor_break;f_min_fire_size
KWT,Kuwait,country,2013,burned_area_share_land,0.00010053,share,K1,owid_annual_area_burnt_share_land,measured,f_sensor_break;f_min_fire_size
KWT,Kuwait,country,2014,burned_area_share_land,0.00071818,share,K1,owid_annual_area_burnt_share_land,measured,f_sensor_break;f_min_fire_size
KWT,Kuwait,country,2015,burned_area_share_land,0.00051076,share,K1,owid_annual_area_burnt_share_land,measured,f_sensor_break;f_min_fire_size
KWT,Kuwait,country,2016,burned_area_share_land,0.00184312,share,K1,owid_annual_area_burnt_share_land,measured,f_sensor_break;f_min_fire_size
KWT,Kuwait,country,2017,burned_area_share_land,0.00061476,share,K1,owid_annual_area_burnt_share_land,measured,f_sensor_break;f_min_fire_size
KWT,Kuwait,country,2018,burned_area_share_land,0.00035996,share,K1,owid_annual_area_burnt_share_land,measured,f_sensor_break;f_min_fire_size
KWT,Kuwait,country,2019,burned_area_share_land,0.0015993,share,K1,owid_annual_area_burnt_share_land,measured,f_sensor_break;f_min_fire_size
KWT,Kuwait,country,2020,burned_area_share_land,0.00064307,share,K1,owid_annual_area_burnt_share_land,measured,f_sensor_break;f_min_fire_size
KWT,Kuwait,country,2021,burned_area_share_land,0.00034667,share,K1,owid_annual_area_burnt_share_land,measured,f_sensor_break;f_min_fire_size
KWT,Kuwait,country,2022,burned_area_share_land,0.0004628,share,K1,owid_annual_area_burnt_share_land,measured,f_sensor_break;f_min_fire_size
KWT,Kuwait,country,2023,burned_area_share_land,0.0,share,K1,owid_annual_area_burnt_share_land,measured,f_sensor_break;f_min_fire_size;f_zero_no_detection
KWT,Kuwait,country,2024,burned_area_share_land,0.0,share,K1,owid_annual_area_burnt_share_land,measured,f_sensor_break;f_min_fire_size;f_zero_no_detection
KWT,Kuwait,country,2025,burned_area_share_land,0.0,share,K1,owid_annual_area_burnt_share_land,measured,f_sensor_break;f_min_fire_size;f_zero_no_detection
KWT,Kuwait,country,2026,burned_area_share_land,8.262e-05,share,K1,owid_annual_area_burnt_share_land,measured,f_sensor_break;f_min_fire_size;f_incomplete_year
LAO,Laos,country,2012,burned_area_share_land,0.15463751,share,K1,owid_annual_area_burnt_share_land,measured,f_sensor_break;f_min_fire_size
LAO,Laos,country,2013,burned_area_share_land,0.15938303,share,K1,owid_annual_area_burnt_share_land,measured,f_sensor_break;f_min_fire_size
LAO,Laos,country,2014,burned_area_share_land,0.17420244,share,K1,owid_annual_area_burnt_share_land,measured,f_sensor_break;f_min_fire_size
LAO,Laos,country,2015,burned_area_share_land,0.18369393,share,K1,owid_annual_area_burnt_share_land,measured,f_sensor_break;f_min_fire_size
LAO,Laos,country,2016,burned_area_share_land,0.17586339,share,K1,owid_annual_area_burnt_share_land,measured,f_sensor_break;f_min_fire_size
LAO,Laos,country,2017,burned_area_share_land,0.12012211,share,K1,owid_annual_area_burnt_share_land,measured,f_sensor_break;f_min_fire_size
LAO,Laos,country,2018,burned_area_share_land,0.10598832,share,K1,owid_annual_area_burnt_share_land,measured,f_sensor_break;f_min_fire_size
LAO,Laos,country,2019,burned_area_share_land,0.19400302,share,K1,owid_annual_area_burnt_share_land,measured,f_sensor_break;f_min_fire_size
LAO,Laos,country,2020,burned_area_share_land,0.20419511,share,K1,owid_annual_area_burnt_share_land,measured,f_sensor_break;f_min_fire_size
LAO,Laos,country,2021,burned_area_share_land,0.13806641,share,K1,owid_annual_area_burnt_share_land,measured,f_sensor_break;f_min_fire_size
LAO,Laos,country,2022,burned_area_share_land,0.13728024,share,K1,owid_annual_area_burnt_share_land,measured,f_sensor_break;f_min_fire_size
LAO,Laos,country,2023,burned_area_share_land,0.28987092,share,K1,owid_annual_area_burnt_share_land,measured,f_sensor_break;f_min_fire_size
LAO,Laos,country,2024,burned_area_share_land,0.14070272,share,K1,owid_annual_area_burnt_share_land,measured,f_sensor_break;f_min_fire_size
LAO,Laos,country,2025,burned_area_share_land,0.08627195,share,K1,owid_annual_area_burnt_share_land,measured,f_sensor_break;f_min_fire_size
LAO,Laos,country,2026,burned_area_share_land,0.11572977,share,K1,owid_annual_area_burnt_share_land,measured,f_sensor_break;f_min_fire_size;f_incomplete_year
LBN,Libanon,country,2012,burned_area_share_land,0.00086333,share,K1,owid_annual_area_burnt_share_land,measured,f_sensor_break;f_min_fire_size
LBN,Libanon,country,2013,burned_area_share_land,0.00403087,share,K1,owid_annual_area_burnt_share_land,measured,f_sensor_break;f_min_fire_size
LBN,Libanon,country,2014,burned_area_share_land,0.00043866,share,K1,owid_annual_area_burnt_share_land,measured,f_sensor_break;f_min_fire_size
LBN,Libanon,country,2015,burned_area_share_land,0.0011611,share,K1,owid_annual_area_burnt_share_land,measured,f_sensor_break;f_min_fire_size
LBN,Libanon,country,2016,burned_area_share_land,0.00291674,share,K1,owid_annual_area_burnt_share_land,measured,f_sensor_break;f_min_fire_size
LBN,Libanon,country,2017,burned_area_share_land,0.00215033,share,K1,owid_annual_area_burnt_share_land,measured,f_sensor_break;f_min_fire_size
LBN,Libanon,country,2018,burned_area_share_land,0.00047163,share,K1,owid_annual_area_burnt_share_land,measured,f_sensor_break;f_min_fire_size
LBN,Libanon,country,2019,burned_area_share_land,0.00202143,share,K1,owid_annual_area_burnt_share_land,measured,f_sensor_break;f_min_fire_size
LBN,Libanon,country,2020,burned_area_share_land,0.00530988,share,K1,owid_annual_area_burnt_share_land,measured,f_sensor_break;f_min_fire_size
LBN,Libanon,country,2021,burned_area_share_land,0.00616622,share,K1,owid_annual_area_burnt_share_land,measured,f_sensor_break;f_min_fire_size
LBN,Libanon,country,2022,burned_area_share_land,0.00137393,share,K1,owid_annual_area_burnt_share_land,measured,f_sensor_break;f_min_fire_size
LBN,Libanon,country,2023,burned_area_share_land,0.00286078,share,K1,owid_annual_area_burnt_share_land,measured,f_sensor_break;f_min_fire_size
LBN,Libanon,country,2024,burned_area_share_land,0.00584347,share,K1,owid_annual_area_burnt_share_land,measured,f_sensor_break;f_min_fire_size
LBN,Libanon,country,2025,burned_area_share_land,0.00147885,share,K1,owid_annual_area_burnt_share_land,measured,f_sensor_break;f_min_fire_size
LBN,Libanon,country,2026,burned_area_share_land,0.00018586,share,K1,owid_annual_area_burnt_share_land,measured,f_sensor_break;f_min_fire_size;f_incomplete_year
LBR,Liberia,country,2012,burned_area_share_land,0.08290455,share,K1,owid_annual_area_burnt_share_land,measured,f_sensor_break;f_min_fire_size
LBR,Liberia,country,2013,burned_area_share_land,0.04358123,share,K1,owid_annual_area_burnt_share_land,measured,f_sensor_break;f_min_fire_size
LBR,Liberia,country,2014,burned_area_share_land,0.07107722,share,K1,owid_annual_area_burnt_share_land,measured,f_sensor_break;f_min_fire_size
LBR,Liberia,country,2015,burned_area_share_land,0.14575402,share,K1,owid_annual_area_burnt_share_land,measured,f_sensor_break;f_min_fire_size
LBR,Liberia,country,2016,burned_area_share_land,0.06674604,share,K1,owid_annual_area_burnt_share_land,measured,f_sensor_break;f_min_fire_size
LBR,Liberia,country,2017,burned_area_share_land,0.06782818,share,K1,owid_annual_area_burnt_share_land,measured,f_sensor_break;f_min_fire_size
LBR,Liberia,country,2018,burned_area_share_land,0.03853733,share,K1,owid_annual_area_burnt_share_land,measured,f_sensor_break;f_min_fire_size
LBR,Liberia,country,2019,burned_area_share_land,0.09193131,share,K1,owid_annual_area_burnt_share_land,measured,f_sensor_break;f_min_fire_size
LBR,Liberia,country,2020,burned_area_share_land,0.057296,share,K1,owid_annual_area_burnt_share_land,measured,f_sensor_break;f_min_fire_size
LBR,Liberia,country,2021,burned_area_share_land,0.03773454,share,K1,owid_annual_area_burnt_share_land,measured,f_sensor_break;f_min_fire_size
LBR,Liberia,country,2022,burned_area_share_land,0.06377824,share,K1,owid_annual_area_burnt_share_land,measured,f_sensor_break;f_min_fire_size
LBR,Liberia,country,2023,burned_area_share_land,0.05661793,share,K1,owid_annual_area_burnt_share_land,measured,f_sensor_break;f_min_fire_size
LBR,Liberia,country,2024,burned_area_share_land,0.03805883,share,K1,owid_annual_area_burnt_share_land,measured,f_sensor_break;f_min_fire_size
LBR,Liberia,country,2025,burned_area_share_land,0.03394191,share,K1,owid_annual_area_burnt_share_land,measured,f_sensor_break;f_min_fire_size
LBR,Liberia,country,2026,burned_area_share_land,0.01789163,share,K1,owid_annual_area_burnt_share_land,measured,f_sensor_break;f_min_fire_size;f_incomplete_year
LBY,Libya,country,2012,burned_area_share_land,3.011e-05,share,K1,owid_annual_area_burnt_share_land,measured,f_sensor_break;f_min_fire_size
LBY,Libya,country,2013,burned_area_share_land,3.175e-05,share,K1,owid_annual_area_burnt_share_land,measured,f_sensor_break;f_min_fire_size
LBY,Libya,country,2014,burned_area_share_land,1.875e-05,share,K1,owid_annual_area_burnt_share_land,measured,f_sensor_break;f_min_fire_size
LBY,Libya,country,2015,burned_area_share_land,2.515e-05,share,K1,owid_annual_area_burnt_share_land,measured,f_sensor_break;f_min_fire_size
LBY,Libya,country,2016,burned_area_share_land,1.495e-05,share,K1,owid_annual_area_burnt_share_land,measured,f_sensor_break;f_min_fire_size
LBY,Libya,country,2017,burned_area_share_land,2.847e-05,share,K1,owid_annual_area_burnt_share_land,measured,f_sensor_break;f_min_fire_size
LBY,Libya,country,2018,burned_area_share_land,3.257e-05,share,K1,owid_annual_area_burnt_share_land,measured,f_sensor_break;f_min_fire_size
LBY,Libya,country,2019,burned_area_share_land,2.624e-05,share,K1,owid_annual_area_burnt_share_land,measured,f_sensor_break;f_min_fire_size
LBY,Libya,country,2020,burned_area_share_land,4.639e-05,share,K1,owid_annual_area_burnt_share_land,measured,f_sensor_break;f_min_fire_size
LBY,Libya,country,2021,burned_area_share_land,2.073e-05,share,K1,owid_annual_area_burnt_share_land,measured,f_sensor_break;f_min_fire_size
LBY,Libya,country,2022,burned_area_share_land,2.54e-05,share,K1,owid_annual_area_burnt_share_land,measured,f_sensor_break;f_min_fire_size
LBY,Libya,country,2023,burned_area_share_land,1.473e-05,share,K1,owid_annual_area_burnt_share_land,measured,f_sensor_break;f_min_fire_size
LBY,Libya,country,2024,burned_area_share_land,1.313e-05,share,K1,owid_annual_area_burnt_share_land,measured,f_sensor_break;f_min_fire_size
LBY,Libya,country,2025,burned_area_share_land,8.44e-06,share,K1,owid_annual_area_burnt_share_land,measured,f_sensor_break;f_min_fire_size
LBY,Libya,country,2026,burned_area_share_land,7.1e-07,share,K1,owid_annual_area_burnt_share_land,measured,f_sensor_break;f_min_fire_size;f_incomplete_year
LCA,St. Lucia,country,2012,burned_area_share_land,0.0,share,K1,owid_annual_area_burnt_share_land,measured,f_sensor_break;f_min_fire_size;f_zero_no_detection
LCA,St. Lucia,country,2013,burned_area_share_land,0.0,share,K1,owid_annual_area_burnt_share_land,measured,f_sensor_break;f_min_fire_size;f_zero_no_detection
LCA,St. Lucia,country,2014,burned_area_share_land,0.0,share,K1,owid_annual_area_burnt_share_land,measured,f_sensor_break;f_min_fire_size;f_zero_no_detection
LCA,St. Lucia,country,2015,burned_area_share_land,0.00427841,share,K1,owid_annual_area_burnt_share_land,measured,f_sensor_break;f_min_fire_size
LCA,St. Lucia,country,2016,burned_area_share_land,0.0,share,K1,owid_annual_area_burnt_share_land,measured,f_sensor_break;f_min_fire_size;f_zero_no_detection
LCA,St. Lucia,country,2017,burned_area_share_land,0.0,share,K1,owid_annual_area_burnt_share_land,measured,f_sensor_break;f_min_fire_size;f_zero_no_detection
LCA,St. Lucia,country,2018,burned_area_share_land,0.0,share,K1,owid_annual_area_burnt_share_land,measured,f_sensor_break;f_min_fire_size;f_zero_no_detection
LCA,St. Lucia,country,2019,burned_area_share_land,0.0,share,K1,owid_annual_area_burnt_share_land,measured,f_sensor_break;f_min_fire_size;f_zero_no_detection
LCA,St. Lucia,country,2020,burned_area_share_land,0.00322246,share,K1,owid_annual_area_burnt_share_land,measured,f_sensor_break;f_min_fire_size
LCA,St. Lucia,country,2021,burned_area_share_land,0.0,share,K1,owid_annual_area_burnt_share_land,measured,f_sensor_break;f_min_fire_size;f_zero_no_detection
LCA,St. Lucia,country,2022,burned_area_share_land,0.0,share,K1,owid_annual_area_burnt_share_land,measured,f_sensor_break;f_min_fire_size;f_zero_no_detection
LCA,St. Lucia,country,2023,burned_area_share_land,0.0,share,K1,owid_annual_area_burnt_share_land,measured,f_sensor_break;f_min_fire_size;f_zero_no_detection
LCA,St. Lucia,country,2024,burned_area_share_land,0.0,share,K1,owid_annual_area_burnt_share_land,measured,f_sensor_break;f_min_fire_size;f_zero_no_detection
LCA,St. Lucia,country,2025,burned_area_share_land,0.0,share,K1,owid_annual_area_burnt_share_land,measured,f_sensor_break;f_min_fire_size;f_zero_no_detection
LCA,St. Lucia,country,2026,burned_area_share_land,0.0,share,K1,owid_annual_area_burnt_share_land,measured,f_sensor_break;f_min_fire_size;f_incomplete_year;f_zero_no_detection
LIE,Liechtenstein,country,2012,burned_area_share_land,0.0,share,K1,owid_annual_area_burnt_share_land,measured,f_sensor_break;f_min_fire_size;f_zero_no_detection
LIE,Liechtenstein,country,2013,burned_area_share_land,0.0,share,K1,owid_annual_area_burnt_share_land,measured,f_sensor_break;f_min_fire_size;f_zero_no_detection
LIE,Liechtenstein,country,2014,burned_area_share_land,0.0,share,K1,owid_annual_area_burnt_share_land,measured,f_sensor_break;f_min_fire_size;f_zero_no_detection
LIE,Liechtenstein,country,2015,burned_area_share_land,0.0,share,K1,owid_annual_area_burnt_share_land,measured,f_sensor_break;f_min_fire_size;f_zero_no_detection
LIE,Liechtenstein,country,2016,burned_area_share_land,0.0,share,K1,owid_annual_area_burnt_share_land,measured,f_sensor_break;f_min_fire_size;f_zero_no_detection
LIE,Liechtenstein,country,2017,burned_area_share_land,0.0,share,K1,owid_annual_area_burnt_share_land,measured,f_sensor_break;f_min_fire_size;f_zero_no_detection
LIE,Liechtenstein,country,2018,burned_area_share_land,0.0,share,K1,owid_annual_area_burnt_share_land,measured,f_sensor_break;f_min_fire_size;f_zero_no_detection
LIE,Liechtenstein,country,2019,burned_area_share_land,0.0,share,K1,owid_annual_area_burnt_share_land,measured,f_sensor_break;f_min_fire_size;f_zero_no_detection
LIE,Liechtenstein,country,2020,burned_area_share_land,0.0,share,K1,owid_annual_area_burnt_share_land,measured,f_sensor_break;f_min_fire_size;f_zero_no_detection
LIE,Liechtenstein,country,2021,burned_area_share_land,0.0,share,K1,owid_annual_area_burnt_share_land,measured,f_sensor_break;f_min_fire_size;f_zero_no_detection
LIE,Liechtenstein,country,2022,burned_area_share_land,0.0,share,K1,owid_annual_area_burnt_share_land,measured,f_sensor_break;f_min_fire_size;f_zero_no_detection
LIE,Liechtenstein,country,2023,burned_area_share_land,0.0,share,K1,owid_annual_area_burnt_share_land,measured,f_sensor_break;f_min_fire_size;f_zero_no_detection
LIE,Liechtenstein,country,2024,burned_area_share_land,0.0,share,K1,owid_annual_area_burnt_share_land,measured,f_sensor_break;f_min_fire_size;f_zero_no_detection
LIE,Liechtenstein,country,2025,burned_area_share_land,0.0,share,K1,owid_annual_area_burnt_share_land,measured,f_sensor_break;f_min_fire_size;f_zero_no_detection
LIE,Liechtenstein,country,2026,burned_area_share_land,0.0,share,K1,owid_annual_area_burnt_share_land,measured,f_sensor_break;f_min_fire_size;f_incomplete_year;f_zero_no_detection
LKA,Sri Lanka,country,2012,burned_area_share_land,0.01340824,share,K1,owid_annual_area_burnt_share_land,measured,f_sensor_break;f_min_fire_size
LKA,Sri Lanka,country,2013,burned_area_share_land,0.0116156,share,K1,owid_annual_area_burnt_share_land,measured,f_sensor_break;f_min_fire_size
LKA,Sri Lanka,country,2014,burned_area_share_land,0.01081591,share,K1,owid_annual_area_burnt_share_land,measured,f_sensor_break;f_min_fire_size
LKA,Sri Lanka,country,2015,burned_area_share_land,0.00437007,share,K1,owid_annual_area_burnt_share_land,measured,f_sensor_break;f_min_fire_size
LKA,Sri Lanka,country,2016,burned_area_share_land,0.01009515,share,K1,owid_annual_area_burnt_share_land,measured,f_sensor_break;f_min_fire_size
LKA,Sri Lanka,country,2017,burned_area_share_land,0.00397289,share,K1,owid_annual_area_burnt_share_land,measured,f_sensor_break;f_min_fire_size
LKA,Sri Lanka,country,2018,burned_area_share_land,0.00685869,share,K1,owid_annual_area_burnt_share_land,measured,f_sensor_break;f_min_fire_size
LKA,Sri Lanka,country,2019,burned_area_share_land,0.00714578,share,K1,owid_annual_area_burnt_share_land,measured,f_sensor_break;f_min_fire_size
LKA,Sri Lanka,country,2020,burned_area_share_land,0.00507548,share,K1,owid_annual_area_burnt_share_land,measured,f_sensor_break;f_min_fire_size
LKA,Sri Lanka,country,2021,burned_area_share_land,0.00253926,share,K1,owid_annual_area_burnt_share_land,measured,f_sensor_break;f_min_fire_size
LKA,Sri Lanka,country,2022,burned_area_share_land,0.00391936,share,K1,owid_annual_area_burnt_share_land,measured,f_sensor_break;f_min_fire_size
LKA,Sri Lanka,country,2023,burned_area_share_land,0.00642319,share,K1,owid_annual_area_burnt_share_land,measured,f_sensor_break;f_min_fire_size
LKA,Sri Lanka,country,2024,burned_area_share_land,0.0019742,share,K1,owid_annual_area_burnt_share_land,measured,f_sensor_break;f_min_fire_size
LKA,Sri Lanka,country,2025,burned_area_share_land,0.00278043,share,K1,owid_annual_area_burnt_share_land,measured,f_sensor_break;f_min_fire_size
LKA,Sri Lanka,country,2026,burned_area_share_land,0.00083344,share,K1,owid_annual_area_burnt_share_land,measured,f_sensor_break;f_min_fire_size;f_incomplete_year
LSO,Lesotho,country,2012,burned_area_share_land,0.00192524,share,K1,owid_annual_area_burnt_share_land,measured,f_sensor_break;f_min_fire_size
LSO,Lesotho,country,2013,burned_area_share_land,0.02181546,share,K1,owid_annual_area_burnt_share_land,measured,f_sensor_break;f_min_fire_size
LSO,Lesotho,country,2014,burned_area_share_land,0.01998792,share,K1,owid_annual_area_burnt_share_land,measured,f_sensor_break;f_min_fire_size
LSO,Lesotho,country,2015,burned_area_share_land,0.00621884,share,K1,owid_annual_area_burnt_share_land,measured,f_sensor_break;f_min_fire_size
LSO,Lesotho,country,2016,burned_area_share_land,0.00154346,share,K1,owid_annual_area_burnt_share_land,measured,f_sensor_break;f_min_fire_size
LSO,Lesotho,country,2017,burned_area_share_land,0.00728016,share,K1,owid_annual_area_burnt_share_land,measured,f_sensor_break;f_min_fire_size
LSO,Lesotho,country,2018,burned_area_share_land,0.00308691,share,K1,owid_annual_area_burnt_share_land,measured,f_sensor_break;f_min_fire_size
LSO,Lesotho,country,2019,burned_area_share_land,0.01917035,share,K1,owid_annual_area_burnt_share_land,measured,f_sensor_break;f_min_fire_size
LSO,Lesotho,country,2020,burned_area_share_land,0.00570903,share,K1,owid_annual_area_burnt_share_land,measured,f_sensor_break;f_min_fire_size
LSO,Lesotho,country,2021,burned_area_share_land,0.00829579,share,K1,owid_annual_area_burnt_share_land,measured,f_sensor_break;f_min_fire_size
LSO,Lesotho,country,2022,burned_area_share_land,0.00813408,share,K1,owid_annual_area_burnt_share_land,measured,f_sensor_break;f_min_fire_size
LSO,Lesotho,country,2023,burned_area_share_land,0.0136207,share,K1,owid_annual_area_burnt_share_land,measured,f_sensor_break;f_min_fire_size
LSO,Lesotho,country,2024,burned_area_share_land,0.01821706,share,K1,owid_annual_area_burnt_share_land,measured,f_sensor_break;f_min_fire_size
LSO,Lesotho,country,2025,burned_area_share_land,0.00138608,share,K1,owid_annual_area_burnt_share_land,measured,f_sensor_break;f_min_fire_size
LSO,Lesotho,country,2026,burned_area_share_land,0.00032376,share,K1,owid_annual_area_burnt_share_land,measured,f_sensor_break;f_min_fire_size;f_incomplete_year
LTU,Litauen,country,2012,burned_area_share_land,0.00020782,share,K1,owid_annual_area_burnt_share_land,measured,f_sensor_break;f_min_fire_size
LTU,Litauen,country,2013,burned_area_share_land,0.00010476,share,K1,owid_annual_area_burnt_share_land,measured,f_sensor_break;f_min_fire_size
LTU,Litauen,country,2014,burned_area_share_land,0.00019779,share,K1,owid_annual_area_burnt_share_land,measured,f_sensor_break;f_min_fire_size
LTU,Litauen,country,2015,burned_area_share_land,0.00017496,share,K1,owid_annual_area_burnt_share_land,measured,f_sensor_break;f_min_fire_size
LTU,Litauen,country,2016,burned_area_share_land,1.728e-05,share,K1,owid_annual_area_burnt_share_land,measured,f_sensor_break;f_min_fire_size
LTU,Litauen,country,2017,burned_area_share_land,5.894e-05,share,K1,owid_annual_area_burnt_share_land,measured,f_sensor_break;f_min_fire_size
LTU,Litauen,country,2018,burned_area_share_land,0.00012682,share,K1,owid_annual_area_burnt_share_land,measured,f_sensor_break;f_min_fire_size
LTU,Litauen,country,2019,burned_area_share_land,0.00022016,share,K1,owid_annual_area_burnt_share_land,measured,f_sensor_break;f_min_fire_size
LTU,Litauen,country,2020,burned_area_share_land,9.967e-05,share,K1,owid_annual_area_burnt_share_land,measured,f_sensor_break;f_min_fire_size
LTU,Litauen,country,2021,burned_area_share_land,8.223e-05,share,K1,owid_annual_area_burnt_share_land,measured,f_sensor_break;f_min_fire_size
LTU,Litauen,country,2022,burned_area_share_land,1.836e-05,share,K1,owid_annual_area_burnt_share_land,measured,f_sensor_break;f_min_fire_size
LTU,Litauen,country,2023,burned_area_share_land,0.00011664,share,K1,owid_annual_area_burnt_share_land,measured,f_sensor_break;f_min_fire_size
LTU,Litauen,country,2024,burned_area_share_land,3.441e-05,share,K1,owid_annual_area_burnt_share_land,measured,f_sensor_break;f_min_fire_size
LTU,Litauen,country,2025,burned_area_share_land,5.061e-05,share,K1,owid_annual_area_burnt_share_land,measured,f_sensor_break;f_min_fire_size
LTU,Litauen,country,2026,burned_area_share_land,7.159e-05,share,K1,owid_annual_area_burnt_share_land,measured,f_sensor_break;f_min_fire_size;f_incomplete_year
LUX,Luxembourg,country,2012,burned_area_share_land,0.0,share,K1,owid_annual_area_burnt_share_land,measured,f_sensor_break;f_min_fire_size;f_zero_no_detection
LUX,Luxembourg,country,2013,burned_area_share_land,0.0,share,K1,owid_annual_area_burnt_share_land,measured,f_sensor_break;f_min_fire_size;f_zero_no_detection
LUX,Luxembourg,country,2014,burned_area_share_land,0.0,share,K1,owid_annual_area_burnt_share_land,measured,f_sensor_break;f_min_fire_size;f_zero_no_detection
LUX,Luxembourg,country,2015,burned_area_share_land,0.0,share,K1,owid_annual_area_burnt_share_land,measured,f_sensor_break;f_min_fire_size;f_zero_no_detection
LUX,Luxembourg,country,2016,burned_area_share_land,0.0,share,K1,owid_annual_area_burnt_share_land,measured,f_sensor_break;f_min_fire_size;f_zero_no_detection
LUX,Luxembourg,country,2017,burned_area_share_land,0.0,share,K1,owid_annual_area_burnt_share_land,measured,f_sensor_break;f_min_fire_size;f_zero_no_detection
LUX,Luxembourg,country,2018,burned_area_share_land,0.0,share,K1,owid_annual_area_burnt_share_land,measured,f_sensor_break;f_min_fire_size;f_zero_no_detection
LUX,Luxembourg,country,2019,burned_area_share_land,0.0,share,K1,owid_annual_area_burnt_share_land,measured,f_sensor_break;f_min_fire_size;f_zero_no_detection
LUX,Luxembourg,country,2020,burned_area_share_land,0.0,share,K1,owid_annual_area_burnt_share_land,measured,f_sensor_break;f_min_fire_size;f_zero_no_detection
LUX,Luxembourg,country,2021,burned_area_share_land,0.0,share,K1,owid_annual_area_burnt_share_land,measured,f_sensor_break;f_min_fire_size;f_zero_no_detection
LUX,Luxembourg,country,2022,burned_area_share_land,0.0,share,K1,owid_annual_area_burnt_share_land,measured,f_sensor_break;f_min_fire_size;f_zero_no_detection
LUX,Luxembourg,country,2023,burned_area_share_land,0.0,share,K1,owid_annual_area_burnt_share_land,measured,f_sensor_break;f_min_fire_size;f_zero_no_detection
LUX,Luxembourg,country,2024,burned_area_share_land,0.0,share,K1,owid_annual_area_burnt_share_land,measured,f_sensor_break;f_min_fire_size;f_zero_no_detection
LUX,Luxembourg,country,2025,burned_area_share_land,0.0,share,K1,owid_annual_area_burnt_share_land,measured,f_sensor_break;f_min_fire_size;f_zero_no_detection
LUX,Luxembourg,country,2026,burned_area_share_land,0.0,share,K1,owid_annual_area_burnt_share_land,measured,f_sensor_break;f_min_fire_size;f_incomplete_year;f_zero_no_detection
LVA,Latvia,country,2012,burned_area_share_land,6.442e-05,share,K1,owid_annual_area_burnt_share_land,measured,f_sensor_break;f_min_fire_size
LVA,Latvia,country,2013,burned_area_share_land,2.416e-05,share,K1,owid_annual_area_burnt_share_land,measured,f_sensor_break;f_min_fire_size
LVA,Latvia,country,2014,burned_area_share_land,0.00018892,share,K1,owid_annual_area_burnt_share_land,measured,f_sensor_break;f_min_fire_size
LVA,Latvia,country,2015,burned_area_share_land,0.00011134,share,K1,owid_annual_area_burnt_share_land,measured,f_sensor_break;f_min_fire_size
LVA,Latvia,country,2016,burned_area_share_land,8.749e-05,share,K1,owid_annual_area_burnt_share_land,measured,f_sensor_break;f_min_fire_size
LVA,Latvia,country,2017,burned_area_share_land,6.937e-05,share,K1,owid_annual_area_burnt_share_land,measured,f_sensor_break;f_min_fire_size
LVA,Latvia,country,2018,burned_area_share_land,0.0007114,share,K1,owid_annual_area_burnt_share_land,measured,f_sensor_break;f_min_fire_size
LVA,Latvia,country,2019,burned_area_share_land,0.00028601,share,K1,owid_annual_area_burnt_share_land,measured,f_sensor_break;f_min_fire_size
LVA,Latvia,country,2020,burned_area_share_land,9.616e-05,share,K1,owid_annual_area_burnt_share_land,measured,f_sensor_break;f_min_fire_size
LVA,Latvia,country,2021,burned_area_share_land,7.371e-05,share,K1,owid_annual_area_burnt_share_land,measured,f_sensor_break;f_min_fire_size
LVA,Latvia,country,2022,burned_area_share_land,0.00015625,share,K1,owid_annual_area_burnt_share_land,measured,f_sensor_break;f_min_fire_size
LVA,Latvia,country,2023,burned_area_share_land,5.234e-05,share,K1,owid_annual_area_burnt_share_land,measured,f_sensor_break;f_min_fire_size
LVA,Latvia,country,2024,burned_area_share_land,0.0,share,K1,owid_annual_area_burnt_share_land,measured,f_sensor_break;f_min_fire_size;f_zero_no_detection
LVA,Latvia,country,2025,burned_area_share_land,0.0,share,K1,owid_annual_area_burnt_share_land,measured,f_sensor_break;f_min_fire_size;f_zero_no_detection
LVA,Latvia,country,2026,burned_area_share_land,8.099e-05,share,K1,owid_annual_area_burnt_share_land,measured,f_sensor_break;f_min_fire_size;f_incomplete_year
MAC,Macao,country,2012,burned_area_share_land,0.0,share,K1,owid_annual_area_burnt_share_land,measured,f_sensor_break;f_min_fire_size;f_zero_no_detection
MAC,Macao,country,2013,burned_area_share_land,0.0,share,K1,owid_annual_area_burnt_share_land,measured,f_sensor_break;f_min_fire_size;f_zero_no_detection
MAC,Macao,country,2014,burned_area_share_land,0.0,share,K1,owid_annual_area_burnt_share_land,measured,f_sensor_break;f_min_fire_size;f_zero_no_detection
MAC,Macao,country,2015,burned_area_share_land,0.0,share,K1,owid_annual_area_burnt_share_land,measured,f_sensor_break;f_min_fire_size;f_zero_no_detection
MAC,Macao,country,2016,burned_area_share_land,0.0,share,K1,owid_annual_area_burnt_share_land,measured,f_sensor_break;f_min_fire_size;f_zero_no_detection
MAC,Macao,country,2017,burned_area_share_land,0.0,share,K1,owid_annual_area_burnt_share_land,measured,f_sensor_break;f_min_fire_size;f_zero_no_detection
MAC,Macao,country,2018,burned_area_share_land,0.0,share,K1,owid_annual_area_burnt_share_land,measured,f_sensor_break;f_min_fire_size;f_zero_no_detection
MAC,Macao,country,2019,burned_area_share_land,0.0,share,K1,owid_annual_area_burnt_share_land,measured,f_sensor_break;f_min_fire_size;f_zero_no_detection
MAC,Macao,country,2020,burned_area_share_land,0.0,share,K1,owid_annual_area_burnt_share_land,measured,f_sensor_break;f_min_fire_size;f_zero_no_detection
MAC,Macao,country,2021,burned_area_share_land,0.0,share,K1,owid_annual_area_burnt_share_land,measured,f_sensor_break;f_min_fire_size;f_zero_no_detection
MAC,Macao,country,2022,burned_area_share_land,0.0,share,K1,owid_annual_area_burnt_share_land,measured,f_sensor_break;f_min_fire_size;f_zero_no_detection
MAC,Macao,country,2023,burned_area_share_land,0.0,share,K1,owid_annual_area_burnt_share_land,measured,f_sensor_break;f_min_fire_size;f_zero_no_detection
MAC,Macao,country,2024,burned_area_share_land,0.0,share,K1,owid_annual_area_burnt_share_land,measured,f_sensor_break;f_min_fire_size;f_zero_no_detection
MAC,Macao,country,2025,burned_area_share_land,0.0,share,K1,owid_annual_area_burnt_share_land,measured,f_sensor_break;f_min_fire_size;f_zero_no_detection
MAC,Macao,country,2026,burned_area_share_land,0.0,share,K1,owid_annual_area_burnt_share_land,measured,f_sensor_break;f_min_fire_size;f_incomplete_year;f_zero_no_detection
MAF,Saint-Martin (FR),country,2012,burned_area_share_land,0.0,share,K1,owid_annual_area_burnt_share_land,measured,f_sensor_break;f_min_fire_size;f_zero_no_detection
MAF,Saint-Martin (FR),country,2013,burned_area_share_land,0.0,share,K1,owid_annual_area_burnt_share_land,measured,f_sensor_break;f_min_fire_size;f_zero_no_detection
MAF,Saint-Martin (FR),country,2014,burned_area_share_land,0.0,share,K1,owid_annual_area_burnt_share_land,measured,f_sensor_break;f_min_fire_size;f_zero_no_detection
MAF,Saint-Martin (FR),country,2015,burned_area_share_land,0.0,share,K1,owid_annual_area_burnt_share_land,measured,f_sensor_break;f_min_fire_size;f_zero_no_detection
MAF,Saint-Martin (FR),country,2016,burned_area_share_land,0.0,share,K1,owid_annual_area_burnt_share_land,measured,f_sensor_break;f_min_fire_size;f_zero_no_detection
MAF,Saint-Martin (FR),country,2017,burned_area_share_land,0.0,share,K1,owid_annual_area_burnt_share_land,measured,f_sensor_break;f_min_fire_size;f_zero_no_detection
MAF,Saint-Martin (FR),country,2018,burned_area_share_land,0.0,share,K1,owid_annual_area_burnt_share_land,measured,f_sensor_break;f_min_fire_size;f_zero_no_detection
MAF,Saint-Martin (FR),country,2019,burned_area_share_land,0.0,share,K1,owid_annual_area_burnt_share_land,measured,f_sensor_break;f_min_fire_size;f_zero_no_detection
MAF,Saint-Martin (FR),country,2020,burned_area_share_land,0.0,share,K1,owid_annual_area_burnt_share_land,measured,f_sensor_break;f_min_fire_size;f_zero_no_detection
MAF,Saint-Martin (FR),country,2021,burned_area_share_land,0.0,share,K1,owid_annual_area_burnt_share_land,measured,f_sensor_break;f_min_fire_size;f_zero_no_detection
MAF,Saint-Martin (FR),country,2022,burned_area_share_land,0.0,share,K1,owid_annual_area_burnt_share_land,measured,f_sensor_break;f_min_fire_size;f_zero_no_detection
MAF,Saint-Martin (FR),country,2023,burned_area_share_land,0.0,share,K1,owid_annual_area_burnt_share_land,measured,f_sensor_break;f_min_fire_size;f_zero_no_detection
MAF,Saint-Martin (FR),country,2024,burned_area_share_land,0.0,share,K1,owid_annual_area_burnt_share_land,measured,f_sensor_break;f_min_fire_size;f_zero_no_detection
MAF,Saint-Martin (FR),country,2025,burned_area_share_land,0.0,share,K1,owid_annual_area_burnt_share_land,measured,f_sensor_break;f_min_fire_size;f_zero_no_detection
MAF,Saint-Martin (FR),country,2026,burned_area_share_land,0.0,share,K1,owid_annual_area_burnt_share_land,measured,f_sensor_break;f_min_fire_size;f_incomplete_year;f_zero_no_detection
MAR,Marokko,country,2012,burned_area_share_land,0.00041115,share,K1,owid_annual_area_burnt_share_land,measured,f_sensor_break;f_min_fire_size
MAR,Marokko,country,2013,burned_area_share_land,0.00016649,share,K1,owid_annual_area_burnt_share_land,measured,f_sensor_break;f_min_fire_size
MAR,Marokko,country,2014,burned_area_share_land,0.00014657,share,K1,owid_annual_area_burnt_share_land,measured,f_sensor_break;f_min_fire_size
MAR,Marokko,country,2015,burned_area_share_land,0.0001076,share,K1,owid_annual_area_burnt_share_land,measured,f_sensor_break;f_min_fire_size
MAR,Marokko,country,2016,burned_area_share_land,0.00025079,share,K1,owid_annual_area_burnt_share_land,measured,f_sensor_break;f_min_fire_size
MAR,Marokko,country,2017,burned_area_share_land,0.00021053,share,K1,owid_annual_area_burnt_share_land,measured,f_sensor_break;f_min_fire_size
MAR,Marokko,country,2018,burned_area_share_land,0.00017447,share,K1,owid_annual_area_burnt_share_land,measured,f_sensor_break;f_min_fire_size
MAR,Marokko,country,2019,burned_area_share_land,0.00026735,share,K1,owid_annual_area_burnt_share_land,measured,f_sensor_break;f_min_fire_size
MAR,Marokko,country,2020,burned_area_share_land,0.00030185,share,K1,owid_annual_area_burnt_share_land,measured,f_sensor_break;f_min_fire_size
MAR,Marokko,country,2021,burned_area_share_land,0.00022188,share,K1,owid_annual_area_burnt_share_land,measured,f_sensor_break;f_min_fire_size
MAR,Marokko,country,2022,burned_area_share_land,0.00077548,share,K1,owid_annual_area_burnt_share_land,measured,f_sensor_break;f_min_fire_size
MAR,Marokko,country,2023,burned_area_share_land,0.00036563,share,K1,owid_annual_area_burnt_share_land,measured,f_sensor_break;f_min_fire_size
MAR,Marokko,country,2024,burned_area_share_land,7.416e-05,share,K1,owid_annual_area_burnt_share_land,measured,f_sensor_break;f_min_fire_size
MAR,Marokko,country,2025,burned_area_share_land,9.716e-05,share,K1,owid_annual_area_burnt_share_land,measured,f_sensor_break;f_min_fire_size
MAR,Marokko,country,2026,burned_area_share_land,6.421e-05,share,K1,owid_annual_area_burnt_share_land,measured,f_sensor_break;f_min_fire_size;f_incomplete_year
MCO,Monaco,country,2012,burned_area_share_land,0.0,share,K1,owid_annual_area_burnt_share_land,measured,f_sensor_break;f_min_fire_size;f_zero_no_detection
MCO,Monaco,country,2013,burned_area_share_land,0.0,share,K1,owid_annual_area_burnt_share_land,measured,f_sensor_break;f_min_fire_size;f_zero_no_detection
MCO,Monaco,country,2014,burned_area_share_land,0.0,share,K1,owid_annual_area_burnt_share_land,measured,f_sensor_break;f_min_fire_size;f_zero_no_detection
MCO,Monaco,country,2015,burned_area_share_land,0.0,share,K1,owid_annual_area_burnt_share_land,measured,f_sensor_break;f_min_fire_size;f_zero_no_detection
MCO,Monaco,country,2016,burned_area_share_land,0.0,share,K1,owid_annual_area_burnt_share_land,measured,f_sensor_break;f_min_fire_size;f_zero_no_detection
MCO,Monaco,country,2017,burned_area_share_land,0.0,share,K1,owid_annual_area_burnt_share_land,measured,f_sensor_break;f_min_fire_size;f_zero_no_detection
MCO,Monaco,country,2018,burned_area_share_land,0.0,share,K1,owid_annual_area_burnt_share_land,measured,f_sensor_break;f_min_fire_size;f_zero_no_detection
MCO,Monaco,country,2019,burned_area_share_land,0.0,share,K1,owid_annual_area_burnt_share_land,measured,f_sensor_break;f_min_fire_size;f_zero_no_detection
MCO,Monaco,country,2020,burned_area_share_land,0.0,share,K1,owid_annual_area_burnt_share_land,measured,f_sensor_break;f_min_fire_size;f_zero_no_detection
MCO,Monaco,country,2021,burned_area_share_land,0.0,share,K1,owid_annual_area_burnt_share_land,measured,f_sensor_break;f_min_fire_size;f_zero_no_detection
MCO,Monaco,country,2022,burned_area_share_land,0.0,share,K1,owid_annual_area_burnt_share_land,measured,f_sensor_break;f_min_fire_size;f_zero_no_detection
MCO,Monaco,country,2023,burned_area_share_land,0.0,share,K1,owid_annual_area_burnt_share_land,measured,f_sensor_break;f_min_fire_size;f_zero_no_detection
MCO,Monaco,country,2024,burned_area_share_land,0.0,share,K1,owid_annual_area_burnt_share_land,measured,f_sensor_break;f_min_fire_size;f_zero_no_detection
MCO,Monaco,country,2025,burned_area_share_land,0.0,share,K1,owid_annual_area_burnt_share_land,measured,f_sensor_break;f_min_fire_size;f_zero_no_detection
MCO,Monaco,country,2026,burned_area_share_land,0.0,share,K1,owid_annual_area_burnt_share_land,measured,f_sensor_break;f_min_fire_size;f_incomplete_year;f_zero_no_detection
MDA,Moldova,country,2012,burned_area_share_land,0.00357539,share,K1,owid_annual_area_burnt_share_land,measured,f_sensor_break;f_min_fire_size
MDA,Moldova,country,2013,burned_area_share_land,0.00823817,share,K1,owid_annual_area_burnt_share_land,measured,f_sensor_break;f_min_fire_size
MDA,Moldova,country,2014,burned_area_share_land,0.01798715,share,K1,owid_annual_area_burnt_share_land,measured,f_sensor_break;f_min_fire_size
MDA,Moldova,country,2015,burned_area_share_land,0.01033709,share,K1,owid_annual_area_burnt_share_land,measured,f_sensor_break;f_min_fire_size
MDA,Moldova,country,2016,burned_area_share_land,0.01530583,share,K1,owid_annual_area_burnt_share_land,measured,f_sensor_break;f_min_fire_size
MDA,Moldova,country,2017,burned_area_share_land,0.00898047,share,K1,owid_annual_area_burnt_share_land,measured,f_sensor_break;f_min_fire_size
MDA,Moldova,country,2018,burned_area_share_land,0.00609529,share,K1,owid_annual_area_burnt_share_land,measured,f_sensor_break;f_min_fire_size
MDA,Moldova,country,2019,burned_area_share_land,0.00385695,share,K1,owid_annual_area_burnt_share_land,measured,f_sensor_break;f_min_fire_size
MDA,Moldova,country,2020,burned_area_share_land,0.00321041,share,K1,owid_annual_area_burnt_share_land,measured,f_sensor_break;f_min_fire_size
MDA,Moldova,country,2021,burned_area_share_land,0.00576043,share,K1,owid_annual_area_burnt_share_land,measured,f_sensor_break;f_min_fire_size
MDA,Moldova,country,2022,burned_area_share_land,0.00955956,share,K1,owid_annual_area_burnt_share_land,measured,f_sensor_break;f_min_fire_size
MDA,Moldova,country,2023,burned_area_share_land,0.001883,share,K1,owid_annual_area_burnt_share_land,measured,f_sensor_break;f_min_fire_size
MDA,Moldova,country,2024,burned_area_share_land,0.00068569,share,K1,owid_annual_area_burnt_share_land,measured,f_sensor_break;f_min_fire_size
MDA,Moldova,country,2025,burned_area_share_land,0.00068388,share,K1,owid_annual_area_burnt_share_land,measured,f_sensor_break;f_min_fire_size
MDA,Moldova,country,2026,burned_area_share_land,0.00021742,share,K1,owid_annual_area_burnt_share_land,measured,f_sensor_break;f_min_fire_size;f_incomplete_year
MDG,Madagaskar,country,2012,burned_area_share_land,0.08386414,share,K1,owid_annual_area_burnt_share_land,measured,f_sensor_break;f_min_fire_size
MDG,Madagaskar,country,2013,burned_area_share_land,0.10530223,share,K1,owid_annual_area_burnt_share_land,measured,f_sensor_break;f_min_fire_size
MDG,Madagaskar,country,2014,burned_area_share_land,0.08223987,share,K1,owid_annual_area_burnt_share_land,measured,f_sensor_break;f_min_fire_size
MDG,Madagaskar,country,2015,burned_area_share_land,0.08450613,share,K1,owid_annual_area_burnt_share_land,measured,f_sensor_break;f_min_fire_size
MDG,Madagaskar,country,2016,burned_area_share_land,0.10727843,share,K1,owid_annual_area_burnt_share_land,measured,f_sensor_break;f_min_fire_size
MDG,Madagaskar,country,2017,burned_area_share_land,0.07975361,share,K1,owid_annual_area_burnt_share_land,measured,f_sensor_break;f_min_fire_size
MDG,Madagaskar,country,2018,burned_area_share_land,0.09062326,share,K1,owid_annual_area_burnt_share_land,measured,f_sensor_break;f_min_fire_size
MDG,Madagaskar,country,2019,burned_area_share_land,0.07629932,share,K1,owid_annual_area_burnt_share_land,measured,f_sensor_break;f_min_fire_size
MDG,Madagaskar,country,2020,burned_area_share_land,0.09317004,share,K1,owid_annual_area_burnt_share_land,measured,f_sensor_break;f_min_fire_size
MDG,Madagaskar,country,2021,burned_area_share_land,0.07529395,share,K1,owid_annual_area_burnt_share_land,measured,f_sensor_break;f_min_fire_size
MDG,Madagaskar,country,2022,burned_area_share_land,0.0689473,share,K1,owid_annual_area_burnt_share_land,measured,f_sensor_break;f_min_fire_size
MDG,Madagaskar,country,2023,burned_area_share_land,0.06898082,share,K1,owid_annual_area_burnt_share_land,measured,f_sensor_break;f_min_fire_size
MDG,Madagaskar,country,2024,burned_area_share_land,0.0649133,share,K1,owid_annual_area_burnt_share_land,measured,f_sensor_break;f_min_fire_size
MDG,Madagaskar,country,2025,burned_area_share_land,0.04460215,share,K1,owid_annual_area_burnt_share_land,measured,f_sensor_break;f_min_fire_size
MDG,Madagaskar,country,2026,burned_area_share_land,0.01159001,share,K1,owid_annual_area_burnt_share_land,measured,f_sensor_break;f_min_fire_size;f_incomplete_year
MDV,Maldivene,country,2012,burned_area_share_land,0.0,share,K1,owid_annual_area_burnt_share_land,measured,f_sensor_break;f_min_fire_size;f_zero_no_detection
MDV,Maldivene,country,2013,burned_area_share_land,0.0,share,K1,owid_annual_area_burnt_share_land,measured,f_sensor_break;f_min_fire_size;f_zero_no_detection
MDV,Maldivene,country,2014,burned_area_share_land,0.0,share,K1,owid_annual_area_burnt_share_land,measured,f_sensor_break;f_min_fire_size;f_zero_no_detection
MDV,Maldivene,country,2015,burned_area_share_land,0.0,share,K1,owid_annual_area_burnt_share_land,measured,f_sensor_break;f_min_fire_size;f_zero_no_detection
MDV,Maldivene,country,2016,burned_area_share_land,0.0,share,K1,owid_annual_area_burnt_share_land,measured,f_sensor_break;f_min_fire_size;f_zero_no_detection
MDV,Maldivene,country,2017,burned_area_share_land,0.0,share,K1,owid_annual_area_burnt_share_land,measured,f_sensor_break;f_min_fire_size;f_zero_no_detection
MDV,Maldivene,country,2018,burned_area_share_land,0.0,share,K1,owid_annual_area_burnt_share_land,measured,f_sensor_break;f_min_fire_size;f_zero_no_detection
MDV,Maldivene,country,2019,burned_area_share_land,0.0,share,K1,owid_annual_area_burnt_share_land,measured,f_sensor_break;f_min_fire_size;f_zero_no_detection
MDV,Maldivene,country,2020,burned_area_share_land,0.0,share,K1,owid_annual_area_burnt_share_land,measured,f_sensor_break;f_min_fire_size;f_zero_no_detection
MDV,Maldivene,country,2021,burned_area_share_land,0.0,share,K1,owid_annual_area_burnt_share_land,measured,f_sensor_break;f_min_fire_size;f_zero_no_detection
MDV,Maldivene,country,2022,burned_area_share_land,0.0,share,K1,owid_annual_area_burnt_share_land,measured,f_sensor_break;f_min_fire_size;f_zero_no_detection
MDV,Maldivene,country,2023,burned_area_share_land,0.0,share,K1,owid_annual_area_burnt_share_land,measured,f_sensor_break;f_min_fire_size;f_zero_no_detection
MDV,Maldivene,country,2024,burned_area_share_land,0.0,share,K1,owid_annual_area_burnt_share_land,measured,f_sensor_break;f_min_fire_size;f_zero_no_detection
MDV,Maldivene,country,2025,burned_area_share_land,0.0,share,K1,owid_annual_area_burnt_share_land,measured,f_sensor_break;f_min_fire_size;f_zero_no_detection
MDV,Maldivene,country,2026,burned_area_share_land,0.0,share,K1,owid_annual_area_burnt_share_land,measured,f_sensor_break;f_min_fire_size;f_incomplete_year;f_zero_no_detection
MEX,Mexico,country,2012,burned_area_share_land,0.02384347,share,K1,owid_annual_area_burnt_share_land,measured,f_sensor_break;f_min_fire_size
MEX,Mexico,country,2013,burned_area_share_land,0.02987831,share,K1,owid_annual_area_burnt_share_land,measured,f_sensor_break;f_min_fire_size
MEX,Mexico,country,2014,burned_area_share_land,0.01035127,share,K1,owid_annual_area_burnt_share_land,measured,f_sensor_break;f_min_fire_size
MEX,Mexico,country,2015,burned_area_share_land,0.01580246,share,K1,owid_annual_area_burnt_share_land,measured,f_sensor_break;f_min_fire_size
MEX,Mexico,country,2016,burned_area_share_land,0.02201598,share,K1,owid_annual_area_burnt_share_land,measured,f_sensor_break;f_min_fire_size
MEX,Mexico,country,2017,burned_area_share_land,0.03138259,share,K1,owid_annual_area_burnt_share_land,measured,f_sensor_break;f_min_fire_size
MEX,Mexico,country,2018,burned_area_share_land,0.01987364,share,K1,owid_annual_area_burnt_share_land,measured,f_sensor_break;f_min_fire_size
MEX,Mexico,country,2019,burned_area_share_land,0.03152292,share,K1,owid_annual_area_burnt_share_land,measured,f_sensor_break;f_min_fire_size
MEX,Mexico,country,2020,burned_area_share_land,0.02216828,share,K1,owid_annual_area_burnt_share_land,measured,f_sensor_break;f_min_fire_size
MEX,Mexico,country,2021,burned_area_share_land,0.02274477,share,K1,owid_annual_area_burnt_share_land,measured,f_sensor_break;f_min_fire_size
MEX,Mexico,country,2022,burned_area_share_land,0.02251119,share,K1,owid_annual_area_burnt_share_land,measured,f_sensor_break;f_min_fire_size
MEX,Mexico,country,2023,burned_area_share_land,0.02318136,share,K1,owid_annual_area_burnt_share_land,measured,f_sensor_break;f_min_fire_size
MEX,Mexico,country,2024,burned_area_share_land,0.02049452,share,K1,owid_annual_area_burnt_share_land,measured,f_sensor_break;f_min_fire_size
MEX,Mexico,country,2025,burned_area_share_land,0.01269245,share,K1,owid_annual_area_burnt_share_land,measured,f_sensor_break;f_min_fire_size
MEX,Mexico,country,2026,burned_area_share_land,0.00646017,share,K1,owid_annual_area_burnt_share_land,measured,f_sensor_break;f_min_fire_size;f_incomplete_year
MHL,Marshalløyene,country,2012,burned_area_share_land,0.0,share,K1,owid_annual_area_burnt_share_land,measured,f_sensor_break;f_min_fire_size;f_zero_no_detection
MHL,Marshalløyene,country,2013,burned_area_share_land,0.0,share,K1,owid_annual_area_burnt_share_land,measured,f_sensor_break;f_min_fire_size;f_zero_no_detection
MHL,Marshalløyene,country,2014,burned_area_share_land,0.0,share,K1,owid_annual_area_burnt_share_land,measured,f_sensor_break;f_min_fire_size;f_zero_no_detection
MHL,Marshalløyene,country,2015,burned_area_share_land,0.0,share,K1,owid_annual_area_burnt_share_land,measured,f_sensor_break;f_min_fire_size;f_zero_no_detection
MHL,Marshalløyene,country,2016,burned_area_share_land,0.0,share,K1,owid_annual_area_burnt_share_land,measured,f_sensor_break;f_min_fire_size;f_zero_no_detection
MHL,Marshalløyene,country,2017,burned_area_share_land,0.0,share,K1,owid_annual_area_burnt_share_land,measured,f_sensor_break;f_min_fire_size;f_zero_no_detection
MHL,Marshalløyene,country,2018,burned_area_share_land,0.0,share,K1,owid_annual_area_burnt_share_land,measured,f_sensor_break;f_min_fire_size;f_zero_no_detection
MHL,Marshalløyene,country,2019,burned_area_share_land,0.0,share,K1,owid_annual_area_burnt_share_land,measured,f_sensor_break;f_min_fire_size;f_zero_no_detection
MHL,Marshalløyene,country,2020,burned_area_share_land,0.0,share,K1,owid_annual_area_burnt_share_land,measured,f_sensor_break;f_min_fire_size;f_zero_no_detection
MHL,Marshalløyene,country,2021,burned_area_share_land,0.0,share,K1,owid_annual_area_burnt_share_land,measured,f_sensor_break;f_min_fire_size;f_zero_no_detection
MHL,Marshalløyene,country,2022,burned_area_share_land,0.0,share,K1,owid_annual_area_burnt_share_land,measured,f_sensor_break;f_min_fire_size;f_zero_no_detection
MHL,Marshalløyene,country,2023,burned_area_share_land,0.0,share,K1,owid_annual_area_burnt_share_land,measured,f_sensor_break;f_min_fire_size;f_zero_no_detection
MHL,Marshalløyene,country,2024,burned_area_share_land,0.0,share,K1,owid_annual_area_burnt_share_land,measured,f_sensor_break;f_min_fire_size;f_zero_no_detection
MHL,Marshalløyene,country,2025,burned_area_share_land,0.0,share,K1,owid_annual_area_burnt_share_land,measured,f_sensor_break;f_min_fire_size;f_zero_no_detection
MHL,Marshalløyene,country,2026,burned_area_share_land,0.0,share,K1,owid_annual_area_burnt_share_land,measured,f_sensor_break;f_min_fire_size;f_incomplete_year;f_zero_no_detection
MKD,Nord-Makedonia,country,2012,burned_area_share_land,0.02075284,share,K1,owid_annual_area_burnt_share_land,measured,f_sensor_break;f_min_fire_size
MKD,Nord-Makedonia,country,2013,burned_area_share_land,0.00871011,share,K1,owid_annual_area_burnt_share_land,measured,f_sensor_break;f_min_fire_size
MKD,Nord-Makedonia,country,2014,burned_area_share_land,0.0035964,share,K1,owid_annual_area_burnt_share_land,measured,f_sensor_break;f_min_fire_size
MKD,Nord-Makedonia,country,2015,burned_area_share_land,0.00958293,share,K1,owid_annual_area_burnt_share_land,measured,f_sensor_break;f_min_fire_size
MKD,Nord-Makedonia,country,2016,burned_area_share_land,0.00513063,share,K1,owid_annual_area_burnt_share_land,measured,f_sensor_break;f_min_fire_size
MKD,Nord-Makedonia,country,2017,burned_area_share_land,0.01962648,share,K1,owid_annual_area_burnt_share_land,measured,f_sensor_break;f_min_fire_size
MKD,Nord-Makedonia,country,2018,burned_area_share_land,0.00643376,share,K1,owid_annual_area_burnt_share_land,measured,f_sensor_break;f_min_fire_size
MKD,Nord-Makedonia,country,2019,burned_area_share_land,0.02152133,share,K1,owid_annual_area_burnt_share_land,measured,f_sensor_break;f_min_fire_size
MKD,Nord-Makedonia,country,2020,burned_area_share_land,0.0038153,share,K1,owid_annual_area_burnt_share_land,measured,f_sensor_break;f_min_fire_size
MKD,Nord-Makedonia,country,2021,burned_area_share_land,0.01054079,share,K1,owid_annual_area_burnt_share_land,measured,f_sensor_break;f_min_fire_size
MKD,Nord-Makedonia,country,2022,burned_area_share_land,0.00425663,share,K1,owid_annual_area_burnt_share_land,measured,f_sensor_break;f_min_fire_size
MKD,Nord-Makedonia,country,2023,burned_area_share_land,0.00863058,share,K1,owid_annual_area_burnt_share_land,measured,f_sensor_break;f_min_fire_size
MKD,Nord-Makedonia,country,2024,burned_area_share_land,0.03335186,share,K1,owid_annual_area_burnt_share_land,measured,f_sensor_break;f_min_fire_size
MKD,Nord-Makedonia,country,2025,burned_area_share_land,0.01256438,share,K1,owid_annual_area_burnt_share_land,measured,f_sensor_break;f_min_fire_size
MKD,Nord-Makedonia,country,2026,burned_area_share_land,0.00088896,share,K1,owid_annual_area_burnt_share_land,measured,f_sensor_break;f_min_fire_size;f_incomplete_year
MLI,Mali,country,2012,burned_area_share_land,0.02241456,share,K1,owid_annual_area_burnt_share_land,measured,f_sensor_break;f_min_fire_size
MLI,Mali,country,2013,burned_area_share_land,0.03033655,share,K1,owid_annual_area_burnt_share_land,measured,f_sensor_break;f_min_fire_size
MLI,Mali,country,2014,burned_area_share_land,0.02624317,share,K1,owid_annual_area_burnt_share_land,measured,f_sensor_break;f_min_fire_size
MLI,Mali,country,2015,burned_area_share_land,0.02399781,share,K1,owid_annual_area_burnt_share_land,measured,f_sensor_break;f_min_fire_size
MLI,Mali,country,2016,burned_area_share_land,0.03058448,share,K1,owid_annual_area_burnt_share_land,measured,f_sensor_break;f_min_fire_size
MLI,Mali,country,2017,burned_area_share_land,0.03040649,share,K1,owid_annual_area_burnt_share_land,measured,f_sensor_break;f_min_fire_size
MLI,Mali,country,2018,burned_area_share_land,0.01351091,share,K1,owid_annual_area_burnt_share_land,measured,f_sensor_break;f_min_fire_size
MLI,Mali,country,2019,burned_area_share_land,0.02475724,share,K1,owid_annual_area_burnt_share_land,measured,f_sensor_break;f_min_fire_size
MLI,Mali,country,2020,burned_area_share_land,0.03112049,share,K1,owid_annual_area_burnt_share_land,measured,f_sensor_break;f_min_fire_size
MLI,Mali,country,2021,burned_area_share_land,0.03263664,share,K1,owid_annual_area_burnt_share_land,measured,f_sensor_break;f_min_fire_size
MLI,Mali,country,2022,burned_area_share_land,0.02988861,share,K1,owid_annual_area_burnt_share_land,measured,f_sensor_break;f_min_fire_size
MLI,Mali,country,2023,burned_area_share_land,0.03236357,share,K1,owid_annual_area_burnt_share_land,measured,f_sensor_break;f_min_fire_size
MLI,Mali,country,2024,burned_area_share_land,0.02858445,share,K1,owid_annual_area_burnt_share_land,measured,f_sensor_break;f_min_fire_size
MLI,Mali,country,2025,burned_area_share_land,0.02720917,share,K1,owid_annual_area_burnt_share_land,measured,f_sensor_break;f_min_fire_size
MLI,Mali,country,2026,burned_area_share_land,0.01188649,share,K1,owid_annual_area_burnt_share_land,measured,f_sensor_break;f_min_fire_size;f_incomplete_year
MLT,Malta,country,2012,burned_area_share_land,0.0,share,K1,owid_annual_area_burnt_share_land,measured,f_sensor_break;f_min_fire_size;f_zero_no_detection
MLT,Malta,country,2013,burned_area_share_land,0.0,share,K1,owid_annual_area_burnt_share_land,measured,f_sensor_break;f_min_fire_size;f_zero_no_detection
MLT,Malta,country,2014,burned_area_share_land,0.0,share,K1,owid_annual_area_burnt_share_land,measured,f_sensor_break;f_min_fire_size;f_zero_no_detection
MLT,Malta,country,2015,burned_area_share_land,0.0,share,K1,owid_annual_area_burnt_share_land,measured,f_sensor_break;f_min_fire_size;f_zero_no_detection
MLT,Malta,country,2016,burned_area_share_land,0.0,share,K1,owid_annual_area_burnt_share_land,measured,f_sensor_break;f_min_fire_size;f_zero_no_detection
MLT,Malta,country,2017,burned_area_share_land,0.0,share,K1,owid_annual_area_burnt_share_land,measured,f_sensor_break;f_min_fire_size;f_zero_no_detection
MLT,Malta,country,2018,burned_area_share_land,0.0,share,K1,owid_annual_area_burnt_share_land,measured,f_sensor_break;f_min_fire_size;f_zero_no_detection
MLT,Malta,country,2019,burned_area_share_land,0.0,share,K1,owid_annual_area_burnt_share_land,measured,f_sensor_break;f_min_fire_size;f_zero_no_detection
MLT,Malta,country,2020,burned_area_share_land,0.00635477,share,K1,owid_annual_area_burnt_share_land,measured,f_sensor_break;f_min_fire_size
MLT,Malta,country,2021,burned_area_share_land,0.0,share,K1,owid_annual_area_burnt_share_land,measured,f_sensor_break;f_min_fire_size;f_zero_no_detection
MLT,Malta,country,2022,burned_area_share_land,0.0,share,K1,owid_annual_area_burnt_share_land,measured,f_sensor_break;f_min_fire_size;f_zero_no_detection
MLT,Malta,country,2023,burned_area_share_land,0.0,share,K1,owid_annual_area_burnt_share_land,measured,f_sensor_break;f_min_fire_size;f_zero_no_detection
MLT,Malta,country,2024,burned_area_share_land,0.0,share,K1,owid_annual_area_burnt_share_land,measured,f_sensor_break;f_min_fire_size;f_zero_no_detection
MLT,Malta,country,2025,burned_area_share_land,0.0,share,K1,owid_annual_area_burnt_share_land,measured,f_sensor_break;f_min_fire_size;f_zero_no_detection
MLT,Malta,country,2026,burned_area_share_land,0.0,share,K1,owid_annual_area_burnt_share_land,measured,f_sensor_break;f_min_fire_size;f_incomplete_year;f_zero_no_detection
MMR,Myanmar,country,2012,burned_area_share_land,0.12066887,share,K1,owid_annual_area_burnt_share_land,measured,f_sensor_break;f_min_fire_size
MMR,Myanmar,country,2013,burned_area_share_land,0.12265366,share,K1,owid_annual_area_burnt_share_land,measured,f_sensor_break;f_min_fire_size
MMR,Myanmar,country,2014,burned_area_share_land,0.12436265,share,K1,owid_annual_area_burnt_share_land,measured,f_sensor_break;f_min_fire_size
MMR,Myanmar,country,2015,burned_area_share_land,0.10442682,share,K1,owid_annual_area_burnt_share_land,measured,f_sensor_break;f_min_fire_size
MMR,Myanmar,country,2016,burned_area_share_land,0.09444955,share,K1,owid_annual_area_burnt_share_land,measured,f_sensor_break;f_min_fire_size
MMR,Myanmar,country,2017,burned_area_share_land,0.08177594,share,K1,owid_annual_area_burnt_share_land,measured,f_sensor_break;f_min_fire_size
MMR,Myanmar,country,2018,burned_area_share_land,0.05599353,share,K1,owid_annual_area_burnt_share_land,measured,f_sensor_break;f_min_fire_size
MMR,Myanmar,country,2019,burned_area_share_land,0.10499697,share,K1,owid_annual_area_burnt_share_land,measured,f_sensor_break;f_min_fire_size
MMR,Myanmar,country,2020,burned_area_share_land,0.12347023,share,K1,owid_annual_area_burnt_share_land,measured,f_sensor_break;f_min_fire_size
MMR,Myanmar,country,2021,burned_area_share_land,0.1057328,share,K1,owid_annual_area_burnt_share_land,measured,f_sensor_break;f_min_fire_size
MMR,Myanmar,country,2022,burned_area_share_land,0.06675489,share,K1,owid_annual_area_burnt_share_land,measured,f_sensor_break;f_min_fire_size
MMR,Myanmar,country,2023,burned_area_share_land,0.12039317,share,K1,owid_annual_area_burnt_share_land,measured,f_sensor_break;f_min_fire_size
MMR,Myanmar,country,2024,burned_area_share_land,0.08052324,share,K1,owid_annual_area_burnt_share_land,measured,f_sensor_break;f_min_fire_size
MMR,Myanmar,country,2025,burned_area_share_land,0.07175097,share,K1,owid_annual_area_burnt_share_land,measured,f_sensor_break;f_min_fire_size
MMR,Myanmar,country,2026,burned_area_share_land,0.06544418,share,K1,owid_annual_area_burnt_share_land,measured,f_sensor_break;f_min_fire_size;f_incomplete_year
MNE,Montenegro,country,2012,burned_area_share_land,0.07011147,share,K1,owid_annual_area_burnt_share_land,measured,f_sensor_break;f_min_fire_size
MNE,Montenegro,country,2013,burned_area_share_land,0.00408906,share,K1,owid_annual_area_burnt_share_land,measured,f_sensor_break;f_min_fire_size
MNE,Montenegro,country,2014,burned_area_share_land,0.00123738,share,K1,owid_annual_area_burnt_share_land,measured,f_sensor_break;f_min_fire_size
MNE,Montenegro,country,2015,burned_area_share_land,0.0295255,share,K1,owid_annual_area_burnt_share_land,measured,f_sensor_break;f_min_fire_size
MNE,Montenegro,country,2016,burned_area_share_land,0.0104951,share,K1,owid_annual_area_burnt_share_land,measured,f_sensor_break;f_min_fire_size
MNE,Montenegro,country,2017,burned_area_share_land,0.06863669,share,K1,owid_annual_area_burnt_share_land,measured,f_sensor_break;f_min_fire_size
MNE,Montenegro,country,2018,burned_area_share_land,0.00525558,share,K1,owid_annual_area_burnt_share_land,measured,f_sensor_break;f_min_fire_size
MNE,Montenegro,country,2019,burned_area_share_land,0.01485442,share,K1,owid_annual_area_burnt_share_land,measured,f_sensor_break;f_min_fire_size
MNE,Montenegro,country,2020,burned_area_share_land,0.02934654,share,K1,owid_annual_area_burnt_share_land,measured,f_sensor_break;f_min_fire_size
MNE,Montenegro,country,2021,burned_area_share_land,0.043583,share,K1,owid_annual_area_burnt_share_land,measured,f_sensor_break;f_min_fire_size
MNE,Montenegro,country,2022,burned_area_share_land,0.02328162,share,K1,owid_annual_area_burnt_share_land,measured,f_sensor_break;f_min_fire_size
MNE,Montenegro,country,2023,burned_area_share_land,0.0,share,K1,owid_annual_area_burnt_share_land,measured,f_sensor_break;f_min_fire_size;f_zero_no_detection
MNE,Montenegro,country,2024,burned_area_share_land,0.01615462,share,K1,owid_annual_area_burnt_share_land,measured,f_sensor_break;f_min_fire_size
MNE,Montenegro,country,2025,burned_area_share_land,0.01983755,share,K1,owid_annual_area_burnt_share_land,measured,f_sensor_break;f_min_fire_size
MNE,Montenegro,country,2026,burned_area_share_land,0.0039773,share,K1,owid_annual_area_burnt_share_land,measured,f_sensor_break;f_min_fire_size;f_incomplete_year
MNG,Mongolia,country,2012,burned_area_share_land,0.00534356,share,K1,owid_annual_area_burnt_share_land,measured,f_sensor_break;f_min_fire_size
MNG,Mongolia,country,2013,burned_area_share_land,0.00138878,share,K1,owid_annual_area_burnt_share_land,measured,f_sensor_break;f_min_fire_size
MNG,Mongolia,country,2014,burned_area_share_land,0.00230713,share,K1,owid_annual_area_burnt_share_land,measured,f_sensor_break;f_min_fire_size
MNG,Mongolia,country,2015,burned_area_share_land,0.00573518,share,K1,owid_annual_area_burnt_share_land,measured,f_sensor_break;f_min_fire_size
MNG,Mongolia,country,2016,burned_area_share_land,0.00108275,share,K1,owid_annual_area_burnt_share_land,measured,f_sensor_break;f_min_fire_size
MNG,Mongolia,country,2017,burned_area_share_land,0.00175512,share,K1,owid_annual_area_burnt_share_land,measured,f_sensor_break;f_min_fire_size
MNG,Mongolia,country,2018,burned_area_share_land,0.00037388,share,K1,owid_annual_area_burnt_share_land,measured,f_sensor_break;f_min_fire_size
MNG,Mongolia,country,2019,burned_area_share_land,0.00058316,share,K1,owid_annual_area_burnt_share_land,measured,f_sensor_break;f_min_fire_size
MNG,Mongolia,country,2020,burned_area_share_land,0.00014448,share,K1,owid_annual_area_burnt_share_land,measured,f_sensor_break;f_min_fire_size
MNG,Mongolia,country,2021,burned_area_share_land,0.00019051,share,K1,owid_annual_area_burnt_share_land,measured,f_sensor_break;f_min_fire_size
MNG,Mongolia,country,2022,burned_area_share_land,0.0012177,share,K1,owid_annual_area_burnt_share_land,measured,f_sensor_break;f_min_fire_size
MNG,Mongolia,country,2023,burned_area_share_land,0.00138887,share,K1,owid_annual_area_burnt_share_land,measured,f_sensor_break;f_min_fire_size
MNG,Mongolia,country,2024,burned_area_share_land,0.00027553,share,K1,owid_annual_area_burnt_share_land,measured,f_sensor_break;f_min_fire_size
MNG,Mongolia,country,2025,burned_area_share_land,0.00090827,share,K1,owid_annual_area_burnt_share_land,measured,f_sensor_break;f_min_fire_size
MNG,Mongolia,country,2026,burned_area_share_land,0.00038636,share,K1,owid_annual_area_burnt_share_land,measured,f_sensor_break;f_min_fire_size;f_incomplete_year
MNP,Nord-Marianene,country,2012,burned_area_share_land,0.01496914,share,K1,owid_annual_area_burnt_share_land,measured,f_sensor_break;f_min_fire_size
MNP,Nord-Marianene,country,2013,burned_area_share_land,0.01420411,share,K1,owid_annual_area_burnt_share_land,measured,f_sensor_break;f_min_fire_size
MNP,Nord-Marianene,country,2014,burned_area_share_land,0.0,share,K1,owid_annual_area_burnt_share_land,measured,f_sensor_break;f_min_fire_size;f_zero_no_detection
MNP,Nord-Marianene,country,2015,burned_area_share_land,0.0,share,K1,owid_annual_area_burnt_share_land,measured,f_sensor_break;f_min_fire_size;f_zero_no_detection
MNP,Nord-Marianene,country,2016,burned_area_share_land,0.02126791,share,K1,owid_annual_area_burnt_share_land,measured,f_sensor_break;f_min_fire_size
MNP,Nord-Marianene,country,2017,burned_area_share_land,0.00905289,share,K1,owid_annual_area_burnt_share_land,measured,f_sensor_break;f_min_fire_size
MNP,Nord-Marianene,country,2018,burned_area_share_land,0.01677972,share,K1,owid_annual_area_burnt_share_land,measured,f_sensor_break;f_min_fire_size
MNP,Nord-Marianene,country,2019,burned_area_share_land,0.02896925,share,K1,owid_annual_area_burnt_share_land,measured,f_sensor_break;f_min_fire_size
MNP,Nord-Marianene,country,2020,burned_area_share_land,0.00902739,share,K1,owid_annual_area_burnt_share_land,measured,f_sensor_break;f_min_fire_size
MNP,Nord-Marianene,country,2021,burned_area_share_land,0.01320957,share,K1,owid_annual_area_burnt_share_land,measured,f_sensor_break;f_min_fire_size
MNP,Nord-Marianene,country,2022,burned_area_share_land,0.0,share,K1,owid_annual_area_burnt_share_land,measured,f_sensor_break;f_min_fire_size;f_zero_no_detection
MNP,Nord-Marianene,country,2023,burned_area_share_land,0.00515122,share,K1,owid_annual_area_burnt_share_land,measured,f_sensor_break;f_min_fire_size
MNP,Nord-Marianene,country,2024,burned_area_share_land,0.00678329,share,K1,owid_annual_area_burnt_share_land,measured,f_sensor_break;f_min_fire_size
MNP,Nord-Marianene,country,2025,burned_area_share_land,0.0,share,K1,owid_annual_area_burnt_share_land,measured,f_sensor_break;f_min_fire_size;f_zero_no_detection
MNP,Nord-Marianene,country,2026,burned_area_share_land,0.0,share,K1,owid_annual_area_burnt_share_land,measured,f_sensor_break;f_min_fire_size;f_incomplete_year;f_zero_no_detection
MOZ,Mosambik,country,2012,burned_area_share_land,0.2448579,share,K1,owid_annual_area_burnt_share_land,measured,f_sensor_break;f_min_fire_size
MOZ,Mosambik,country,2013,burned_area_share_land,0.248198,share,K1,owid_annual_area_burnt_share_land,measured,f_sensor_break;f_min_fire_size
MOZ,Mosambik,country,2014,burned_area_share_land,0.25872359,share,K1,owid_annual_area_burnt_share_land,measured,f_sensor_break;f_min_fire_size
MOZ,Mosambik,country,2015,burned_area_share_land,0.25032988,share,K1,owid_annual_area_burnt_share_land,measured,f_sensor_break;f_min_fire_size
MOZ,Mosambik,country,2016,burned_area_share_land,0.22028236,share,K1,owid_annual_area_burnt_share_land,measured,f_sensor_break;f_min_fire_size
MOZ,Mosambik,country,2017,burned_area_share_land,0.22238101,share,K1,owid_annual_area_burnt_share_land,measured,f_sensor_break;f_min_fire_size
MOZ,Mosambik,country,2018,burned_area_share_land,0.23837035,share,K1,owid_annual_area_burnt_share_land,measured,f_sensor_break;f_min_fire_size
MOZ,Mosambik,country,2019,burned_area_share_land,0.24632056,share,K1,owid_annual_area_burnt_share_land,measured,f_sensor_break;f_min_fire_size
MOZ,Mosambik,country,2020,burned_area_share_land,0.21968393,share,K1,owid_annual_area_burnt_share_land,measured,f_sensor_break;f_min_fire_size
MOZ,Mosambik,country,2021,burned_area_share_land,0.23513105,share,K1,owid_annual_area_burnt_share_land,measured,f_sensor_break;f_min_fire_size
MOZ,Mosambik,country,2022,burned_area_share_land,0.20874233,share,K1,owid_annual_area_burnt_share_land,measured,f_sensor_break;f_min_fire_size
MOZ,Mosambik,country,2023,burned_area_share_land,0.21112646,share,K1,owid_annual_area_burnt_share_land,measured,f_sensor_break;f_min_fire_size
MOZ,Mosambik,country,2024,burned_area_share_land,0.17769314,share,K1,owid_annual_area_burnt_share_land,measured,f_sensor_break;f_min_fire_size
MOZ,Mosambik,country,2025,burned_area_share_land,0.14611616,share,K1,owid_annual_area_burnt_share_land,measured,f_sensor_break;f_min_fire_size
MOZ,Mosambik,country,2026,burned_area_share_land,0.00998694,share,K1,owid_annual_area_burnt_share_land,measured,f_sensor_break;f_min_fire_size;f_incomplete_year
MRT,Mauritania,country,2012,burned_area_share_land,0.00087125,share,K1,owid_annual_area_burnt_share_land,measured,f_sensor_break;f_min_fire_size
MRT,Mauritania,country,2013,burned_area_share_land,0.00084145,share,K1,owid_annual_area_burnt_share_land,measured,f_sensor_break;f_min_fire_size
MRT,Mauritania,country,2014,burned_area_share_land,0.00027418,share,K1,owid_annual_area_burnt_share_land,measured,f_sensor_break;f_min_fire_size
MRT,Mauritania,country,2015,burned_area_share_land,0.00016291,share,K1,owid_annual_area_burnt_share_land,measured,f_sensor_break;f_min_fire_size
MRT,Mauritania,country,2016,burned_area_share_land,0.00058771,share,K1,owid_annual_area_burnt_share_land,measured,f_sensor_break;f_min_fire_size
MRT,Mauritania,country,2017,burned_area_share_land,0.0003719,share,K1,owid_annual_area_burnt_share_land,measured,f_sensor_break;f_min_fire_size
MRT,Mauritania,country,2018,burned_area_share_land,0.00012079,share,K1,owid_annual_area_burnt_share_land,measured,f_sensor_break;f_min_fire_size
MRT,Mauritania,country,2019,burned_area_share_land,0.0003966,share,K1,owid_annual_area_burnt_share_land,measured,f_sensor_break;f_min_fire_size
MRT,Mauritania,country,2020,burned_area_share_land,0.00051757,share,K1,owid_annual_area_burnt_share_land,measured,f_sensor_break;f_min_fire_size
MRT,Mauritania,country,2021,burned_area_share_land,0.00102925,share,K1,owid_annual_area_burnt_share_land,measured,f_sensor_break;f_min_fire_size
MRT,Mauritania,country,2022,burned_area_share_land,0.0006993,share,K1,owid_annual_area_burnt_share_land,measured,f_sensor_break;f_min_fire_size
MRT,Mauritania,country,2023,burned_area_share_land,0.00114611,share,K1,owid_annual_area_burnt_share_land,measured,f_sensor_break;f_min_fire_size
MRT,Mauritania,country,2024,burned_area_share_land,0.0007242,share,K1,owid_annual_area_burnt_share_land,measured,f_sensor_break;f_min_fire_size
MRT,Mauritania,country,2025,burned_area_share_land,0.00123107,share,K1,owid_annual_area_burnt_share_land,measured,f_sensor_break;f_min_fire_size
MRT,Mauritania,country,2026,burned_area_share_land,0.00050864,share,K1,owid_annual_area_burnt_share_land,measured,f_sensor_break;f_min_fire_size;f_incomplete_year
MSR,Montserrat,country,2012,burned_area_share_land,0.0,share,K1,owid_annual_area_burnt_share_land,measured,f_sensor_break;f_min_fire_size;f_zero_no_detection
MSR,Montserrat,country,2013,burned_area_share_land,0.0,share,K1,owid_annual_area_burnt_share_land,measured,f_sensor_break;f_min_fire_size;f_zero_no_detection
MSR,Montserrat,country,2014,burned_area_share_land,0.0,share,K1,owid_annual_area_burnt_share_land,measured,f_sensor_break;f_min_fire_size;f_zero_no_detection
MSR,Montserrat,country,2015,burned_area_share_land,0.0,share,K1,owid_annual_area_burnt_share_land,measured,f_sensor_break;f_min_fire_size;f_zero_no_detection
MSR,Montserrat,country,2016,burned_area_share_land,0.0,share,K1,owid_annual_area_burnt_share_land,measured,f_sensor_break;f_min_fire_size;f_zero_no_detection
MSR,Montserrat,country,2017,burned_area_share_land,0.0,share,K1,owid_annual_area_burnt_share_land,measured,f_sensor_break;f_min_fire_size;f_zero_no_detection
MSR,Montserrat,country,2018,burned_area_share_land,0.0,share,K1,owid_annual_area_burnt_share_land,measured,f_sensor_break;f_min_fire_size;f_zero_no_detection
MSR,Montserrat,country,2019,burned_area_share_land,0.0,share,K1,owid_annual_area_burnt_share_land,measured,f_sensor_break;f_min_fire_size;f_zero_no_detection
MSR,Montserrat,country,2020,burned_area_share_land,0.03785687,share,K1,owid_annual_area_burnt_share_land,measured,f_sensor_break;f_min_fire_size
MSR,Montserrat,country,2021,burned_area_share_land,0.0,share,K1,owid_annual_area_burnt_share_land,measured,f_sensor_break;f_min_fire_size;f_zero_no_detection
MSR,Montserrat,country,2022,burned_area_share_land,0.0,share,K1,owid_annual_area_burnt_share_land,measured,f_sensor_break;f_min_fire_size;f_zero_no_detection
MSR,Montserrat,country,2023,burned_area_share_land,0.0,share,K1,owid_annual_area_burnt_share_land,measured,f_sensor_break;f_min_fire_size;f_zero_no_detection
MSR,Montserrat,country,2024,burned_area_share_land,0.0,share,K1,owid_annual_area_burnt_share_land,measured,f_sensor_break;f_min_fire_size;f_zero_no_detection
MSR,Montserrat,country,2025,burned_area_share_land,0.0,share,K1,owid_annual_area_burnt_share_land,measured,f_sensor_break;f_min_fire_size;f_zero_no_detection
MSR,Montserrat,country,2026,burned_area_share_land,0.0,share,K1,owid_annual_area_burnt_share_land,measured,f_sensor_break;f_min_fire_size;f_incomplete_year;f_zero_no_detection
MUS,Mauritius,country,2012,burned_area_share_land,0.00424787,share,K1,owid_annual_area_burnt_share_land,measured,f_sensor_break;f_min_fire_size
MUS,Mauritius,country,2013,burned_area_share_land,0.00330331,share,K1,owid_annual_area_burnt_share_land,measured,f_sensor_break;f_min_fire_size
MUS,Mauritius,country,2014,burned_area_share_land,0.00940829,share,K1,owid_annual_area_burnt_share_land,measured,f_sensor_break;f_min_fire_size
MUS,Mauritius,country,2015,burned_area_share_land,0.0,share,K1,owid_annual_area_burnt_share_land,measured,f_sensor_break;f_min_fire_size;f_zero_no_detection
MUS,Mauritius,country,2016,burned_area_share_land,0.00408778,share,K1,owid_annual_area_burnt_share_land,measured,f_sensor_break;f_min_fire_size
MUS,Mauritius,country,2017,burned_area_share_land,0.0038423,share,K1,owid_annual_area_burnt_share_land,measured,f_sensor_break;f_min_fire_size
MUS,Mauritius,country,2018,burned_area_share_land,0.00246014,share,K1,owid_annual_area_burnt_share_land,measured,f_sensor_break;f_min_fire_size
MUS,Mauritius,country,2019,burned_area_share_land,0.00390633,share,K1,owid_annual_area_burnt_share_land,measured,f_sensor_break;f_min_fire_size
MUS,Mauritius,country,2020,burned_area_share_land,0.0048509,share,K1,owid_annual_area_burnt_share_land,measured,f_sensor_break;f_min_fire_size
MUS,Mauritius,country,2021,burned_area_share_land,0.00105129,share,K1,owid_annual_area_burnt_share_land,measured,f_sensor_break;f_min_fire_size
MUS,Mauritius,country,2022,burned_area_share_land,0.00431725,share,K1,owid_annual_area_burnt_share_land,measured,f_sensor_break;f_min_fire_size
MUS,Mauritius,country,2023,burned_area_share_land,0.0,share,K1,owid_annual_area_burnt_share_land,measured,f_sensor_break;f_min_fire_size;f_zero_no_detection
MUS,Mauritius,country,2024,burned_area_share_land,0.00778598,share,K1,owid_annual_area_burnt_share_land,measured,f_sensor_break;f_min_fire_size
MUS,Mauritius,country,2025,burned_area_share_land,0.0,share,K1,owid_annual_area_burnt_share_land,measured,f_sensor_break;f_min_fire_size;f_zero_no_detection
MUS,Mauritius,country,2026,burned_area_share_land,0.0,share,K1,owid_annual_area_burnt_share_land,measured,f_sensor_break;f_min_fire_size;f_incomplete_year;f_zero_no_detection
MWI,Malawi,country,2012,burned_area_share_land,0.10093369,share,K1,owid_annual_area_burnt_share_land,measured,f_sensor_break;f_min_fire_size
MWI,Malawi,country,2013,burned_area_share_land,0.09054553,share,K1,owid_annual_area_burnt_share_land,measured,f_sensor_break;f_min_fire_size
MWI,Malawi,country,2014,burned_area_share_land,0.0789088,share,K1,owid_annual_area_burnt_share_land,measured,f_sensor_break;f_min_fire_size
MWI,Malawi,country,2015,burned_area_share_land,0.08184106,share,K1,owid_annual_area_burnt_share_land,measured,f_sensor_break;f_min_fire_size
MWI,Malawi,country,2016,burned_area_share_land,0.0899264,share,K1,owid_annual_area_burnt_share_land,measured,f_sensor_break;f_min_fire_size
MWI,Malawi,country,2017,burned_area_share_land,0.06732058,share,K1,owid_annual_area_burnt_share_land,measured,f_sensor_break;f_min_fire_size
MWI,Malawi,country,2018,burned_area_share_land,0.07792668,share,K1,owid_annual_area_burnt_share_land,measured,f_sensor_break;f_min_fire_size
MWI,Malawi,country,2019,burned_area_share_land,0.07373864,share,K1,owid_annual_area_burnt_share_land,measured,f_sensor_break;f_min_fire_size
MWI,Malawi,country,2020,burned_area_share_land,0.0767924,share,K1,owid_annual_area_burnt_share_land,measured,f_sensor_break;f_min_fire_size
MWI,Malawi,country,2021,burned_area_share_land,0.06782475,share,K1,owid_annual_area_burnt_share_land,measured,f_sensor_break;f_min_fire_size
MWI,Malawi,country,2022,burned_area_share_land,0.06027291,share,K1,owid_annual_area_burnt_share_land,measured,f_sensor_break;f_min_fire_size
MWI,Malawi,country,2023,burned_area_share_land,0.05556897,share,K1,owid_annual_area_burnt_share_land,measured,f_sensor_break;f_min_fire_size
MWI,Malawi,country,2024,burned_area_share_land,0.04746662,share,K1,owid_annual_area_burnt_share_land,measured,f_sensor_break;f_min_fire_size
MWI,Malawi,country,2025,burned_area_share_land,0.0410277,share,K1,owid_annual_area_burnt_share_land,measured,f_sensor_break;f_min_fire_size
MWI,Malawi,country,2026,burned_area_share_land,0.00482972,share,K1,owid_annual_area_burnt_share_land,measured,f_sensor_break;f_min_fire_size;f_incomplete_year
MYS,Malaysia,country,2012,burned_area_share_land,0.00806592,share,K1,owid_annual_area_burnt_share_land,measured,f_sensor_break;f_min_fire_size
MYS,Malaysia,country,2013,burned_area_share_land,0.00665081,share,K1,owid_annual_area_burnt_share_land,measured,f_sensor_break;f_min_fire_size
MYS,Malaysia,country,2014,burned_area_share_land,0.01387534,share,K1,owid_annual_area_burnt_share_land,measured,f_sensor_break;f_min_fire_size
MYS,Malaysia,country,2015,burned_area_share_land,0.00880512,share,K1,owid_annual_area_burnt_share_land,measured,f_sensor_break;f_min_fire_size
MYS,Malaysia,country,2016,burned_area_share_land,0.00970258,share,K1,owid_annual_area_burnt_share_land,measured,f_sensor_break;f_min_fire_size
MYS,Malaysia,country,2017,burned_area_share_land,0.00135938,share,K1,owid_annual_area_burnt_share_land,measured,f_sensor_break;f_min_fire_size
MYS,Malaysia,country,2018,burned_area_share_land,0.00384533,share,K1,owid_annual_area_burnt_share_land,measured,f_sensor_break;f_min_fire_size
MYS,Malaysia,country,2019,burned_area_share_land,0.00605614,share,K1,owid_annual_area_burnt_share_land,measured,f_sensor_break;f_min_fire_size
MYS,Malaysia,country,2020,burned_area_share_land,0.00209785,share,K1,owid_annual_area_burnt_share_land,measured,f_sensor_break;f_min_fire_size
MYS,Malaysia,country,2021,burned_area_share_land,0.00143209,share,K1,owid_annual_area_burnt_share_land,measured,f_sensor_break;f_min_fire_size
MYS,Malaysia,country,2022,burned_area_share_land,0.00071891,share,K1,owid_annual_area_burnt_share_land,measured,f_sensor_break;f_min_fire_size
MYS,Malaysia,country,2023,burned_area_share_land,0.00126404,share,K1,owid_annual_area_burnt_share_land,measured,f_sensor_break;f_min_fire_size
MYS,Malaysia,country,2024,burned_area_share_land,0.00327678,share,K1,owid_annual_area_burnt_share_land,measured,f_sensor_break;f_min_fire_size
MYS,Malaysia,country,2025,burned_area_share_land,0.00115579,share,K1,owid_annual_area_burnt_share_land,measured,f_sensor_break;f_min_fire_size
MYS,Malaysia,country,2026,burned_area_share_land,0.00144086,share,K1,owid_annual_area_burnt_share_land,measured,f_sensor_break;f_min_fire_size;f_incomplete_year
NAM,Namibia,country,2012,burned_area_share_land,0.06093655,share,K1,owid_annual_area_burnt_share_land,measured,f_sensor_break;f_min_fire_size
NAM,Namibia,country,2013,burned_area_share_land,0.02666439,share,K1,owid_annual_area_burnt_share_land,measured,f_sensor_break;f_min_fire_size
NAM,Namibia,country,2014,burned_area_share_land,0.01797763,share,K1,owid_annual_area_burnt_share_land,measured,f_sensor_break;f_min_fire_size
NAM,Namibia,country,2015,burned_area_share_land,0.02021505,share,K1,owid_annual_area_burnt_share_land,measured,f_sensor_break;f_min_fire_size
NAM,Namibia,country,2016,burned_area_share_land,0.01695755,share,K1,owid_annual_area_burnt_share_land,measured,f_sensor_break;f_min_fire_size
NAM,Namibia,country,2017,burned_area_share_land,0.02089822,share,K1,owid_annual_area_burnt_share_land,measured,f_sensor_break;f_min_fire_size
NAM,Namibia,country,2018,burned_area_share_land,0.01384313,share,K1,owid_annual_area_burnt_share_land,measured,f_sensor_break;f_min_fire_size
NAM,Namibia,country,2019,burned_area_share_land,0.00842837,share,K1,owid_annual_area_burnt_share_land,measured,f_sensor_break;f_min_fire_size
NAM,Namibia,country,2020,burned_area_share_land,0.02342929,share,K1,owid_annual_area_burnt_share_land,measured,f_sensor_break;f_min_fire_size
NAM,Namibia,country,2021,burned_area_share_land,0.02608653,share,K1,owid_annual_area_burnt_share_land,measured,f_sensor_break;f_min_fire_size
NAM,Namibia,country,2022,burned_area_share_land,0.0199625,share,K1,owid_annual_area_burnt_share_land,measured,f_sensor_break;f_min_fire_size
NAM,Namibia,country,2023,burned_area_share_land,0.0206631,share,K1,owid_annual_area_burnt_share_land,measured,f_sensor_break;f_min_fire_size
NAM,Namibia,country,2024,burned_area_share_land,0.00794489,share,K1,owid_annual_area_burnt_share_land,measured,f_sensor_break;f_min_fire_size
NAM,Namibia,country,2025,burned_area_share_land,0.01007717,share,K1,owid_annual_area_burnt_share_land,measured,f_sensor_break;f_min_fire_size
NAM,Namibia,country,2026,burned_area_share_land,0.001763,share,K1,owid_annual_area_burnt_share_land,measured,f_sensor_break;f_min_fire_size;f_incomplete_year
NCL,Ny-Caledonia,country,2012,burned_area_share_land,0.00117852,share,K1,owid_annual_area_burnt_share_land,measured,f_sensor_break;f_min_fire_size
NCL,Ny-Caledonia,country,2013,burned_area_share_land,0.00634701,share,K1,owid_annual_area_burnt_share_land,measured,f_sensor_break;f_min_fire_size
NCL,Ny-Caledonia,country,2014,burned_area_share_land,0.01119429,share,K1,owid_annual_area_burnt_share_land,measured,f_sensor_break;f_min_fire_size
NCL,Ny-Caledonia,country,2015,burned_area_share_land,0.00842902,share,K1,owid_annual_area_burnt_share_land,measured,f_sensor_break;f_min_fire_size
NCL,Ny-Caledonia,country,2016,burned_area_share_land,0.01235132,share,K1,owid_annual_area_burnt_share_land,measured,f_sensor_break;f_min_fire_size
NCL,Ny-Caledonia,country,2017,burned_area_share_land,0.02645483,share,K1,owid_annual_area_burnt_share_land,measured,f_sensor_break;f_min_fire_size
NCL,Ny-Caledonia,country,2018,burned_area_share_land,0.00468828,share,K1,owid_annual_area_burnt_share_land,measured,f_sensor_break;f_min_fire_size
NCL,Ny-Caledonia,country,2019,burned_area_share_land,0.03019288,share,K1,owid_annual_area_burnt_share_land,measured,f_sensor_break;f_min_fire_size
NCL,Ny-Caledonia,country,2020,burned_area_share_land,0.0046915,share,K1,owid_annual_area_burnt_share_land,measured,f_sensor_break;f_min_fire_size
NCL,Ny-Caledonia,country,2021,burned_area_share_land,0.01199626,share,K1,owid_annual_area_burnt_share_land,measured,f_sensor_break;f_min_fire_size
NCL,Ny-Caledonia,country,2022,burned_area_share_land,0.00241128,share,K1,owid_annual_area_burnt_share_land,measured,f_sensor_break;f_min_fire_size
NCL,Ny-Caledonia,country,2023,burned_area_share_land,0.01403476,share,K1,owid_annual_area_burnt_share_land,measured,f_sensor_break;f_min_fire_size
NCL,Ny-Caledonia,country,2024,burned_area_share_land,0.01244317,share,K1,owid_annual_area_burnt_share_land,measured,f_sensor_break;f_min_fire_size
NCL,Ny-Caledonia,country,2025,burned_area_share_land,0.00254396,share,K1,owid_annual_area_burnt_share_land,measured,f_sensor_break;f_min_fire_size
NCL,Ny-Caledonia,country,2026,burned_area_share_land,0.00073751,share,K1,owid_annual_area_burnt_share_land,measured,f_sensor_break;f_min_fire_size;f_incomplete_year
NER,Niger,country,2012,burned_area_share_land,0.00126709,share,K1,owid_annual_area_burnt_share_land,measured,f_sensor_break;f_min_fire_size
NER,Niger,country,2013,burned_area_share_land,0.00106837,share,K1,owid_annual_area_burnt_share_land,measured,f_sensor_break;f_min_fire_size
NER,Niger,country,2014,burned_area_share_land,0.00099461,share,K1,owid_annual_area_burnt_share_land,measured,f_sensor_break;f_min_fire_size
NER,Niger,country,2015,burned_area_share_land,0.00086905,share,K1,owid_annual_area_burnt_share_land,measured,f_sensor_break;f_min_fire_size
NER,Niger,country,2016,burned_area_share_land,0.00151191,share,K1,owid_annual_area_burnt_share_land,measured,f_sensor_break;f_min_fire_size
NER,Niger,country,2017,burned_area_share_land,0.00123333,share,K1,owid_annual_area_burnt_share_land,measured,f_sensor_break;f_min_fire_size
NER,Niger,country,2018,burned_area_share_land,0.0009102,share,K1,owid_annual_area_burnt_share_land,measured,f_sensor_break;f_min_fire_size
NER,Niger,country,2019,burned_area_share_land,0.00134327,share,K1,owid_annual_area_burnt_share_land,measured,f_sensor_break;f_min_fire_size
NER,Niger,country,2020,burned_area_share_land,0.00149766,share,K1,owid_annual_area_burnt_share_land,measured,f_sensor_break;f_min_fire_size
NER,Niger,country,2021,burned_area_share_land,0.00249962,share,K1,owid_annual_area_burnt_share_land,measured,f_sensor_break;f_min_fire_size
NER,Niger,country,2022,burned_area_share_land,0.00193038,share,K1,owid_annual_area_burnt_share_land,measured,f_sensor_break;f_min_fire_size
NER,Niger,country,2023,burned_area_share_land,0.00168051,share,K1,owid_annual_area_burnt_share_land,measured,f_sensor_break;f_min_fire_size
NER,Niger,country,2024,burned_area_share_land,0.00289065,share,K1,owid_annual_area_burnt_share_land,measured,f_sensor_break;f_min_fire_size
NER,Niger,country,2025,burned_area_share_land,0.0036304,share,K1,owid_annual_area_burnt_share_land,measured,f_sensor_break;f_min_fire_size
NER,Niger,country,2026,burned_area_share_land,0.00073655,share,K1,owid_annual_area_burnt_share_land,measured,f_sensor_break;f_min_fire_size;f_incomplete_year
NFK,Norfolkøya,country,2012,burned_area_share_land,0.0,share,K1,owid_annual_area_burnt_share_land,measured,f_sensor_break;f_min_fire_size;f_zero_no_detection
NFK,Norfolkøya,country,2013,burned_area_share_land,0.0,share,K1,owid_annual_area_burnt_share_land,measured,f_sensor_break;f_min_fire_size;f_zero_no_detection
NFK,Norfolkøya,country,2014,burned_area_share_land,0.0,share,K1,owid_annual_area_burnt_share_land,measured,f_sensor_break;f_min_fire_size;f_zero_no_detection
NFK,Norfolkøya,country,2015,burned_area_share_land,0.0,share,K1,owid_annual_area_burnt_share_land,measured,f_sensor_break;f_min_fire_size;f_zero_no_detection
NFK,Norfolkøya,country,2016,burned_area_share_land,0.0,share,K1,owid_annual_area_burnt_share_land,measured,f_sensor_break;f_min_fire_size;f_zero_no_detection
NFK,Norfolkøya,country,2017,burned_area_share_land,0.0,share,K1,owid_annual_area_burnt_share_land,measured,f_sensor_break;f_min_fire_size;f_zero_no_detection
NFK,Norfolkøya,country,2018,burned_area_share_land,0.0,share,K1,owid_annual_area_burnt_share_land,measured,f_sensor_break;f_min_fire_size;f_zero_no_detection
NFK,Norfolkøya,country,2019,burned_area_share_land,0.0,share,K1,owid_annual_area_burnt_share_land,measured,f_sensor_break;f_min_fire_size;f_zero_no_detection
NFK,Norfolkøya,country,2020,burned_area_share_land,0.0,share,K1,owid_annual_area_burnt_share_land,measured,f_sensor_break;f_min_fire_size;f_zero_no_detection
NFK,Norfolkøya,country,2021,burned_area_share_land,0.0,share,K1,owid_annual_area_burnt_share_land,measured,f_sensor_break;f_min_fire_size;f_zero_no_detection
NFK,Norfolkøya,country,2022,burned_area_share_land,0.0,share,K1,owid_annual_area_burnt_share_land,measured,f_sensor_break;f_min_fire_size;f_zero_no_detection
NFK,Norfolkøya,country,2023,burned_area_share_land,0.0,share,K1,owid_annual_area_burnt_share_land,measured,f_sensor_break;f_min_fire_size;f_zero_no_detection
NFK,Norfolkøya,country,2024,burned_area_share_land,0.0,share,K1,owid_annual_area_burnt_share_land,measured,f_sensor_break;f_min_fire_size;f_zero_no_detection
NFK,Norfolkøya,country,2025,burned_area_share_land,0.0,share,K1,owid_annual_area_burnt_share_land,measured,f_sensor_break;f_min_fire_size;f_zero_no_detection
NFK,Norfolkøya,country,2026,burned_area_share_land,0.0,share,K1,owid_annual_area_burnt_share_land,measured,f_sensor_break;f_min_fire_size;f_incomplete_year;f_zero_no_detection
NGA,Nigeria,country,2012,burned_area_share_land,0.04270358,share,K1,owid_annual_area_burnt_share_land,measured,f_sensor_break;f_min_fire_size
NGA,Nigeria,country,2013,burned_area_share_land,0.05854125,share,K1,owid_annual_area_burnt_share_land,measured,f_sensor_break;f_min_fire_size
NGA,Nigeria,country,2014,burned_area_share_land,0.06215953,share,K1,owid_annual_area_burnt_share_land,measured,f_sensor_break;f_min_fire_size
NGA,Nigeria,country,2015,burned_area_share_land,0.07107372,share,K1,owid_annual_area_burnt_share_land,measured,f_sensor_break;f_min_fire_size
NGA,Nigeria,country,2016,burned_area_share_land,0.08382329,share,K1,owid_annual_area_burnt_share_land,measured,f_sensor_break;f_min_fire_size
NGA,Nigeria,country,2017,burned_area_share_land,0.0769457,share,K1,owid_annual_area_burnt_share_land,measured,f_sensor_break;f_min_fire_size
NGA,Nigeria,country,2018,burned_area_share_land,0.05486562,share,K1,owid_annual_area_burnt_share_land,measured,f_sensor_break;f_min_fire_size
NGA,Nigeria,country,2019,burned_area_share_land,0.06432973,share,K1,owid_annual_area_burnt_share_land,measured,f_sensor_break;f_min_fire_size
NGA,Nigeria,country,2020,burned_area_share_land,0.07620088,share,K1,owid_annual_area_burnt_share_land,measured,f_sensor_break;f_min_fire_size
NGA,Nigeria,country,2021,burned_area_share_land,0.08256034,share,K1,owid_annual_area_burnt_share_land,measured,f_sensor_break;f_min_fire_size
NGA,Nigeria,country,2022,burned_area_share_land,0.07996404,share,K1,owid_annual_area_burnt_share_land,measured,f_sensor_break;f_min_fire_size
NGA,Nigeria,country,2023,burned_area_share_land,0.06893226,share,K1,owid_annual_area_burnt_share_land,measured,f_sensor_break;f_min_fire_size
NGA,Nigeria,country,2024,burned_area_share_land,0.06035771,share,K1,owid_annual_area_burnt_share_land,measured,f_sensor_break;f_min_fire_size
NGA,Nigeria,country,2025,burned_area_share_land,0.05289622,share,K1,owid_annual_area_burnt_share_land,measured,f_sensor_break;f_min_fire_size
NGA,Nigeria,country,2026,burned_area_share_land,0.030922,share,K1,owid_annual_area_burnt_share_land,measured,f_sensor_break;f_min_fire_size;f_incomplete_year
NIC,Nicaragua,country,2012,burned_area_share_land,0.01847738,share,K1,owid_annual_area_burnt_share_land,measured,f_sensor_break;f_min_fire_size
NIC,Nicaragua,country,2013,burned_area_share_land,0.04556173,share,K1,owid_annual_area_burnt_share_land,measured,f_sensor_break;f_min_fire_size
NIC,Nicaragua,country,2014,burned_area_share_land,0.04319259,share,K1,owid_annual_area_burnt_share_land,measured,f_sensor_break;f_min_fire_size
NIC,Nicaragua,country,2015,burned_area_share_land,0.02665391,share,K1,owid_annual_area_burnt_share_land,measured,f_sensor_break;f_min_fire_size
NIC,Nicaragua,country,2016,burned_area_share_land,0.04487381,share,K1,owid_annual_area_burnt_share_land,measured,f_sensor_break;f_min_fire_size
NIC,Nicaragua,country,2017,burned_area_share_land,0.02008645,share,K1,owid_annual_area_burnt_share_land,measured,f_sensor_break;f_min_fire_size
NIC,Nicaragua,country,2018,burned_area_share_land,0.03411409,share,K1,owid_annual_area_burnt_share_land,measured,f_sensor_break;f_min_fire_size
NIC,Nicaragua,country,2019,burned_area_share_land,0.04623473,share,K1,owid_annual_area_burnt_share_land,measured,f_sensor_break;f_min_fire_size
NIC,Nicaragua,country,2020,burned_area_share_land,0.04811323,share,K1,owid_annual_area_burnt_share_land,measured,f_sensor_break;f_min_fire_size
NIC,Nicaragua,country,2021,burned_area_share_land,0.01746667,share,K1,owid_annual_area_burnt_share_land,measured,f_sensor_break;f_min_fire_size
NIC,Nicaragua,country,2022,burned_area_share_land,0.02223229,share,K1,owid_annual_area_burnt_share_land,measured,f_sensor_break;f_min_fire_size
NIC,Nicaragua,country,2023,burned_area_share_land,0.06111689,share,K1,owid_annual_area_burnt_share_land,measured,f_sensor_break;f_min_fire_size
NIC,Nicaragua,country,2024,burned_area_share_land,0.05189113,share,K1,owid_annual_area_burnt_share_land,measured,f_sensor_break;f_min_fire_size
NIC,Nicaragua,country,2025,burned_area_share_land,0.01104143,share,K1,owid_annual_area_burnt_share_land,measured,f_sensor_break;f_min_fire_size
NIC,Nicaragua,country,2026,burned_area_share_land,0.01594591,share,K1,owid_annual_area_burnt_share_land,measured,f_sensor_break;f_min_fire_size;f_incomplete_year
NIU,Niue,country,2012,burned_area_share_land,0.0,share,K1,owid_annual_area_burnt_share_land,measured,f_sensor_break;f_min_fire_size;f_zero_no_detection
NIU,Niue,country,2013,burned_area_share_land,0.0,share,K1,owid_annual_area_burnt_share_land,measured,f_sensor_break;f_min_fire_size;f_zero_no_detection
NIU,Niue,country,2014,burned_area_share_land,0.0,share,K1,owid_annual_area_burnt_share_land,measured,f_sensor_break;f_min_fire_size;f_zero_no_detection
NIU,Niue,country,2015,burned_area_share_land,0.0,share,K1,owid_annual_area_burnt_share_land,measured,f_sensor_break;f_min_fire_size;f_zero_no_detection
NIU,Niue,country,2016,burned_area_share_land,0.0,share,K1,owid_annual_area_burnt_share_land,measured,f_sensor_break;f_min_fire_size;f_zero_no_detection
NIU,Niue,country,2017,burned_area_share_land,0.0,share,K1,owid_annual_area_burnt_share_land,measured,f_sensor_break;f_min_fire_size;f_zero_no_detection
NIU,Niue,country,2018,burned_area_share_land,0.0,share,K1,owid_annual_area_burnt_share_land,measured,f_sensor_break;f_min_fire_size;f_zero_no_detection
NIU,Niue,country,2019,burned_area_share_land,0.0,share,K1,owid_annual_area_burnt_share_land,measured,f_sensor_break;f_min_fire_size;f_zero_no_detection
NIU,Niue,country,2020,burned_area_share_land,0.0,share,K1,owid_annual_area_burnt_share_land,measured,f_sensor_break;f_min_fire_size;f_zero_no_detection
NIU,Niue,country,2021,burned_area_share_land,0.0,share,K1,owid_annual_area_burnt_share_land,measured,f_sensor_break;f_min_fire_size;f_zero_no_detection
NIU,Niue,country,2022,burned_area_share_land,0.0,share,K1,owid_annual_area_burnt_share_land,measured,f_sensor_break;f_min_fire_size;f_zero_no_detection
NIU,Niue,country,2023,burned_area_share_land,0.0,share,K1,owid_annual_area_burnt_share_land,measured,f_sensor_break;f_min_fire_size;f_zero_no_detection
NIU,Niue,country,2024,burned_area_share_land,0.0,share,K1,owid_annual_area_burnt_share_land,measured,f_sensor_break;f_min_fire_size;f_zero_no_detection
NIU,Niue,country,2025,burned_area_share_land,0.0,share,K1,owid_annual_area_burnt_share_land,measured,f_sensor_break;f_min_fire_size;f_zero_no_detection
NIU,Niue,country,2026,burned_area_share_land,0.0,share,K1,owid_annual_area_burnt_share_land,measured,f_sensor_break;f_min_fire_size;f_incomplete_year;f_zero_no_detection
NLD,Nederland,country,2012,burned_area_share_land,0.0,share,K1,owid_annual_area_burnt_share_land,measured,f_sensor_break;f_min_fire_size;f_zero_no_detection
NLD,Nederland,country,2013,burned_area_share_land,0.00015855,share,K1,owid_annual_area_burnt_share_land,measured,f_sensor_break;f_min_fire_size
NLD,Nederland,country,2014,burned_area_share_land,0.00029268,share,K1,owid_annual_area_burnt_share_land,measured,f_sensor_break;f_min_fire_size
NLD,Nederland,country,2015,burned_area_share_land,7.458e-05,share,K1,owid_annual_area_burnt_share_land,measured,f_sensor_break;f_min_fire_size
NLD,Nederland,country,2016,burned_area_share_land,0.0,share,K1,owid_annual_area_burnt_share_land,measured,f_sensor_break;f_min_fire_size;f_zero_no_detection
NLD,Nederland,country,2017,burned_area_share_land,0.0,share,K1,owid_annual_area_burnt_share_land,measured,f_sensor_break;f_min_fire_size;f_zero_no_detection
NLD,Nederland,country,2018,burned_area_share_land,0.00014728,share,K1,owid_annual_area_burnt_share_land,measured,f_sensor_break;f_min_fire_size
NLD,Nederland,country,2019,burned_area_share_land,0.00011509,share,K1,owid_annual_area_burnt_share_land,measured,f_sensor_break;f_min_fire_size
NLD,Nederland,country,2020,burned_area_share_land,0.00035063,share,K1,owid_annual_area_burnt_share_land,measured,f_sensor_break;f_min_fire_size
NLD,Nederland,country,2021,burned_area_share_land,2.817e-05,share,K1,owid_annual_area_burnt_share_land,measured,f_sensor_break;f_min_fire_size
NLD,Nederland,country,2022,burned_area_share_land,0.00014084,share,K1,owid_annual_area_burnt_share_land,measured,f_sensor_break;f_min_fire_size
NLD,Nederland,country,2023,burned_area_share_land,0.00018672,share,K1,owid_annual_area_burnt_share_land,measured,f_sensor_break;f_min_fire_size
NLD,Nederland,country,2024,burned_area_share_land,6.009e-05,share,K1,owid_annual_area_burnt_share_land,measured,f_sensor_break;f_min_fire_size
NLD,Nederland,country,2025,burned_area_share_land,0.0,share,K1,owid_annual_area_burnt_share_land,measured,f_sensor_break;f_min_fire_size;f_zero_no_detection
NLD,Nederland,country,2026,burned_area_share_land,0.00044989,share,K1,owid_annual_area_burnt_share_land,measured,f_sensor_break;f_min_fire_size;f_incomplete_year
NONISO_CYN,Nord-Kypros,country,2012,burned_area_share_land,0.00567707,share,K1,owid_annual_area_burnt_share_land,measured,f_sensor_break;f_min_fire_size
NONISO_CYN,Nord-Kypros,country,2013,burned_area_share_land,0.00091306,share,K1,owid_annual_area_burnt_share_land,measured,f_sensor_break;f_min_fire_size
NONISO_CYN,Nord-Kypros,country,2014,burned_area_share_land,0.00043205,share,K1,owid_annual_area_burnt_share_land,measured,f_sensor_break;f_min_fire_size
NONISO_CYN,Nord-Kypros,country,2015,burned_area_share_land,0.0,share,K1,owid_annual_area_burnt_share_land,measured,f_sensor_break;f_min_fire_size;f_zero_no_detection
NONISO_CYN,Nord-Kypros,country,2016,burned_area_share_land,0.0,share,K1,owid_annual_area_burnt_share_land,measured,f_sensor_break;f_min_fire_size;f_zero_no_detection
NONISO_CYN,Nord-Kypros,country,2017,burned_area_share_land,0.00106571,share,K1,owid_annual_area_burnt_share_land,measured,f_sensor_break;f_min_fire_size
NONISO_CYN,Nord-Kypros,country,2018,burned_area_share_land,3.168e-05,share,K1,owid_annual_area_burnt_share_land,measured,f_sensor_break;f_min_fire_size
NONISO_CYN,Nord-Kypros,country,2019,burned_area_share_land,0.0,share,K1,owid_annual_area_burnt_share_land,measured,f_sensor_break;f_min_fire_size;f_zero_no_detection
NONISO_CYN,Nord-Kypros,country,2020,burned_area_share_land,0.0037876,share,K1,owid_annual_area_burnt_share_land,measured,f_sensor_break;f_min_fire_size
NONISO_CYN,Nord-Kypros,country,2021,burned_area_share_land,0.00096778,share,K1,owid_annual_area_burnt_share_land,measured,f_sensor_break;f_min_fire_size
NONISO_CYN,Nord-Kypros,country,2022,burned_area_share_land,0.00791219,share,K1,owid_annual_area_burnt_share_land,measured,f_sensor_break;f_min_fire_size
NONISO_CYN,Nord-Kypros,country,2023,burned_area_share_land,0.00049541,share,K1,owid_annual_area_burnt_share_land,measured,f_sensor_break;f_min_fire_size
NONISO_CYN,Nord-Kypros,country,2024,burned_area_share_land,0.00062791,share,K1,owid_annual_area_burnt_share_land,measured,f_sensor_break;f_min_fire_size
NONISO_CYN,Nord-Kypros,country,2025,burned_area_share_land,0.00060774,share,K1,owid_annual_area_burnt_share_land,measured,f_sensor_break;f_min_fire_size
NONISO_CYN,Nord-Kypros,country,2026,burned_area_share_land,0.0,share,K1,owid_annual_area_burnt_share_land,measured,f_sensor_break;f_min_fire_size;f_incomplete_year;f_zero_no_detection
NOR,Norge,country,2012,burned_area_share_land,1.318e-05,share,K1,owid_annual_area_burnt_share_land,measured,f_sensor_break;f_min_fire_size
NOR,Norge,country,2013,burned_area_share_land,3.296e-05,share,K1,owid_annual_area_burnt_share_land,measured,f_sensor_break;f_min_fire_size
NOR,Norge,country,2014,burned_area_share_land,4.555e-05,share,K1,owid_annual_area_burnt_share_land,measured,f_sensor_break;f_min_fire_size
NOR,Norge,country,2015,burned_area_share_land,9.64e-06,share,K1,owid_annual_area_burnt_share_land,measured,f_sensor_break;f_min_fire_size
NOR,Norge,country,2016,burned_area_share_land,6.08e-06,share,K1,owid_annual_area_burnt_share_land,measured,f_sensor_break;f_min_fire_size
NOR,Norge,country,2017,burned_area_share_land,1.996e-05,share,K1,owid_annual_area_burnt_share_land,measured,f_sensor_break;f_min_fire_size
NOR,Norge,country,2018,burned_area_share_land,3.307e-05,share,K1,owid_annual_area_burnt_share_land,measured,f_sensor_break;f_min_fire_size
NOR,Norge,country,2019,burned_area_share_land,6.161e-05,share,K1,owid_annual_area_burnt_share_land,measured,f_sensor_break;f_min_fire_size
NOR,Norge,country,2020,burned_area_share_land,1.652e-05,share,K1,owid_annual_area_burnt_share_land,measured,f_sensor_break;f_min_fire_size
NOR,Norge,country,2021,burned_area_share_land,1.114e-05,share,K1,owid_annual_area_burnt_share_land,measured,f_sensor_break;f_min_fire_size
NOR,Norge,country,2022,burned_area_share_land,2.063e-05,share,K1,owid_annual_area_burnt_share_land,measured,f_sensor_break;f_min_fire_size
NOR,Norge,country,2023,burned_area_share_land,1.037e-05,share,K1,owid_annual_area_burnt_share_land,measured,f_sensor_break;f_min_fire_size
NOR,Norge,country,2024,burned_area_share_land,7.6e-06,share,K1,owid_annual_area_burnt_share_land,measured,f_sensor_break;f_min_fire_size
NOR,Norge,country,2025,burned_area_share_land,2.228e-05,share,K1,owid_annual_area_burnt_share_land,measured,f_sensor_break;f_min_fire_size
NOR,Norge,country,2026,burned_area_share_land,2.51e-05,share,K1,owid_annual_area_burnt_share_land,measured,f_sensor_break;f_min_fire_size;f_incomplete_year
NPL,Nepal,country,2012,burned_area_share_land,0.04421038,share,K1,owid_annual_area_burnt_share_land,measured,f_sensor_break;f_min_fire_size
NPL,Nepal,country,2013,burned_area_share_land,0.03138988,share,K1,owid_annual_area_burnt_share_land,measured,f_sensor_break;f_min_fire_size
NPL,Nepal,country,2014,burned_area_share_land,0.05018501,share,K1,owid_annual_area_burnt_share_land,measured,f_sensor_break;f_min_fire_size
NPL,Nepal,country,2015,burned_area_share_land,0.01018803,share,K1,owid_annual_area_burnt_share_land,measured,f_sensor_break;f_min_fire_size
NPL,Nepal,country,2016,burned_area_share_land,0.09814402,share,K1,owid_annual_area_burnt_share_land,measured,f_sensor_break;f_min_fire_size
NPL,Nepal,country,2017,burned_area_share_land,0.02595261,share,K1,owid_annual_area_burnt_share_land,measured,f_sensor_break;f_min_fire_size
NPL,Nepal,country,2018,burned_area_share_land,0.02851398,share,K1,owid_annual_area_burnt_share_land,measured,f_sensor_break;f_min_fire_size
NPL,Nepal,country,2019,burned_area_share_land,0.0484448,share,K1,owid_annual_area_burnt_share_land,measured,f_sensor_break;f_min_fire_size
NPL,Nepal,country,2020,burned_area_share_land,0.01077092,share,K1,owid_annual_area_burnt_share_land,measured,f_sensor_break;f_min_fire_size
NPL,Nepal,country,2021,burned_area_share_land,0.09354138,share,K1,owid_annual_area_burnt_share_land,measured,f_sensor_break;f_min_fire_size
NPL,Nepal,country,2022,burned_area_share_land,0.02803526,share,K1,owid_annual_area_burnt_share_land,measured,f_sensor_break;f_min_fire_size
NPL,Nepal,country,2023,burned_area_share_land,0.04310741,share,K1,owid_annual_area_burnt_share_land,measured,f_sensor_break;f_min_fire_size
NPL,Nepal,country,2024,burned_area_share_land,0.03496753,share,K1,owid_annual_area_burnt_share_land,measured,f_sensor_break;f_min_fire_size
NPL,Nepal,country,2025,burned_area_share_land,0.01283268,share,K1,owid_annual_area_burnt_share_land,measured,f_sensor_break;f_min_fire_size
NPL,Nepal,country,2026,burned_area_share_land,0.01062858,share,K1,owid_annual_area_burnt_share_land,measured,f_sensor_break;f_min_fire_size;f_incomplete_year
NRU,Nauru,country,2012,burned_area_share_land,0.0,share,K1,owid_annual_area_burnt_share_land,measured,f_sensor_break;f_min_fire_size;f_zero_no_detection
NRU,Nauru,country,2013,burned_area_share_land,0.0,share,K1,owid_annual_area_burnt_share_land,measured,f_sensor_break;f_min_fire_size;f_zero_no_detection
NRU,Nauru,country,2014,burned_area_share_land,0.0,share,K1,owid_annual_area_burnt_share_land,measured,f_sensor_break;f_min_fire_size;f_zero_no_detection
NRU,Nauru,country,2015,burned_area_share_land,0.0,share,K1,owid_annual_area_burnt_share_land,measured,f_sensor_break;f_min_fire_size;f_zero_no_detection
NRU,Nauru,country,2016,burned_area_share_land,0.0,share,K1,owid_annual_area_burnt_share_land,measured,f_sensor_break;f_min_fire_size;f_zero_no_detection
NRU,Nauru,country,2017,burned_area_share_land,0.0,share,K1,owid_annual_area_burnt_share_land,measured,f_sensor_break;f_min_fire_size;f_zero_no_detection
NRU,Nauru,country,2018,burned_area_share_land,0.0,share,K1,owid_annual_area_burnt_share_land,measured,f_sensor_break;f_min_fire_size;f_zero_no_detection
NRU,Nauru,country,2019,burned_area_share_land,0.0,share,K1,owid_annual_area_burnt_share_land,measured,f_sensor_break;f_min_fire_size;f_zero_no_detection
NRU,Nauru,country,2020,burned_area_share_land,0.0,share,K1,owid_annual_area_burnt_share_land,measured,f_sensor_break;f_min_fire_size;f_zero_no_detection
NRU,Nauru,country,2021,burned_area_share_land,0.0,share,K1,owid_annual_area_burnt_share_land,measured,f_sensor_break;f_min_fire_size;f_zero_no_detection
NRU,Nauru,country,2022,burned_area_share_land,0.0,share,K1,owid_annual_area_burnt_share_land,measured,f_sensor_break;f_min_fire_size;f_zero_no_detection
NRU,Nauru,country,2023,burned_area_share_land,0.0,share,K1,owid_annual_area_burnt_share_land,measured,f_sensor_break;f_min_fire_size;f_zero_no_detection
NRU,Nauru,country,2024,burned_area_share_land,0.0,share,K1,owid_annual_area_burnt_share_land,measured,f_sensor_break;f_min_fire_size;f_zero_no_detection
NRU,Nauru,country,2025,burned_area_share_land,0.0,share,K1,owid_annual_area_burnt_share_land,measured,f_sensor_break;f_min_fire_size;f_zero_no_detection
NRU,Nauru,country,2026,burned_area_share_land,0.0,share,K1,owid_annual_area_burnt_share_land,measured,f_sensor_break;f_min_fire_size;f_incomplete_year;f_zero_no_detection
NZL,New Zealand,country,2012,burned_area_share_land,0.00147556,share,K1,owid_annual_area_burnt_share_land,measured,f_sensor_break;f_min_fire_size
NZL,New Zealand,country,2013,burned_area_share_land,0.00171597,share,K1,owid_annual_area_burnt_share_land,measured,f_sensor_break;f_min_fire_size
NZL,New Zealand,country,2014,burned_area_share_land,0.00181839,share,K1,owid_annual_area_burnt_share_land,measured,f_sensor_break;f_min_fire_size
NZL,New Zealand,country,2015,burned_area_share_land,0.00178947,share,K1,owid_annual_area_burnt_share_land,measured,f_sensor_break;f_min_fire_size
NZL,New Zealand,country,2016,burned_area_share_land,0.00135933,share,K1,owid_annual_area_burnt_share_land,measured,f_sensor_break;f_min_fire_size
NZL,New Zealand,country,2017,burned_area_share_land,0.00122791,share,K1,owid_annual_area_burnt_share_land,measured,f_sensor_break;f_min_fire_size
NZL,New Zealand,country,2018,burned_area_share_land,0.00098888,share,K1,owid_annual_area_burnt_share_land,measured,f_sensor_break;f_min_fire_size
NZL,New Zealand,country,2019,burned_area_share_land,0.00189315,share,K1,owid_annual_area_burnt_share_land,measured,f_sensor_break;f_min_fire_size
NZL,New Zealand,country,2020,burned_area_share_land,0.00142062,share,K1,owid_annual_area_burnt_share_land,measured,f_sensor_break;f_min_fire_size
NZL,New Zealand,country,2021,burned_area_share_land,0.00133759,share,K1,owid_annual_area_burnt_share_land,measured,f_sensor_break;f_min_fire_size
NZL,New Zealand,country,2022,burned_area_share_land,0.0012107,share,K1,owid_annual_area_burnt_share_land,measured,f_sensor_break;f_min_fire_size
NZL,New Zealand,country,2023,burned_area_share_land,0.00081514,share,K1,owid_annual_area_burnt_share_land,measured,f_sensor_break;f_min_fire_size
NZL,New Zealand,country,2024,burned_area_share_land,0.00072919,share,K1,owid_annual_area_burnt_share_land,measured,f_sensor_break;f_min_fire_size
NZL,New Zealand,country,2025,burned_area_share_land,0.00108022,share,K1,owid_annual_area_burnt_share_land,measured,f_sensor_break;f_min_fire_size
NZL,New Zealand,country,2026,burned_area_share_land,0.00059444,share,K1,owid_annual_area_burnt_share_land,measured,f_sensor_break;f_min_fire_size;f_incomplete_year
OMN,Oman,country,2012,burned_area_share_land,2.384e-05,share,K1,owid_annual_area_burnt_share_land,measured,f_sensor_break;f_min_fire_size
OMN,Oman,country,2013,burned_area_share_land,7.71e-06,share,K1,owid_annual_area_burnt_share_land,measured,f_sensor_break;f_min_fire_size
OMN,Oman,country,2014,burned_area_share_land,1.62e-05,share,K1,owid_annual_area_burnt_share_land,measured,f_sensor_break;f_min_fire_size
OMN,Oman,country,2015,burned_area_share_land,1.774e-05,share,K1,owid_annual_area_burnt_share_land,measured,f_sensor_break;f_min_fire_size
OMN,Oman,country,2016,burned_area_share_land,1.925e-05,share,K1,owid_annual_area_burnt_share_land,measured,f_sensor_break;f_min_fire_size
OMN,Oman,country,2017,burned_area_share_land,3.981e-05,share,K1,owid_annual_area_burnt_share_land,measured,f_sensor_break;f_min_fire_size
OMN,Oman,country,2018,burned_area_share_land,1.234e-05,share,K1,owid_annual_area_burnt_share_land,measured,f_sensor_break;f_min_fire_size
OMN,Oman,country,2019,burned_area_share_land,2.041e-05,share,K1,owid_annual_area_burnt_share_land,measured,f_sensor_break;f_min_fire_size
OMN,Oman,country,2020,burned_area_share_land,3.252e-05,share,K1,owid_annual_area_burnt_share_land,measured,f_sensor_break;f_min_fire_size
OMN,Oman,country,2021,burned_area_share_land,0.00012661,share,K1,owid_annual_area_burnt_share_land,measured,f_sensor_break;f_min_fire_size
OMN,Oman,country,2022,burned_area_share_land,4.849e-05,share,K1,owid_annual_area_burnt_share_land,measured,f_sensor_break;f_min_fire_size
OMN,Oman,country,2023,burned_area_share_land,0.0,share,K1,owid_annual_area_burnt_share_land,measured,f_sensor_break;f_min_fire_size;f_zero_no_detection
OMN,Oman,country,2024,burned_area_share_land,0.0,share,K1,owid_annual_area_burnt_share_land,measured,f_sensor_break;f_min_fire_size;f_zero_no_detection
OMN,Oman,country,2025,burned_area_share_land,6.33e-06,share,K1,owid_annual_area_burnt_share_land,measured,f_sensor_break;f_min_fire_size
OMN,Oman,country,2026,burned_area_share_land,7.07e-06,share,K1,owid_annual_area_burnt_share_land,measured,f_sensor_break;f_min_fire_size;f_incomplete_year
PAK,Pakistan,country,2012,burned_area_share_land,0.0034612,share,K1,owid_annual_area_burnt_share_land,measured,f_sensor_break;f_min_fire_size
PAK,Pakistan,country,2013,burned_area_share_land,0.00216118,share,K1,owid_annual_area_burnt_share_land,measured,f_sensor_break;f_min_fire_size
PAK,Pakistan,country,2014,burned_area_share_land,0.00258392,share,K1,owid_annual_area_burnt_share_land,measured,f_sensor_break;f_min_fire_size
PAK,Pakistan,country,2015,burned_area_share_land,0.00172114,share,K1,owid_annual_area_burnt_share_land,measured,f_sensor_break;f_min_fire_size
PAK,Pakistan,country,2016,burned_area_share_land,0.00416212,share,K1,owid_annual_area_burnt_share_land,measured,f_sensor_break;f_min_fire_size
PAK,Pakistan,country,2017,burned_area_share_land,0.00355028,share,K1,owid_annual_area_burnt_share_land,measured,f_sensor_break;f_min_fire_size
PAK,Pakistan,country,2018,burned_area_share_land,0.00340513,share,K1,owid_annual_area_burnt_share_land,measured,f_sensor_break;f_min_fire_size
PAK,Pakistan,country,2019,burned_area_share_land,0.00230427,share,K1,owid_annual_area_burnt_share_land,measured,f_sensor_break;f_min_fire_size
PAK,Pakistan,country,2020,burned_area_share_land,0.00231613,share,K1,owid_annual_area_burnt_share_land,measured,f_sensor_break;f_min_fire_size
PAK,Pakistan,country,2021,burned_area_share_land,0.00420513,share,K1,owid_annual_area_burnt_share_land,measured,f_sensor_break;f_min_fire_size
PAK,Pakistan,country,2022,burned_area_share_land,0.0041901,share,K1,owid_annual_area_burnt_share_land,measured,f_sensor_break;f_min_fire_size
PAK,Pakistan,country,2023,burned_area_share_land,0.00159178,share,K1,owid_annual_area_burnt_share_land,measured,f_sensor_break;f_min_fire_size
PAK,Pakistan,country,2024,burned_area_share_land,0.00241923,share,K1,owid_annual_area_burnt_share_land,measured,f_sensor_break;f_min_fire_size
PAK,Pakistan,country,2025,burned_area_share_land,0.00249725,share,K1,owid_annual_area_burnt_share_land,measured,f_sensor_break;f_min_fire_size
PAK,Pakistan,country,2026,burned_area_share_land,0.00092217,share,K1,owid_annual_area_burnt_share_land,measured,f_sensor_break;f_min_fire_size;f_incomplete_year
PAN,Panama,country,2012,burned_area_share_land,0.01533572,share,K1,owid_annual_area_burnt_share_land,measured,f_sensor_break;f_min_fire_size
PAN,Panama,country,2013,burned_area_share_land,0.0133445,share,K1,owid_annual_area_burnt_share_land,measured,f_sensor_break;f_min_fire_size
PAN,Panama,country,2014,burned_area_share_land,0.01612479,share,K1,owid_annual_area_burnt_share_land,measured,f_sensor_break;f_min_fire_size
PAN,Panama,country,2015,burned_area_share_land,0.02546968,share,K1,owid_annual_area_burnt_share_land,measured,f_sensor_break;f_min_fire_size
PAN,Panama,country,2016,burned_area_share_land,0.03128495,share,K1,owid_annual_area_burnt_share_land,measured,f_sensor_break;f_min_fire_size
PAN,Panama,country,2017,burned_area_share_land,0.01241422,share,K1,owid_annual_area_burnt_share_land,measured,f_sensor_break;f_min_fire_size
PAN,Panama,country,2018,burned_area_share_land,0.00793932,share,K1,owid_annual_area_burnt_share_land,measured,f_sensor_break;f_min_fire_size
PAN,Panama,country,2019,burned_area_share_land,0.03592513,share,K1,owid_annual_area_burnt_share_land,measured,f_sensor_break;f_min_fire_size
PAN,Panama,country,2020,burned_area_share_land,0.02117629,share,K1,owid_annual_area_burnt_share_land,measured,f_sensor_break;f_min_fire_size
PAN,Panama,country,2021,burned_area_share_land,0.00946756,share,K1,owid_annual_area_burnt_share_land,measured,f_sensor_break;f_min_fire_size
PAN,Panama,country,2022,burned_area_share_land,0.01017318,share,K1,owid_annual_area_burnt_share_land,measured,f_sensor_break;f_min_fire_size
PAN,Panama,country,2023,burned_area_share_land,0.01891036,share,K1,owid_annual_area_burnt_share_land,measured,f_sensor_break;f_min_fire_size
PAN,Panama,country,2024,burned_area_share_land,0.00872799,share,K1,owid_annual_area_burnt_share_land,measured,f_sensor_break;f_min_fire_size
PAN,Panama,country,2025,burned_area_share_land,0.00201462,share,K1,owid_annual_area_burnt_share_land,measured,f_sensor_break;f_min_fire_size
PAN,Panama,country,2026,burned_area_share_land,0.00593619,share,K1,owid_annual_area_burnt_share_land,measured,f_sensor_break;f_min_fire_size;f_incomplete_year
PCN,Pitcairn,country,2012,burned_area_share_land,0.0,share,K1,owid_annual_area_burnt_share_land,measured,f_sensor_break;f_min_fire_size;f_zero_no_detection
PCN,Pitcairn,country,2013,burned_area_share_land,0.0,share,K1,owid_annual_area_burnt_share_land,measured,f_sensor_break;f_min_fire_size;f_zero_no_detection
PCN,Pitcairn,country,2014,burned_area_share_land,0.0,share,K1,owid_annual_area_burnt_share_land,measured,f_sensor_break;f_min_fire_size;f_zero_no_detection
PCN,Pitcairn,country,2015,burned_area_share_land,0.0,share,K1,owid_annual_area_burnt_share_land,measured,f_sensor_break;f_min_fire_size;f_zero_no_detection
PCN,Pitcairn,country,2016,burned_area_share_land,0.0,share,K1,owid_annual_area_burnt_share_land,measured,f_sensor_break;f_min_fire_size;f_zero_no_detection
PCN,Pitcairn,country,2017,burned_area_share_land,0.0,share,K1,owid_annual_area_burnt_share_land,measured,f_sensor_break;f_min_fire_size;f_zero_no_detection
PCN,Pitcairn,country,2018,burned_area_share_land,0.0,share,K1,owid_annual_area_burnt_share_land,measured,f_sensor_break;f_min_fire_size;f_zero_no_detection
PCN,Pitcairn,country,2019,burned_area_share_land,0.0,share,K1,owid_annual_area_burnt_share_land,measured,f_sensor_break;f_min_fire_size;f_zero_no_detection
PCN,Pitcairn,country,2020,burned_area_share_land,0.0,share,K1,owid_annual_area_burnt_share_land,measured,f_sensor_break;f_min_fire_size;f_zero_no_detection
PCN,Pitcairn,country,2021,burned_area_share_land,0.0,share,K1,owid_annual_area_burnt_share_land,measured,f_sensor_break;f_min_fire_size;f_zero_no_detection
PCN,Pitcairn,country,2022,burned_area_share_land,0.0,share,K1,owid_annual_area_burnt_share_land,measured,f_sensor_break;f_min_fire_size;f_zero_no_detection
PCN,Pitcairn,country,2023,burned_area_share_land,0.0,share,K1,owid_annual_area_burnt_share_land,measured,f_sensor_break;f_min_fire_size;f_zero_no_detection
PCN,Pitcairn,country,2024,burned_area_share_land,0.0,share,K1,owid_annual_area_burnt_share_land,measured,f_sensor_break;f_min_fire_size;f_zero_no_detection
PCN,Pitcairn,country,2025,burned_area_share_land,0.0,share,K1,owid_annual_area_burnt_share_land,measured,f_sensor_break;f_min_fire_size;f_zero_no_detection
PCN,Pitcairn,country,2026,burned_area_share_land,0.0,share,K1,owid_annual_area_burnt_share_land,measured,f_sensor_break;f_min_fire_size;f_incomplete_year;f_zero_no_detection
PER,Peru,country,2012,burned_area_share_land,0.00924799,share,K1,owid_annual_area_burnt_share_land,measured,f_sensor_break;f_min_fire_size
PER,Peru,country,2013,burned_area_share_land,0.00634018,share,K1,owid_annual_area_burnt_share_land,measured,f_sensor_break;f_min_fire_size
PER,Peru,country,2014,burned_area_share_land,0.00509488,share,K1,owid_annual_area_burnt_share_land,measured,f_sensor_break;f_min_fire_size
PER,Peru,country,2015,burned_area_share_land,0.00703693,share,K1,owid_annual_area_burnt_share_land,measured,f_sensor_break;f_min_fire_size
PER,Peru,country,2016,burned_area_share_land,0.00992903,share,K1,owid_annual_area_burnt_share_land,measured,f_sensor_break;f_min_fire_size
PER,Peru,country,2017,burned_area_share_land,0.00494022,share,K1,owid_annual_area_burnt_share_land,measured,f_sensor_break;f_min_fire_size
PER,Peru,country,2018,burned_area_share_land,0.00619755,share,K1,owid_annual_area_burnt_share_land,measured,f_sensor_break;f_min_fire_size
PER,Peru,country,2019,burned_area_share_land,0.008721,share,K1,owid_annual_area_burnt_share_land,measured,f_sensor_break;f_min_fire_size
PER,Peru,country,2020,burned_area_share_land,0.0097041,share,K1,owid_annual_area_burnt_share_land,measured,f_sensor_break;f_min_fire_size
PER,Peru,country,2021,burned_area_share_land,0.00637842,share,K1,owid_annual_area_burnt_share_land,measured,f_sensor_break;f_min_fire_size
PER,Peru,country,2022,burned_area_share_land,0.00993592,share,K1,owid_annual_area_burnt_share_land,measured,f_sensor_break;f_min_fire_size
PER,Peru,country,2023,burned_area_share_land,0.0047423,share,K1,owid_annual_area_burnt_share_land,measured,f_sensor_break;f_min_fire_size
PER,Peru,country,2024,burned_area_share_land,0.00881979,share,K1,owid_annual_area_burnt_share_land,measured,f_sensor_break;f_min_fire_size
PER,Peru,country,2025,burned_area_share_land,0.0028545,share,K1,owid_annual_area_burnt_share_land,measured,f_sensor_break;f_min_fire_size
PER,Peru,country,2026,burned_area_share_land,0.00035016,share,K1,owid_annual_area_burnt_share_land,measured,f_sensor_break;f_min_fire_size;f_incomplete_year
PHL,Filippinene,country,2012,burned_area_share_land,0.00471327,share,K1,owid_annual_area_burnt_share_land,measured,f_sensor_break;f_min_fire_size
PHL,Filippinene,country,2013,burned_area_share_land,0.00639256,share,K1,owid_annual_area_burnt_share_land,measured,f_sensor_break;f_min_fire_size
PHL,Filippinene,country,2014,burned_area_share_land,0.00954352,share,K1,owid_annual_area_burnt_share_land,measured,f_sensor_break;f_min_fire_size
PHL,Filippinene,country,2015,burned_area_share_land,0.01433943,share,K1,owid_annual_area_burnt_share_land,measured,f_sensor_break;f_min_fire_size
PHL,Filippinene,country,2016,burned_area_share_land,0.01627665,share,K1,owid_annual_area_burnt_share_land,measured,f_sensor_break;f_min_fire_size
PHL,Filippinene,country,2017,burned_area_share_land,0.00588554,share,K1,owid_annual_area_burnt_share_land,measured,f_sensor_break;f_min_fire_size
PHL,Filippinene,country,2018,burned_area_share_land,0.00606228,share,K1,owid_annual_area_burnt_share_land,measured,f_sensor_break;f_min_fire_size
PHL,Filippinene,country,2019,burned_area_share_land,0.01460127,share,K1,owid_annual_area_burnt_share_land,measured,f_sensor_break;f_min_fire_size
PHL,Filippinene,country,2020,burned_area_share_land,0.0114481,share,K1,owid_annual_area_burnt_share_land,measured,f_sensor_break;f_min_fire_size
PHL,Filippinene,country,2021,burned_area_share_land,0.0048594,share,K1,owid_annual_area_burnt_share_land,measured,f_sensor_break;f_min_fire_size
PHL,Filippinene,country,2022,burned_area_share_land,0.00416752,share,K1,owid_annual_area_burnt_share_land,measured,f_sensor_break;f_min_fire_size
PHL,Filippinene,country,2023,burned_area_share_land,0.0071037,share,K1,owid_annual_area_burnt_share_land,measured,f_sensor_break;f_min_fire_size
PHL,Filippinene,country,2024,burned_area_share_land,0.00949863,share,K1,owid_annual_area_burnt_share_land,measured,f_sensor_break;f_min_fire_size
PHL,Filippinene,country,2025,burned_area_share_land,0.00206846,share,K1,owid_annual_area_burnt_share_land,measured,f_sensor_break;f_min_fire_size
PHL,Filippinene,country,2026,burned_area_share_land,0.00820135,share,K1,owid_annual_area_burnt_share_land,measured,f_sensor_break;f_min_fire_size;f_incomplete_year
PLW,Palau,country,2012,burned_area_share_land,0.0,share,K1,owid_annual_area_burnt_share_land,measured,f_sensor_break;f_min_fire_size;f_zero_no_detection
PLW,Palau,country,2013,burned_area_share_land,0.00501224,share,K1,owid_annual_area_burnt_share_land,measured,f_sensor_break;f_min_fire_size
PLW,Palau,country,2014,burned_area_share_land,0.0,share,K1,owid_annual_area_burnt_share_land,measured,f_sensor_break;f_min_fire_size;f_zero_no_detection
PLW,Palau,country,2015,burned_area_share_land,0.0,share,K1,owid_annual_area_burnt_share_land,measured,f_sensor_break;f_min_fire_size;f_zero_no_detection
PLW,Palau,country,2016,burned_area_share_land,0.0,share,K1,owid_annual_area_burnt_share_land,measured,f_sensor_break;f_min_fire_size;f_zero_no_detection
PLW,Palau,country,2017,burned_area_share_land,0.0,share,K1,owid_annual_area_burnt_share_land,measured,f_sensor_break;f_min_fire_size;f_zero_no_detection
PLW,Palau,country,2018,burned_area_share_land,0.00510069,share,K1,owid_annual_area_burnt_share_land,measured,f_sensor_break;f_min_fire_size
PLW,Palau,country,2019,burned_area_share_land,0.0,share,K1,owid_annual_area_burnt_share_land,measured,f_sensor_break;f_min_fire_size;f_zero_no_detection
PLW,Palau,country,2020,burned_area_share_land,0.00554294,share,K1,owid_annual_area_burnt_share_land,measured,f_sensor_break;f_min_fire_size
PLW,Palau,country,2021,burned_area_share_land,0.0,share,K1,owid_annual_area_burnt_share_land,measured,f_sensor_break;f_min_fire_size;f_zero_no_detection
PLW,Palau,country,2022,burned_area_share_land,0.0,share,K1,owid_annual_area_burnt_share_land,measured,f_sensor_break;f_min_fire_size;f_zero_no_detection
PLW,Palau,country,2023,burned_area_share_land,0.0,share,K1,owid_annual_area_burnt_share_land,measured,f_sensor_break;f_min_fire_size;f_zero_no_detection
PLW,Palau,country,2024,burned_area_share_land,0.0,share,K1,owid_annual_area_burnt_share_land,measured,f_sensor_break;f_min_fire_size;f_zero_no_detection
PLW,Palau,country,2025,burned_area_share_land,0.00551346,share,K1,owid_annual_area_burnt_share_land,measured,f_sensor_break;f_min_fire_size
PLW,Palau,country,2026,burned_area_share_land,0.0,share,K1,owid_annual_area_burnt_share_land,measured,f_sensor_break;f_min_fire_size;f_incomplete_year;f_zero_no_detection
PNG,Papua Ny-Guinea,country,2012,burned_area_share_land,0.00865425,share,K1,owid_annual_area_burnt_share_land,measured,f_sensor_break;f_min_fire_size
PNG,Papua Ny-Guinea,country,2013,burned_area_share_land,0.00818285,share,K1,owid_annual_area_burnt_share_land,measured,f_sensor_break;f_min_fire_size
PNG,Papua Ny-Guinea,country,2014,burned_area_share_land,0.01345534,share,K1,owid_annual_area_burnt_share_land,measured,f_sensor_break;f_min_fire_size
PNG,Papua Ny-Guinea,country,2015,burned_area_share_land,0.04678005,share,K1,owid_annual_area_burnt_share_land,measured,f_sensor_break;f_min_fire_size
PNG,Papua Ny-Guinea,country,2016,burned_area_share_land,0.00631803,share,K1,owid_annual_area_burnt_share_land,measured,f_sensor_break;f_min_fire_size
PNG,Papua Ny-Guinea,country,2017,burned_area_share_land,0.00873372,share,K1,owid_annual_area_burnt_share_land,measured,f_sensor_break;f_min_fire_size
PNG,Papua Ny-Guinea,country,2018,burned_area_share_land,0.01714595,share,K1,owid_annual_area_burnt_share_land,measured,f_sensor_break;f_min_fire_size
PNG,Papua Ny-Guinea,country,2019,burned_area_share_land,0.0104791,share,K1,owid_annual_area_burnt_share_land,measured,f_sensor_break;f_min_fire_size
PNG,Papua Ny-Guinea,country,2020,burned_area_share_land,0.00560754,share,K1,owid_annual_area_burnt_share_land,measured,f_sensor_break;f_min_fire_size
PNG,Papua Ny-Guinea,country,2021,burned_area_share_land,0.0066965,share,K1,owid_annual_area_burnt_share_land,measured,f_sensor_break;f_min_fire_size
PNG,Papua Ny-Guinea,country,2022,burned_area_share_land,0.0104963,share,K1,owid_annual_area_burnt_share_land,measured,f_sensor_break;f_min_fire_size
PNG,Papua Ny-Guinea,country,2023,burned_area_share_land,0.0140736,share,K1,owid_annual_area_burnt_share_land,measured,f_sensor_break;f_min_fire_size
PNG,Papua Ny-Guinea,country,2024,burned_area_share_land,0.00567533,share,K1,owid_annual_area_burnt_share_land,measured,f_sensor_break;f_min_fire_size
PNG,Papua Ny-Guinea,country,2025,burned_area_share_land,0.00374472,share,K1,owid_annual_area_burnt_share_land,measured,f_sensor_break;f_min_fire_size
PNG,Papua Ny-Guinea,country,2026,burned_area_share_land,0.00494137,share,K1,owid_annual_area_burnt_share_land,measured,f_sensor_break;f_min_fire_size;f_incomplete_year
POL,Polen,country,2012,burned_area_share_land,0.00018333,share,K1,owid_annual_area_burnt_share_land,measured,f_sensor_break;f_min_fire_size
POL,Polen,country,2013,burned_area_share_land,4.016e-05,share,K1,owid_annual_area_burnt_share_land,measured,f_sensor_break;f_min_fire_size
POL,Polen,country,2014,burned_area_share_land,0.00014887,share,K1,owid_annual_area_burnt_share_land,measured,f_sensor_break;f_min_fire_size
POL,Polen,country,2015,burned_area_share_land,0.0002093,share,K1,owid_annual_area_burnt_share_land,measured,f_sensor_break;f_min_fire_size
POL,Polen,country,2016,burned_area_share_land,0.00010212,share,K1,owid_annual_area_burnt_share_land,measured,f_sensor_break;f_min_fire_size
POL,Polen,country,2017,burned_area_share_land,3.401e-05,share,K1,owid_annual_area_burnt_share_land,measured,f_sensor_break;f_min_fire_size
POL,Polen,country,2018,burned_area_share_land,0.00012366,share,K1,owid_annual_area_burnt_share_land,measured,f_sensor_break;f_min_fire_size
POL,Polen,country,2019,burned_area_share_land,0.00016322,share,K1,owid_annual_area_burnt_share_land,measured,f_sensor_break;f_min_fire_size
POL,Polen,country,2020,burned_area_share_land,0.00031732,share,K1,owid_annual_area_burnt_share_land,measured,f_sensor_break;f_min_fire_size
POL,Polen,country,2021,burned_area_share_land,4.421e-05,share,K1,owid_annual_area_burnt_share_land,measured,f_sensor_break;f_min_fire_size
POL,Polen,country,2022,burned_area_share_land,0.00012315,share,K1,owid_annual_area_burnt_share_land,measured,f_sensor_break;f_min_fire_size
POL,Polen,country,2023,burned_area_share_land,3.643e-05,share,K1,owid_annual_area_burnt_share_land,measured,f_sensor_break;f_min_fire_size
POL,Polen,country,2024,burned_area_share_land,5.507e-05,share,K1,owid_annual_area_burnt_share_land,measured,f_sensor_break;f_min_fire_size
POL,Polen,country,2025,burned_area_share_land,5.007e-05,share,K1,owid_annual_area_burnt_share_land,measured,f_sensor_break;f_min_fire_size
POL,Polen,country,2026,burned_area_share_land,0.00010078,share,K1,owid_annual_area_burnt_share_land,measured,f_sensor_break;f_min_fire_size;f_incomplete_year
PRI,Puerto Rico,country,2012,burned_area_share_land,0.00223664,share,K1,owid_annual_area_burnt_share_land,measured,f_sensor_break;f_min_fire_size
PRI,Puerto Rico,country,2013,burned_area_share_land,0.00408181,share,K1,owid_annual_area_burnt_share_land,measured,f_sensor_break;f_min_fire_size
PRI,Puerto Rico,country,2014,burned_area_share_land,0.00219289,share,K1,owid_annual_area_burnt_share_land,measured,f_sensor_break;f_min_fire_size
PRI,Puerto Rico,country,2015,burned_area_share_land,0.00171393,share,K1,owid_annual_area_burnt_share_land,measured,f_sensor_break;f_min_fire_size
PRI,Puerto Rico,country,2016,burned_area_share_land,0.00149072,share,K1,owid_annual_area_burnt_share_land,measured,f_sensor_break;f_min_fire_size
PRI,Puerto Rico,country,2017,burned_area_share_land,0.00115309,share,K1,owid_annual_area_burnt_share_land,measured,f_sensor_break;f_min_fire_size
PRI,Puerto Rico,country,2018,burned_area_share_land,0.00169262,share,K1,owid_annual_area_burnt_share_land,measured,f_sensor_break;f_min_fire_size
PRI,Puerto Rico,country,2019,burned_area_share_land,0.00282328,share,K1,owid_annual_area_burnt_share_land,measured,f_sensor_break;f_min_fire_size
PRI,Puerto Rico,country,2020,burned_area_share_land,0.0,share,K1,owid_annual_area_burnt_share_land,measured,f_sensor_break;f_min_fire_size;f_zero_no_detection
PRI,Puerto Rico,country,2021,burned_area_share_land,0.00092763,share,K1,owid_annual_area_burnt_share_land,measured,f_sensor_break;f_min_fire_size
PRI,Puerto Rico,country,2022,burned_area_share_land,0.00154456,share,K1,owid_annual_area_burnt_share_land,measured,f_sensor_break;f_min_fire_size
PRI,Puerto Rico,country,2023,burned_area_share_land,0.00058664,share,K1,owid_annual_area_burnt_share_land,measured,f_sensor_break;f_min_fire_size
PRI,Puerto Rico,country,2024,burned_area_share_land,0.00141332,share,K1,owid_annual_area_burnt_share_land,measured,f_sensor_break;f_min_fire_size
PRI,Puerto Rico,country,2025,burned_area_share_land,0.00060122,share,K1,owid_annual_area_burnt_share_land,measured,f_sensor_break;f_min_fire_size
PRI,Puerto Rico,country,2026,burned_area_share_land,0.00025687,share,K1,owid_annual_area_burnt_share_land,measured,f_sensor_break;f_min_fire_size;f_incomplete_year
PRK,Nord-Korea,country,2012,burned_area_share_land,0.00475987,share,K1,owid_annual_area_burnt_share_land,measured,f_sensor_break;f_min_fire_size
PRK,Nord-Korea,country,2013,burned_area_share_land,0.0044517,share,K1,owid_annual_area_burnt_share_land,measured,f_sensor_break;f_min_fire_size
PRK,Nord-Korea,country,2014,burned_area_share_land,0.03254511,share,K1,owid_annual_area_burnt_share_land,measured,f_sensor_break;f_min_fire_size
PRK,Nord-Korea,country,2015,burned_area_share_land,0.01325952,share,K1,owid_annual_area_burnt_share_land,measured,f_sensor_break;f_min_fire_size
PRK,Nord-Korea,country,2016,burned_area_share_land,0.0020197,share,K1,owid_annual_area_burnt_share_land,measured,f_sensor_break;f_min_fire_size
PRK,Nord-Korea,country,2017,burned_area_share_land,0.00539007,share,K1,owid_annual_area_burnt_share_land,measured,f_sensor_break;f_min_fire_size
PRK,Nord-Korea,country,2018,burned_area_share_land,0.00355639,share,K1,owid_annual_area_burnt_share_land,measured,f_sensor_break;f_min_fire_size
PRK,Nord-Korea,country,2019,burned_area_share_land,0.00746514,share,K1,owid_annual_area_burnt_share_land,measured,f_sensor_break;f_min_fire_size
PRK,Nord-Korea,country,2020,burned_area_share_land,0.00217766,share,K1,owid_annual_area_burnt_share_land,measured,f_sensor_break;f_min_fire_size
PRK,Nord-Korea,country,2021,burned_area_share_land,0.00049296,share,K1,owid_annual_area_burnt_share_land,measured,f_sensor_break;f_min_fire_size
PRK,Nord-Korea,country,2022,burned_area_share_land,0.00139235,share,K1,owid_annual_area_burnt_share_land,measured,f_sensor_break;f_min_fire_size
PRK,Nord-Korea,country,2023,burned_area_share_land,0.00070188,share,K1,owid_annual_area_burnt_share_land,measured,f_sensor_break;f_min_fire_size
PRK,Nord-Korea,country,2024,burned_area_share_land,0.00194492,share,K1,owid_annual_area_burnt_share_land,measured,f_sensor_break;f_min_fire_size
PRK,Nord-Korea,country,2025,burned_area_share_land,0.00041508,share,K1,owid_annual_area_burnt_share_land,measured,f_sensor_break;f_min_fire_size
PRK,Nord-Korea,country,2026,burned_area_share_land,0.00110163,share,K1,owid_annual_area_burnt_share_land,measured,f_sensor_break;f_min_fire_size;f_incomplete_year
PRT,Portugal,country,2012,burned_area_share_land,0.01554055,share,K1,owid_annual_area_burnt_share_land,measured,f_sensor_break;f_min_fire_size
PRT,Portugal,country,2013,burned_area_share_land,0.02042227,share,K1,owid_annual_area_burnt_share_land,measured,f_sensor_break;f_min_fire_size
PRT,Portugal,country,2014,burned_area_share_land,0.00257714,share,K1,owid_annual_area_burnt_share_land,measured,f_sensor_break;f_min_fire_size
PRT,Portugal,country,2015,burned_area_share_land,0.00883495,share,K1,owid_annual_area_burnt_share_land,measured,f_sensor_break;f_min_fire_size
PRT,Portugal,country,2016,burned_area_share_land,0.02292445,share,K1,owid_annual_area_burnt_share_land,measured,f_sensor_break;f_min_fire_size
PRT,Portugal,country,2017,burned_area_share_land,0.03860105,share,K1,owid_annual_area_burnt_share_land,measured,f_sensor_break;f_min_fire_size
PRT,Portugal,country,2018,burned_area_share_land,0.00488029,share,K1,owid_annual_area_burnt_share_land,measured,f_sensor_break;f_min_fire_size
PRT,Portugal,country,2019,burned_area_share_land,0.00538599,share,K1,owid_annual_area_burnt_share_land,measured,f_sensor_break;f_min_fire_size
PRT,Portugal,country,2020,burned_area_share_land,0.00665805,share,K1,owid_annual_area_burnt_share_land,measured,f_sensor_break;f_min_fire_size
PRT,Portugal,country,2021,burned_area_share_land,0.00406748,share,K1,owid_annual_area_burnt_share_land,measured,f_sensor_break;f_min_fire_size
PRT,Portugal,country,2022,burned_area_share_land,0.0103691,share,K1,owid_annual_area_burnt_share_land,measured,f_sensor_break;f_min_fire_size
PRT,Portugal,country,2023,burned_area_share_land,0.0043244,share,K1,owid_annual_area_burnt_share_land,measured,f_sensor_break;f_min_fire_size
PRT,Portugal,country,2024,burned_area_share_land,0.01739062,share,K1,owid_annual_area_burnt_share_land,measured,f_sensor_break;f_min_fire_size
PRT,Portugal,country,2025,burned_area_share_land,0.02328705,share,K1,owid_annual_area_burnt_share_land,measured,f_sensor_break;f_min_fire_size
PRT,Portugal,country,2026,burned_area_share_land,0.00446904,share,K1,owid_annual_area_burnt_share_land,measured,f_sensor_break;f_min_fire_size;f_incomplete_year
PRY,Paraguay,country,2012,burned_area_share_land,0.06315578,share,K1,owid_annual_area_burnt_share_land,measured,f_sensor_break;f_min_fire_size
PRY,Paraguay,country,2013,burned_area_share_land,0.09860811,share,K1,owid_annual_area_burnt_share_land,measured,f_sensor_break;f_min_fire_size
PRY,Paraguay,country,2014,burned_area_share_land,0.05766075,share,K1,owid_annual_area_burnt_share_land,measured,f_sensor_break;f_min_fire_size
PRY,Paraguay,country,2015,burned_area_share_land,0.05321507,share,K1,owid_annual_area_burnt_share_land,measured,f_sensor_break;f_min_fire_size
PRY,Paraguay,country,2016,burned_area_share_land,0.0753057,share,K1,owid_annual_area_burnt_share_land,measured,f_sensor_break;f_min_fire_size
PRY,Paraguay,country,2017,burned_area_share_land,0.09746391,share,K1,owid_annual_area_burnt_share_land,measured,f_sensor_break;f_min_fire_size
PRY,Paraguay,country,2018,burned_area_share_land,0.05400717,share,K1,owid_annual_area_burnt_share_land,measured,f_sensor_break;f_min_fire_size
PRY,Paraguay,country,2019,burned_area_share_land,0.08446086,share,K1,owid_annual_area_burnt_share_land,measured,f_sensor_break;f_min_fire_size
PRY,Paraguay,country,2020,burned_area_share_land,0.14995346,share,K1,owid_annual_area_burnt_share_land,measured,f_sensor_break;f_min_fire_size
PRY,Paraguay,country,2021,burned_area_share_land,0.094847,share,K1,owid_annual_area_burnt_share_land,measured,f_sensor_break;f_min_fire_size
PRY,Paraguay,country,2022,burned_area_share_land,0.07117557,share,K1,owid_annual_area_burnt_share_land,measured,f_sensor_break;f_min_fire_size
PRY,Paraguay,country,2023,burned_area_share_land,0.06867904,share,K1,owid_annual_area_burnt_share_land,measured,f_sensor_break;f_min_fire_size
PRY,Paraguay,country,2024,burned_area_share_land,0.06646978,share,K1,owid_annual_area_burnt_share_land,measured,f_sensor_break;f_min_fire_size
PRY,Paraguay,country,2025,burned_area_share_land,0.03106254,share,K1,owid_annual_area_burnt_share_land,measured,f_sensor_break;f_min_fire_size
PRY,Paraguay,country,2026,burned_area_share_land,0.01014303,share,K1,owid_annual_area_burnt_share_land,measured,f_sensor_break;f_min_fire_size;f_incomplete_year
PSE,Palestina,country,2012,burned_area_share_land,0.00015327,share,K1,owid_annual_area_burnt_share_land,measured,f_sensor_break;f_min_fire_size
PSE,Palestina,country,2013,burned_area_share_land,0.00276993,share,K1,owid_annual_area_burnt_share_land,measured,f_sensor_break;f_min_fire_size
PSE,Palestina,country,2014,burned_area_share_land,4.74e-06,share,K1,owid_annual_area_burnt_share_land,measured,f_sensor_break;f_min_fire_size
PSE,Palestina,country,2015,burned_area_share_land,0.00474506,share,K1,owid_annual_area_burnt_share_land,measured,f_sensor_break;f_min_fire_size
PSE,Palestina,country,2016,burned_area_share_land,0.00485883,share,K1,owid_annual_area_burnt_share_land,measured,f_sensor_break;f_min_fire_size
PSE,Palestina,country,2017,burned_area_share_land,0.00037449,share,K1,owid_annual_area_burnt_share_land,measured,f_sensor_break;f_min_fire_size
PSE,Palestina,country,2018,burned_area_share_land,0.0,share,K1,owid_annual_area_burnt_share_land,measured,f_sensor_break;f_min_fire_size;f_zero_no_detection
PSE,Palestina,country,2019,burned_area_share_land,0.00379067,share,K1,owid_annual_area_burnt_share_land,measured,f_sensor_break;f_min_fire_size
PSE,Palestina,country,2020,burned_area_share_land,0.00603126,share,K1,owid_annual_area_burnt_share_land,measured,f_sensor_break;f_min_fire_size
PSE,Palestina,country,2021,burned_area_share_land,0.00530126,share,K1,owid_annual_area_burnt_share_land,measured,f_sensor_break;f_min_fire_size
PSE,Palestina,country,2022,burned_area_share_land,0.00109659,share,K1,owid_annual_area_burnt_share_land,measured,f_sensor_break;f_min_fire_size
PSE,Palestina,country,2023,burned_area_share_land,0.0012467,share,K1,owid_annual_area_burnt_share_land,measured,f_sensor_break;f_min_fire_size
PSE,Palestina,country,2024,burned_area_share_land,0.00258663,share,K1,owid_annual_area_burnt_share_land,measured,f_sensor_break;f_min_fire_size
PSE,Palestina,country,2025,burned_area_share_land,0.0014616,share,K1,owid_annual_area_burnt_share_land,measured,f_sensor_break;f_min_fire_size
PSE,Palestina,country,2026,burned_area_share_land,0.00033814,share,K1,owid_annual_area_burnt_share_land,measured,f_sensor_break;f_min_fire_size;f_incomplete_year
PYF,Fransk Polynesia,country,2012,burned_area_share_land,0.0,share,K1,owid_annual_area_burnt_share_land,measured,f_sensor_break;f_min_fire_size;f_zero_no_detection
PYF,Fransk Polynesia,country,2013,burned_area_share_land,0.0,share,K1,owid_annual_area_burnt_share_land,measured,f_sensor_break;f_min_fire_size;f_zero_no_detection
PYF,Fransk Polynesia,country,2014,burned_area_share_land,0.0,share,K1,owid_annual_area_burnt_share_land,measured,f_sensor_break;f_min_fire_size;f_zero_no_detection
PYF,Fransk Polynesia,country,2015,burned_area_share_land,0.0,share,K1,owid_annual_area_burnt_share_land,measured,f_sensor_break;f_min_fire_size;f_zero_no_detection
PYF,Fransk Polynesia,country,2016,burned_area_share_land,0.0,share,K1,owid_annual_area_burnt_share_land,measured,f_sensor_break;f_min_fire_size;f_zero_no_detection
PYF,Fransk Polynesia,country,2017,burned_area_share_land,0.0,share,K1,owid_annual_area_burnt_share_land,measured,f_sensor_break;f_min_fire_size;f_zero_no_detection
PYF,Fransk Polynesia,country,2018,burned_area_share_land,0.0,share,K1,owid_annual_area_burnt_share_land,measured,f_sensor_break;f_min_fire_size;f_zero_no_detection
PYF,Fransk Polynesia,country,2019,burned_area_share_land,0.0,share,K1,owid_annual_area_burnt_share_land,measured,f_sensor_break;f_min_fire_size;f_zero_no_detection
PYF,Fransk Polynesia,country,2020,burned_area_share_land,0.0,share,K1,owid_annual_area_burnt_share_land,measured,f_sensor_break;f_min_fire_size;f_zero_no_detection
PYF,Fransk Polynesia,country,2021,burned_area_share_land,0.0,share,K1,owid_annual_area_burnt_share_land,measured,f_sensor_break;f_min_fire_size;f_zero_no_detection
PYF,Fransk Polynesia,country,2022,burned_area_share_land,0.0,share,K1,owid_annual_area_burnt_share_land,measured,f_sensor_break;f_min_fire_size;f_zero_no_detection
PYF,Fransk Polynesia,country,2023,burned_area_share_land,0.0,share,K1,owid_annual_area_burnt_share_land,measured,f_sensor_break;f_min_fire_size;f_zero_no_detection
PYF,Fransk Polynesia,country,2024,burned_area_share_land,0.0,share,K1,owid_annual_area_burnt_share_land,measured,f_sensor_break;f_min_fire_size;f_zero_no_detection
PYF,Fransk Polynesia,country,2025,burned_area_share_land,0.0,share,K1,owid_annual_area_burnt_share_land,measured,f_sensor_break;f_min_fire_size;f_zero_no_detection
PYF,Fransk Polynesia,country,2026,burned_area_share_land,0.0,share,K1,owid_annual_area_burnt_share_land,measured,f_sensor_break;f_min_fire_size;f_incomplete_year;f_zero_no_detection
QAT,Qatar,country,2012,burned_area_share_land,0.00085236,share,K1,owid_annual_area_burnt_share_land,measured,f_sensor_break;f_min_fire_size
QAT,Qatar,country,2013,burned_area_share_land,0.00109667,share,K1,owid_annual_area_burnt_share_land,measured,f_sensor_break;f_min_fire_size
QAT,Qatar,country,2014,burned_area_share_land,0.00195356,share,K1,owid_annual_area_burnt_share_land,measured,f_sensor_break;f_min_fire_size
QAT,Qatar,country,2015,burned_area_share_land,0.00179974,share,K1,owid_annual_area_burnt_share_land,measured,f_sensor_break;f_min_fire_size
QAT,Qatar,country,2016,burned_area_share_land,0.00223406,share,K1,owid_annual_area_burnt_share_land,measured,f_sensor_break;f_min_fire_size
QAT,Qatar,country,2017,burned_area_share_land,0.00131565,share,K1,owid_annual_area_burnt_share_land,measured,f_sensor_break;f_min_fire_size
QAT,Qatar,country,2018,burned_area_share_land,0.00097995,share,K1,owid_annual_area_burnt_share_land,measured,f_sensor_break;f_min_fire_size
QAT,Qatar,country,2019,burned_area_share_land,0.00186489,share,K1,owid_annual_area_burnt_share_land,measured,f_sensor_break;f_min_fire_size
QAT,Qatar,country,2020,burned_area_share_land,0.00030131,share,K1,owid_annual_area_burnt_share_land,measured,f_sensor_break;f_min_fire_size
QAT,Qatar,country,2021,burned_area_share_land,0.0,share,K1,owid_annual_area_burnt_share_land,measured,f_sensor_break;f_min_fire_size;f_zero_no_detection
QAT,Qatar,country,2022,burned_area_share_land,0.0,share,K1,owid_annual_area_burnt_share_land,measured,f_sensor_break;f_min_fire_size;f_zero_no_detection
QAT,Qatar,country,2023,burned_area_share_land,0.0,share,K1,owid_annual_area_burnt_share_land,measured,f_sensor_break;f_min_fire_size;f_zero_no_detection
QAT,Qatar,country,2024,burned_area_share_land,0.0,share,K1,owid_annual_area_burnt_share_land,measured,f_sensor_break;f_min_fire_size;f_zero_no_detection
QAT,Qatar,country,2025,burned_area_share_land,0.0,share,K1,owid_annual_area_burnt_share_land,measured,f_sensor_break;f_min_fire_size;f_zero_no_detection
QAT,Qatar,country,2026,burned_area_share_land,0.0,share,K1,owid_annual_area_burnt_share_land,measured,f_sensor_break;f_min_fire_size;f_incomplete_year;f_zero_no_detection
ROU,Romania,country,2012,burned_area_share_land,0.01394926,share,K1,owid_annual_area_burnt_share_land,measured,f_sensor_break;f_min_fire_size
ROU,Romania,country,2013,burned_area_share_land,0.00713751,share,K1,owid_annual_area_burnt_share_land,measured,f_sensor_break;f_min_fire_size
ROU,Romania,country,2014,burned_area_share_land,0.00711927,share,K1,owid_annual_area_burnt_share_land,measured,f_sensor_break;f_min_fire_size
ROU,Romania,country,2015,burned_area_share_land,0.00648557,share,K1,owid_annual_area_burnt_share_land,measured,f_sensor_break;f_min_fire_size
ROU,Romania,country,2016,burned_area_share_land,0.00948211,share,K1,owid_annual_area_burnt_share_land,measured,f_sensor_break;f_min_fire_size
ROU,Romania,country,2017,burned_area_share_land,0.00820198,share,K1,owid_annual_area_burnt_share_land,measured,f_sensor_break;f_min_fire_size
ROU,Romania,country,2018,burned_area_share_land,0.00705208,share,K1,owid_annual_area_burnt_share_land,measured,f_sensor_break;f_min_fire_size
ROU,Romania,country,2019,burned_area_share_land,0.01042819,share,K1,owid_annual_area_burnt_share_land,measured,f_sensor_break;f_min_fire_size
ROU,Romania,country,2020,burned_area_share_land,0.00842234,share,K1,owid_annual_area_burnt_share_land,measured,f_sensor_break;f_min_fire_size
ROU,Romania,country,2021,burned_area_share_land,0.00628066,share,K1,owid_annual_area_burnt_share_land,measured,f_sensor_break;f_min_fire_size
ROU,Romania,country,2022,burned_area_share_land,0.00899616,share,K1,owid_annual_area_burnt_share_land,measured,f_sensor_break;f_min_fire_size
ROU,Romania,country,2023,burned_area_share_land,0.00170849,share,K1,owid_annual_area_burnt_share_land,measured,f_sensor_break;f_min_fire_size
ROU,Romania,country,2024,burned_area_share_land,0.0025133,share,K1,owid_annual_area_burnt_share_land,measured,f_sensor_break;f_min_fire_size
ROU,Romania,country,2025,burned_area_share_land,0.00357108,share,K1,owid_annual_area_burnt_share_land,measured,f_sensor_break;f_min_fire_size
ROU,Romania,country,2026,burned_area_share_land,0.0006843,share,K1,owid_annual_area_burnt_share_land,measured,f_sensor_break;f_min_fire_size;f_incomplete_year
RUS,Russland,country,2012,burned_area_share_land,0.01486248,share,K1,owid_annual_area_burnt_share_land,measured,f_sensor_break;f_min_fire_size
RUS,Russland,country,2013,burned_area_share_land,0.00609335,share,K1,owid_annual_area_burnt_share_land,measured,f_sensor_break;f_min_fire_size
RUS,Russland,country,2014,burned_area_share_land,0.01162229,share,K1,owid_annual_area_burnt_share_land,measured,f_sensor_break;f_min_fire_size
RUS,Russland,country,2015,burned_area_share_land,0.00834127,share,K1,owid_annual_area_burnt_share_land,measured,f_sensor_break;f_min_fire_size
RUS,Russland,country,2016,burned_area_share_land,0.00906444,share,K1,owid_annual_area_burnt_share_land,measured,f_sensor_break;f_min_fire_size
RUS,Russland,country,2017,burned_area_share_land,0.0067281,share,K1,owid_annual_area_burnt_share_land,measured,f_sensor_break;f_min_fire_size
RUS,Russland,country,2018,burned_area_share_land,0.00841109,share,K1,owid_annual_area_burnt_share_land,measured,f_sensor_break;f_min_fire_size
RUS,Russland,country,2019,burned_area_share_land,0.00953378,share,K1,owid_annual_area_burnt_share_land,measured,f_sensor_break;f_min_fire_size
RUS,Russland,country,2020,burned_area_share_land,0.0096626,share,K1,owid_annual_area_burnt_share_land,measured,f_sensor_break;f_min_fire_size
RUS,Russland,country,2021,burned_area_share_land,0.01021854,share,K1,owid_annual_area_burnt_share_land,measured,f_sensor_break;f_min_fire_size
RUS,Russland,country,2022,burned_area_share_land,0.00621466,share,K1,owid_annual_area_burnt_share_land,measured,f_sensor_break;f_min_fire_size
RUS,Russland,country,2023,burned_area_share_land,0.00608284,share,K1,owid_annual_area_burnt_share_land,measured,f_sensor_break;f_min_fire_size
RUS,Russland,country,2024,burned_area_share_land,0.00726327,share,K1,owid_annual_area_burnt_share_land,measured,f_sensor_break;f_min_fire_size
RUS,Russland,country,2025,burned_area_share_land,0.00411329,share,K1,owid_annual_area_burnt_share_land,measured,f_sensor_break;f_min_fire_size
RUS,Russland,country,2026,burned_area_share_land,0.00196484,share,K1,owid_annual_area_burnt_share_land,measured,f_sensor_break;f_min_fire_size;f_incomplete_year
RWA,Rwanda,country,2012,burned_area_share_land,0.00900461,share,K1,owid_annual_area_burnt_share_land,measured,f_sensor_break;f_min_fire_size
RWA,Rwanda,country,2013,burned_area_share_land,0.01894977,share,K1,owid_annual_area_burnt_share_land,measured,f_sensor_break;f_min_fire_size
RWA,Rwanda,country,2014,burned_area_share_land,0.00670766,share,K1,owid_annual_area_burnt_share_land,measured,f_sensor_break;f_min_fire_size
RWA,Rwanda,country,2015,burned_area_share_land,0.01833329,share,K1,owid_annual_area_burnt_share_land,measured,f_sensor_break;f_min_fire_size
RWA,Rwanda,country,2016,burned_area_share_land,0.0167557,share,K1,owid_annual_area_burnt_share_land,measured,f_sensor_break;f_min_fire_size
RWA,Rwanda,country,2017,burned_area_share_land,0.00924796,share,K1,owid_annual_area_burnt_share_land,measured,f_sensor_break;f_min_fire_size
RWA,Rwanda,country,2018,burned_area_share_land,0.00659489,share,K1,owid_annual_area_burnt_share_land,measured,f_sensor_break;f_min_fire_size
RWA,Rwanda,country,2019,burned_area_share_land,0.01015527,share,K1,owid_annual_area_burnt_share_land,measured,f_sensor_break;f_min_fire_size
RWA,Rwanda,country,2020,burned_area_share_land,0.00954472,share,K1,owid_annual_area_burnt_share_land,measured,f_sensor_break;f_min_fire_size
RWA,Rwanda,country,2021,burned_area_share_land,0.00778749,share,K1,owid_annual_area_burnt_share_land,measured,f_sensor_break;f_min_fire_size
RWA,Rwanda,country,2022,burned_area_share_land,0.0096203,share,K1,owid_annual_area_burnt_share_land,measured,f_sensor_break;f_min_fire_size
RWA,Rwanda,country,2023,burned_area_share_land,0.00531129,share,K1,owid_annual_area_burnt_share_land,measured,f_sensor_break;f_min_fire_size
RWA,Rwanda,country,2024,burned_area_share_land,0.00657985,share,K1,owid_annual_area_burnt_share_land,measured,f_sensor_break;f_min_fire_size
RWA,Rwanda,country,2025,burned_area_share_land,0.00280501,share,K1,owid_annual_area_burnt_share_land,measured,f_sensor_break;f_min_fire_size
RWA,Rwanda,country,2026,burned_area_share_land,0.00301314,share,K1,owid_annual_area_burnt_share_land,measured,f_sensor_break;f_min_fire_size;f_incomplete_year
SAU,Saudi-Arabia,country,2012,burned_area_share_land,4.401e-05,share,K1,owid_annual_area_burnt_share_land,measured,f_sensor_break;f_min_fire_size
SAU,Saudi-Arabia,country,2013,burned_area_share_land,5.236e-05,share,K1,owid_annual_area_burnt_share_land,measured,f_sensor_break;f_min_fire_size
SAU,Saudi-Arabia,country,2014,burned_area_share_land,5.18e-05,share,K1,owid_annual_area_burnt_share_land,measured,f_sensor_break;f_min_fire_size
SAU,Saudi-Arabia,country,2015,burned_area_share_land,4.627e-05,share,K1,owid_annual_area_burnt_share_land,measured,f_sensor_break;f_min_fire_size
SAU,Saudi-Arabia,country,2016,burned_area_share_land,4.066e-05,share,K1,owid_annual_area_burnt_share_land,measured,f_sensor_break;f_min_fire_size
SAU,Saudi-Arabia,country,2017,burned_area_share_land,3.838e-05,share,K1,owid_annual_area_burnt_share_land,measured,f_sensor_break;f_min_fire_size
SAU,Saudi-Arabia,country,2018,burned_area_share_land,3.136e-05,share,K1,owid_annual_area_burnt_share_land,measured,f_sensor_break;f_min_fire_size
SAU,Saudi-Arabia,country,2019,burned_area_share_land,4.108e-05,share,K1,owid_annual_area_burnt_share_land,measured,f_sensor_break;f_min_fire_size
SAU,Saudi-Arabia,country,2020,burned_area_share_land,3.649e-05,share,K1,owid_annual_area_burnt_share_land,measured,f_sensor_break;f_min_fire_size
SAU,Saudi-Arabia,country,2021,burned_area_share_land,5.347e-05,share,K1,owid_annual_area_burnt_share_land,measured,f_sensor_break;f_min_fire_size
SAU,Saudi-Arabia,country,2022,burned_area_share_land,5.159e-05,share,K1,owid_annual_area_burnt_share_land,measured,f_sensor_break;f_min_fire_size
SAU,Saudi-Arabia,country,2023,burned_area_share_land,3.905e-05,share,K1,owid_annual_area_burnt_share_land,measured,f_sensor_break;f_min_fire_size
SAU,Saudi-Arabia,country,2024,burned_area_share_land,4.216e-05,share,K1,owid_annual_area_burnt_share_land,measured,f_sensor_break;f_min_fire_size
SAU,Saudi-Arabia,country,2025,burned_area_share_land,6.858e-05,share,K1,owid_annual_area_burnt_share_land,measured,f_sensor_break;f_min_fire_size
SAU,Saudi-Arabia,country,2026,burned_area_share_land,1.533e-05,share,K1,owid_annual_area_burnt_share_land,measured,f_sensor_break;f_min_fire_size;f_incomplete_year
SDN,Sudan,country,2012,burned_area_share_land,0.02632725,share,K1,owid_annual_area_burnt_share_land,measured,f_sensor_break;f_min_fire_size
SDN,Sudan,country,2013,burned_area_share_land,0.02522062,share,K1,owid_annual_area_burnt_share_land,measured,f_sensor_break;f_min_fire_size
SDN,Sudan,country,2014,burned_area_share_land,0.02331418,share,K1,owid_annual_area_burnt_share_land,measured,f_sensor_break;f_min_fire_size
SDN,Sudan,country,2015,burned_area_share_land,0.02249177,share,K1,owid_annual_area_burnt_share_land,measured,f_sensor_break;f_min_fire_size
SDN,Sudan,country,2016,burned_area_share_land,0.02358305,share,K1,owid_annual_area_burnt_share_land,measured,f_sensor_break;f_min_fire_size
SDN,Sudan,country,2017,burned_area_share_land,0.02303481,share,K1,owid_annual_area_burnt_share_land,measured,f_sensor_break;f_min_fire_size
SDN,Sudan,country,2018,burned_area_share_land,0.01126887,share,K1,owid_annual_area_burnt_share_land,measured,f_sensor_break;f_min_fire_size
SDN,Sudan,country,2019,burned_area_share_land,0.02191484,share,K1,owid_annual_area_burnt_share_land,measured,f_sensor_break;f_min_fire_size
SDN,Sudan,country,2020,burned_area_share_land,0.02689786,share,K1,owid_annual_area_burnt_share_land,measured,f_sensor_break;f_min_fire_size
SDN,Sudan,country,2021,burned_area_share_land,0.0277849,share,K1,owid_annual_area_burnt_share_land,measured,f_sensor_break;f_min_fire_size
SDN,Sudan,country,2022,burned_area_share_land,0.0176754,share,K1,owid_annual_area_burnt_share_land,measured,f_sensor_break;f_min_fire_size
SDN,Sudan,country,2023,burned_area_share_land,0.02285271,share,K1,owid_annual_area_burnt_share_land,measured,f_sensor_break;f_min_fire_size
SDN,Sudan,country,2024,burned_area_share_land,0.01810438,share,K1,owid_annual_area_burnt_share_land,measured,f_sensor_break;f_min_fire_size
SDN,Sudan,country,2025,burned_area_share_land,0.02235007,share,K1,owid_annual_area_burnt_share_land,measured,f_sensor_break;f_min_fire_size
SDN,Sudan,country,2026,burned_area_share_land,0.00648019,share,K1,owid_annual_area_burnt_share_land,measured,f_sensor_break;f_min_fire_size;f_incomplete_year
SEN,Senegal,country,2012,burned_area_share_land,0.08317675,share,K1,owid_annual_area_burnt_share_land,measured,f_sensor_break;f_min_fire_size
SEN,Senegal,country,2013,burned_area_share_land,0.10982937,share,K1,owid_annual_area_burnt_share_land,measured,f_sensor_break;f_min_fire_size
SEN,Senegal,country,2014,burned_area_share_land,0.10708314,share,K1,owid_annual_area_burnt_share_land,measured,f_sensor_break;f_min_fire_size
SEN,Senegal,country,2015,burned_area_share_land,0.07343971,share,K1,owid_annual_area_burnt_share_land,measured,f_sensor_break;f_min_fire_size
SEN,Senegal,country,2016,burned_area_share_land,0.11942831,share,K1,owid_annual_area_burnt_share_land,measured,f_sensor_break;f_min_fire_size
SEN,Senegal,country,2017,burned_area_share_land,0.1269398,share,K1,owid_annual_area_burnt_share_land,measured,f_sensor_break;f_min_fire_size
SEN,Senegal,country,2018,burned_area_share_land,0.05919309,share,K1,owid_annual_area_burnt_share_land,measured,f_sensor_break;f_min_fire_size
SEN,Senegal,country,2019,burned_area_share_land,0.10398464,share,K1,owid_annual_area_burnt_share_land,measured,f_sensor_break;f_min_fire_size
SEN,Senegal,country,2020,burned_area_share_land,0.13011078,share,K1,owid_annual_area_burnt_share_land,measured,f_sensor_break;f_min_fire_size
SEN,Senegal,country,2021,burned_area_share_land,0.13163051,share,K1,owid_annual_area_burnt_share_land,measured,f_sensor_break;f_min_fire_size
SEN,Senegal,country,2022,burned_area_share_land,0.14564255,share,K1,owid_annual_area_burnt_share_land,measured,f_sensor_break;f_min_fire_size
SEN,Senegal,country,2023,burned_area_share_land,0.15069112,share,K1,owid_annual_area_burnt_share_land,measured,f_sensor_break;f_min_fire_size
SEN,Senegal,country,2024,burned_area_share_land,0.09991263,share,K1,owid_annual_area_burnt_share_land,measured,f_sensor_break;f_min_fire_size
SEN,Senegal,country,2025,burned_area_share_land,0.08742205,share,K1,owid_annual_area_burnt_share_land,measured,f_sensor_break;f_min_fire_size
SEN,Senegal,country,2026,burned_area_share_land,0.06040398,share,K1,owid_annual_area_burnt_share_land,measured,f_sensor_break;f_min_fire_size;f_incomplete_year
SGP,Singapore,country,2012,burned_area_share_land,0.0,share,K1,owid_annual_area_burnt_share_land,measured,f_sensor_break;f_min_fire_size;f_zero_no_detection
SGP,Singapore,country,2013,burned_area_share_land,0.0,share,K1,owid_annual_area_burnt_share_land,measured,f_sensor_break;f_min_fire_size;f_zero_no_detection
SGP,Singapore,country,2014,burned_area_share_land,0.0,share,K1,owid_annual_area_burnt_share_land,measured,f_sensor_break;f_min_fire_size;f_zero_no_detection
SGP,Singapore,country,2015,burned_area_share_land,0.0,share,K1,owid_annual_area_burnt_share_land,measured,f_sensor_break;f_min_fire_size;f_zero_no_detection
SGP,Singapore,country,2016,burned_area_share_land,0.0,share,K1,owid_annual_area_burnt_share_land,measured,f_sensor_break;f_min_fire_size;f_zero_no_detection
SGP,Singapore,country,2017,burned_area_share_land,0.0,share,K1,owid_annual_area_burnt_share_land,measured,f_sensor_break;f_min_fire_size;f_zero_no_detection
SGP,Singapore,country,2018,burned_area_share_land,0.0,share,K1,owid_annual_area_burnt_share_land,measured,f_sensor_break;f_min_fire_size;f_zero_no_detection
SGP,Singapore,country,2019,burned_area_share_land,0.0,share,K1,owid_annual_area_burnt_share_land,measured,f_sensor_break;f_min_fire_size;f_zero_no_detection
SGP,Singapore,country,2020,burned_area_share_land,0.0,share,K1,owid_annual_area_burnt_share_land,measured,f_sensor_break;f_min_fire_size;f_zero_no_detection
SGP,Singapore,country,2021,burned_area_share_land,0.0,share,K1,owid_annual_area_burnt_share_land,measured,f_sensor_break;f_min_fire_size;f_zero_no_detection
SGP,Singapore,country,2022,burned_area_share_land,0.0,share,K1,owid_annual_area_burnt_share_land,measured,f_sensor_break;f_min_fire_size;f_zero_no_detection
SGP,Singapore,country,2023,burned_area_share_land,0.0,share,K1,owid_annual_area_burnt_share_land,measured,f_sensor_break;f_min_fire_size;f_zero_no_detection
SGP,Singapore,country,2024,burned_area_share_land,0.0,share,K1,owid_annual_area_burnt_share_land,measured,f_sensor_break;f_min_fire_size;f_zero_no_detection
SGP,Singapore,country,2025,burned_area_share_land,0.0,share,K1,owid_annual_area_burnt_share_land,measured,f_sensor_break;f_min_fire_size;f_zero_no_detection
SGP,Singapore,country,2026,burned_area_share_land,0.0,share,K1,owid_annual_area_burnt_share_land,measured,f_sensor_break;f_min_fire_size;f_incomplete_year;f_zero_no_detection
SGS,Sør-Georgia og Sør-Sandwichøyene,country,2012,burned_area_share_land,0.0,share,K1,owid_annual_area_burnt_share_land,measured,f_sensor_break;f_min_fire_size;f_zero_no_detection
SGS,Sør-Georgia og Sør-Sandwichøyene,country,2013,burned_area_share_land,0.0,share,K1,owid_annual_area_burnt_share_land,measured,f_sensor_break;f_min_fire_size;f_zero_no_detection
SGS,Sør-Georgia og Sør-Sandwichøyene,country,2014,burned_area_share_land,0.0,share,K1,owid_annual_area_burnt_share_land,measured,f_sensor_break;f_min_fire_size;f_zero_no_detection
SGS,Sør-Georgia og Sør-Sandwichøyene,country,2015,burned_area_share_land,0.0,share,K1,owid_annual_area_burnt_share_land,measured,f_sensor_break;f_min_fire_size;f_zero_no_detection
SGS,Sør-Georgia og Sør-Sandwichøyene,country,2016,burned_area_share_land,0.0,share,K1,owid_annual_area_burnt_share_land,measured,f_sensor_break;f_min_fire_size;f_zero_no_detection
SGS,Sør-Georgia og Sør-Sandwichøyene,country,2017,burned_area_share_land,0.0,share,K1,owid_annual_area_burnt_share_land,measured,f_sensor_break;f_min_fire_size;f_zero_no_detection
SGS,Sør-Georgia og Sør-Sandwichøyene,country,2018,burned_area_share_land,0.0,share,K1,owid_annual_area_burnt_share_land,measured,f_sensor_break;f_min_fire_size;f_zero_no_detection
SGS,Sør-Georgia og Sør-Sandwichøyene,country,2019,burned_area_share_land,0.0,share,K1,owid_annual_area_burnt_share_land,measured,f_sensor_break;f_min_fire_size;f_zero_no_detection
SGS,Sør-Georgia og Sør-Sandwichøyene,country,2020,burned_area_share_land,0.0,share,K1,owid_annual_area_burnt_share_land,measured,f_sensor_break;f_min_fire_size;f_zero_no_detection
SGS,Sør-Georgia og Sør-Sandwichøyene,country,2021,burned_area_share_land,0.0,share,K1,owid_annual_area_burnt_share_land,measured,f_sensor_break;f_min_fire_size;f_zero_no_detection
SGS,Sør-Georgia og Sør-Sandwichøyene,country,2022,burned_area_share_land,0.0,share,K1,owid_annual_area_burnt_share_land,measured,f_sensor_break;f_min_fire_size;f_zero_no_detection
SGS,Sør-Georgia og Sør-Sandwichøyene,country,2023,burned_area_share_land,0.0,share,K1,owid_annual_area_burnt_share_land,measured,f_sensor_break;f_min_fire_size;f_zero_no_detection
SGS,Sør-Georgia og Sør-Sandwichøyene,country,2024,burned_area_share_land,0.0,share,K1,owid_annual_area_burnt_share_land,measured,f_sensor_break;f_min_fire_size;f_zero_no_detection
SGS,Sør-Georgia og Sør-Sandwichøyene,country,2025,burned_area_share_land,0.0,share,K1,owid_annual_area_burnt_share_land,measured,f_sensor_break;f_min_fire_size;f_zero_no_detection
SGS,Sør-Georgia og Sør-Sandwichøyene,country,2026,burned_area_share_land,0.0,share,K1,owid_annual_area_burnt_share_land,measured,f_sensor_break;f_min_fire_size;f_incomplete_year;f_zero_no_detection
SHN,"Sankt Helena, Ascension og Tristan da Cunha",country,2012,burned_area_share_land,0.0,share,K1,owid_annual_area_burnt_share_land,measured,f_sensor_break;f_min_fire_size;f_zero_no_detection
SHN,"Sankt Helena, Ascension og Tristan da Cunha",country,2013,burned_area_share_land,0.0,share,K1,owid_annual_area_burnt_share_land,measured,f_sensor_break;f_min_fire_size;f_zero_no_detection
SHN,"Sankt Helena, Ascension og Tristan da Cunha",country,2014,burned_area_share_land,0.0,share,K1,owid_annual_area_burnt_share_land,measured,f_sensor_break;f_min_fire_size;f_zero_no_detection
SHN,"Sankt Helena, Ascension og Tristan da Cunha",country,2015,burned_area_share_land,0.0,share,K1,owid_annual_area_burnt_share_land,measured,f_sensor_break;f_min_fire_size;f_zero_no_detection
SHN,"Sankt Helena, Ascension og Tristan da Cunha",country,2016,burned_area_share_land,0.0,share,K1,owid_annual_area_burnt_share_land,measured,f_sensor_break;f_min_fire_size;f_zero_no_detection
SHN,"Sankt Helena, Ascension og Tristan da Cunha",country,2017,burned_area_share_land,0.0,share,K1,owid_annual_area_burnt_share_land,measured,f_sensor_break;f_min_fire_size;f_zero_no_detection
SHN,"Sankt Helena, Ascension og Tristan da Cunha",country,2018,burned_area_share_land,0.0,share,K1,owid_annual_area_burnt_share_land,measured,f_sensor_break;f_min_fire_size;f_zero_no_detection
SHN,"Sankt Helena, Ascension og Tristan da Cunha",country,2019,burned_area_share_land,0.0,share,K1,owid_annual_area_burnt_share_land,measured,f_sensor_break;f_min_fire_size;f_zero_no_detection
SHN,"Sankt Helena, Ascension og Tristan da Cunha",country,2020,burned_area_share_land,0.0,share,K1,owid_annual_area_burnt_share_land,measured,f_sensor_break;f_min_fire_size;f_zero_no_detection
SHN,"Sankt Helena, Ascension og Tristan da Cunha",country,2021,burned_area_share_land,0.0,share,K1,owid_annual_area_burnt_share_land,measured,f_sensor_break;f_min_fire_size;f_zero_no_detection
SHN,"Sankt Helena, Ascension og Tristan da Cunha",country,2022,burned_area_share_land,0.0,share,K1,owid_annual_area_burnt_share_land,measured,f_sensor_break;f_min_fire_size;f_zero_no_detection
SHN,"Sankt Helena, Ascension og Tristan da Cunha",country,2023,burned_area_share_land,0.0,share,K1,owid_annual_area_burnt_share_land,measured,f_sensor_break;f_min_fire_size;f_zero_no_detection
SHN,"Sankt Helena, Ascension og Tristan da Cunha",country,2024,burned_area_share_land,0.0,share,K1,owid_annual_area_burnt_share_land,measured,f_sensor_break;f_min_fire_size;f_zero_no_detection
SHN,"Sankt Helena, Ascension og Tristan da Cunha",country,2025,burned_area_share_land,0.0,share,K1,owid_annual_area_burnt_share_land,measured,f_sensor_break;f_min_fire_size;f_zero_no_detection
SHN,"Sankt Helena, Ascension og Tristan da Cunha",country,2026,burned_area_share_land,0.0,share,K1,owid_annual_area_burnt_share_land,measured,f_sensor_break;f_min_fire_size;f_incomplete_year;f_zero_no_detection
SLB,Salomonøyene,country,2012,burned_area_share_land,0.0024382,share,K1,owid_annual_area_burnt_share_land,measured,f_sensor_break;f_min_fire_size
SLB,Salomonøyene,country,2013,burned_area_share_land,5.267e-05,share,K1,owid_annual_area_burnt_share_land,measured,f_sensor_break;f_min_fire_size
SLB,Salomonøyene,country,2014,burned_area_share_land,0.00015253,share,K1,owid_annual_area_burnt_share_land,measured,f_sensor_break;f_min_fire_size
SLB,Salomonøyene,country,2015,burned_area_share_land,0.00080636,share,K1,owid_annual_area_burnt_share_land,measured,f_sensor_break;f_min_fire_size
SLB,Salomonøyene,country,2016,burned_area_share_land,0.00024031,share,K1,owid_annual_area_burnt_share_land,measured,f_sensor_break;f_min_fire_size
SLB,Salomonøyene,country,2017,burned_area_share_land,0.00013927,share,K1,owid_annual_area_burnt_share_land,measured,f_sensor_break;f_min_fire_size
SLB,Salomonøyene,country,2018,burned_area_share_land,0.00022197,share,K1,owid_annual_area_burnt_share_land,measured,f_sensor_break;f_min_fire_size
SLB,Salomonøyene,country,2019,burned_area_share_land,0.00112977,share,K1,owid_annual_area_burnt_share_land,measured,f_sensor_break;f_min_fire_size
SLB,Salomonøyene,country,2020,burned_area_share_land,0.00093549,share,K1,owid_annual_area_burnt_share_land,measured,f_sensor_break;f_min_fire_size
SLB,Salomonøyene,country,2021,burned_area_share_land,0.00073887,share,K1,owid_annual_area_burnt_share_land,measured,f_sensor_break;f_min_fire_size
SLB,Salomonøyene,country,2022,burned_area_share_land,0.00151286,share,K1,owid_annual_area_burnt_share_land,measured,f_sensor_break;f_min_fire_size
SLB,Salomonøyene,country,2023,burned_area_share_land,0.00098933,share,K1,owid_annual_area_burnt_share_land,measured,f_sensor_break;f_min_fire_size
SLB,Salomonøyene,country,2024,burned_area_share_land,0.00053445,share,K1,owid_annual_area_burnt_share_land,measured,f_sensor_break;f_min_fire_size
SLB,Salomonøyene,country,2025,burned_area_share_land,0.00014434,share,K1,owid_annual_area_burnt_share_land,measured,f_sensor_break;f_min_fire_size
SLB,Salomonøyene,country,2026,burned_area_share_land,0.00014902,share,K1,owid_annual_area_burnt_share_land,measured,f_sensor_break;f_min_fire_size;f_incomplete_year
SLE,Sierra Leone,country,2012,burned_area_share_land,0.37573273,share,K1,owid_annual_area_burnt_share_land,measured,f_sensor_break;f_min_fire_size
SLE,Sierra Leone,country,2013,burned_area_share_land,0.32894644,share,K1,owid_annual_area_burnt_share_land,measured,f_sensor_break;f_min_fire_size
SLE,Sierra Leone,country,2014,burned_area_share_land,0.43771391,share,K1,owid_annual_area_burnt_share_land,measured,f_sensor_break;f_min_fire_size
SLE,Sierra Leone,country,2015,burned_area_share_land,0.46539745,share,K1,owid_annual_area_burnt_share_land,measured,f_sensor_break;f_min_fire_size
SLE,Sierra Leone,country,2016,burned_area_share_land,0.29614512,share,K1,owid_annual_area_burnt_share_land,measured,f_sensor_break;f_min_fire_size
SLE,Sierra Leone,country,2017,burned_area_share_land,0.2892913,share,K1,owid_annual_area_burnt_share_land,measured,f_sensor_break;f_min_fire_size
SLE,Sierra Leone,country,2018,burned_area_share_land,0.21020581,share,K1,owid_annual_area_burnt_share_land,measured,f_sensor_break;f_min_fire_size
SLE,Sierra Leone,country,2019,burned_area_share_land,0.2962548,share,K1,owid_annual_area_burnt_share_land,measured,f_sensor_break;f_min_fire_size
SLE,Sierra Leone,country,2020,burned_area_share_land,0.27481789,share,K1,owid_annual_area_burnt_share_land,measured,f_sensor_break;f_min_fire_size
SLE,Sierra Leone,country,2021,burned_area_share_land,0.18829598,share,K1,owid_annual_area_burnt_share_land,measured,f_sensor_break;f_min_fire_size
SLE,Sierra Leone,country,2022,burned_area_share_land,0.29592158,share,K1,owid_annual_area_burnt_share_land,measured,f_sensor_break;f_min_fire_size
SLE,Sierra Leone,country,2023,burned_area_share_land,0.28040523,share,K1,owid_annual_area_burnt_share_land,measured,f_sensor_break;f_min_fire_size
SLE,Sierra Leone,country,2024,burned_area_share_land,0.20307312,share,K1,owid_annual_area_burnt_share_land,measured,f_sensor_break;f_min_fire_size
SLE,Sierra Leone,country,2025,burned_area_share_land,0.15827786,share,K1,owid_annual_area_burnt_share_land,measured,f_sensor_break;f_min_fire_size
SLE,Sierra Leone,country,2026,burned_area_share_land,0.10220382,share,K1,owid_annual_area_burnt_share_land,measured,f_sensor_break;f_min_fire_size;f_incomplete_year
SLV,El Salvador,country,2012,burned_area_share_land,0.01816338,share,K1,owid_annual_area_burnt_share_land,measured,f_sensor_break;f_min_fire_size
SLV,El Salvador,country,2013,burned_area_share_land,0.06219928,share,K1,owid_annual_area_burnt_share_land,measured,f_sensor_break;f_min_fire_size
SLV,El Salvador,country,2014,burned_area_share_land,0.02718576,share,K1,owid_annual_area_burnt_share_land,measured,f_sensor_break;f_min_fire_size
SLV,El Salvador,country,2015,burned_area_share_land,0.06115037,share,K1,owid_annual_area_burnt_share_land,measured,f_sensor_break;f_min_fire_size
SLV,El Salvador,country,2016,burned_area_share_land,0.02026713,share,K1,owid_annual_area_burnt_share_land,measured,f_sensor_break;f_min_fire_size
SLV,El Salvador,country,2017,burned_area_share_land,0.06316354,share,K1,owid_annual_area_burnt_share_land,measured,f_sensor_break;f_min_fire_size
SLV,El Salvador,country,2018,burned_area_share_land,0.0262978,share,K1,owid_annual_area_burnt_share_land,measured,f_sensor_break;f_min_fire_size
SLV,El Salvador,country,2019,burned_area_share_land,0.04455027,share,K1,owid_annual_area_burnt_share_land,measured,f_sensor_break;f_min_fire_size
SLV,El Salvador,country,2020,burned_area_share_land,0.03355016,share,K1,owid_annual_area_burnt_share_land,measured,f_sensor_break;f_min_fire_size
SLV,El Salvador,country,2021,burned_area_share_land,0.01057287,share,K1,owid_annual_area_burnt_share_land,measured,f_sensor_break;f_min_fire_size
SLV,El Salvador,country,2022,burned_area_share_land,0.02810621,share,K1,owid_annual_area_burnt_share_land,measured,f_sensor_break;f_min_fire_size
SLV,El Salvador,country,2023,burned_area_share_land,0.01216569,share,K1,owid_annual_area_burnt_share_land,measured,f_sensor_break;f_min_fire_size
SLV,El Salvador,country,2024,burned_area_share_land,0.01241475,share,K1,owid_annual_area_burnt_share_land,measured,f_sensor_break;f_min_fire_size
SLV,El Salvador,country,2025,burned_area_share_land,0.0052889,share,K1,owid_annual_area_burnt_share_land,measured,f_sensor_break;f_min_fire_size
SLV,El Salvador,country,2026,burned_area_share_land,0.01802507,share,K1,owid_annual_area_burnt_share_land,measured,f_sensor_break;f_min_fire_size;f_incomplete_year
SMR,San Marino,country,2012,burned_area_share_land,0.0,share,K1,owid_annual_area_burnt_share_land,measured,f_sensor_break;f_min_fire_size;f_zero_no_detection
SMR,San Marino,country,2013,burned_area_share_land,0.0,share,K1,owid_annual_area_burnt_share_land,measured,f_sensor_break;f_min_fire_size;f_zero_no_detection
SMR,San Marino,country,2014,burned_area_share_land,0.0,share,K1,owid_annual_area_burnt_share_land,measured,f_sensor_break;f_min_fire_size;f_zero_no_detection
SMR,San Marino,country,2015,burned_area_share_land,0.0,share,K1,owid_annual_area_burnt_share_land,measured,f_sensor_break;f_min_fire_size;f_zero_no_detection
SMR,San Marino,country,2016,burned_area_share_land,0.0,share,K1,owid_annual_area_burnt_share_land,measured,f_sensor_break;f_min_fire_size;f_zero_no_detection
SMR,San Marino,country,2017,burned_area_share_land,0.0,share,K1,owid_annual_area_burnt_share_land,measured,f_sensor_break;f_min_fire_size;f_zero_no_detection
SMR,San Marino,country,2018,burned_area_share_land,0.0,share,K1,owid_annual_area_burnt_share_land,measured,f_sensor_break;f_min_fire_size;f_zero_no_detection
SMR,San Marino,country,2019,burned_area_share_land,0.0,share,K1,owid_annual_area_burnt_share_land,measured,f_sensor_break;f_min_fire_size;f_zero_no_detection
SMR,San Marino,country,2020,burned_area_share_land,0.0,share,K1,owid_annual_area_burnt_share_land,measured,f_sensor_break;f_min_fire_size;f_zero_no_detection
SMR,San Marino,country,2021,burned_area_share_land,0.0,share,K1,owid_annual_area_burnt_share_land,measured,f_sensor_break;f_min_fire_size;f_zero_no_detection
SMR,San Marino,country,2022,burned_area_share_land,0.0,share,K1,owid_annual_area_burnt_share_land,measured,f_sensor_break;f_min_fire_size;f_zero_no_detection
SMR,San Marino,country,2023,burned_area_share_land,0.0,share,K1,owid_annual_area_burnt_share_land,measured,f_sensor_break;f_min_fire_size;f_zero_no_detection
SMR,San Marino,country,2024,burned_area_share_land,0.0,share,K1,owid_annual_area_burnt_share_land,measured,f_sensor_break;f_min_fire_size;f_zero_no_detection
SMR,San Marino,country,2025,burned_area_share_land,0.0,share,K1,owid_annual_area_burnt_share_land,measured,f_sensor_break;f_min_fire_size;f_zero_no_detection
SMR,San Marino,country,2026,burned_area_share_land,0.0,share,K1,owid_annual_area_burnt_share_land,measured,f_sensor_break;f_min_fire_size;f_incomplete_year;f_zero_no_detection
SOM,Somalia,country,2012,burned_area_share_land,0.00179318,share,K1,owid_annual_area_burnt_share_land,measured,f_sensor_break;f_min_fire_size
SOM,Somalia,country,2013,burned_area_share_land,0.00159993,share,K1,owid_annual_area_burnt_share_land,measured,f_sensor_break;f_min_fire_size
SOM,Somalia,country,2014,burned_area_share_land,0.00112772,share,K1,owid_annual_area_burnt_share_land,measured,f_sensor_break;f_min_fire_size
SOM,Somalia,country,2015,burned_area_share_land,0.00019879,share,K1,owid_annual_area_burnt_share_land,measured,f_sensor_break;f_min_fire_size
SOM,Somalia,country,2016,burned_area_share_land,0.00057805,share,K1,owid_annual_area_burnt_share_land,measured,f_sensor_break;f_min_fire_size
SOM,Somalia,country,2017,burned_area_share_land,0.00018325,share,K1,owid_annual_area_burnt_share_land,measured,f_sensor_break;f_min_fire_size
SOM,Somalia,country,2018,burned_area_share_land,0.0001132,share,K1,owid_annual_area_burnt_share_land,measured,f_sensor_break;f_min_fire_size
SOM,Somalia,country,2019,burned_area_share_land,0.00041181,share,K1,owid_annual_area_burnt_share_land,measured,f_sensor_break;f_min_fire_size
SOM,Somalia,country,2020,burned_area_share_land,0.00033498,share,K1,owid_annual_area_burnt_share_land,measured,f_sensor_break;f_min_fire_size
SOM,Somalia,country,2021,burned_area_share_land,0.00049015,share,K1,owid_annual_area_burnt_share_land,measured,f_sensor_break;f_min_fire_size
SOM,Somalia,country,2022,burned_area_share_land,0.00022144,share,K1,owid_annual_area_burnt_share_land,measured,f_sensor_break;f_min_fire_size
SOM,Somalia,country,2023,burned_area_share_land,0.00017582,share,K1,owid_annual_area_burnt_share_land,measured,f_sensor_break;f_min_fire_size
SOM,Somalia,country,2024,burned_area_share_land,0.00027009,share,K1,owid_annual_area_burnt_share_land,measured,f_sensor_break;f_min_fire_size
SOM,Somalia,country,2025,burned_area_share_land,0.00019137,share,K1,owid_annual_area_burnt_share_land,measured,f_sensor_break;f_min_fire_size
SOM,Somalia,country,2026,burned_area_share_land,5.056e-05,share,K1,owid_annual_area_burnt_share_land,measured,f_sensor_break;f_min_fire_size;f_incomplete_year
SPM,Saint-Pierre-et-Miquelon,country,2012,burned_area_share_land,0.0,share,K1,owid_annual_area_burnt_share_land,measured,f_sensor_break;f_min_fire_size;f_zero_no_detection
SPM,Saint-Pierre-et-Miquelon,country,2013,burned_area_share_land,0.0,share,K1,owid_annual_area_burnt_share_land,measured,f_sensor_break;f_min_fire_size;f_zero_no_detection
SPM,Saint-Pierre-et-Miquelon,country,2014,burned_area_share_land,0.0,share,K1,owid_annual_area_burnt_share_land,measured,f_sensor_break;f_min_fire_size;f_zero_no_detection
SPM,Saint-Pierre-et-Miquelon,country,2015,burned_area_share_land,0.0,share,K1,owid_annual_area_burnt_share_land,measured,f_sensor_break;f_min_fire_size;f_zero_no_detection
SPM,Saint-Pierre-et-Miquelon,country,2016,burned_area_share_land,0.0,share,K1,owid_annual_area_burnt_share_land,measured,f_sensor_break;f_min_fire_size;f_zero_no_detection
SPM,Saint-Pierre-et-Miquelon,country,2017,burned_area_share_land,0.0,share,K1,owid_annual_area_burnt_share_land,measured,f_sensor_break;f_min_fire_size;f_zero_no_detection
SPM,Saint-Pierre-et-Miquelon,country,2018,burned_area_share_land,0.0,share,K1,owid_annual_area_burnt_share_land,measured,f_sensor_break;f_min_fire_size;f_zero_no_detection
SPM,Saint-Pierre-et-Miquelon,country,2019,burned_area_share_land,0.0,share,K1,owid_annual_area_burnt_share_land,measured,f_sensor_break;f_min_fire_size;f_zero_no_detection
SPM,Saint-Pierre-et-Miquelon,country,2020,burned_area_share_land,0.0,share,K1,owid_annual_area_burnt_share_land,measured,f_sensor_break;f_min_fire_size;f_zero_no_detection
SPM,Saint-Pierre-et-Miquelon,country,2021,burned_area_share_land,0.0,share,K1,owid_annual_area_burnt_share_land,measured,f_sensor_break;f_min_fire_size;f_zero_no_detection
SPM,Saint-Pierre-et-Miquelon,country,2022,burned_area_share_land,0.0,share,K1,owid_annual_area_burnt_share_land,measured,f_sensor_break;f_min_fire_size;f_zero_no_detection
SPM,Saint-Pierre-et-Miquelon,country,2023,burned_area_share_land,0.0,share,K1,owid_annual_area_burnt_share_land,measured,f_sensor_break;f_min_fire_size;f_zero_no_detection
SPM,Saint-Pierre-et-Miquelon,country,2024,burned_area_share_land,0.0,share,K1,owid_annual_area_burnt_share_land,measured,f_sensor_break;f_min_fire_size;f_zero_no_detection
SPM,Saint-Pierre-et-Miquelon,country,2025,burned_area_share_land,0.0,share,K1,owid_annual_area_burnt_share_land,measured,f_sensor_break;f_min_fire_size;f_zero_no_detection
SPM,Saint-Pierre-et-Miquelon,country,2026,burned_area_share_land,0.0,share,K1,owid_annual_area_burnt_share_land,measured,f_sensor_break;f_min_fire_size;f_incomplete_year;f_zero_no_detection
SRB,Serbia,country,2012,burned_area_share_land,0.01742485,share,K1,owid_annual_area_burnt_share_land,measured,f_sensor_break;f_min_fire_size
SRB,Serbia,country,2013,burned_area_share_land,0.00710073,share,K1,owid_annual_area_burnt_share_land,measured,f_sensor_break;f_min_fire_size
SRB,Serbia,country,2014,burned_area_share_land,0.0013999,share,K1,owid_annual_area_burnt_share_land,measured,f_sensor_break;f_min_fire_size
SRB,Serbia,country,2015,burned_area_share_land,0.00415978,share,K1,owid_annual_area_burnt_share_land,measured,f_sensor_break;f_min_fire_size
SRB,Serbia,country,2016,burned_area_share_land,0.00271506,share,K1,owid_annual_area_burnt_share_land,measured,f_sensor_break;f_min_fire_size
SRB,Serbia,country,2017,burned_area_share_land,0.0088472,share,K1,owid_annual_area_burnt_share_land,measured,f_sensor_break;f_min_fire_size
SRB,Serbia,country,2018,burned_area_share_land,0.03294778,share,K1,owid_annual_area_burnt_share_land,measured,f_sensor_break;f_min_fire_size
SRB,Serbia,country,2019,burned_area_share_land,0.02211935,share,K1,owid_annual_area_burnt_share_land,measured,f_sensor_break;f_min_fire_size
SRB,Serbia,country,2020,burned_area_share_land,0.00371212,share,K1,owid_annual_area_burnt_share_land,measured,f_sensor_break;f_min_fire_size
SRB,Serbia,country,2021,burned_area_share_land,0.00449282,share,K1,owid_annual_area_burnt_share_land,measured,f_sensor_break;f_min_fire_size
SRB,Serbia,country,2022,burned_area_share_land,0.00342403,share,K1,owid_annual_area_burnt_share_land,measured,f_sensor_break;f_min_fire_size
SRB,Serbia,country,2023,burned_area_share_land,0.00401953,share,K1,owid_annual_area_burnt_share_land,measured,f_sensor_break;f_min_fire_size
SRB,Serbia,country,2024,burned_area_share_land,0.00756179,share,K1,owid_annual_area_burnt_share_land,measured,f_sensor_break;f_min_fire_size
SRB,Serbia,country,2025,burned_area_share_land,0.00365777,share,K1,owid_annual_area_burnt_share_land,measured,f_sensor_break;f_min_fire_size
SRB,Serbia,country,2026,burned_area_share_land,0.00051179,share,K1,owid_annual_area_burnt_share_land,measured,f_sensor_break;f_min_fire_size;f_incomplete_year
SSD,Sør-Sudan,country,2012,burned_area_share_land,0.30486935,share,K1,owid_annual_area_burnt_share_land,measured,f_sensor_break;f_min_fire_size
SSD,Sør-Sudan,country,2013,burned_area_share_land,0.35405388,share,K1,owid_annual_area_burnt_share_land,measured,f_sensor_break;f_min_fire_size
SSD,Sør-Sudan,country,2014,burned_area_share_land,0.3723186,share,K1,owid_annual_area_burnt_share_land,measured,f_sensor_break;f_min_fire_size
SSD,Sør-Sudan,country,2015,burned_area_share_land,0.4255674,share,K1,owid_annual_area_burnt_share_land,measured,f_sensor_break;f_min_fire_size
SSD,Sør-Sudan,country,2016,burned_area_share_land,0.41997706,share,K1,owid_annual_area_burnt_share_land,measured,f_sensor_break;f_min_fire_size
SSD,Sør-Sudan,country,2017,burned_area_share_land,0.3587818,share,K1,owid_annual_area_burnt_share_land,measured,f_sensor_break;f_min_fire_size
SSD,Sør-Sudan,country,2018,burned_area_share_land,0.22118635,share,K1,owid_annual_area_burnt_share_land,measured,f_sensor_break;f_min_fire_size
SSD,Sør-Sudan,country,2019,burned_area_share_land,0.25447397,share,K1,owid_annual_area_burnt_share_land,measured,f_sensor_break;f_min_fire_size
SSD,Sør-Sudan,country,2020,burned_area_share_land,0.37110328,share,K1,owid_annual_area_burnt_share_land,measured,f_sensor_break;f_min_fire_size
SSD,Sør-Sudan,country,2021,burned_area_share_land,0.37296059,share,K1,owid_annual_area_burnt_share_land,measured,f_sensor_break;f_min_fire_size
SSD,Sør-Sudan,country,2022,burned_area_share_land,0.27396312,share,K1,owid_annual_area_burnt_share_land,measured,f_sensor_break;f_min_fire_size
SSD,Sør-Sudan,country,2023,burned_area_share_land,0.29433826,share,K1,owid_annual_area_burnt_share_land,measured,f_sensor_break;f_min_fire_size
SSD,Sør-Sudan,country,2024,burned_area_share_land,0.30481943,share,K1,owid_annual_area_burnt_share_land,measured,f_sensor_break;f_min_fire_size
SSD,Sør-Sudan,country,2025,burned_area_share_land,0.24068326,share,K1,owid_annual_area_burnt_share_land,measured,f_sensor_break;f_min_fire_size
SSD,Sør-Sudan,country,2026,burned_area_share_land,0.1119398,share,K1,owid_annual_area_burnt_share_land,measured,f_sensor_break;f_min_fire_size;f_incomplete_year
STP,São Tomé og Príncipe,country,2012,burned_area_share_land,0.00751941,share,K1,owid_annual_area_burnt_share_land,measured,f_sensor_break;f_min_fire_size
STP,São Tomé og Príncipe,country,2013,burned_area_share_land,0.0,share,K1,owid_annual_area_burnt_share_land,measured,f_sensor_break;f_min_fire_size;f_zero_no_detection
STP,São Tomé og Príncipe,country,2014,burned_area_share_land,0.0,share,K1,owid_annual_area_burnt_share_land,measured,f_sensor_break;f_min_fire_size;f_zero_no_detection
STP,São Tomé og Príncipe,country,2015,burned_area_share_land,0.0,share,K1,owid_annual_area_burnt_share_land,measured,f_sensor_break;f_min_fire_size;f_zero_no_detection
STP,São Tomé og Príncipe,country,2016,burned_area_share_land,0.0,share,K1,owid_annual_area_burnt_share_land,measured,f_sensor_break;f_min_fire_size;f_zero_no_detection
STP,São Tomé og Príncipe,country,2017,burned_area_share_land,0.0,share,K1,owid_annual_area_burnt_share_land,measured,f_sensor_break;f_min_fire_size;f_zero_no_detection
STP,São Tomé og Príncipe,country,2018,burned_area_share_land,0.0,share,K1,owid_annual_area_burnt_share_land,measured,f_sensor_break;f_min_fire_size;f_zero_no_detection
STP,São Tomé og Príncipe,country,2019,burned_area_share_land,0.00571597,share,K1,owid_annual_area_burnt_share_land,measured,f_sensor_break;f_min_fire_size
STP,São Tomé og Príncipe,country,2020,burned_area_share_land,0.00687751,share,K1,owid_annual_area_burnt_share_land,measured,f_sensor_break;f_min_fire_size
STP,São Tomé og Príncipe,country,2021,burned_area_share_land,0.0,share,K1,owid_annual_area_burnt_share_land,measured,f_sensor_break;f_min_fire_size;f_zero_no_detection
STP,São Tomé og Príncipe,country,2022,burned_area_share_land,0.0,share,K1,owid_annual_area_burnt_share_land,measured,f_sensor_break;f_min_fire_size;f_zero_no_detection
STP,São Tomé og Príncipe,country,2023,burned_area_share_land,0.0,share,K1,owid_annual_area_burnt_share_land,measured,f_sensor_break;f_min_fire_size;f_zero_no_detection
STP,São Tomé og Príncipe,country,2024,burned_area_share_land,0.0,share,K1,owid_annual_area_burnt_share_land,measured,f_sensor_break;f_min_fire_size;f_zero_no_detection
STP,São Tomé og Príncipe,country,2025,burned_area_share_land,0.00790659,share,K1,owid_annual_area_burnt_share_land,measured,f_sensor_break;f_min_fire_size
STP,São Tomé og Príncipe,country,2026,burned_area_share_land,0.0,share,K1,owid_annual_area_burnt_share_land,measured,f_sensor_break;f_min_fire_size;f_incomplete_year;f_zero_no_detection
SUR,Surinam,country,2012,burned_area_share_land,0.00398526,share,K1,owid_annual_area_burnt_share_land,measured,f_sensor_break;f_min_fire_size
SUR,Surinam,country,2013,burned_area_share_land,0.0012899,share,K1,owid_annual_area_burnt_share_land,measured,f_sensor_break;f_min_fire_size
SUR,Surinam,country,2014,burned_area_share_land,0.00248582,share,K1,owid_annual_area_burnt_share_land,measured,f_sensor_break;f_min_fire_size
SUR,Surinam,country,2015,burned_area_share_land,0.00415292,share,K1,owid_annual_area_burnt_share_land,measured,f_sensor_break;f_min_fire_size
SUR,Surinam,country,2016,burned_area_share_land,0.00367995,share,K1,owid_annual_area_burnt_share_land,measured,f_sensor_break;f_min_fire_size
SUR,Surinam,country,2017,burned_area_share_land,0.00186064,share,K1,owid_annual_area_burnt_share_land,measured,f_sensor_break;f_min_fire_size
SUR,Surinam,country,2018,burned_area_share_land,0.00285068,share,K1,owid_annual_area_burnt_share_land,measured,f_sensor_break;f_min_fire_size
SUR,Surinam,country,2019,burned_area_share_land,0.00313998,share,K1,owid_annual_area_burnt_share_land,measured,f_sensor_break;f_min_fire_size
SUR,Surinam,country,2020,burned_area_share_land,0.0029697,share,K1,owid_annual_area_burnt_share_land,measured,f_sensor_break;f_min_fire_size
SUR,Surinam,country,2021,burned_area_share_land,0.00098127,share,K1,owid_annual_area_burnt_share_land,measured,f_sensor_break;f_min_fire_size
SUR,Surinam,country,2022,burned_area_share_land,0.00084031,share,K1,owid_annual_area_burnt_share_land,measured,f_sensor_break;f_min_fire_size
SUR,Surinam,country,2023,burned_area_share_land,0.00668497,share,K1,owid_annual_area_burnt_share_land,measured,f_sensor_break;f_min_fire_size
SUR,Surinam,country,2024,burned_area_share_land,0.008788,share,K1,owid_annual_area_burnt_share_land,measured,f_sensor_break;f_min_fire_size
SUR,Surinam,country,2025,burned_area_share_land,0.00112796,share,K1,owid_annual_area_burnt_share_land,measured,f_sensor_break;f_min_fire_size
SUR,Surinam,country,2026,burned_area_share_land,0.00026012,share,K1,owid_annual_area_burnt_share_land,measured,f_sensor_break;f_min_fire_size;f_incomplete_year
SVK,Slovakia,country,2012,burned_area_share_land,0.00054301,share,K1,owid_annual_area_burnt_share_land,measured,f_sensor_break;f_min_fire_size
SVK,Slovakia,country,2013,burned_area_share_land,0.00019551,share,K1,owid_annual_area_burnt_share_land,measured,f_sensor_break;f_min_fire_size
SVK,Slovakia,country,2014,burned_area_share_land,0.00028439,share,K1,owid_annual_area_burnt_share_land,measured,f_sensor_break;f_min_fire_size
SVK,Slovakia,country,2015,burned_area_share_land,0.00019839,share,K1,owid_annual_area_burnt_share_land,measured,f_sensor_break;f_min_fire_size
SVK,Slovakia,country,2016,burned_area_share_land,9.054e-05,share,K1,owid_annual_area_burnt_share_land,measured,f_sensor_break;f_min_fire_size
SVK,Slovakia,country,2017,burned_area_share_land,0.00013508,share,K1,owid_annual_area_burnt_share_land,measured,f_sensor_break;f_min_fire_size
SVK,Slovakia,country,2018,burned_area_share_land,0.00016313,share,K1,owid_annual_area_burnt_share_land,measured,f_sensor_break;f_min_fire_size
SVK,Slovakia,country,2019,burned_area_share_land,5.878e-05,share,K1,owid_annual_area_burnt_share_land,measured,f_sensor_break;f_min_fire_size
SVK,Slovakia,country,2020,burned_area_share_land,0.00013446,share,K1,owid_annual_area_burnt_share_land,measured,f_sensor_break;f_min_fire_size
SVK,Slovakia,country,2021,burned_area_share_land,0.0,share,K1,owid_annual_area_burnt_share_land,measured,f_sensor_break;f_min_fire_size;f_zero_no_detection
SVK,Slovakia,country,2022,burned_area_share_land,0.00029244,share,K1,owid_annual_area_burnt_share_land,measured,f_sensor_break;f_min_fire_size
SVK,Slovakia,country,2023,burned_area_share_land,2.578e-05,share,K1,owid_annual_area_burnt_share_land,measured,f_sensor_break;f_min_fire_size
SVK,Slovakia,country,2024,burned_area_share_land,0.0,share,K1,owid_annual_area_burnt_share_land,measured,f_sensor_break;f_min_fire_size;f_zero_no_detection
SVK,Slovakia,country,2025,burned_area_share_land,0.00012353,share,K1,owid_annual_area_burnt_share_land,measured,f_sensor_break;f_min_fire_size
SVK,Slovakia,country,2026,burned_area_share_land,8.724e-05,share,K1,owid_annual_area_burnt_share_land,measured,f_sensor_break;f_min_fire_size;f_incomplete_year
SVN,Slovenia,country,2012,burned_area_share_land,0.0002292,share,K1,owid_annual_area_burnt_share_land,measured,f_sensor_break;f_min_fire_size
SVN,Slovenia,country,2013,burned_area_share_land,8.397e-05,share,K1,owid_annual_area_burnt_share_land,measured,f_sensor_break;f_min_fire_size
SVN,Slovenia,country,2014,burned_area_share_land,0.0,share,K1,owid_annual_area_burnt_share_land,measured,f_sensor_break;f_min_fire_size;f_zero_no_detection
SVN,Slovenia,country,2015,burned_area_share_land,0.0,share,K1,owid_annual_area_burnt_share_land,measured,f_sensor_break;f_min_fire_size;f_zero_no_detection
SVN,Slovenia,country,2016,burned_area_share_land,0.00047223,share,K1,owid_annual_area_burnt_share_land,measured,f_sensor_break;f_min_fire_size
SVN,Slovenia,country,2017,burned_area_share_land,0.00046185,share,K1,owid_annual_area_burnt_share_land,measured,f_sensor_break;f_min_fire_size
SVN,Slovenia,country,2018,burned_area_share_land,0.0,share,K1,owid_annual_area_burnt_share_land,measured,f_sensor_break;f_min_fire_size;f_zero_no_detection
SVN,Slovenia,country,2019,burned_area_share_land,8.052e-05,share,K1,owid_annual_area_burnt_share_land,measured,f_sensor_break;f_min_fire_size
SVN,Slovenia,country,2020,burned_area_share_land,0.0,share,K1,owid_annual_area_burnt_share_land,measured,f_sensor_break;f_min_fire_size;f_zero_no_detection
SVN,Slovenia,country,2021,burned_area_share_land,0.0,share,K1,owid_annual_area_burnt_share_land,measured,f_sensor_break;f_min_fire_size;f_zero_no_detection
SVN,Slovenia,country,2022,burned_area_share_land,0.00093556,share,K1,owid_annual_area_burnt_share_land,measured,f_sensor_break;f_min_fire_size
SVN,Slovenia,country,2023,burned_area_share_land,3.803e-05,share,K1,owid_annual_area_burnt_share_land,measured,f_sensor_break;f_min_fire_size
SVN,Slovenia,country,2024,burned_area_share_land,8.447e-05,share,K1,owid_annual_area_burnt_share_land,measured,f_sensor_break;f_min_fire_size
SVN,Slovenia,country,2025,burned_area_share_land,9.385e-05,share,K1,owid_annual_area_burnt_share_land,measured,f_sensor_break;f_min_fire_size
SVN,Slovenia,country,2026,burned_area_share_land,8.496e-05,share,K1,owid_annual_area_burnt_share_land,measured,f_sensor_break;f_min_fire_size;f_incomplete_year
SWE,Sverige,country,2012,burned_area_share_land,4.403e-05,share,K1,owid_annual_area_burnt_share_land,measured,f_sensor_break;f_min_fire_size
SWE,Sverige,country,2013,burned_area_share_land,6.355e-05,share,K1,owid_annual_area_burnt_share_land,measured,f_sensor_break;f_min_fire_size
SWE,Sverige,country,2014,burned_area_share_land,0.00046368,share,K1,owid_annual_area_burnt_share_land,measured,f_sensor_break;f_min_fire_size
SWE,Sverige,country,2015,burned_area_share_land,6.566e-05,share,K1,owid_annual_area_burnt_share_land,measured,f_sensor_break;f_min_fire_size
SWE,Sverige,country,2016,burned_area_share_land,4.351e-05,share,K1,owid_annual_area_burnt_share_land,measured,f_sensor_break;f_min_fire_size
SWE,Sverige,country,2017,burned_area_share_land,4.059e-05,share,K1,owid_annual_area_burnt_share_land,measured,f_sensor_break;f_min_fire_size
SWE,Sverige,country,2018,burned_area_share_land,0.00076012,share,K1,owid_annual_area_burnt_share_land,measured,f_sensor_break;f_min_fire_size
SWE,Sverige,country,2019,burned_area_share_land,5.733e-05,share,K1,owid_annual_area_burnt_share_land,measured,f_sensor_break;f_min_fire_size
SWE,Sverige,country,2020,burned_area_share_land,0.00036165,share,K1,owid_annual_area_burnt_share_land,measured,f_sensor_break;f_min_fire_size
SWE,Sverige,country,2021,burned_area_share_land,4.102e-05,share,K1,owid_annual_area_burnt_share_land,measured,f_sensor_break;f_min_fire_size
SWE,Sverige,country,2022,burned_area_share_land,3.332e-05,share,K1,owid_annual_area_burnt_share_land,measured,f_sensor_break;f_min_fire_size
SWE,Sverige,country,2023,burned_area_share_land,2.439e-05,share,K1,owid_annual_area_burnt_share_land,measured,f_sensor_break;f_min_fire_size
SWE,Sverige,country,2024,burned_area_share_land,1.773e-05,share,K1,owid_annual_area_burnt_share_land,measured,f_sensor_break;f_min_fire_size
SWE,Sverige,country,2025,burned_area_share_land,1.423e-05,share,K1,owid_annual_area_burnt_share_land,measured,f_sensor_break;f_min_fire_size
SWE,Sverige,country,2026,burned_area_share_land,5.65e-06,share,K1,owid_annual_area_burnt_share_land,measured,f_sensor_break;f_min_fire_size;f_incomplete_year
SWZ,Eswatini,country,2012,burned_area_share_land,0.08953819,share,K1,owid_annual_area_burnt_share_land,measured,f_sensor_break;f_min_fire_size
SWZ,Eswatini,country,2013,burned_area_share_land,0.09798133,share,K1,owid_annual_area_burnt_share_land,measured,f_sensor_break;f_min_fire_size
SWZ,Eswatini,country,2014,burned_area_share_land,0.11072298,share,K1,owid_annual_area_burnt_share_land,measured,f_sensor_break;f_min_fire_size
SWZ,Eswatini,country,2015,burned_area_share_land,0.04660382,share,K1,owid_annual_area_burnt_share_land,measured,f_sensor_break;f_min_fire_size
SWZ,Eswatini,country,2016,burned_area_share_land,0.03425128,share,K1,owid_annual_area_burnt_share_land,measured,f_sensor_break;f_min_fire_size
SWZ,Eswatini,country,2017,burned_area_share_land,0.05802897,share,K1,owid_annual_area_burnt_share_land,measured,f_sensor_break;f_min_fire_size
SWZ,Eswatini,country,2018,burned_area_share_land,0.04444189,share,K1,owid_annual_area_burnt_share_land,measured,f_sensor_break;f_min_fire_size
SWZ,Eswatini,country,2019,burned_area_share_land,0.13059127,share,K1,owid_annual_area_burnt_share_land,measured,f_sensor_break;f_min_fire_size
SWZ,Eswatini,country,2020,burned_area_share_land,0.05003508,share,K1,owid_annual_area_burnt_share_land,measured,f_sensor_break;f_min_fire_size
SWZ,Eswatini,country,2021,burned_area_share_land,0.07057253,share,K1,owid_annual_area_burnt_share_land,measured,f_sensor_break;f_min_fire_size
SWZ,Eswatini,country,2022,burned_area_share_land,0.04352217,share,K1,owid_annual_area_burnt_share_land,measured,f_sensor_break;f_min_fire_size
SWZ,Eswatini,country,2023,burned_area_share_land,0.06136236,share,K1,owid_annual_area_burnt_share_land,measured,f_sensor_break;f_min_fire_size
SWZ,Eswatini,country,2024,burned_area_share_land,0.06516151,share,K1,owid_annual_area_burnt_share_land,measured,f_sensor_break;f_min_fire_size
SWZ,Eswatini,country,2025,burned_area_share_land,0.03088488,share,K1,owid_annual_area_burnt_share_land,measured,f_sensor_break;f_min_fire_size
SWZ,Eswatini,country,2026,burned_area_share_land,0.00599527,share,K1,owid_annual_area_burnt_share_land,measured,f_sensor_break;f_min_fire_size;f_incomplete_year
SXM,Sint Maarten (NL),country,2012,burned_area_share_land,0.0,share,K1,owid_annual_area_burnt_share_land,measured,f_sensor_break;f_min_fire_size;f_zero_no_detection
SXM,Sint Maarten (NL),country,2013,burned_area_share_land,0.0,share,K1,owid_annual_area_burnt_share_land,measured,f_sensor_break;f_min_fire_size;f_zero_no_detection
SXM,Sint Maarten (NL),country,2014,burned_area_share_land,0.0,share,K1,owid_annual_area_burnt_share_land,measured,f_sensor_break;f_min_fire_size;f_zero_no_detection
SXM,Sint Maarten (NL),country,2015,burned_area_share_land,0.0,share,K1,owid_annual_area_burnt_share_land,measured,f_sensor_break;f_min_fire_size;f_zero_no_detection
SXM,Sint Maarten (NL),country,2016,burned_area_share_land,0.0,share,K1,owid_annual_area_burnt_share_land,measured,f_sensor_break;f_min_fire_size;f_zero_no_detection
SXM,Sint Maarten (NL),country,2017,burned_area_share_land,0.0,share,K1,owid_annual_area_burnt_share_land,measured,f_sensor_break;f_min_fire_size;f_zero_no_detection
SXM,Sint Maarten (NL),country,2018,burned_area_share_land,0.0,share,K1,owid_annual_area_burnt_share_land,measured,f_sensor_break;f_min_fire_size;f_zero_no_detection
SXM,Sint Maarten (NL),country,2019,burned_area_share_land,0.0,share,K1,owid_annual_area_burnt_share_land,measured,f_sensor_break;f_min_fire_size;f_zero_no_detection
SXM,Sint Maarten (NL),country,2020,burned_area_share_land,0.0,share,K1,owid_annual_area_burnt_share_land,measured,f_sensor_break;f_min_fire_size;f_zero_no_detection
SXM,Sint Maarten (NL),country,2021,burned_area_share_land,0.0,share,K1,owid_annual_area_burnt_share_land,measured,f_sensor_break;f_min_fire_size;f_zero_no_detection
SXM,Sint Maarten (NL),country,2022,burned_area_share_land,0.0,share,K1,owid_annual_area_burnt_share_land,measured,f_sensor_break;f_min_fire_size;f_zero_no_detection
SXM,Sint Maarten (NL),country,2023,burned_area_share_land,0.0,share,K1,owid_annual_area_burnt_share_land,measured,f_sensor_break;f_min_fire_size;f_zero_no_detection
SXM,Sint Maarten (NL),country,2024,burned_area_share_land,0.0,share,K1,owid_annual_area_burnt_share_land,measured,f_sensor_break;f_min_fire_size;f_zero_no_detection
SXM,Sint Maarten (NL),country,2025,burned_area_share_land,0.0,share,K1,owid_annual_area_burnt_share_land,measured,f_sensor_break;f_min_fire_size;f_zero_no_detection
SXM,Sint Maarten (NL),country,2026,burned_area_share_land,0.0,share,K1,owid_annual_area_burnt_share_land,measured,f_sensor_break;f_min_fire_size;f_incomplete_year;f_zero_no_detection
SYC,Seychellene,country,2012,burned_area_share_land,0.0,share,K1,owid_annual_area_burnt_share_land,measured,f_sensor_break;f_min_fire_size;f_zero_no_detection
SYC,Seychellene,country,2013,burned_area_share_land,0.0,share,K1,owid_annual_area_burnt_share_land,measured,f_sensor_break;f_min_fire_size;f_zero_no_detection
SYC,Seychellene,country,2014,burned_area_share_land,0.0,share,K1,owid_annual_area_burnt_share_land,measured,f_sensor_break;f_min_fire_size;f_zero_no_detection
SYC,Seychellene,country,2015,burned_area_share_land,0.0,share,K1,owid_annual_area_burnt_share_land,measured,f_sensor_break;f_min_fire_size;f_zero_no_detection
SYC,Seychellene,country,2016,burned_area_share_land,0.0,share,K1,owid_annual_area_burnt_share_land,measured,f_sensor_break;f_min_fire_size;f_zero_no_detection
SYC,Seychellene,country,2017,burned_area_share_land,0.0,share,K1,owid_annual_area_burnt_share_land,measured,f_sensor_break;f_min_fire_size;f_zero_no_detection
SYC,Seychellene,country,2018,burned_area_share_land,0.0,share,K1,owid_annual_area_burnt_share_land,measured,f_sensor_break;f_min_fire_size;f_zero_no_detection
SYC,Seychellene,country,2019,burned_area_share_land,0.0,share,K1,owid_annual_area_burnt_share_land,measured,f_sensor_break;f_min_fire_size;f_zero_no_detection
SYC,Seychellene,country,2020,burned_area_share_land,0.0,share,K1,owid_annual_area_burnt_share_land,measured,f_sensor_break;f_min_fire_size;f_zero_no_detection
SYC,Seychellene,country,2021,burned_area_share_land,0.0,share,K1,owid_annual_area_burnt_share_land,measured,f_sensor_break;f_min_fire_size;f_zero_no_detection
SYC,Seychellene,country,2022,burned_area_share_land,0.0,share,K1,owid_annual_area_burnt_share_land,measured,f_sensor_break;f_min_fire_size;f_zero_no_detection
SYC,Seychellene,country,2023,burned_area_share_land,0.0,share,K1,owid_annual_area_burnt_share_land,measured,f_sensor_break;f_min_fire_size;f_zero_no_detection
SYC,Seychellene,country,2024,burned_area_share_land,0.0,share,K1,owid_annual_area_burnt_share_land,measured,f_sensor_break;f_min_fire_size;f_zero_no_detection
SYC,Seychellene,country,2025,burned_area_share_land,0.0,share,K1,owid_annual_area_burnt_share_land,measured,f_sensor_break;f_min_fire_size;f_zero_no_detection
SYC,Seychellene,country,2026,burned_area_share_land,0.0,share,K1,owid_annual_area_burnt_share_land,measured,f_sensor_break;f_min_fire_size;f_incomplete_year;f_zero_no_detection
SYR,Syria,country,2012,burned_area_share_land,0.0037804,share,K1,owid_annual_area_burnt_share_land,measured,f_sensor_break;f_min_fire_size
SYR,Syria,country,2013,burned_area_share_land,0.00517198,share,K1,owid_annual_area_burnt_share_land,measured,f_sensor_break;f_min_fire_size
SYR,Syria,country,2014,burned_area_share_land,0.00183269,share,K1,owid_annual_area_burnt_share_land,measured,f_sensor_break;f_min_fire_size
SYR,Syria,country,2015,burned_area_share_land,0.00567553,share,K1,owid_annual_area_burnt_share_land,measured,f_sensor_break;f_min_fire_size
SYR,Syria,country,2016,burned_area_share_land,0.00315135,share,K1,owid_annual_area_burnt_share_land,measured,f_sensor_break;f_min_fire_size
SYR,Syria,country,2017,burned_area_share_land,0.00240146,share,K1,owid_annual_area_burnt_share_land,measured,f_sensor_break;f_min_fire_size
SYR,Syria,country,2018,burned_area_share_land,0.00194486,share,K1,owid_annual_area_burnt_share_land,measured,f_sensor_break;f_min_fire_size
SYR,Syria,country,2019,burned_area_share_land,0.01937239,share,K1,owid_annual_area_burnt_share_land,measured,f_sensor_break;f_min_fire_size
SYR,Syria,country,2020,burned_area_share_land,0.01209852,share,K1,owid_annual_area_burnt_share_land,measured,f_sensor_break;f_min_fire_size
SYR,Syria,country,2021,burned_area_share_land,0.00218997,share,K1,owid_annual_area_burnt_share_land,measured,f_sensor_break;f_min_fire_size
SYR,Syria,country,2022,burned_area_share_land,0.00156941,share,K1,owid_annual_area_burnt_share_land,measured,f_sensor_break;f_min_fire_size
SYR,Syria,country,2023,burned_area_share_land,0.00268141,share,K1,owid_annual_area_burnt_share_land,measured,f_sensor_break;f_min_fire_size
SYR,Syria,country,2024,burned_area_share_land,0.00264958,share,K1,owid_annual_area_burnt_share_land,measured,f_sensor_break;f_min_fire_size
SYR,Syria,country,2025,burned_area_share_land,0.00234323,share,K1,owid_annual_area_burnt_share_land,measured,f_sensor_break;f_min_fire_size
SYR,Syria,country,2026,burned_area_share_land,0.00094724,share,K1,owid_annual_area_burnt_share_land,measured,f_sensor_break;f_min_fire_size;f_incomplete_year
TCA,Turks- og Caicosøyene,country,2012,burned_area_share_land,0.0,share,K1,owid_annual_area_burnt_share_land,measured,f_sensor_break;f_min_fire_size;f_zero_no_detection
TCA,Turks- og Caicosøyene,country,2013,burned_area_share_land,0.0,share,K1,owid_annual_area_burnt_share_land,measured,f_sensor_break;f_min_fire_size;f_zero_no_detection
TCA,Turks- og Caicosøyene,country,2014,burned_area_share_land,0.0,share,K1,owid_annual_area_burnt_share_land,measured,f_sensor_break;f_min_fire_size;f_zero_no_detection
TCA,Turks- og Caicosøyene,country,2015,burned_area_share_land,0.0,share,K1,owid_annual_area_burnt_share_land,measured,f_sensor_break;f_min_fire_size;f_zero_no_detection
TCA,Turks- og Caicosøyene,country,2016,burned_area_share_land,0.0,share,K1,owid_annual_area_burnt_share_land,measured,f_sensor_break;f_min_fire_size;f_zero_no_detection
TCA,Turks- og Caicosøyene,country,2017,burned_area_share_land,0.0,share,K1,owid_annual_area_burnt_share_land,measured,f_sensor_break;f_min_fire_size;f_zero_no_detection
TCA,Turks- og Caicosøyene,country,2018,burned_area_share_land,0.01153788,share,K1,owid_annual_area_burnt_share_land,measured,f_sensor_break;f_min_fire_size
TCA,Turks- og Caicosøyene,country,2019,burned_area_share_land,0.0,share,K1,owid_annual_area_burnt_share_land,measured,f_sensor_break;f_min_fire_size;f_zero_no_detection
TCA,Turks- og Caicosøyene,country,2020,burned_area_share_land,0.00725672,share,K1,owid_annual_area_burnt_share_land,measured,f_sensor_break;f_min_fire_size
TCA,Turks- og Caicosøyene,country,2021,burned_area_share_land,0.0,share,K1,owid_annual_area_burnt_share_land,measured,f_sensor_break;f_min_fire_size;f_zero_no_detection
TCA,Turks- og Caicosøyene,country,2022,burned_area_share_land,0.0,share,K1,owid_annual_area_burnt_share_land,measured,f_sensor_break;f_min_fire_size;f_zero_no_detection
TCA,Turks- og Caicosøyene,country,2023,burned_area_share_land,0.0,share,K1,owid_annual_area_burnt_share_land,measured,f_sensor_break;f_min_fire_size;f_zero_no_detection
TCA,Turks- og Caicosøyene,country,2024,burned_area_share_land,0.0,share,K1,owid_annual_area_burnt_share_land,measured,f_sensor_break;f_min_fire_size;f_zero_no_detection
TCA,Turks- og Caicosøyene,country,2025,burned_area_share_land,0.01357219,share,K1,owid_annual_area_burnt_share_land,measured,f_sensor_break;f_min_fire_size
TCA,Turks- og Caicosøyene,country,2026,burned_area_share_land,0.0,share,K1,owid_annual_area_burnt_share_land,measured,f_sensor_break;f_min_fire_size;f_incomplete_year;f_zero_no_detection
TCD,Tsjad,country,2012,burned_area_share_land,0.04881218,share,K1,owid_annual_area_burnt_share_land,measured,f_sensor_break;f_min_fire_size
TCD,Tsjad,country,2013,burned_area_share_land,0.04895663,share,K1,owid_annual_area_burnt_share_land,measured,f_sensor_break;f_min_fire_size
TCD,Tsjad,country,2014,burned_area_share_land,0.04034372,share,K1,owid_annual_area_burnt_share_land,measured,f_sensor_break;f_min_fire_size
TCD,Tsjad,country,2015,burned_area_share_land,0.04129371,share,K1,owid_annual_area_burnt_share_land,measured,f_sensor_break;f_min_fire_size
TCD,Tsjad,country,2016,burned_area_share_land,0.05442701,share,K1,owid_annual_area_burnt_share_land,measured,f_sensor_break;f_min_fire_size
TCD,Tsjad,country,2017,burned_area_share_land,0.04320427,share,K1,owid_annual_area_burnt_share_land,measured,f_sensor_break;f_min_fire_size
TCD,Tsjad,country,2018,burned_area_share_land,0.02455001,share,K1,owid_annual_area_burnt_share_land,measured,f_sensor_break;f_min_fire_size
TCD,Tsjad,country,2019,burned_area_share_land,0.03914144,share,K1,owid_annual_area_burnt_share_land,measured,f_sensor_break;f_min_fire_size
TCD,Tsjad,country,2020,burned_area_share_land,0.04594517,share,K1,owid_annual_area_burnt_share_land,measured,f_sensor_break;f_min_fire_size
TCD,Tsjad,country,2021,burned_area_share_land,0.05040842,share,K1,owid_annual_area_burnt_share_land,measured,f_sensor_break;f_min_fire_size
TCD,Tsjad,country,2022,burned_area_share_land,0.03250367,share,K1,owid_annual_area_burnt_share_land,measured,f_sensor_break;f_min_fire_size
TCD,Tsjad,country,2023,burned_area_share_land,0.03743783,share,K1,owid_annual_area_burnt_share_land,measured,f_sensor_break;f_min_fire_size
TCD,Tsjad,country,2024,burned_area_share_land,0.02618926,share,K1,owid_annual_area_burnt_share_land,measured,f_sensor_break;f_min_fire_size
TCD,Tsjad,country,2025,burned_area_share_land,0.02541876,share,K1,owid_annual_area_burnt_share_land,measured,f_sensor_break;f_min_fire_size
TCD,Tsjad,country,2026,burned_area_share_land,0.01033641,share,K1,owid_annual_area_burnt_share_land,measured,f_sensor_break;f_min_fire_size;f_incomplete_year
TGO,Togo,country,2012,burned_area_share_land,0.11415481,share,K1,owid_annual_area_burnt_share_land,measured,f_sensor_break;f_min_fire_size
TGO,Togo,country,2013,burned_area_share_land,0.16893033,share,K1,owid_annual_area_burnt_share_land,measured,f_sensor_break;f_min_fire_size
TGO,Togo,country,2014,burned_area_share_land,0.13285162,share,K1,owid_annual_area_burnt_share_land,measured,f_sensor_break;f_min_fire_size
TGO,Togo,country,2015,burned_area_share_land,0.18220264,share,K1,owid_annual_area_burnt_share_land,measured,f_sensor_break;f_min_fire_size
TGO,Togo,country,2016,burned_area_share_land,0.14381414,share,K1,owid_annual_area_burnt_share_land,measured,f_sensor_break;f_min_fire_size
TGO,Togo,country,2017,burned_area_share_land,0.14039224,share,K1,owid_annual_area_burnt_share_land,measured,f_sensor_break;f_min_fire_size
TGO,Togo,country,2018,burned_area_share_land,0.07812672,share,K1,owid_annual_area_burnt_share_land,measured,f_sensor_break;f_min_fire_size
TGO,Togo,country,2019,burned_area_share_land,0.11197788,share,K1,owid_annual_area_burnt_share_land,measured,f_sensor_break;f_min_fire_size
TGO,Togo,country,2020,burned_area_share_land,0.13331172,share,K1,owid_annual_area_burnt_share_land,measured,f_sensor_break;f_min_fire_size
TGO,Togo,country,2021,burned_area_share_land,0.10361407,share,K1,owid_annual_area_burnt_share_land,measured,f_sensor_break;f_min_fire_size
TGO,Togo,country,2022,burned_area_share_land,0.12020794,share,K1,owid_annual_area_burnt_share_land,measured,f_sensor_break;f_min_fire_size
TGO,Togo,country,2023,burned_area_share_land,0.07245759,share,K1,owid_annual_area_burnt_share_land,measured,f_sensor_break;f_min_fire_size
TGO,Togo,country,2024,burned_area_share_land,0.07710354,share,K1,owid_annual_area_burnt_share_land,measured,f_sensor_break;f_min_fire_size
TGO,Togo,country,2025,burned_area_share_land,0.04832152,share,K1,owid_annual_area_burnt_share_land,measured,f_sensor_break;f_min_fire_size
TGO,Togo,country,2026,burned_area_share_land,0.03671367,share,K1,owid_annual_area_burnt_share_land,measured,f_sensor_break;f_min_fire_size;f_incomplete_year
THA,Thailand,country,2012,burned_area_share_land,0.04715298,share,K1,owid_annual_area_burnt_share_land,measured,f_sensor_break;f_min_fire_size
THA,Thailand,country,2013,burned_area_share_land,0.05103273,share,K1,owid_annual_area_burnt_share_land,measured,f_sensor_break;f_min_fire_size
THA,Thailand,country,2014,burned_area_share_land,0.05414245,share,K1,owid_annual_area_burnt_share_land,measured,f_sensor_break;f_min_fire_size
THA,Thailand,country,2015,burned_area_share_land,0.0496218,share,K1,owid_annual_area_burnt_share_land,measured,f_sensor_break;f_min_fire_size
THA,Thailand,country,2016,burned_area_share_land,0.07225447,share,K1,owid_annual_area_burnt_share_land,measured,f_sensor_break;f_min_fire_size
THA,Thailand,country,2017,burned_area_share_land,0.03631466,share,K1,owid_annual_area_burnt_share_land,measured,f_sensor_break;f_min_fire_size
THA,Thailand,country,2018,burned_area_share_land,0.01985605,share,K1,owid_annual_area_burnt_share_land,measured,f_sensor_break;f_min_fire_size
THA,Thailand,country,2019,burned_area_share_land,0.07642585,share,K1,owid_annual_area_burnt_share_land,measured,f_sensor_break;f_min_fire_size
THA,Thailand,country,2020,burned_area_share_land,0.07642698,share,K1,owid_annual_area_burnt_share_land,measured,f_sensor_break;f_min_fire_size
THA,Thailand,country,2021,burned_area_share_land,0.03216601,share,K1,owid_annual_area_burnt_share_land,measured,f_sensor_break;f_min_fire_size
THA,Thailand,country,2022,burned_area_share_land,0.00906015,share,K1,owid_annual_area_burnt_share_land,measured,f_sensor_break;f_min_fire_size
THA,Thailand,country,2023,burned_area_share_land,0.05598643,share,K1,owid_annual_area_burnt_share_land,measured,f_sensor_break;f_min_fire_size
THA,Thailand,country,2024,burned_area_share_land,0.03856206,share,K1,owid_annual_area_burnt_share_land,measured,f_sensor_break;f_min_fire_size
THA,Thailand,country,2025,burned_area_share_land,0.03008681,share,K1,owid_annual_area_burnt_share_land,measured,f_sensor_break;f_min_fire_size
THA,Thailand,country,2026,burned_area_share_land,0.05194597,share,K1,owid_annual_area_burnt_share_land,measured,f_sensor_break;f_min_fire_size;f_incomplete_year
TJK,Tadsjikistan,country,2012,burned_area_share_land,0.0001906,share,K1,owid_annual_area_burnt_share_land,measured,f_sensor_break;f_min_fire_size
TJK,Tadsjikistan,country,2013,burned_area_share_land,0.00097805,share,K1,owid_annual_area_burnt_share_land,measured,f_sensor_break;f_min_fire_size
TJK,Tadsjikistan,country,2014,burned_area_share_land,0.00059531,share,K1,owid_annual_area_burnt_share_land,measured,f_sensor_break;f_min_fire_size
TJK,Tadsjikistan,country,2015,burned_area_share_land,0.0002406,share,K1,owid_annual_area_burnt_share_land,measured,f_sensor_break;f_min_fire_size
TJK,Tadsjikistan,country,2016,burned_area_share_land,0.00045177,share,K1,owid_annual_area_burnt_share_land,measured,f_sensor_break;f_min_fire_size
TJK,Tadsjikistan,country,2017,burned_area_share_land,0.00028393,share,K1,owid_annual_area_burnt_share_land,measured,f_sensor_break;f_min_fire_size
TJK,Tadsjikistan,country,2018,burned_area_share_land,0.00014024,share,K1,owid_annual_area_burnt_share_land,measured,f_sensor_break;f_min_fire_size
TJK,Tadsjikistan,country,2019,burned_area_share_land,0.00023758,share,K1,owid_annual_area_burnt_share_land,measured,f_sensor_break;f_min_fire_size
TJK,Tadsjikistan,country,2020,burned_area_share_land,0.00039193,share,K1,owid_annual_area_burnt_share_land,measured,f_sensor_break;f_min_fire_size
TJK,Tadsjikistan,country,2021,burned_area_share_land,0.00028119,share,K1,owid_annual_area_burnt_share_land,measured,f_sensor_break;f_min_fire_size
TJK,Tadsjikistan,country,2022,burned_area_share_land,0.00023336,share,K1,owid_annual_area_burnt_share_land,measured,f_sensor_break;f_min_fire_size
TJK,Tadsjikistan,country,2023,burned_area_share_land,0.00015267,share,K1,owid_annual_area_burnt_share_land,measured,f_sensor_break;f_min_fire_size
TJK,Tadsjikistan,country,2024,burned_area_share_land,0.00011068,share,K1,owid_annual_area_burnt_share_land,measured,f_sensor_break;f_min_fire_size
TJK,Tadsjikistan,country,2025,burned_area_share_land,0.0003274,share,K1,owid_annual_area_burnt_share_land,measured,f_sensor_break;f_min_fire_size
TJK,Tadsjikistan,country,2026,burned_area_share_land,5.499e-05,share,K1,owid_annual_area_burnt_share_land,measured,f_sensor_break;f_min_fire_size;f_incomplete_year
TKM,Turkmenistan,country,2012,burned_area_share_land,0.00120135,share,K1,owid_annual_area_burnt_share_land,measured,f_sensor_break;f_min_fire_size
TKM,Turkmenistan,country,2013,burned_area_share_land,0.00172841,share,K1,owid_annual_area_burnt_share_land,measured,f_sensor_break;f_min_fire_size
TKM,Turkmenistan,country,2014,burned_area_share_land,0.00181017,share,K1,owid_annual_area_burnt_share_land,measured,f_sensor_break;f_min_fire_size
TKM,Turkmenistan,country,2015,burned_area_share_land,0.00209818,share,K1,owid_annual_area_burnt_share_land,measured,f_sensor_break;f_min_fire_size
TKM,Turkmenistan,country,2016,burned_area_share_land,0.00299218,share,K1,owid_annual_area_burnt_share_land,measured,f_sensor_break;f_min_fire_size
TKM,Turkmenistan,country,2017,burned_area_share_land,0.00188655,share,K1,owid_annual_area_burnt_share_land,measured,f_sensor_break;f_min_fire_size
TKM,Turkmenistan,country,2018,burned_area_share_land,0.00141603,share,K1,owid_annual_area_burnt_share_land,measured,f_sensor_break;f_min_fire_size
TKM,Turkmenistan,country,2019,burned_area_share_land,0.00401422,share,K1,owid_annual_area_burnt_share_land,measured,f_sensor_break;f_min_fire_size
TKM,Turkmenistan,country,2020,burned_area_share_land,0.00296341,share,K1,owid_annual_area_burnt_share_land,measured,f_sensor_break;f_min_fire_size
TKM,Turkmenistan,country,2021,burned_area_share_land,0.00188558,share,K1,owid_annual_area_burnt_share_land,measured,f_sensor_break;f_min_fire_size
TKM,Turkmenistan,country,2022,burned_area_share_land,0.0013603,share,K1,owid_annual_area_burnt_share_land,measured,f_sensor_break;f_min_fire_size
TKM,Turkmenistan,country,2023,burned_area_share_land,0.00051725,share,K1,owid_annual_area_burnt_share_land,measured,f_sensor_break;f_min_fire_size
TKM,Turkmenistan,country,2024,burned_area_share_land,0.0001695,share,K1,owid_annual_area_burnt_share_land,measured,f_sensor_break;f_min_fire_size
TKM,Turkmenistan,country,2025,burned_area_share_land,0.00065047,share,K1,owid_annual_area_burnt_share_land,measured,f_sensor_break;f_min_fire_size
TKM,Turkmenistan,country,2026,burned_area_share_land,0.00045611,share,K1,owid_annual_area_burnt_share_land,measured,f_sensor_break;f_min_fire_size;f_incomplete_year
TLS,Øst-Timor,country,2012,burned_area_share_land,0.04381139,share,K1,owid_annual_area_burnt_share_land,measured,f_sensor_break;f_min_fire_size
TLS,Øst-Timor,country,2013,burned_area_share_land,0.01201596,share,K1,owid_annual_area_burnt_share_land,measured,f_sensor_break;f_min_fire_size
TLS,Øst-Timor,country,2014,burned_area_share_land,0.07219001,share,K1,owid_annual_area_burnt_share_land,measured,f_sensor_break;f_min_fire_size
TLS,Øst-Timor,country,2015,burned_area_share_land,0.036211,share,K1,owid_annual_area_burnt_share_land,measured,f_sensor_break;f_min_fire_size
TLS,Øst-Timor,country,2016,burned_area_share_land,0.00469568,share,K1,owid_annual_area_burnt_share_land,measured,f_sensor_break;f_min_fire_size
TLS,Øst-Timor,country,2017,burned_area_share_land,0.03900206,share,K1,owid_annual_area_burnt_share_land,measured,f_sensor_break;f_min_fire_size
TLS,Øst-Timor,country,2018,burned_area_share_land,0.06289827,share,K1,owid_annual_area_burnt_share_land,measured,f_sensor_break;f_min_fire_size
TLS,Øst-Timor,country,2019,burned_area_share_land,0.05779012,share,K1,owid_annual_area_burnt_share_land,measured,f_sensor_break;f_min_fire_size
TLS,Øst-Timor,country,2020,burned_area_share_land,0.02812392,share,K1,owid_annual_area_burnt_share_land,measured,f_sensor_break;f_min_fire_size
TLS,Øst-Timor,country,2021,burned_area_share_land,0.00803092,share,K1,owid_annual_area_burnt_share_land,measured,f_sensor_break;f_min_fire_size
TLS,Øst-Timor,country,2022,burned_area_share_land,0.00399239,share,K1,owid_annual_area_burnt_share_land,measured,f_sensor_break;f_min_fire_size
TLS,Øst-Timor,country,2023,burned_area_share_land,0.04594329,share,K1,owid_annual_area_burnt_share_land,measured,f_sensor_break;f_min_fire_size
TLS,Øst-Timor,country,2024,burned_area_share_land,0.0112231,share,K1,owid_annual_area_burnt_share_land,measured,f_sensor_break;f_min_fire_size
TLS,Øst-Timor,country,2025,burned_area_share_land,0.00777688,share,K1,owid_annual_area_burnt_share_land,measured,f_sensor_break;f_min_fire_size
TLS,Øst-Timor,country,2026,burned_area_share_land,0.00014975,share,K1,owid_annual_area_burnt_share_land,measured,f_sensor_break;f_min_fire_size;f_incomplete_year
TON,Tonga,country,2012,burned_area_share_land,0.0,share,K1,owid_annual_area_burnt_share_land,measured,f_sensor_break;f_min_fire_size;f_zero_no_detection
TON,Tonga,country,2013,burned_area_share_land,0.0,share,K1,owid_annual_area_burnt_share_land,measured,f_sensor_break;f_min_fire_size;f_zero_no_detection
TON,Tonga,country,2014,burned_area_share_land,0.0,share,K1,owid_annual_area_burnt_share_land,measured,f_sensor_break;f_min_fire_size;f_zero_no_detection
TON,Tonga,country,2015,burned_area_share_land,0.0,share,K1,owid_annual_area_burnt_share_land,measured,f_sensor_break;f_min_fire_size;f_zero_no_detection
TON,Tonga,country,2016,burned_area_share_land,0.0,share,K1,owid_annual_area_burnt_share_land,measured,f_sensor_break;f_min_fire_size;f_zero_no_detection
TON,Tonga,country,2017,burned_area_share_land,0.0,share,K1,owid_annual_area_burnt_share_land,measured,f_sensor_break;f_min_fire_size;f_zero_no_detection
TON,Tonga,country,2018,burned_area_share_land,0.0,share,K1,owid_annual_area_burnt_share_land,measured,f_sensor_break;f_min_fire_size;f_zero_no_detection
TON,Tonga,country,2019,burned_area_share_land,0.0,share,K1,owid_annual_area_burnt_share_land,measured,f_sensor_break;f_min_fire_size;f_zero_no_detection
TON,Tonga,country,2020,burned_area_share_land,0.0,share,K1,owid_annual_area_burnt_share_land,measured,f_sensor_break;f_min_fire_size;f_zero_no_detection
TON,Tonga,country,2021,burned_area_share_land,0.0,share,K1,owid_annual_area_burnt_share_land,measured,f_sensor_break;f_min_fire_size;f_zero_no_detection
TON,Tonga,country,2022,burned_area_share_land,0.0,share,K1,owid_annual_area_burnt_share_land,measured,f_sensor_break;f_min_fire_size;f_zero_no_detection
TON,Tonga,country,2023,burned_area_share_land,0.0,share,K1,owid_annual_area_burnt_share_land,measured,f_sensor_break;f_min_fire_size;f_zero_no_detection
TON,Tonga,country,2024,burned_area_share_land,0.0,share,K1,owid_annual_area_burnt_share_land,measured,f_sensor_break;f_min_fire_size;f_zero_no_detection
TON,Tonga,country,2025,burned_area_share_land,0.0,share,K1,owid_annual_area_burnt_share_land,measured,f_sensor_break;f_min_fire_size;f_zero_no_detection
TON,Tonga,country,2026,burned_area_share_land,0.0,share,K1,owid_annual_area_burnt_share_land,measured,f_sensor_break;f_min_fire_size;f_incomplete_year;f_zero_no_detection
TTO,Trinidad og Tobago,country,2012,burned_area_share_land,0.0013912,share,K1,owid_annual_area_burnt_share_land,measured,f_sensor_break;f_min_fire_size
TTO,Trinidad og Tobago,country,2013,burned_area_share_land,0.00456519,share,K1,owid_annual_area_burnt_share_land,measured,f_sensor_break;f_min_fire_size
TTO,Trinidad og Tobago,country,2014,burned_area_share_land,0.01081282,share,K1,owid_annual_area_burnt_share_land,measured,f_sensor_break;f_min_fire_size
TTO,Trinidad og Tobago,country,2015,burned_area_share_land,0.00310709,share,K1,owid_annual_area_burnt_share_land,measured,f_sensor_break;f_min_fire_size
TTO,Trinidad og Tobago,country,2016,burned_area_share_land,0.01962443,share,K1,owid_annual_area_burnt_share_land,measured,f_sensor_break;f_min_fire_size
TTO,Trinidad og Tobago,country,2017,burned_area_share_land,0.0067435,share,K1,owid_annual_area_burnt_share_land,measured,f_sensor_break;f_min_fire_size
TTO,Trinidad og Tobago,country,2018,burned_area_share_land,0.00330386,share,K1,owid_annual_area_burnt_share_land,measured,f_sensor_break;f_min_fire_size
TTO,Trinidad og Tobago,country,2019,burned_area_share_land,0.0070977,share,K1,owid_annual_area_burnt_share_land,measured,f_sensor_break;f_min_fire_size
TTO,Trinidad og Tobago,country,2020,burned_area_share_land,0.01605886,share,K1,owid_annual_area_burnt_share_land,measured,f_sensor_break;f_min_fire_size
TTO,Trinidad og Tobago,country,2021,burned_area_share_land,0.00030697,share,K1,owid_annual_area_burnt_share_land,measured,f_sensor_break;f_min_fire_size
TTO,Trinidad og Tobago,country,2022,burned_area_share_land,0.00158208,share,K1,owid_annual_area_burnt_share_land,measured,f_sensor_break;f_min_fire_size
TTO,Trinidad og Tobago,country,2023,burned_area_share_land,0.00676121,share,K1,owid_annual_area_burnt_share_land,measured,f_sensor_break;f_min_fire_size
TTO,Trinidad og Tobago,country,2024,burned_area_share_land,0.01213122,share,K1,owid_annual_area_burnt_share_land,measured,f_sensor_break;f_min_fire_size
TTO,Trinidad og Tobago,country,2025,burned_area_share_land,0.0,share,K1,owid_annual_area_burnt_share_land,measured,f_sensor_break;f_min_fire_size;f_zero_no_detection
TTO,Trinidad og Tobago,country,2026,burned_area_share_land,0.00462816,share,K1,owid_annual_area_burnt_share_land,measured,f_sensor_break;f_min_fire_size;f_incomplete_year
TUN,Tunisia,country,2012,burned_area_share_land,0.00125229,share,K1,owid_annual_area_burnt_share_land,measured,f_sensor_break;f_min_fire_size
TUN,Tunisia,country,2013,burned_area_share_land,0.00179444,share,K1,owid_annual_area_burnt_share_land,measured,f_sensor_break;f_min_fire_size
TUN,Tunisia,country,2014,burned_area_share_land,0.0019874,share,K1,owid_annual_area_burnt_share_land,measured,f_sensor_break;f_min_fire_size
TUN,Tunisia,country,2015,burned_area_share_land,0.00112427,share,K1,owid_annual_area_burnt_share_land,measured,f_sensor_break;f_min_fire_size
TUN,Tunisia,country,2016,burned_area_share_land,0.00086664,share,K1,owid_annual_area_burnt_share_land,measured,f_sensor_break;f_min_fire_size
TUN,Tunisia,country,2017,burned_area_share_land,0.00245587,share,K1,owid_annual_area_burnt_share_land,measured,f_sensor_break;f_min_fire_size
TUN,Tunisia,country,2018,burned_area_share_land,0.00026268,share,K1,owid_annual_area_burnt_share_land,measured,f_sensor_break;f_min_fire_size
TUN,Tunisia,country,2019,burned_area_share_land,0.00099115,share,K1,owid_annual_area_burnt_share_land,measured,f_sensor_break;f_min_fire_size
TUN,Tunisia,country,2020,burned_area_share_land,0.00174707,share,K1,owid_annual_area_burnt_share_land,measured,f_sensor_break;f_min_fire_size
TUN,Tunisia,country,2021,burned_area_share_land,0.00263414,share,K1,owid_annual_area_burnt_share_land,measured,f_sensor_break;f_min_fire_size
TUN,Tunisia,country,2022,burned_area_share_land,0.00140496,share,K1,owid_annual_area_burnt_share_land,measured,f_sensor_break;f_min_fire_size
TUN,Tunisia,country,2023,burned_area_share_land,0.00068511,share,K1,owid_annual_area_burnt_share_land,measured,f_sensor_break;f_min_fire_size
TUN,Tunisia,country,2024,burned_area_share_land,0.00012329,share,K1,owid_annual_area_burnt_share_land,measured,f_sensor_break;f_min_fire_size
TUN,Tunisia,country,2025,burned_area_share_land,0.00050422,share,K1,owid_annual_area_burnt_share_land,measured,f_sensor_break;f_min_fire_size
TUN,Tunisia,country,2026,burned_area_share_land,0.00118372,share,K1,owid_annual_area_burnt_share_land,measured,f_sensor_break;f_min_fire_size;f_incomplete_year
TUR,Tyrkia,country,2012,burned_area_share_land,0.00374223,share,K1,owid_annual_area_burnt_share_land,measured,f_sensor_break;f_min_fire_size
TUR,Tyrkia,country,2013,burned_area_share_land,0.00707886,share,K1,owid_annual_area_burnt_share_land,measured,f_sensor_break;f_min_fire_size
TUR,Tyrkia,country,2014,burned_area_share_land,0.00359396,share,K1,owid_annual_area_burnt_share_land,measured,f_sensor_break;f_min_fire_size
TUR,Tyrkia,country,2015,burned_area_share_land,0.0119597,share,K1,owid_annual_area_burnt_share_land,measured,f_sensor_break;f_min_fire_size
TUR,Tyrkia,country,2016,burned_area_share_land,0.00879311,share,K1,owid_annual_area_burnt_share_land,measured,f_sensor_break;f_min_fire_size
TUR,Tyrkia,country,2017,burned_area_share_land,0.0050956,share,K1,owid_annual_area_burnt_share_land,measured,f_sensor_break;f_min_fire_size
TUR,Tyrkia,country,2018,burned_area_share_land,0.00408586,share,K1,owid_annual_area_burnt_share_land,measured,f_sensor_break;f_min_fire_size
TUR,Tyrkia,country,2019,burned_area_share_land,0.00401846,share,K1,owid_annual_area_burnt_share_land,measured,f_sensor_break;f_min_fire_size
TUR,Tyrkia,country,2020,burned_area_share_land,0.0050709,share,K1,owid_annual_area_burnt_share_land,measured,f_sensor_break;f_min_fire_size
TUR,Tyrkia,country,2021,burned_area_share_land,0.00510069,share,K1,owid_annual_area_burnt_share_land,measured,f_sensor_break;f_min_fire_size
TUR,Tyrkia,country,2022,burned_area_share_land,0.00182137,share,K1,owid_annual_area_burnt_share_land,measured,f_sensor_break;f_min_fire_size
TUR,Tyrkia,country,2023,burned_area_share_land,0.00311252,share,K1,owid_annual_area_burnt_share_land,measured,f_sensor_break;f_min_fire_size
TUR,Tyrkia,country,2024,burned_area_share_land,0.00276406,share,K1,owid_annual_area_burnt_share_land,measured,f_sensor_break;f_min_fire_size
TUR,Tyrkia,country,2025,burned_area_share_land,0.00262451,share,K1,owid_annual_area_burnt_share_land,measured,f_sensor_break;f_min_fire_size
TUR,Tyrkia,country,2026,burned_area_share_land,0.00039953,share,K1,owid_annual_area_burnt_share_land,measured,f_sensor_break;f_min_fire_size;f_incomplete_year
TUV,Tuvalu,country,2012,burned_area_share_land,0.0,share,K1,owid_annual_area_burnt_share_land,measured,f_sensor_break;f_min_fire_size;f_zero_no_detection
TUV,Tuvalu,country,2013,burned_area_share_land,0.0,share,K1,owid_annual_area_burnt_share_land,measured,f_sensor_break;f_min_fire_size;f_zero_no_detection
TUV,Tuvalu,country,2014,burned_area_share_land,0.0,share,K1,owid_annual_area_burnt_share_land,measured,f_sensor_break;f_min_fire_size;f_zero_no_detection
TUV,Tuvalu,country,2015,burned_area_share_land,0.0,share,K1,owid_annual_area_burnt_share_land,measured,f_sensor_break;f_min_fire_size;f_zero_no_detection
TUV,Tuvalu,country,2016,burned_area_share_land,0.0,share,K1,owid_annual_area_burnt_share_land,measured,f_sensor_break;f_min_fire_size;f_zero_no_detection
TUV,Tuvalu,country,2017,burned_area_share_land,0.0,share,K1,owid_annual_area_burnt_share_land,measured,f_sensor_break;f_min_fire_size;f_zero_no_detection
TUV,Tuvalu,country,2018,burned_area_share_land,0.0,share,K1,owid_annual_area_burnt_share_land,measured,f_sensor_break;f_min_fire_size;f_zero_no_detection
TUV,Tuvalu,country,2019,burned_area_share_land,0.0,share,K1,owid_annual_area_burnt_share_land,measured,f_sensor_break;f_min_fire_size;f_zero_no_detection
TUV,Tuvalu,country,2020,burned_area_share_land,0.0,share,K1,owid_annual_area_burnt_share_land,measured,f_sensor_break;f_min_fire_size;f_zero_no_detection
TUV,Tuvalu,country,2021,burned_area_share_land,0.0,share,K1,owid_annual_area_burnt_share_land,measured,f_sensor_break;f_min_fire_size;f_zero_no_detection
TUV,Tuvalu,country,2022,burned_area_share_land,0.0,share,K1,owid_annual_area_burnt_share_land,measured,f_sensor_break;f_min_fire_size;f_zero_no_detection
TUV,Tuvalu,country,2023,burned_area_share_land,0.0,share,K1,owid_annual_area_burnt_share_land,measured,f_sensor_break;f_min_fire_size;f_zero_no_detection
TUV,Tuvalu,country,2024,burned_area_share_land,0.0,share,K1,owid_annual_area_burnt_share_land,measured,f_sensor_break;f_min_fire_size;f_zero_no_detection
TUV,Tuvalu,country,2025,burned_area_share_land,0.0,share,K1,owid_annual_area_burnt_share_land,measured,f_sensor_break;f_min_fire_size;f_zero_no_detection
TUV,Tuvalu,country,2026,burned_area_share_land,0.0,share,K1,owid_annual_area_burnt_share_land,measured,f_sensor_break;f_min_fire_size;f_incomplete_year;f_zero_no_detection
TWN,Taiwan,country,2012,burned_area_share_land,8.41e-05,share,K1,owid_annual_area_burnt_share_land,measured,f_sensor_break;f_min_fire_size
TWN,Taiwan,country,2013,burned_area_share_land,0.00012114,share,K1,owid_annual_area_burnt_share_land,measured,f_sensor_break;f_min_fire_size
TWN,Taiwan,country,2014,burned_area_share_land,0.00034142,share,K1,owid_annual_area_burnt_share_land,measured,f_sensor_break;f_min_fire_size
TWN,Taiwan,country,2015,burned_area_share_land,0.00061043,share,K1,owid_annual_area_burnt_share_land,measured,f_sensor_break;f_min_fire_size
TWN,Taiwan,country,2016,burned_area_share_land,0.00010164,share,K1,owid_annual_area_burnt_share_land,measured,f_sensor_break;f_min_fire_size
TWN,Taiwan,country,2017,burned_area_share_land,9.802e-05,share,K1,owid_annual_area_burnt_share_land,measured,f_sensor_break;f_min_fire_size
TWN,Taiwan,country,2018,burned_area_share_land,0.00027709,share,K1,owid_annual_area_burnt_share_land,measured,f_sensor_break;f_min_fire_size
TWN,Taiwan,country,2019,burned_area_share_land,0.00036258,share,K1,owid_annual_area_burnt_share_land,measured,f_sensor_break;f_min_fire_size
TWN,Taiwan,country,2020,burned_area_share_land,0.00036926,share,K1,owid_annual_area_burnt_share_land,measured,f_sensor_break;f_min_fire_size
TWN,Taiwan,country,2021,burned_area_share_land,0.00056114,share,K1,owid_annual_area_burnt_share_land,measured,f_sensor_break;f_min_fire_size
TWN,Taiwan,country,2022,burned_area_share_land,0.00010916,share,K1,owid_annual_area_burnt_share_land,measured,f_sensor_break;f_min_fire_size
TWN,Taiwan,country,2023,burned_area_share_land,0.00066306,share,K1,owid_annual_area_burnt_share_land,measured,f_sensor_break;f_min_fire_size
TWN,Taiwan,country,2024,burned_area_share_land,0.00011501,share,K1,owid_annual_area_burnt_share_land,measured,f_sensor_break;f_min_fire_size
TWN,Taiwan,country,2025,burned_area_share_land,6.489e-05,share,K1,owid_annual_area_burnt_share_land,measured,f_sensor_break;f_min_fire_size
TWN,Taiwan,country,2026,burned_area_share_land,0.00012002,share,K1,owid_annual_area_burnt_share_land,measured,f_sensor_break;f_min_fire_size;f_incomplete_year
TZA,Tanzania,country,2012,burned_area_share_land,0.12434968,share,K1,owid_annual_area_burnt_share_land,measured,f_sensor_break;f_min_fire_size
TZA,Tanzania,country,2013,burned_area_share_land,0.11583721,share,K1,owid_annual_area_burnt_share_land,measured,f_sensor_break;f_min_fire_size
TZA,Tanzania,country,2014,burned_area_share_land,0.09861274,share,K1,owid_annual_area_burnt_share_land,measured,f_sensor_break;f_min_fire_size
TZA,Tanzania,country,2015,burned_area_share_land,0.1228371,share,K1,owid_annual_area_burnt_share_land,measured,f_sensor_break;f_min_fire_size
TZA,Tanzania,country,2016,burned_area_share_land,0.12570532,share,K1,owid_annual_area_burnt_share_land,measured,f_sensor_break;f_min_fire_size
TZA,Tanzania,country,2017,burned_area_share_land,0.09572028,share,K1,owid_annual_area_burnt_share_land,measured,f_sensor_break;f_min_fire_size
TZA,Tanzania,country,2018,burned_area_share_land,0.08786084,share,K1,owid_annual_area_burnt_share_land,measured,f_sensor_break;f_min_fire_size
TZA,Tanzania,country,2019,burned_area_share_land,0.09711437,share,K1,owid_annual_area_burnt_share_land,measured,f_sensor_break;f_min_fire_size
TZA,Tanzania,country,2020,burned_area_share_land,0.10848749,share,K1,owid_annual_area_burnt_share_land,measured,f_sensor_break;f_min_fire_size
TZA,Tanzania,country,2021,burned_area_share_land,0.10355006,share,K1,owid_annual_area_burnt_share_land,measured,f_sensor_break;f_min_fire_size
TZA,Tanzania,country,2022,burned_area_share_land,0.08035443,share,K1,owid_annual_area_burnt_share_land,measured,f_sensor_break;f_min_fire_size
TZA,Tanzania,country,2023,burned_area_share_land,0.06939627,share,K1,owid_annual_area_burnt_share_land,measured,f_sensor_break;f_min_fire_size
TZA,Tanzania,country,2024,burned_area_share_land,0.06709533,share,K1,owid_annual_area_burnt_share_land,measured,f_sensor_break;f_min_fire_size
TZA,Tanzania,country,2025,burned_area_share_land,0.06617716,share,K1,owid_annual_area_burnt_share_land,measured,f_sensor_break;f_min_fire_size
TZA,Tanzania,country,2026,burned_area_share_land,0.01113544,share,K1,owid_annual_area_burnt_share_land,measured,f_sensor_break;f_min_fire_size;f_incomplete_year
UGA,Uganda,country,2012,burned_area_share_land,0.09344591,share,K1,owid_annual_area_burnt_share_land,measured,f_sensor_break;f_min_fire_size
UGA,Uganda,country,2013,burned_area_share_land,0.11368115,share,K1,owid_annual_area_burnt_share_land,measured,f_sensor_break;f_min_fire_size
UGA,Uganda,country,2014,burned_area_share_land,0.07754679,share,K1,owid_annual_area_burnt_share_land,measured,f_sensor_break;f_min_fire_size
UGA,Uganda,country,2015,burned_area_share_land,0.10627646,share,K1,owid_annual_area_burnt_share_land,measured,f_sensor_break;f_min_fire_size
UGA,Uganda,country,2016,burned_area_share_land,0.12686483,share,K1,owid_annual_area_burnt_share_land,measured,f_sensor_break;f_min_fire_size
UGA,Uganda,country,2017,burned_area_share_land,0.10095675,share,K1,owid_annual_area_burnt_share_land,measured,f_sensor_break;f_min_fire_size
UGA,Uganda,country,2018,burned_area_share_land,0.05761845,share,K1,owid_annual_area_burnt_share_land,measured,f_sensor_break;f_min_fire_size
UGA,Uganda,country,2019,burned_area_share_land,0.05373695,share,K1,owid_annual_area_burnt_share_land,measured,f_sensor_break;f_min_fire_size
UGA,Uganda,country,2020,burned_area_share_land,0.08238263,share,K1,owid_annual_area_burnt_share_land,measured,f_sensor_break;f_min_fire_size
UGA,Uganda,country,2021,burned_area_share_land,0.08387219,share,K1,owid_annual_area_burnt_share_land,measured,f_sensor_break;f_min_fire_size
UGA,Uganda,country,2022,burned_area_share_land,0.04844188,share,K1,owid_annual_area_burnt_share_land,measured,f_sensor_break;f_min_fire_size
UGA,Uganda,country,2023,burned_area_share_land,0.05632112,share,K1,owid_annual_area_burnt_share_land,measured,f_sensor_break;f_min_fire_size
UGA,Uganda,country,2024,burned_area_share_land,0.03906636,share,K1,owid_annual_area_burnt_share_land,measured,f_sensor_break;f_min_fire_size
UGA,Uganda,country,2025,burned_area_share_land,0.04768904,share,K1,owid_annual_area_burnt_share_land,measured,f_sensor_break;f_min_fire_size
UGA,Uganda,country,2026,burned_area_share_land,0.02151791,share,K1,owid_annual_area_burnt_share_land,measured,f_sensor_break;f_min_fire_size;f_incomplete_year
UKR,Ukraina,country,2012,burned_area_share_land,0.01053239,share,K1,owid_annual_area_burnt_share_land,measured,f_sensor_break;f_min_fire_size
UKR,Ukraina,country,2013,burned_area_share_land,0.00869701,share,K1,owid_annual_area_burnt_share_land,measured,f_sensor_break;f_min_fire_size
UKR,Ukraina,country,2014,burned_area_share_land,0.0388164,share,K1,owid_annual_area_burnt_share_land,measured,f_sensor_break;f_min_fire_size
UKR,Ukraina,country,2015,burned_area_share_land,0.0362453,share,K1,owid_annual_area_burnt_share_land,measured,f_sensor_break;f_min_fire_size
UKR,Ukraina,country,2016,burned_area_share_land,0.01943172,share,K1,owid_annual_area_burnt_share_land,measured,f_sensor_break;f_min_fire_size
UKR,Ukraina,country,2017,burned_area_share_land,0.02805213,share,K1,owid_annual_area_burnt_share_land,measured,f_sensor_break;f_min_fire_size
UKR,Ukraina,country,2018,burned_area_share_land,0.01313514,share,K1,owid_annual_area_burnt_share_land,measured,f_sensor_break;f_min_fire_size
UKR,Ukraina,country,2019,burned_area_share_land,0.01872779,share,K1,owid_annual_area_burnt_share_land,measured,f_sensor_break;f_min_fire_size
UKR,Ukraina,country,2020,burned_area_share_land,0.0192962,share,K1,owid_annual_area_burnt_share_land,measured,f_sensor_break;f_min_fire_size
UKR,Ukraina,country,2021,burned_area_share_land,0.00598455,share,K1,owid_annual_area_burnt_share_land,measured,f_sensor_break;f_min_fire_size
UKR,Ukraina,country,2022,burned_area_share_land,0.01236003,share,K1,owid_annual_area_burnt_share_land,measured,f_sensor_break;f_min_fire_size
UKR,Ukraina,country,2023,burned_area_share_land,0.00775841,share,K1,owid_annual_area_burnt_share_land,measured,f_sensor_break;f_min_fire_size
UKR,Ukraina,country,2024,burned_area_share_land,0.01418174,share,K1,owid_annual_area_burnt_share_land,measured,f_sensor_break;f_min_fire_size
UKR,Ukraina,country,2025,burned_area_share_land,0.00783911,share,K1,owid_annual_area_burnt_share_land,measured,f_sensor_break;f_min_fire_size
UKR,Ukraina,country,2026,burned_area_share_land,0.00269595,share,K1,owid_annual_area_burnt_share_land,measured,f_sensor_break;f_min_fire_size;f_incomplete_year
URY,Uruguay,country,2012,burned_area_share_land,0.00244156,share,K1,owid_annual_area_burnt_share_land,measured,f_sensor_break;f_min_fire_size
URY,Uruguay,country,2013,burned_area_share_land,0.00192507,share,K1,owid_annual_area_burnt_share_land,measured,f_sensor_break;f_min_fire_size
URY,Uruguay,country,2014,burned_area_share_land,0.0010308,share,K1,owid_annual_area_burnt_share_land,measured,f_sensor_break;f_min_fire_size
URY,Uruguay,country,2015,burned_area_share_land,0.00396193,share,K1,owid_annual_area_burnt_share_land,measured,f_sensor_break;f_min_fire_size
URY,Uruguay,country,2016,burned_area_share_land,0.00117731,share,K1,owid_annual_area_burnt_share_land,measured,f_sensor_break;f_min_fire_size
URY,Uruguay,country,2017,burned_area_share_land,0.0011706,share,K1,owid_annual_area_burnt_share_land,measured,f_sensor_break;f_min_fire_size
URY,Uruguay,country,2018,burned_area_share_land,0.00164794,share,K1,owid_annual_area_burnt_share_land,measured,f_sensor_break;f_min_fire_size
URY,Uruguay,country,2019,burned_area_share_land,0.00173928,share,K1,owid_annual_area_burnt_share_land,measured,f_sensor_break;f_min_fire_size
URY,Uruguay,country,2020,burned_area_share_land,0.00430572,share,K1,owid_annual_area_burnt_share_land,measured,f_sensor_break;f_min_fire_size
URY,Uruguay,country,2021,burned_area_share_land,0.00308361,share,K1,owid_annual_area_burnt_share_land,measured,f_sensor_break;f_min_fire_size
URY,Uruguay,country,2022,burned_area_share_land,0.00217565,share,K1,owid_annual_area_burnt_share_land,measured,f_sensor_break;f_min_fire_size
URY,Uruguay,country,2023,burned_area_share_land,0.00184218,share,K1,owid_annual_area_burnt_share_land,measured,f_sensor_break;f_min_fire_size
URY,Uruguay,country,2024,burned_area_share_land,0.00053966,share,K1,owid_annual_area_burnt_share_land,measured,f_sensor_break;f_min_fire_size
URY,Uruguay,country,2025,burned_area_share_land,0.00107385,share,K1,owid_annual_area_burnt_share_land,measured,f_sensor_break;f_min_fire_size
URY,Uruguay,country,2026,burned_area_share_land,0.0005245,share,K1,owid_annual_area_burnt_share_land,measured,f_sensor_break;f_min_fire_size;f_incomplete_year
USA,USA,country,2012,burned_area_share_land,0.0063467,share,K1,owid_annual_area_burnt_share_land,measured,f_sensor_break;f_min_fire_size
USA,USA,country,2013,burned_area_share_land,0.00480393,share,K1,owid_annual_area_burnt_share_land,measured,f_sensor_break;f_min_fire_size
USA,USA,country,2014,burned_area_share_land,0.00496293,share,K1,owid_annual_area_burnt_share_land,measured,f_sensor_break;f_min_fire_size
USA,USA,country,2015,burned_area_share_land,0.00699241,share,K1,owid_annual_area_burnt_share_land,measured,f_sensor_break;f_min_fire_size
USA,USA,country,2016,burned_area_share_land,0.00593051,share,K1,owid_annual_area_burnt_share_land,measured,f_sensor_break;f_min_fire_size
USA,USA,country,2017,burned_area_share_land,0.00729018,share,K1,owid_annual_area_burnt_share_land,measured,f_sensor_break;f_min_fire_size
USA,USA,country,2018,burned_area_share_land,0.0059363,share,K1,owid_annual_area_burnt_share_land,measured,f_sensor_break;f_min_fire_size
USA,USA,country,2019,burned_area_share_land,0.00534306,share,K1,owid_annual_area_burnt_share_land,measured,f_sensor_break;f_min_fire_size
USA,USA,country,2020,burned_area_share_land,0.0077255,share,K1,owid_annual_area_burnt_share_land,measured,f_sensor_break;f_min_fire_size
USA,USA,country,2021,burned_area_share_land,0.00721793,share,K1,owid_annual_area_burnt_share_land,measured,f_sensor_break;f_min_fire_size
USA,USA,country,2022,burned_area_share_land,0.00694054,share,K1,owid_annual_area_burnt_share_land,measured,f_sensor_break;f_min_fire_size
USA,USA,country,2023,burned_area_share_land,0.00360318,share,K1,owid_annual_area_burnt_share_land,measured,f_sensor_break;f_min_fire_size
USA,USA,country,2024,burned_area_share_land,0.0045953,share,K1,owid_annual_area_burnt_share_land,measured,f_sensor_break;f_min_fire_size
USA,USA,country,2025,burned_area_share_land,0.00341751,share,K1,owid_annual_area_burnt_share_land,measured,f_sensor_break;f_min_fire_size
USA,USA,country,2026,burned_area_share_land,0.00250769,share,K1,owid_annual_area_burnt_share_land,measured,f_sensor_break;f_min_fire_size;f_incomplete_year
UZB,Usbekistan,country,2012,burned_area_share_land,0.0025417,share,K1,owid_annual_area_burnt_share_land,measured,f_sensor_break;f_min_fire_size
UZB,Usbekistan,country,2013,burned_area_share_land,0.00276528,share,K1,owid_annual_area_burnt_share_land,measured,f_sensor_break;f_min_fire_size
UZB,Usbekistan,country,2014,burned_area_share_land,0.00315457,share,K1,owid_annual_area_burnt_share_land,measured,f_sensor_break;f_min_fire_size
UZB,Usbekistan,country,2015,burned_area_share_land,0.00204947,share,K1,owid_annual_area_burnt_share_land,measured,f_sensor_break;f_min_fire_size
UZB,Usbekistan,country,2016,burned_area_share_land,0.00199901,share,K1,owid_annual_area_burnt_share_land,measured,f_sensor_break;f_min_fire_size
UZB,Usbekistan,country,2017,burned_area_share_land,0.00226437,share,K1,owid_annual_area_burnt_share_land,measured,f_sensor_break;f_min_fire_size
UZB,Usbekistan,country,2018,burned_area_share_land,0.00247374,share,K1,owid_annual_area_burnt_share_land,measured,f_sensor_break;f_min_fire_size
UZB,Usbekistan,country,2019,burned_area_share_land,0.00224359,share,K1,owid_annual_area_burnt_share_land,measured,f_sensor_break;f_min_fire_size
UZB,Usbekistan,country,2020,burned_area_share_land,0.0023233,share,K1,owid_annual_area_burnt_share_land,measured,f_sensor_break;f_min_fire_size
UZB,Usbekistan,country,2021,burned_area_share_land,0.00319504,share,K1,owid_annual_area_burnt_share_land,measured,f_sensor_break;f_min_fire_size
UZB,Usbekistan,country,2022,burned_area_share_land,0.00180201,share,K1,owid_annual_area_burnt_share_land,measured,f_sensor_break;f_min_fire_size
UZB,Usbekistan,country,2023,burned_area_share_land,0.00138038,share,K1,owid_annual_area_burnt_share_land,measured,f_sensor_break;f_min_fire_size
UZB,Usbekistan,country,2024,burned_area_share_land,0.00053321,share,K1,owid_annual_area_burnt_share_land,measured,f_sensor_break;f_min_fire_size
UZB,Usbekistan,country,2025,burned_area_share_land,0.00089527,share,K1,owid_annual_area_burnt_share_land,measured,f_sensor_break;f_min_fire_size
UZB,Usbekistan,country,2026,burned_area_share_land,0.00057178,share,K1,owid_annual_area_burnt_share_land,measured,f_sensor_break;f_min_fire_size;f_incomplete_year
VAT,Vatikanstaten,country,2012,burned_area_share_land,0.0,share,K1,owid_annual_area_burnt_share_land,measured,f_sensor_break;f_min_fire_size;f_zero_no_detection
VAT,Vatikanstaten,country,2013,burned_area_share_land,0.0,share,K1,owid_annual_area_burnt_share_land,measured,f_sensor_break;f_min_fire_size;f_zero_no_detection
VAT,Vatikanstaten,country,2014,burned_area_share_land,0.0,share,K1,owid_annual_area_burnt_share_land,measured,f_sensor_break;f_min_fire_size;f_zero_no_detection
VAT,Vatikanstaten,country,2015,burned_area_share_land,0.0,share,K1,owid_annual_area_burnt_share_land,measured,f_sensor_break;f_min_fire_size;f_zero_no_detection
VAT,Vatikanstaten,country,2016,burned_area_share_land,0.0,share,K1,owid_annual_area_burnt_share_land,measured,f_sensor_break;f_min_fire_size;f_zero_no_detection
VAT,Vatikanstaten,country,2017,burned_area_share_land,0.0,share,K1,owid_annual_area_burnt_share_land,measured,f_sensor_break;f_min_fire_size;f_zero_no_detection
VAT,Vatikanstaten,country,2018,burned_area_share_land,0.0,share,K1,owid_annual_area_burnt_share_land,measured,f_sensor_break;f_min_fire_size;f_zero_no_detection
VAT,Vatikanstaten,country,2019,burned_area_share_land,0.0,share,K1,owid_annual_area_burnt_share_land,measured,f_sensor_break;f_min_fire_size;f_zero_no_detection
VAT,Vatikanstaten,country,2020,burned_area_share_land,0.0,share,K1,owid_annual_area_burnt_share_land,measured,f_sensor_break;f_min_fire_size;f_zero_no_detection
VAT,Vatikanstaten,country,2021,burned_area_share_land,0.0,share,K1,owid_annual_area_burnt_share_land,measured,f_sensor_break;f_min_fire_size;f_zero_no_detection
VAT,Vatikanstaten,country,2022,burned_area_share_land,0.0,share,K1,owid_annual_area_burnt_share_land,measured,f_sensor_break;f_min_fire_size;f_zero_no_detection
VAT,Vatikanstaten,country,2023,burned_area_share_land,0.0,share,K1,owid_annual_area_burnt_share_land,measured,f_sensor_break;f_min_fire_size;f_zero_no_detection
VAT,Vatikanstaten,country,2024,burned_area_share_land,0.0,share,K1,owid_annual_area_burnt_share_land,measured,f_sensor_break;f_min_fire_size;f_zero_no_detection
VAT,Vatikanstaten,country,2025,burned_area_share_land,0.0,share,K1,owid_annual_area_burnt_share_land,measured,f_sensor_break;f_min_fire_size;f_zero_no_detection
VAT,Vatikanstaten,country,2026,burned_area_share_land,0.0,share,K1,owid_annual_area_burnt_share_land,measured,f_sensor_break;f_min_fire_size;f_incomplete_year;f_zero_no_detection
VCT,St. Vincent og Grenadinene,country,2012,burned_area_share_land,0.0,share,K1,owid_annual_area_burnt_share_land,measured,f_sensor_break;f_min_fire_size;f_zero_no_detection
VCT,St. Vincent og Grenadinene,country,2013,burned_area_share_land,0.0,share,K1,owid_annual_area_burnt_share_land,measured,f_sensor_break;f_min_fire_size;f_zero_no_detection
VCT,St. Vincent og Grenadinene,country,2014,burned_area_share_land,0.0,share,K1,owid_annual_area_burnt_share_land,measured,f_sensor_break;f_min_fire_size;f_zero_no_detection
VCT,St. Vincent og Grenadinene,country,2015,burned_area_share_land,0.0,share,K1,owid_annual_area_burnt_share_land,measured,f_sensor_break;f_min_fire_size;f_zero_no_detection
VCT,St. Vincent og Grenadinene,country,2016,burned_area_share_land,0.0,share,K1,owid_annual_area_burnt_share_land,measured,f_sensor_break;f_min_fire_size;f_zero_no_detection
VCT,St. Vincent og Grenadinene,country,2017,burned_area_share_land,0.0,share,K1,owid_annual_area_burnt_share_land,measured,f_sensor_break;f_min_fire_size;f_zero_no_detection
VCT,St. Vincent og Grenadinene,country,2018,burned_area_share_land,0.0,share,K1,owid_annual_area_burnt_share_land,measured,f_sensor_break;f_min_fire_size;f_zero_no_detection
VCT,St. Vincent og Grenadinene,country,2019,burned_area_share_land,0.0,share,K1,owid_annual_area_burnt_share_land,measured,f_sensor_break;f_min_fire_size;f_zero_no_detection
VCT,St. Vincent og Grenadinene,country,2020,burned_area_share_land,0.00790527,share,K1,owid_annual_area_burnt_share_land,measured,f_sensor_break;f_min_fire_size
VCT,St. Vincent og Grenadinene,country,2021,burned_area_share_land,0.05530459,share,K1,owid_annual_area_burnt_share_land,measured,f_sensor_break;f_min_fire_size
VCT,St. Vincent og Grenadinene,country,2022,burned_area_share_land,0.0,share,K1,owid_annual_area_burnt_share_land,measured,f_sensor_break;f_min_fire_size;f_zero_no_detection
VCT,St. Vincent og Grenadinene,country,2023,burned_area_share_land,0.0,share,K1,owid_annual_area_burnt_share_land,measured,f_sensor_break;f_min_fire_size;f_zero_no_detection
VCT,St. Vincent og Grenadinene,country,2024,burned_area_share_land,0.0,share,K1,owid_annual_area_burnt_share_land,measured,f_sensor_break;f_min_fire_size;f_zero_no_detection
VCT,St. Vincent og Grenadinene,country,2025,burned_area_share_land,0.0,share,K1,owid_annual_area_burnt_share_land,measured,f_sensor_break;f_min_fire_size;f_zero_no_detection
VCT,St. Vincent og Grenadinene,country,2026,burned_area_share_land,0.0,share,K1,owid_annual_area_burnt_share_land,measured,f_sensor_break;f_min_fire_size;f_incomplete_year;f_zero_no_detection
VEN,Venezuela,country,2012,burned_area_share_land,0.02295018,share,K1,owid_annual_area_burnt_share_land,measured,f_sensor_break;f_min_fire_size
VEN,Venezuela,country,2013,burned_area_share_land,0.04949244,share,K1,owid_annual_area_burnt_share_land,measured,f_sensor_break;f_min_fire_size
VEN,Venezuela,country,2014,burned_area_share_land,0.05113121,share,K1,owid_annual_area_burnt_share_land,measured,f_sensor_break;f_min_fire_size
VEN,Venezuela,country,2015,burned_area_share_land,0.04121224,share,K1,owid_annual_area_burnt_share_land,measured,f_sensor_break;f_min_fire_size
VEN,Venezuela,country,2016,burned_area_share_land,0.05124208,share,K1,owid_annual_area_burnt_share_land,measured,f_sensor_break;f_min_fire_size
VEN,Venezuela,country,2017,burned_area_share_land,0.0317222,share,K1,owid_annual_area_burnt_share_land,measured,f_sensor_break;f_min_fire_size
VEN,Venezuela,country,2018,burned_area_share_land,0.03914386,share,K1,owid_annual_area_burnt_share_land,measured,f_sensor_break;f_min_fire_size
VEN,Venezuela,country,2019,burned_area_share_land,0.06833271,share,K1,owid_annual_area_burnt_share_land,measured,f_sensor_break;f_min_fire_size
VEN,Venezuela,country,2020,burned_area_share_land,0.08789968,share,K1,owid_annual_area_burnt_share_land,measured,f_sensor_break;f_min_fire_size
VEN,Venezuela,country,2021,burned_area_share_land,0.02968158,share,K1,owid_annual_area_burnt_share_land,measured,f_sensor_break;f_min_fire_size
VEN,Venezuela,country,2022,burned_area_share_land,0.05189089,share,K1,owid_annual_area_burnt_share_land,measured,f_sensor_break;f_min_fire_size
VEN,Venezuela,country,2023,burned_area_share_land,0.05216856,share,K1,owid_annual_area_burnt_share_land,measured,f_sensor_break;f_min_fire_size
VEN,Venezuela,country,2024,burned_area_share_land,0.0744867,share,K1,owid_annual_area_burnt_share_land,measured,f_sensor_break;f_min_fire_size
VEN,Venezuela,country,2025,burned_area_share_land,0.03669427,share,K1,owid_annual_area_burnt_share_land,measured,f_sensor_break;f_min_fire_size
VEN,Venezuela,country,2026,burned_area_share_land,0.03270361,share,K1,owid_annual_area_burnt_share_land,measured,f_sensor_break;f_min_fire_size;f_incomplete_year
VGB,De britiske Jomfruøyer,country,2012,burned_area_share_land,0.0,share,K1,owid_annual_area_burnt_share_land,measured,f_sensor_break;f_min_fire_size;f_zero_no_detection
VGB,De britiske Jomfruøyer,country,2013,burned_area_share_land,0.0,share,K1,owid_annual_area_burnt_share_land,measured,f_sensor_break;f_min_fire_size;f_zero_no_detection
VGB,De britiske Jomfruøyer,country,2014,burned_area_share_land,0.0,share,K1,owid_annual_area_burnt_share_land,measured,f_sensor_break;f_min_fire_size;f_zero_no_detection
VGB,De britiske Jomfruøyer,country,2015,burned_area_share_land,0.0,share,K1,owid_annual_area_burnt_share_land,measured,f_sensor_break;f_min_fire_size;f_zero_no_detection
VGB,De britiske Jomfruøyer,country,2016,burned_area_share_land,0.0,share,K1,owid_annual_area_burnt_share_land,measured,f_sensor_break;f_min_fire_size;f_zero_no_detection
VGB,De britiske Jomfruøyer,country,2017,burned_area_share_land,0.01030087,share,K1,owid_annual_area_burnt_share_land,measured,f_sensor_break;f_min_fire_size
VGB,De britiske Jomfruøyer,country,2018,burned_area_share_land,0.022158,share,K1,owid_annual_area_burnt_share_land,measured,f_sensor_break;f_min_fire_size
VGB,De britiske Jomfruøyer,country,2019,burned_area_share_land,0.0,share,K1,owid_annual_area_burnt_share_land,measured,f_sensor_break;f_min_fire_size;f_zero_no_detection
VGB,De britiske Jomfruøyer,country,2020,burned_area_share_land,0.01230176,share,K1,owid_annual_area_burnt_share_land,measured,f_sensor_break;f_min_fire_size
VGB,De britiske Jomfruøyer,country,2021,burned_area_share_land,0.0,share,K1,owid_annual_area_burnt_share_land,measured,f_sensor_break;f_min_fire_size;f_zero_no_detection
VGB,De britiske Jomfruøyer,country,2022,burned_area_share_land,0.0,share,K1,owid_annual_area_burnt_share_land,measured,f_sensor_break;f_min_fire_size;f_zero_no_detection
VGB,De britiske Jomfruøyer,country,2023,burned_area_share_land,0.0,share,K1,owid_annual_area_burnt_share_land,measured,f_sensor_break;f_min_fire_size;f_zero_no_detection
VGB,De britiske Jomfruøyer,country,2024,burned_area_share_land,0.0,share,K1,owid_annual_area_burnt_share_land,measured,f_sensor_break;f_min_fire_size;f_zero_no_detection
VGB,De britiske Jomfruøyer,country,2025,burned_area_share_land,0.0,share,K1,owid_annual_area_burnt_share_land,measured,f_sensor_break;f_min_fire_size;f_zero_no_detection
VGB,De britiske Jomfruøyer,country,2026,burned_area_share_land,0.0,share,K1,owid_annual_area_burnt_share_land,measured,f_sensor_break;f_min_fire_size;f_incomplete_year;f_zero_no_detection
VIR,De amerikanske Jomfruøyer,country,2012,burned_area_share_land,0.0,share,K1,owid_annual_area_burnt_share_land,measured,f_sensor_break;f_min_fire_size;f_zero_no_detection
VIR,De amerikanske Jomfruøyer,country,2013,burned_area_share_land,0.0,share,K1,owid_annual_area_burnt_share_land,measured,f_sensor_break;f_min_fire_size;f_zero_no_detection
VIR,De amerikanske Jomfruøyer,country,2014,burned_area_share_land,0.0,share,K1,owid_annual_area_burnt_share_land,measured,f_sensor_break;f_min_fire_size;f_zero_no_detection
VIR,De amerikanske Jomfruøyer,country,2015,burned_area_share_land,0.0,share,K1,owid_annual_area_burnt_share_land,measured,f_sensor_break;f_min_fire_size;f_zero_no_detection
VIR,De amerikanske Jomfruøyer,country,2016,burned_area_share_land,0.0,share,K1,owid_annual_area_burnt_share_land,measured,f_sensor_break;f_min_fire_size;f_zero_no_detection
VIR,De amerikanske Jomfruøyer,country,2017,burned_area_share_land,0.0,share,K1,owid_annual_area_burnt_share_land,measured,f_sensor_break;f_min_fire_size;f_zero_no_detection
VIR,De amerikanske Jomfruøyer,country,2018,burned_area_share_land,0.00590833,share,K1,owid_annual_area_burnt_share_land,measured,f_sensor_break;f_min_fire_size
VIR,De amerikanske Jomfruøyer,country,2019,burned_area_share_land,0.0,share,K1,owid_annual_area_burnt_share_land,measured,f_sensor_break;f_min_fire_size;f_zero_no_detection
VIR,De amerikanske Jomfruøyer,country,2020,burned_area_share_land,0.0,share,K1,owid_annual_area_burnt_share_land,measured,f_sensor_break;f_min_fire_size;f_zero_no_detection
VIR,De amerikanske Jomfruøyer,country,2021,burned_area_share_land,0.0,share,K1,owid_annual_area_burnt_share_land,measured,f_sensor_break;f_min_fire_size;f_zero_no_detection
VIR,De amerikanske Jomfruøyer,country,2022,burned_area_share_land,0.0,share,K1,owid_annual_area_burnt_share_land,measured,f_sensor_break;f_min_fire_size;f_zero_no_detection
VIR,De amerikanske Jomfruøyer,country,2023,burned_area_share_land,0.0,share,K1,owid_annual_area_burnt_share_land,measured,f_sensor_break;f_min_fire_size;f_zero_no_detection
VIR,De amerikanske Jomfruøyer,country,2024,burned_area_share_land,0.0,share,K1,owid_annual_area_burnt_share_land,measured,f_sensor_break;f_min_fire_size;f_zero_no_detection
VIR,De amerikanske Jomfruøyer,country,2025,burned_area_share_land,0.0,share,K1,owid_annual_area_burnt_share_land,measured,f_sensor_break;f_min_fire_size;f_zero_no_detection
VIR,De amerikanske Jomfruøyer,country,2026,burned_area_share_land,0.0,share,K1,owid_annual_area_burnt_share_land,measured,f_sensor_break;f_min_fire_size;f_incomplete_year;f_zero_no_detection
VNM,Vietnam,country,2012,burned_area_share_land,0.03788562,share,K1,owid_annual_area_burnt_share_land,measured,f_sensor_break;f_min_fire_size
VNM,Vietnam,country,2013,burned_area_share_land,0.03184614,share,K1,owid_annual_area_burnt_share_land,measured,f_sensor_break;f_min_fire_size
VNM,Vietnam,country,2014,burned_area_share_land,0.04575387,share,K1,owid_annual_area_burnt_share_land,measured,f_sensor_break;f_min_fire_size
VNM,Vietnam,country,2015,burned_area_share_land,0.04043597,share,K1,owid_annual_area_burnt_share_land,measured,f_sensor_break;f_min_fire_size
VNM,Vietnam,country,2016,burned_area_share_land,0.03869038,share,K1,owid_annual_area_burnt_share_land,measured,f_sensor_break;f_min_fire_size
VNM,Vietnam,country,2017,burned_area_share_land,0.01524843,share,K1,owid_annual_area_burnt_share_land,measured,f_sensor_break;f_min_fire_size
VNM,Vietnam,country,2018,burned_area_share_land,0.01434161,share,K1,owid_annual_area_burnt_share_land,measured,f_sensor_break;f_min_fire_size
VNM,Vietnam,country,2019,burned_area_share_land,0.0258684,share,K1,owid_annual_area_burnt_share_land,measured,f_sensor_break;f_min_fire_size
VNM,Vietnam,country,2020,burned_area_share_land,0.02696622,share,K1,owid_annual_area_burnt_share_land,measured,f_sensor_break;f_min_fire_size
VNM,Vietnam,country,2021,burned_area_share_land,0.01661873,share,K1,owid_annual_area_burnt_share_land,measured,f_sensor_break;f_min_fire_size
VNM,Vietnam,country,2022,burned_area_share_land,0.01056573,share,K1,owid_annual_area_burnt_share_land,measured,f_sensor_break;f_min_fire_size
VNM,Vietnam,country,2023,burned_area_share_land,0.01751386,share,K1,owid_annual_area_burnt_share_land,measured,f_sensor_break;f_min_fire_size
VNM,Vietnam,country,2024,burned_area_share_land,0.01146941,share,K1,owid_annual_area_burnt_share_land,measured,f_sensor_break;f_min_fire_size
VNM,Vietnam,country,2025,burned_area_share_land,0.00756609,share,K1,owid_annual_area_burnt_share_land,measured,f_sensor_break;f_min_fire_size
VNM,Vietnam,country,2026,burned_area_share_land,0.00865147,share,K1,owid_annual_area_burnt_share_land,measured,f_sensor_break;f_min_fire_size;f_incomplete_year
VUT,Vanuatu,country,2012,burned_area_share_land,0.02158237,share,K1,owid_annual_area_burnt_share_land,measured,f_sensor_break;f_min_fire_size
VUT,Vanuatu,country,2013,burned_area_share_land,0.02780792,share,K1,owid_annual_area_burnt_share_land,measured,f_sensor_break;f_min_fire_size
VUT,Vanuatu,country,2014,burned_area_share_land,0.02827088,share,K1,owid_annual_area_burnt_share_land,measured,f_sensor_break;f_min_fire_size
VUT,Vanuatu,country,2015,burned_area_share_land,0.03621765,share,K1,owid_annual_area_burnt_share_land,measured,f_sensor_break;f_min_fire_size
VUT,Vanuatu,country,2016,burned_area_share_land,0.02863965,share,K1,owid_annual_area_burnt_share_land,measured,f_sensor_break;f_min_fire_size
VUT,Vanuatu,country,2017,burned_area_share_land,0.03036887,share,K1,owid_annual_area_burnt_share_land,measured,f_sensor_break;f_min_fire_size
VUT,Vanuatu,country,2018,burned_area_share_land,0.028916,share,K1,owid_annual_area_burnt_share_land,measured,f_sensor_break;f_min_fire_size
VUT,Vanuatu,country,2019,burned_area_share_land,0.01050328,share,K1,owid_annual_area_burnt_share_land,measured,f_sensor_break;f_min_fire_size
VUT,Vanuatu,country,2020,burned_area_share_land,0.00961379,share,K1,owid_annual_area_burnt_share_land,measured,f_sensor_break;f_min_fire_size
VUT,Vanuatu,country,2021,burned_area_share_land,0.00692488,share,K1,owid_annual_area_burnt_share_land,measured,f_sensor_break;f_min_fire_size
VUT,Vanuatu,country,2022,burned_area_share_land,0.00711148,share,K1,owid_annual_area_burnt_share_land,measured,f_sensor_break;f_min_fire_size
VUT,Vanuatu,country,2023,burned_area_share_land,0.00890824,share,K1,owid_annual_area_burnt_share_land,measured,f_sensor_break;f_min_fire_size
VUT,Vanuatu,country,2024,burned_area_share_land,0.00635528,share,K1,owid_annual_area_burnt_share_land,measured,f_sensor_break;f_min_fire_size
VUT,Vanuatu,country,2025,burned_area_share_land,0.00372413,share,K1,owid_annual_area_burnt_share_land,measured,f_sensor_break;f_min_fire_size
VUT,Vanuatu,country,2026,burned_area_share_land,0.01078585,share,K1,owid_annual_area_burnt_share_land,measured,f_sensor_break;f_min_fire_size;f_incomplete_year
WLF,Wallis- og Futunaøyene,country,2012,burned_area_share_land,0.0,share,K1,owid_annual_area_burnt_share_land,measured,f_sensor_break;f_min_fire_size;f_zero_no_detection
WLF,Wallis- og Futunaøyene,country,2013,burned_area_share_land,0.0,share,K1,owid_annual_area_burnt_share_land,measured,f_sensor_break;f_min_fire_size;f_zero_no_detection
WLF,Wallis- og Futunaøyene,country,2014,burned_area_share_land,0.0,share,K1,owid_annual_area_burnt_share_land,measured,f_sensor_break;f_min_fire_size;f_zero_no_detection
WLF,Wallis- og Futunaøyene,country,2015,burned_area_share_land,0.0,share,K1,owid_annual_area_burnt_share_land,measured,f_sensor_break;f_min_fire_size;f_zero_no_detection
WLF,Wallis- og Futunaøyene,country,2016,burned_area_share_land,0.0,share,K1,owid_annual_area_burnt_share_land,measured,f_sensor_break;f_min_fire_size;f_zero_no_detection
WLF,Wallis- og Futunaøyene,country,2017,burned_area_share_land,0.0,share,K1,owid_annual_area_burnt_share_land,measured,f_sensor_break;f_min_fire_size;f_zero_no_detection
WLF,Wallis- og Futunaøyene,country,2018,burned_area_share_land,0.0,share,K1,owid_annual_area_burnt_share_land,measured,f_sensor_break;f_min_fire_size;f_zero_no_detection
WLF,Wallis- og Futunaøyene,country,2019,burned_area_share_land,0.0,share,K1,owid_annual_area_burnt_share_land,measured,f_sensor_break;f_min_fire_size;f_zero_no_detection
WLF,Wallis- og Futunaøyene,country,2020,burned_area_share_land,0.0,share,K1,owid_annual_area_burnt_share_land,measured,f_sensor_break;f_min_fire_size;f_zero_no_detection
WLF,Wallis- og Futunaøyene,country,2021,burned_area_share_land,0.0,share,K1,owid_annual_area_burnt_share_land,measured,f_sensor_break;f_min_fire_size;f_zero_no_detection
WLF,Wallis- og Futunaøyene,country,2022,burned_area_share_land,0.0,share,K1,owid_annual_area_burnt_share_land,measured,f_sensor_break;f_min_fire_size;f_zero_no_detection
WLF,Wallis- og Futunaøyene,country,2023,burned_area_share_land,0.0,share,K1,owid_annual_area_burnt_share_land,measured,f_sensor_break;f_min_fire_size;f_zero_no_detection
WLF,Wallis- og Futunaøyene,country,2024,burned_area_share_land,0.0,share,K1,owid_annual_area_burnt_share_land,measured,f_sensor_break;f_min_fire_size;f_zero_no_detection
WLF,Wallis- og Futunaøyene,country,2025,burned_area_share_land,0.0,share,K1,owid_annual_area_burnt_share_land,measured,f_sensor_break;f_min_fire_size;f_zero_no_detection
WLF,Wallis- og Futunaøyene,country,2026,burned_area_share_land,0.0,share,K1,owid_annual_area_burnt_share_land,measured,f_sensor_break;f_min_fire_size;f_incomplete_year;f_zero_no_detection
WSM,Samoa,country,2012,burned_area_share_land,0.0,share,K1,owid_annual_area_burnt_share_land,measured,f_sensor_break;f_min_fire_size;f_zero_no_detection
WSM,Samoa,country,2013,burned_area_share_land,0.0,share,K1,owid_annual_area_burnt_share_land,measured,f_sensor_break;f_min_fire_size;f_zero_no_detection
WSM,Samoa,country,2014,burned_area_share_land,0.0,share,K1,owid_annual_area_burnt_share_land,measured,f_sensor_break;f_min_fire_size;f_zero_no_detection
WSM,Samoa,country,2015,burned_area_share_land,0.0,share,K1,owid_annual_area_burnt_share_land,measured,f_sensor_break;f_min_fire_size;f_zero_no_detection
WSM,Samoa,country,2016,burned_area_share_land,0.0,share,K1,owid_annual_area_burnt_share_land,measured,f_sensor_break;f_min_fire_size;f_zero_no_detection
WSM,Samoa,country,2017,burned_area_share_land,0.0,share,K1,owid_annual_area_burnt_share_land,measured,f_sensor_break;f_min_fire_size;f_zero_no_detection
WSM,Samoa,country,2018,burned_area_share_land,0.0,share,K1,owid_annual_area_burnt_share_land,measured,f_sensor_break;f_min_fire_size;f_zero_no_detection
WSM,Samoa,country,2019,burned_area_share_land,0.0,share,K1,owid_annual_area_burnt_share_land,measured,f_sensor_break;f_min_fire_size;f_zero_no_detection
WSM,Samoa,country,2020,burned_area_share_land,0.0,share,K1,owid_annual_area_burnt_share_land,measured,f_sensor_break;f_min_fire_size;f_zero_no_detection
WSM,Samoa,country,2021,burned_area_share_land,0.0,share,K1,owid_annual_area_burnt_share_land,measured,f_sensor_break;f_min_fire_size;f_zero_no_detection
WSM,Samoa,country,2022,burned_area_share_land,0.0,share,K1,owid_annual_area_burnt_share_land,measured,f_sensor_break;f_min_fire_size;f_zero_no_detection
WSM,Samoa,country,2023,burned_area_share_land,0.0,share,K1,owid_annual_area_burnt_share_land,measured,f_sensor_break;f_min_fire_size;f_zero_no_detection
WSM,Samoa,country,2024,burned_area_share_land,0.0,share,K1,owid_annual_area_burnt_share_land,measured,f_sensor_break;f_min_fire_size;f_zero_no_detection
WSM,Samoa,country,2025,burned_area_share_land,0.0,share,K1,owid_annual_area_burnt_share_land,measured,f_sensor_break;f_min_fire_size;f_zero_no_detection
WSM,Samoa,country,2026,burned_area_share_land,0.0,share,K1,owid_annual_area_burnt_share_land,measured,f_sensor_break;f_min_fire_size;f_incomplete_year;f_zero_no_detection
XKX,Kosovo,country,2012,burned_area_share_land,0.0363235,share,K1,owid_annual_area_burnt_share_land,measured,f_sensor_break;f_min_fire_size
XKX,Kosovo,country,2013,burned_area_share_land,0.00680797,share,K1,owid_annual_area_burnt_share_land,measured,f_sensor_break;f_min_fire_size
XKX,Kosovo,country,2014,burned_area_share_land,0.00280516,share,K1,owid_annual_area_burnt_share_land,measured,f_sensor_break;f_min_fire_size
XKX,Kosovo,country,2015,burned_area_share_land,0.00810076,share,K1,owid_annual_area_burnt_share_land,measured,f_sensor_break;f_min_fire_size
XKX,Kosovo,country,2016,burned_area_share_land,0.00271367,share,K1,owid_annual_area_burnt_share_land,measured,f_sensor_break;f_min_fire_size
XKX,Kosovo,country,2017,burned_area_share_land,0.01244392,share,K1,owid_annual_area_burnt_share_land,measured,f_sensor_break;f_min_fire_size
XKX,Kosovo,country,2018,burned_area_share_land,0.00425441,share,K1,owid_annual_area_burnt_share_land,measured,f_sensor_break;f_min_fire_size
XKX,Kosovo,country,2019,burned_area_share_land,0.02015766,share,K1,owid_annual_area_burnt_share_land,measured,f_sensor_break;f_min_fire_size
XKX,Kosovo,country,2020,burned_area_share_land,0.01348876,share,K1,owid_annual_area_burnt_share_land,measured,f_sensor_break;f_min_fire_size
XKX,Kosovo,country,2021,burned_area_share_land,0.00757651,share,K1,owid_annual_area_burnt_share_land,measured,f_sensor_break;f_min_fire_size
XKX,Kosovo,country,2022,burned_area_share_land,0.00553988,share,K1,owid_annual_area_burnt_share_land,measured,f_sensor_break;f_min_fire_size
XKX,Kosovo,country,2023,burned_area_share_land,0.00330746,share,K1,owid_annual_area_burnt_share_land,measured,f_sensor_break;f_min_fire_size
XKX,Kosovo,country,2024,burned_area_share_land,0.0113762,share,K1,owid_annual_area_burnt_share_land,measured,f_sensor_break;f_min_fire_size
XKX,Kosovo,country,2025,burned_area_share_land,0.01573857,share,K1,owid_annual_area_burnt_share_land,measured,f_sensor_break;f_min_fire_size
XKX,Kosovo,country,2026,burned_area_share_land,0.00091401,share,K1,owid_annual_area_burnt_share_land,measured,f_sensor_break;f_min_fire_size;f_incomplete_year
YEM,Jemen,country,2012,burned_area_share_land,1.763e-05,share,K1,owid_annual_area_burnt_share_land,measured,f_sensor_break;f_min_fire_size
YEM,Jemen,country,2013,burned_area_share_land,2.572e-05,share,K1,owid_annual_area_burnt_share_land,measured,f_sensor_break;f_min_fire_size
YEM,Jemen,country,2014,burned_area_share_land,4.218e-05,share,K1,owid_annual_area_burnt_share_land,measured,f_sensor_break;f_min_fire_size
YEM,Jemen,country,2015,burned_area_share_land,1.1e-05,share,K1,owid_annual_area_burnt_share_land,measured,f_sensor_break;f_min_fire_size
YEM,Jemen,country,2016,burned_area_share_land,0.0,share,K1,owid_annual_area_burnt_share_land,measured,f_sensor_break;f_min_fire_size;f_zero_no_detection
YEM,Jemen,country,2017,burned_area_share_land,1.142e-05,share,K1,owid_annual_area_burnt_share_land,measured,f_sensor_break;f_min_fire_size
YEM,Jemen,country,2018,burned_area_share_land,2.146e-05,share,K1,owid_annual_area_burnt_share_land,measured,f_sensor_break;f_min_fire_size
YEM,Jemen,country,2019,burned_area_share_land,1.971e-05,share,K1,owid_annual_area_burnt_share_land,measured,f_sensor_break;f_min_fire_size
YEM,Jemen,country,2020,burned_area_share_land,7.95e-06,share,K1,owid_annual_area_burnt_share_land,measured,f_sensor_break;f_min_fire_size
YEM,Jemen,country,2021,burned_area_share_land,3.827e-05,share,K1,owid_annual_area_burnt_share_land,measured,f_sensor_break;f_min_fire_size
YEM,Jemen,country,2022,burned_area_share_land,3.016e-05,share,K1,owid_annual_area_burnt_share_land,measured,f_sensor_break;f_min_fire_size
YEM,Jemen,country,2023,burned_area_share_land,1.613e-05,share,K1,owid_annual_area_burnt_share_land,measured,f_sensor_break;f_min_fire_size
YEM,Jemen,country,2024,burned_area_share_land,0.0,share,K1,owid_annual_area_burnt_share_land,measured,f_sensor_break;f_min_fire_size;f_zero_no_detection
YEM,Jemen,country,2025,burned_area_share_land,2.647e-05,share,K1,owid_annual_area_burnt_share_land,measured,f_sensor_break;f_min_fire_size
YEM,Jemen,country,2026,burned_area_share_land,2.174e-05,share,K1,owid_annual_area_burnt_share_land,measured,f_sensor_break;f_min_fire_size;f_incomplete_year
ZAF,Sør-Afrika,country,2012,burned_area_share_land,0.0322062,share,K1,owid_annual_area_burnt_share_land,measured,f_sensor_break;f_min_fire_size
ZAF,Sør-Afrika,country,2013,burned_area_share_land,0.03492079,share,K1,owid_annual_area_burnt_share_land,measured,f_sensor_break;f_min_fire_size
ZAF,Sør-Afrika,country,2014,burned_area_share_land,0.03332442,share,K1,owid_annual_area_burnt_share_land,measured,f_sensor_break;f_min_fire_size
ZAF,Sør-Afrika,country,2015,burned_area_share_land,0.02346606,share,K1,owid_annual_area_burnt_share_land,measured,f_sensor_break;f_min_fire_size
ZAF,Sør-Afrika,country,2016,burned_area_share_land,0.01714848,share,K1,owid_annual_area_burnt_share_land,measured,f_sensor_break;f_min_fire_size
ZAF,Sør-Afrika,country,2017,burned_area_share_land,0.02796475,share,K1,owid_annual_area_burnt_share_land,measured,f_sensor_break;f_min_fire_size
ZAF,Sør-Afrika,country,2018,burned_area_share_land,0.02322006,share,K1,owid_annual_area_burnt_share_land,measured,f_sensor_break;f_min_fire_size
ZAF,Sør-Afrika,country,2019,burned_area_share_land,0.02718188,share,K1,owid_annual_area_burnt_share_land,measured,f_sensor_break;f_min_fire_size
ZAF,Sør-Afrika,country,2020,burned_area_share_land,0.02545854,share,K1,owid_annual_area_burnt_share_land,measured,f_sensor_break;f_min_fire_size
ZAF,Sør-Afrika,country,2021,burned_area_share_land,0.03375357,share,K1,owid_annual_area_burnt_share_land,measured,f_sensor_break;f_min_fire_size
ZAF,Sør-Afrika,country,2022,burned_area_share_land,0.02784902,share,K1,owid_annual_area_burnt_share_land,measured,f_sensor_break;f_min_fire_size
ZAF,Sør-Afrika,country,2023,burned_area_share_land,0.03186584,share,K1,owid_annual_area_burnt_share_land,measured,f_sensor_break;f_min_fire_size
ZAF,Sør-Afrika,country,2024,burned_area_share_land,0.02517863,share,K1,owid_annual_area_burnt_share_land,measured,f_sensor_break;f_min_fire_size
ZAF,Sør-Afrika,country,2025,burned_area_share_land,0.01445099,share,K1,owid_annual_area_burnt_share_land,measured,f_sensor_break;f_min_fire_size
ZAF,Sør-Afrika,country,2026,burned_area_share_land,0.00643137,share,K1,owid_annual_area_burnt_share_land,measured,f_sensor_break;f_min_fire_size;f_incomplete_year
ZMB,Zambia,country,2012,burned_area_share_land,0.3110335,share,K1,owid_annual_area_burnt_share_land,measured,f_sensor_break;f_min_fire_size
ZMB,Zambia,country,2013,burned_area_share_land,0.31152642,share,K1,owid_annual_area_burnt_share_land,measured,f_sensor_break;f_min_fire_size
ZMB,Zambia,country,2014,burned_area_share_land,0.28042058,share,K1,owid_annual_area_burnt_share_land,measured,f_sensor_break;f_min_fire_size
ZMB,Zambia,country,2015,burned_area_share_land,0.31532783,share,K1,owid_annual_area_burnt_share_land,measured,f_sensor_break;f_min_fire_size
ZMB,Zambia,country,2016,burned_area_share_land,0.30908122,share,K1,owid_annual_area_burnt_share_land,measured,f_sensor_break;f_min_fire_size
ZMB,Zambia,country,2017,burned_area_share_land,0.28286179,share,K1,owid_annual_area_burnt_share_land,measured,f_sensor_break;f_min_fire_size
ZMB,Zambia,country,2018,burned_area_share_land,0.27302042,share,K1,owid_annual_area_burnt_share_land,measured,f_sensor_break;f_min_fire_size
ZMB,Zambia,country,2019,burned_area_share_land,0.28949593,share,K1,owid_annual_area_burnt_share_land,measured,f_sensor_break;f_min_fire_size
ZMB,Zambia,country,2020,burned_area_share_land,0.25804507,share,K1,owid_annual_area_burnt_share_land,measured,f_sensor_break;f_min_fire_size
ZMB,Zambia,country,2021,burned_area_share_land,0.24239692,share,K1,owid_annual_area_burnt_share_land,measured,f_sensor_break;f_min_fire_size
ZMB,Zambia,country,2022,burned_area_share_land,0.27044891,share,K1,owid_annual_area_burnt_share_land,measured,f_sensor_break;f_min_fire_size
ZMB,Zambia,country,2023,burned_area_share_land,0.25238549,share,K1,owid_annual_area_burnt_share_land,measured,f_sensor_break;f_min_fire_size
ZMB,Zambia,country,2024,burned_area_share_land,0.21485275,share,K1,owid_annual_area_burnt_share_land,measured,f_sensor_break;f_min_fire_size
ZMB,Zambia,country,2025,burned_area_share_land,0.1910608,share,K1,owid_annual_area_burnt_share_land,measured,f_sensor_break;f_min_fire_size
ZMB,Zambia,country,2026,burned_area_share_land,0.04269132,share,K1,owid_annual_area_burnt_share_land,measured,f_sensor_break;f_min_fire_size;f_incomplete_year
ZWE,Zimbabwe,country,2012,burned_area_share_land,0.08409865,share,K1,owid_annual_area_burnt_share_land,measured,f_sensor_break;f_min_fire_size
ZWE,Zimbabwe,country,2013,burned_area_share_land,0.06592193,share,K1,owid_annual_area_burnt_share_land,measured,f_sensor_break;f_min_fire_size
ZWE,Zimbabwe,country,2014,burned_area_share_land,0.07360036,share,K1,owid_annual_area_burnt_share_land,measured,f_sensor_break;f_min_fire_size
ZWE,Zimbabwe,country,2015,burned_area_share_land,0.08217597,share,K1,owid_annual_area_burnt_share_land,measured,f_sensor_break;f_min_fire_size
ZWE,Zimbabwe,country,2016,burned_area_share_land,0.05602571,share,K1,owid_annual_area_burnt_share_land,measured,f_sensor_break;f_min_fire_size
ZWE,Zimbabwe,country,2017,burned_area_share_land,0.06286754,share,K1,owid_annual_area_burnt_share_land,measured,f_sensor_break;f_min_fire_size
ZWE,Zimbabwe,country,2018,burned_area_share_land,0.06969245,share,K1,owid_annual_area_burnt_share_land,measured,f_sensor_break;f_min_fire_size
ZWE,Zimbabwe,country,2019,burned_area_share_land,0.07088116,share,K1,owid_annual_area_burnt_share_land,measured,f_sensor_break;f_min_fire_size
ZWE,Zimbabwe,country,2020,burned_area_share_land,0.03140716,share,K1,owid_annual_area_burnt_share_land,measured,f_sensor_break;f_min_fire_size
ZWE,Zimbabwe,country,2021,burned_area_share_land,0.05433193,share,K1,owid_annual_area_burnt_share_land,measured,f_sensor_break;f_min_fire_size
ZWE,Zimbabwe,country,2022,burned_area_share_land,0.07760639,share,K1,owid_annual_area_burnt_share_land,measured,f_sensor_break;f_min_fire_size
ZWE,Zimbabwe,country,2023,burned_area_share_land,0.06132772,share,K1,owid_annual_area_burnt_share_land,measured,f_sensor_break;f_min_fire_size
ZWE,Zimbabwe,country,2024,burned_area_share_land,0.02941842,share,K1,owid_annual_area_burnt_share_land,measured,f_sensor_break;f_min_fire_size
ZWE,Zimbabwe,country,2025,burned_area_share_land,0.02624546,share,K1,owid_annual_area_burnt_share_land,measured,f_sensor_break;f_min_fire_size
ZWE,Zimbabwe,country,2026,burned_area_share_land,0.00491867,share,K1,owid_annual_area_burnt_share_land,measured,f_sensor_break;f_min_fire_size;f_incomplete_year
