entity,entity_name,level,period,indicator,value,unit,source_id,series_id,quality,footnotes
AUT,Østerrike,country,1993,burned_area_km2,0.85,km2,K3,effis_annual_country_totals,reported,f_reporting_basis;f_coverage_change
AUT,Østerrike,country,1994,burned_area_km2,0.8,km2,K3,effis_annual_country_totals,reported,f_reporting_basis;f_coverage_change
AUT,Østerrike,country,1995,burned_area_km2,0.43,km2,K3,effis_annual_country_totals,reported,f_reporting_basis;f_coverage_change
AUT,Østerrike,country,1996,burned_area_km2,0.08,km2,K3,effis_annual_country_totals,reported,f_reporting_basis;f_coverage_change
AUT,Østerrike,country,1997,burned_area_km2,0.28,km2,K3,effis_annual_country_totals,reported,f_reporting_basis;f_coverage_change
AUT,Østerrike,country,1998,burned_area_km2,1.01,km2,K3,effis_annual_country_totals,reported,f_reporting_basis;f_coverage_change
AUT,Østerrike,country,1999,burned_area_km2,0.06,km2,K3,effis_annual_country_totals,reported,f_reporting_basis;f_coverage_change
AUT,Østerrike,country,2000,burned_area_km2,0.32,km2,K3,effis_annual_country_totals,reported,f_reporting_basis;f_coverage_change
AUT,Østerrike,country,2001,burned_area_km2,0.2,km2,K3,effis_annual_country_totals,reported,f_reporting_basis;f_coverage_change
AUT,Østerrike,country,2002,burned_area_km2,1.12,km2,K3,effis_annual_country_totals,reported,f_reporting_basis;f_coverage_change
AUT,Østerrike,country,2003,burned_area_km2,1.22,km2,K3,effis_annual_country_totals,reported,f_reporting_basis;f_coverage_change
AUT,Østerrike,country,2004,burned_area_km2,0.19,km2,K3,effis_annual_country_totals,reported,f_reporting_basis;f_coverage_change
AUT,Østerrike,country,2005,burned_area_km2,0.13,km2,K3,effis_annual_country_totals,reported,f_reporting_basis;f_coverage_change
AUT,Østerrike,country,2006,burned_area_km2,0.54,km2,K3,effis_annual_country_totals,reported,f_reporting_basis;f_coverage_change
AUT,Østerrike,country,2007,burned_area_km2,0.54,km2,K3,effis_annual_country_totals,reported,f_reporting_basis;f_coverage_change
AUT,Østerrike,country,2008,burned_area_km2,0.2,km2,K3,effis_annual_country_totals,reported,f_reporting_basis;f_coverage_change
AUT,Østerrike,country,2009,burned_area_km2,0.58,km2,K3,effis_annual_country_totals,reported,f_reporting_basis;f_coverage_change
AUT,Østerrike,country,2010,burned_area_km2,0.36,km2,K3,effis_annual_country_totals,reported,f_reporting_basis;f_coverage_change
AUT,Østerrike,country,2011,burned_area_km2,0.67,km2,K3,effis_annual_country_totals,reported,f_reporting_basis;f_coverage_change
AUT,Østerrike,country,2012,burned_area_km2,0.48,km2,K3,effis_annual_country_totals,reported,f_reporting_basis;f_coverage_change
AUT,Østerrike,country,2013,burned_area_km2,1.02,km2,K3,effis_annual_country_totals,reported,f_reporting_basis;f_coverage_change
AUT,Østerrike,country,2014,burned_area_km2,0.92,km2,K3,effis_annual_country_totals,reported,f_reporting_basis;f_coverage_change
AUT,Østerrike,country,2015,burned_area_km2,1.14,km2,K3,effis_annual_country_totals,reported,f_reporting_basis;f_coverage_change
AUT,Østerrike,country,2016,burned_area_km2,0.23,km2,K3,effis_annual_country_totals,reported,f_reporting_basis;f_coverage_change
AUT,Østerrike,country,2017,burned_area_km2,0.25,km2,K3,effis_annual_country_totals,reported,f_reporting_basis;f_coverage_change
AUT,Østerrike,country,2018,burned_area_km2,0.19,km2,K3,effis_annual_country_totals,reported,f_reporting_basis;f_coverage_change
AUT,Østerrike,country,2019,burned_area_km2,0.2,km2,K3,effis_annual_country_totals,reported,f_reporting_basis;f_coverage_change
AUT,Østerrike,country,2020,burned_area_km2,0.6,km2,K3,effis_annual_country_totals,reported,f_reporting_basis;f_coverage_change
AUT,Østerrike,country,2021,burned_area_km2,1.17,km2,K3,effis_annual_country_totals,reported,f_reporting_basis;f_coverage_change
AUT,Østerrike,country,2022,burned_area_km2,5.5,km2,K3,effis_annual_country_totals,reported,f_reporting_basis;f_coverage_change
AUT,Østerrike,country,2023,burned_area_km2,0.21,km2,K3,effis_annual_country_totals,reported,f_reporting_basis;f_coverage_change
AUT,Østerrike,country,2024,burned_area_km2,1.42,km2,K3,effis_annual_country_totals,reported,f_reporting_basis;f_coverage_change
BGR,Bulgaria,country,1991,burned_area_km2,5.11,km2,K3,effis_annual_country_totals,reported,f_reporting_basis;f_coverage_change
BGR,Bulgaria,country,1992,burned_area_km2,52.43,km2,K3,effis_annual_country_totals,reported,f_reporting_basis;f_coverage_change
BGR,Bulgaria,country,1993,burned_area_km2,181.64,km2,K3,effis_annual_country_totals,reported,f_reporting_basis;f_coverage_change
BGR,Bulgaria,country,1994,burned_area_km2,181.0,km2,K3,effis_annual_country_totals,reported,f_reporting_basis;f_coverage_change
BGR,Bulgaria,country,1995,burned_area_km2,5.5,km2,K3,effis_annual_country_totals,reported,f_reporting_basis;f_coverage_change
BGR,Bulgaria,country,1996,burned_area_km2,9.06,km2,K3,effis_annual_country_totals,reported,f_reporting_basis;f_coverage_change
BGR,Bulgaria,country,1997,burned_area_km2,5.95,km2,K3,effis_annual_country_totals,reported,f_reporting_basis;f_coverage_change
BGR,Bulgaria,country,1998,burned_area_km2,69.67,km2,K3,effis_annual_country_totals,reported,f_reporting_basis;f_coverage_change
BGR,Bulgaria,country,1999,burned_area_km2,82.91,km2,K3,effis_annual_country_totals,reported,f_reporting_basis;f_coverage_change
BGR,Bulgaria,country,2000,burned_area_km2,574.06,km2,K3,effis_annual_country_totals,reported,f_reporting_basis;f_coverage_change
BGR,Bulgaria,country,2001,burned_area_km2,201.52,km2,K3,effis_annual_country_totals,reported,f_reporting_basis;f_coverage_change
BGR,Bulgaria,country,2002,burned_area_km2,65.13,km2,K3,effis_annual_country_totals,reported,f_reporting_basis;f_coverage_change
BGR,Bulgaria,country,2003,burned_area_km2,50.0,km2,K3,effis_annual_country_totals,reported,f_reporting_basis;f_coverage_change
BGR,Bulgaria,country,2004,burned_area_km2,11.37,km2,K3,effis_annual_country_totals,reported,f_reporting_basis;f_coverage_change
BGR,Bulgaria,country,2005,burned_area_km2,14.56,km2,K3,effis_annual_country_totals,reported,f_reporting_basis;f_coverage_change
BGR,Bulgaria,country,2006,burned_area_km2,35.4,km2,K3,effis_annual_country_totals,reported,f_reporting_basis;f_coverage_change
BGR,Bulgaria,country,2007,burned_area_km2,429.99,km2,K3,effis_annual_country_totals,reported,f_reporting_basis;f_coverage_change
BGR,Bulgaria,country,2008,burned_area_km2,52.89,km2,K3,effis_annual_country_totals,reported,f_reporting_basis;f_coverage_change
BGR,Bulgaria,country,2009,burned_area_km2,22.71,km2,K3,effis_annual_country_totals,reported,f_reporting_basis;f_coverage_change
BGR,Bulgaria,country,2010,burned_area_km2,65.26,km2,K3,effis_annual_country_totals,reported,f_reporting_basis;f_coverage_change
BGR,Bulgaria,country,2011,burned_area_km2,68.83,km2,K3,effis_annual_country_totals,reported,f_reporting_basis;f_coverage_change
BGR,Bulgaria,country,2012,burned_area_km2,127.3,km2,K3,effis_annual_country_totals,reported,f_reporting_basis;f_coverage_change
BGR,Bulgaria,country,2013,burned_area_km2,33.14,km2,K3,effis_annual_country_totals,reported,f_reporting_basis;f_coverage_change
BGR,Bulgaria,country,2014,burned_area_km2,9.16,km2,K3,effis_annual_country_totals,reported,f_reporting_basis;f_coverage_change
BGR,Bulgaria,country,2015,burned_area_km2,43.13,km2,K3,effis_annual_country_totals,reported,f_reporting_basis;f_coverage_change
BGR,Bulgaria,country,2016,burned_area_km2,63.4,km2,K3,effis_annual_country_totals,reported,f_reporting_basis;f_coverage_change
BGR,Bulgaria,country,2017,burned_area_km2,45.69,km2,K3,effis_annual_country_totals,reported,f_reporting_basis;f_coverage_change
BGR,Bulgaria,country,2018,burned_area_km2,14.53,km2,K3,effis_annual_country_totals,reported,f_reporting_basis;f_coverage_change
BGR,Bulgaria,country,2019,burned_area_km2,56.2,km2,K3,effis_annual_country_totals,reported,f_reporting_basis;f_coverage_change
BGR,Bulgaria,country,2020,burned_area_km2,52.58,km2,K3,effis_annual_country_totals,reported,f_reporting_basis;f_coverage_change
BGR,Bulgaria,country,2021,burned_area_km2,31.43,km2,K3,effis_annual_country_totals,reported,f_reporting_basis;f_coverage_change
BGR,Bulgaria,country,2022,burned_area_km2,81.26,km2,K3,effis_annual_country_totals,reported,f_reporting_basis;f_coverage_change
BGR,Bulgaria,country,2023,burned_area_km2,63.88,km2,K3,effis_annual_country_totals,reported,f_reporting_basis;f_coverage_change
BGR,Bulgaria,country,2024,burned_area_km2,171.16,km2,K3,effis_annual_country_totals,reported,f_reporting_basis;f_coverage_change
CHE,Sveits,country,1990,burned_area_km2,17.23,km2,K3,effis_annual_country_totals,reported,f_reporting_basis;f_coverage_change
CHE,Sveits,country,1991,burned_area_km2,0.96,km2,K3,effis_annual_country_totals,reported,f_reporting_basis;f_coverage_change
CHE,Sveits,country,1992,burned_area_km2,0.65,km2,K3,effis_annual_country_totals,reported,f_reporting_basis;f_coverage_change
CHE,Sveits,country,1993,burned_area_km2,0.37,km2,K3,effis_annual_country_totals,reported,f_reporting_basis;f_coverage_change
CHE,Sveits,country,1994,burned_area_km2,4.08,km2,K3,effis_annual_country_totals,reported,f_reporting_basis;f_coverage_change
CHE,Sveits,country,1995,burned_area_km2,4.46,km2,K3,effis_annual_country_totals,reported,f_reporting_basis;f_coverage_change
CHE,Sveits,country,1996,burned_area_km2,2.93,km2,K3,effis_annual_country_totals,reported,f_reporting_basis;f_coverage_change
CHE,Sveits,country,1997,burned_area_km2,17.85,km2,K3,effis_annual_country_totals,reported,f_reporting_basis;f_coverage_change
CHE,Sveits,country,1998,burned_area_km2,2.74,km2,K3,effis_annual_country_totals,reported,f_reporting_basis;f_coverage_change
CHE,Sveits,country,1999,burned_area_km2,0.3,km2,K3,effis_annual_country_totals,reported,f_reporting_basis;f_coverage_change
CHE,Sveits,country,2000,burned_area_km2,0.7,km2,K3,effis_annual_country_totals,reported,f_reporting_basis;f_coverage_change
CHE,Sveits,country,2001,burned_area_km2,0.21,km2,K3,effis_annual_country_totals,reported,f_reporting_basis;f_coverage_change
CHE,Sveits,country,2002,burned_area_km2,6.81,km2,K3,effis_annual_country_totals,reported,f_reporting_basis;f_coverage_change
CHE,Sveits,country,2003,burned_area_km2,6.73,km2,K3,effis_annual_country_totals,reported,f_reporting_basis;f_coverage_change
CHE,Sveits,country,2004,burned_area_km2,0.31,km2,K3,effis_annual_country_totals,reported,f_reporting_basis;f_coverage_change
CHE,Sveits,country,2005,burned_area_km2,0.67,km2,K3,effis_annual_country_totals,reported,f_reporting_basis;f_coverage_change
CHE,Sveits,country,2006,burned_area_km2,1.27,km2,K3,effis_annual_country_totals,reported,f_reporting_basis;f_coverage_change
CHE,Sveits,country,2007,burned_area_km2,3.37,km2,K3,effis_annual_country_totals,reported,f_reporting_basis;f_coverage_change
CHE,Sveits,country,2008,burned_area_km2,0.68,km2,K3,effis_annual_country_totals,reported,f_reporting_basis;f_coverage_change
CHE,Sveits,country,2009,burned_area_km2,0.6,km2,K3,effis_annual_country_totals,reported,f_reporting_basis;f_coverage_change
CHE,Sveits,country,2010,burned_area_km2,0.27,km2,K3,effis_annual_country_totals,reported,f_reporting_basis;f_coverage_change
CHE,Sveits,country,2011,burned_area_km2,2.25,km2,K3,effis_annual_country_totals,reported,f_reporting_basis;f_coverage_change
CHE,Sveits,country,2012,burned_area_km2,0.3,km2,K3,effis_annual_country_totals,reported,f_reporting_basis;f_coverage_change
CHE,Sveits,country,2013,burned_area_km2,0.29,km2,K3,effis_annual_country_totals,reported,f_reporting_basis;f_coverage_change
CHE,Sveits,country,2014,burned_area_km2,0.46,km2,K3,effis_annual_country_totals,reported,f_reporting_basis;f_coverage_change
CHE,Sveits,country,2015,burned_area_km2,0.47,km2,K3,effis_annual_country_totals,reported,f_reporting_basis;f_coverage_change
CHE,Sveits,country,2016,burned_area_km2,4.54,km2,K3,effis_annual_country_totals,reported,f_reporting_basis;f_coverage_change
CHE,Sveits,country,2017,burned_area_km2,1.18,km2,K3,effis_annual_country_totals,reported,f_reporting_basis;f_coverage_change
CHE,Sveits,country,2018,burned_area_km2,0.69,km2,K3,effis_annual_country_totals,reported,f_reporting_basis;f_coverage_change
CHE,Sveits,country,2019,burned_area_km2,0.31,km2,K3,effis_annual_country_totals,reported,f_reporting_basis;f_coverage_change
CHE,Sveits,country,2020,burned_area_km2,0.26,km2,K3,effis_annual_country_totals,reported,f_reporting_basis;f_coverage_change
CHE,Sveits,country,2021,burned_area_km2,0.35,km2,K3,effis_annual_country_totals,reported,f_reporting_basis;f_coverage_change
CHE,Sveits,country,2022,burned_area_km2,3.22,km2,K3,effis_annual_country_totals,reported,f_reporting_basis;f_coverage_change
CHE,Sveits,country,2023,burned_area_km2,1.2,km2,K3,effis_annual_country_totals,reported,f_reporting_basis;f_coverage_change
CHE,Sveits,country,2024,burned_area_km2,0.42,km2,K3,effis_annual_country_totals,reported,f_reporting_basis;f_coverage_change
CYP,Kypros,country,2000,burned_area_km2,80.34,km2,K3,effis_annual_country_totals,reported,f_reporting_basis;f_coverage_change
CYP,Kypros,country,2001,burned_area_km2,48.3,km2,K3,effis_annual_country_totals,reported,f_reporting_basis;f_coverage_change
CYP,Kypros,country,2002,burned_area_km2,21.96,km2,K3,effis_annual_country_totals,reported,f_reporting_basis;f_coverage_change
CYP,Kypros,country,2003,burned_area_km2,23.49,km2,K3,effis_annual_country_totals,reported,f_reporting_basis;f_coverage_change
CYP,Kypros,country,2004,burned_area_km2,12.18,km2,K3,effis_annual_country_totals,reported,f_reporting_basis;f_coverage_change
CYP,Kypros,country,2005,burned_area_km2,18.38,km2,K3,effis_annual_country_totals,reported,f_reporting_basis;f_coverage_change
CYP,Kypros,country,2006,burned_area_km2,11.6,km2,K3,effis_annual_country_totals,reported,f_reporting_basis;f_coverage_change
CYP,Kypros,country,2007,burned_area_km2,44.83,km2,K3,effis_annual_country_totals,reported,f_reporting_basis;f_coverage_change
CYP,Kypros,country,2008,burned_area_km2,23.92,km2,K3,effis_annual_country_totals,reported,f_reporting_basis;f_coverage_change
CYP,Kypros,country,2009,burned_area_km2,8.85,km2,K3,effis_annual_country_totals,reported,f_reporting_basis;f_coverage_change
CYP,Kypros,country,2010,burned_area_km2,20.0,km2,K3,effis_annual_country_totals,reported,f_reporting_basis;f_coverage_change
CYP,Kypros,country,2011,burned_area_km2,15.99,km2,K3,effis_annual_country_totals,reported,f_reporting_basis;f_coverage_change
CYP,Kypros,country,2012,burned_area_km2,25.31,km2,K3,effis_annual_country_totals,reported,f_reporting_basis;f_coverage_change
CYP,Kypros,country,2013,burned_area_km2,28.35,km2,K3,effis_annual_country_totals,reported,f_reporting_basis;f_coverage_change
CYP,Kypros,country,2014,burned_area_km2,6.69,km2,K3,effis_annual_country_totals,reported,f_reporting_basis;f_coverage_change
CYP,Kypros,country,2015,burned_area_km2,6.52,km2,K3,effis_annual_country_totals,reported,f_reporting_basis;f_coverage_change
CYP,Kypros,country,2016,burned_area_km2,32.05,km2,K3,effis_annual_country_totals,reported,f_reporting_basis;f_coverage_change
CYP,Kypros,country,2017,burned_area_km2,4.28,km2,K3,effis_annual_country_totals,reported,f_reporting_basis;f_coverage_change
CYP,Kypros,country,2018,burned_area_km2,11.36,km2,K3,effis_annual_country_totals,reported,f_reporting_basis;f_coverage_change
CYP,Kypros,country,2019,burned_area_km2,7.33,km2,K3,effis_annual_country_totals,reported,f_reporting_basis;f_coverage_change
CYP,Kypros,country,2020,burned_area_km2,13.05,km2,K3,effis_annual_country_totals,reported,f_reporting_basis;f_coverage_change
CYP,Kypros,country,2021,burned_area_km2,66.12,km2,K3,effis_annual_country_totals,reported,f_reporting_basis;f_coverage_change
CYP,Kypros,country,2022,burned_area_km2,6.85,km2,K3,effis_annual_country_totals,reported,f_reporting_basis;f_coverage_change
CYP,Kypros,country,2023,burned_area_km2,22.16,km2,K3,effis_annual_country_totals,reported,f_reporting_basis;f_coverage_change
CYP,Kypros,country,2024,burned_area_km2,34.25,km2,K3,effis_annual_country_totals,reported,f_reporting_basis;f_coverage_change
CZE,Tsjekkia,country,1995,burned_area_km2,4.03,km2,K3,effis_annual_country_totals,reported,f_reporting_basis;f_coverage_change
CZE,Tsjekkia,country,1996,burned_area_km2,20.43,km2,K3,effis_annual_country_totals,reported,f_reporting_basis;f_coverage_change
CZE,Tsjekkia,country,1997,burned_area_km2,3.59,km2,K3,effis_annual_country_totals,reported,f_reporting_basis;f_coverage_change
CZE,Tsjekkia,country,1998,burned_area_km2,11.32,km2,K3,effis_annual_country_totals,reported,f_reporting_basis;f_coverage_change
CZE,Tsjekkia,country,1999,burned_area_km2,3.36,km2,K3,effis_annual_country_totals,reported,f_reporting_basis;f_coverage_change
CZE,Tsjekkia,country,2000,burned_area_km2,3.75,km2,K3,effis_annual_country_totals,reported,f_reporting_basis;f_coverage_change
CZE,Tsjekkia,country,2001,burned_area_km2,0.87,km2,K3,effis_annual_country_totals,reported,f_reporting_basis;f_coverage_change
CZE,Tsjekkia,country,2002,burned_area_km2,1.78,km2,K3,effis_annual_country_totals,reported,f_reporting_basis;f_coverage_change
CZE,Tsjekkia,country,2003,burned_area_km2,12.36,km2,K3,effis_annual_country_totals,reported,f_reporting_basis;f_coverage_change
CZE,Tsjekkia,country,2004,burned_area_km2,3.35,km2,K3,effis_annual_country_totals,reported,f_reporting_basis;f_coverage_change
CZE,Tsjekkia,country,2005,burned_area_km2,2.27,km2,K3,effis_annual_country_totals,reported,f_reporting_basis;f_coverage_change
CZE,Tsjekkia,country,2006,burned_area_km2,0.53,km2,K3,effis_annual_country_totals,reported,f_reporting_basis;f_coverage_change
CZE,Tsjekkia,country,2007,burned_area_km2,3.16,km2,K3,effis_annual_country_totals,reported,f_reporting_basis;f_coverage_change
CZE,Tsjekkia,country,2008,burned_area_km2,0.86,km2,K3,effis_annual_country_totals,reported,f_reporting_basis;f_coverage_change
CZE,Tsjekkia,country,2009,burned_area_km2,1.78,km2,K3,effis_annual_country_totals,reported,f_reporting_basis;f_coverage_change
CZE,Tsjekkia,country,2010,burned_area_km2,2.05,km2,K3,effis_annual_country_totals,reported,f_reporting_basis;f_coverage_change
CZE,Tsjekkia,country,2011,burned_area_km2,3.37,km2,K3,effis_annual_country_totals,reported,f_reporting_basis;f_coverage_change
CZE,Tsjekkia,country,2012,burned_area_km2,6.34,km2,K3,effis_annual_country_totals,reported,f_reporting_basis;f_coverage_change
CZE,Tsjekkia,country,2013,burned_area_km2,0.92,km2,K3,effis_annual_country_totals,reported,f_reporting_basis;f_coverage_change
CZE,Tsjekkia,country,2014,burned_area_km2,5.36,km2,K3,effis_annual_country_totals,reported,f_reporting_basis;f_coverage_change
CZE,Tsjekkia,country,2015,burned_area_km2,3.44,km2,K3,effis_annual_country_totals,reported,f_reporting_basis;f_coverage_change
CZE,Tsjekkia,country,2016,burned_area_km2,1.41,km2,K3,effis_annual_country_totals,reported,f_reporting_basis;f_coverage_change
CZE,Tsjekkia,country,2017,burned_area_km2,1.7,km2,K3,effis_annual_country_totals,reported,f_reporting_basis;f_coverage_change
CZE,Tsjekkia,country,2018,burned_area_km2,4.92,km2,K3,effis_annual_country_totals,reported,f_reporting_basis;f_coverage_change
CZE,Tsjekkia,country,2019,burned_area_km2,5.2,km2,K3,effis_annual_country_totals,reported,f_reporting_basis;f_coverage_change
CZE,Tsjekkia,country,2020,burned_area_km2,4.84,km2,K3,effis_annual_country_totals,reported,f_reporting_basis;f_coverage_change
CZE,Tsjekkia,country,2021,burned_area_km2,4.11,km2,K3,effis_annual_country_totals,reported,f_reporting_basis;f_coverage_change
CZE,Tsjekkia,country,2022,burned_area_km2,17.15,km2,K3,effis_annual_country_totals,reported,f_reporting_basis;f_coverage_change
CZE,Tsjekkia,country,2023,burned_area_km2,2.17,km2,K3,effis_annual_country_totals,reported,f_reporting_basis;f_coverage_change
CZE,Tsjekkia,country,2024,burned_area_km2,1.4,km2,K3,effis_annual_country_totals,reported,f_reporting_basis;f_coverage_change
DEU,Tyskland,country,1991,burned_area_km2,9.2,km2,K3,effis_annual_country_totals,reported,f_reporting_basis;f_coverage_change
DEU,Tyskland,country,1992,burned_area_km2,49.08,km2,K3,effis_annual_country_totals,reported,f_reporting_basis;f_coverage_change
DEU,Tyskland,country,1993,burned_area_km2,14.93,km2,K3,effis_annual_country_totals,reported,f_reporting_basis;f_coverage_change
DEU,Tyskland,country,1994,burned_area_km2,11.14,km2,K3,effis_annual_country_totals,reported,f_reporting_basis;f_coverage_change
DEU,Tyskland,country,1995,burned_area_km2,5.92,km2,K3,effis_annual_country_totals,reported,f_reporting_basis;f_coverage_change
DEU,Tyskland,country,1996,burned_area_km2,13.81,km2,K3,effis_annual_country_totals,reported,f_reporting_basis;f_coverage_change
DEU,Tyskland,country,1997,burned_area_km2,5.99,km2,K3,effis_annual_country_totals,reported,f_reporting_basis;f_coverage_change
DEU,Tyskland,country,1998,burned_area_km2,3.97,km2,K3,effis_annual_country_totals,reported,f_reporting_basis;f_coverage_change
DEU,Tyskland,country,1999,burned_area_km2,4.15,km2,K3,effis_annual_country_totals,reported,f_reporting_basis;f_coverage_change
DEU,Tyskland,country,2000,burned_area_km2,5.81,km2,K3,effis_annual_country_totals,reported,f_reporting_basis;f_coverage_change
DEU,Tyskland,country,2001,burned_area_km2,1.22,km2,K3,effis_annual_country_totals,reported,f_reporting_basis;f_coverage_change
DEU,Tyskland,country,2002,burned_area_km2,1.22,km2,K3,effis_annual_country_totals,reported,f_reporting_basis;f_coverage_change
DEU,Tyskland,country,2003,burned_area_km2,13.15,km2,K3,effis_annual_country_totals,reported,f_reporting_basis;f_coverage_change
DEU,Tyskland,country,2004,burned_area_km2,2.74,km2,K3,effis_annual_country_totals,reported,f_reporting_basis;f_coverage_change
DEU,Tyskland,country,2005,burned_area_km2,1.83,km2,K3,effis_annual_country_totals,reported,f_reporting_basis;f_coverage_change
DEU,Tyskland,country,2006,burned_area_km2,4.82,km2,K3,effis_annual_country_totals,reported,f_reporting_basis;f_coverage_change
DEU,Tyskland,country,2007,burned_area_km2,2.56,km2,K3,effis_annual_country_totals,reported,f_reporting_basis;f_coverage_change
DEU,Tyskland,country,2008,burned_area_km2,5.39,km2,K3,effis_annual_country_totals,reported,f_reporting_basis;f_coverage_change
DEU,Tyskland,country,2009,burned_area_km2,2.62,km2,K3,effis_annual_country_totals,reported,f_reporting_basis;f_coverage_change
DEU,Tyskland,country,2010,burned_area_km2,5.22,km2,K3,effis_annual_country_totals,reported,f_reporting_basis;f_coverage_change
DEU,Tyskland,country,2011,burned_area_km2,2.14,km2,K3,effis_annual_country_totals,reported,f_reporting_basis;f_coverage_change
DEU,Tyskland,country,2012,burned_area_km2,2.69,km2,K3,effis_annual_country_totals,reported,f_reporting_basis;f_coverage_change
DEU,Tyskland,country,2013,burned_area_km2,1.99,km2,K3,effis_annual_country_totals,reported,f_reporting_basis;f_coverage_change
DEU,Tyskland,country,2014,burned_area_km2,1.2,km2,K3,effis_annual_country_totals,reported,f_reporting_basis;f_coverage_change
DEU,Tyskland,country,2015,burned_area_km2,5.26,km2,K3,effis_annual_country_totals,reported,f_reporting_basis;f_coverage_change
DEU,Tyskland,country,2016,burned_area_km2,2.83,km2,K3,effis_annual_country_totals,reported,f_reporting_basis;f_coverage_change
DEU,Tyskland,country,2017,burned_area_km2,3.95,km2,K3,effis_annual_country_totals,reported,f_reporting_basis;f_coverage_change
DEU,Tyskland,country,2018,burned_area_km2,23.49,km2,K3,effis_annual_country_totals,reported,f_reporting_basis;f_coverage_change
DEU,Tyskland,country,2019,burned_area_km2,27.11,km2,K3,effis_annual_country_totals,reported,f_reporting_basis;f_coverage_change
DEU,Tyskland,country,2020,burned_area_km2,3.68,km2,K3,effis_annual_country_totals,reported,f_reporting_basis;f_coverage_change
DEU,Tyskland,country,2021,burned_area_km2,1.48,km2,K3,effis_annual_country_totals,reported,f_reporting_basis;f_coverage_change
DEU,Tyskland,country,2022,burned_area_km2,30.58,km2,K3,effis_annual_country_totals,reported,f_reporting_basis;f_coverage_change
DEU,Tyskland,country,2023,burned_area_km2,12.4,km2,K3,effis_annual_country_totals,reported,f_reporting_basis;f_coverage_change
DEU,Tyskland,country,2024,burned_area_km2,3.34,km2,K3,effis_annual_country_totals,reported,f_reporting_basis;f_coverage_change
DZA,Algerie,country,2011,burned_area_km2,135.93,km2,K3,effis_annual_country_totals,reported,f_reporting_basis;f_coverage_change
DZA,Algerie,country,2012,burned_area_km2,990.61,km2,K3,effis_annual_country_totals,reported,f_reporting_basis;f_coverage_change
DZA,Algerie,country,2013,burned_area_km2,133.96,km2,K3,effis_annual_country_totals,reported,f_reporting_basis;f_coverage_change
DZA,Algerie,country,2014,burned_area_km2,431.25,km2,K3,effis_annual_country_totals,reported,f_reporting_basis;f_coverage_change
DZA,Algerie,country,2015,burned_area_km2,130.1,km2,K3,effis_annual_country_totals,reported,f_reporting_basis;f_coverage_change
DZA,Algerie,country,2016,burned_area_km2,183.7,km2,K3,effis_annual_country_totals,reported,f_reporting_basis;f_coverage_change
DZA,Algerie,country,2017,burned_area_km2,539.75,km2,K3,effis_annual_country_totals,reported,f_reporting_basis;f_coverage_change
DZA,Algerie,country,2018,burned_area_km2,23.12,km2,K3,effis_annual_country_totals,reported,f_reporting_basis;f_coverage_change
DZA,Algerie,country,2019,burned_area_km2,210.48,km2,K3,effis_annual_country_totals,reported,f_reporting_basis;f_coverage_change
DZA,Algerie,country,2020,burned_area_km2,439.18,km2,K3,effis_annual_country_totals,reported,f_reporting_basis;f_coverage_change
DZA,Algerie,country,2021,burned_area_km2,1001.01,km2,K3,effis_annual_country_totals,reported,f_reporting_basis;f_coverage_change
DZA,Algerie,country,2022,burned_area_km2,276.85,km2,K3,effis_annual_country_totals,reported,f_reporting_basis;f_coverage_change
ESP,Spania,country,1980,burned_area_km2,2630.17,km2,K3,effis_annual_country_totals,reported,f_reporting_basis;f_coverage_change
ESP,Spania,country,1981,burned_area_km2,2982.88,km2,K3,effis_annual_country_totals,reported,f_reporting_basis;f_coverage_change
ESP,Spania,country,1982,burned_area_km2,1529.03,km2,K3,effis_annual_country_totals,reported,f_reporting_basis;f_coverage_change
ESP,Spania,country,1983,burned_area_km2,1081.0,km2,K3,effis_annual_country_totals,reported,f_reporting_basis;f_coverage_change
ESP,Spania,country,1984,burned_area_km2,1651.19,km2,K3,effis_annual_country_totals,reported,f_reporting_basis;f_coverage_change
ESP,Spania,country,1985,burned_area_km2,4844.76,km2,K3,effis_annual_country_totals,reported,f_reporting_basis;f_coverage_change
ESP,Spania,country,1986,burned_area_km2,2648.87,km2,K3,effis_annual_country_totals,reported,f_reporting_basis;f_coverage_change
ESP,Spania,country,1987,burned_area_km2,1466.62,km2,K3,effis_annual_country_totals,reported,f_reporting_basis;f_coverage_change
ESP,Spania,country,1988,burned_area_km2,1377.34,km2,K3,effis_annual_country_totals,reported,f_reporting_basis;f_coverage_change
ESP,Spania,country,1989,burned_area_km2,4266.93,km2,K3,effis_annual_country_totals,reported,f_reporting_basis;f_coverage_change
ESP,Spania,country,1990,burned_area_km2,2030.32,km2,K3,effis_annual_country_totals,reported,f_reporting_basis;f_coverage_change
ESP,Spania,country,1991,burned_area_km2,2603.18,km2,K3,effis_annual_country_totals,reported,f_reporting_basis;f_coverage_change
ESP,Spania,country,1992,burned_area_km2,1052.77,km2,K3,effis_annual_country_totals,reported,f_reporting_basis;f_coverage_change
ESP,Spania,country,1993,burned_area_km2,892.67,km2,K3,effis_annual_country_totals,reported,f_reporting_basis;f_coverage_change
ESP,Spania,country,1994,burned_area_km2,4376.35,km2,K3,effis_annual_country_totals,reported,f_reporting_basis;f_coverage_change
ESP,Spania,country,1995,burned_area_km2,1434.84,km2,K3,effis_annual_country_totals,reported,f_reporting_basis;f_coverage_change
ESP,Spania,country,1996,burned_area_km2,598.14,km2,K3,effis_annual_country_totals,reported,f_reporting_basis;f_coverage_change
ESP,Spania,country,1997,burned_area_km2,985.03,km2,K3,effis_annual_country_totals,reported,f_reporting_basis;f_coverage_change
ESP,Spania,country,1998,burned_area_km2,1336.43,km2,K3,effis_annual_country_totals,reported,f_reporting_basis;f_coverage_change
ESP,Spania,country,1999,burned_area_km2,822.17,km2,K3,effis_annual_country_totals,reported,f_reporting_basis;f_coverage_change
ESP,Spania,country,2000,burned_area_km2,1885.86,km2,K3,effis_annual_country_totals,reported,f_reporting_basis;f_coverage_change
ESP,Spania,country,2001,burned_area_km2,932.97,km2,K3,effis_annual_country_totals,reported,f_reporting_basis;f_coverage_change
ESP,Spania,country,2002,burned_area_km2,1074.64,km2,K3,effis_annual_country_totals,reported,f_reporting_basis;f_coverage_change
ESP,Spania,country,2003,burned_area_km2,1481.72,km2,K3,effis_annual_country_totals,reported,f_reporting_basis;f_coverage_change
ESP,Spania,country,2004,burned_area_km2,1341.93,km2,K3,effis_annual_country_totals,reported,f_reporting_basis;f_coverage_change
ESP,Spania,country,2005,burned_area_km2,1886.97,km2,K3,effis_annual_country_totals,reported,f_reporting_basis;f_coverage_change
ESP,Spania,country,2006,burned_area_km2,1553.45,km2,K3,effis_annual_country_totals,reported,f_reporting_basis;f_coverage_change
ESP,Spania,country,2007,burned_area_km2,861.22,km2,K3,effis_annual_country_totals,reported,f_reporting_basis;f_coverage_change
ESP,Spania,country,2008,burned_area_km2,503.22,km2,K3,effis_annual_country_totals,reported,f_reporting_basis;f_coverage_change
ESP,Spania,country,2009,burned_area_km2,1200.94,km2,K3,effis_annual_country_totals,reported,f_reporting_basis;f_coverage_change
ESP,Spania,country,2010,burned_area_km2,547.7,km2,K3,effis_annual_country_totals,reported,f_reporting_basis;f_coverage_change
ESP,Spania,country,2011,burned_area_km2,1021.61,km2,K3,effis_annual_country_totals,reported,f_reporting_basis;f_coverage_change
ESP,Spania,country,2012,burned_area_km2,2261.25,km2,K3,effis_annual_country_totals,reported,f_reporting_basis;f_coverage_change
ESP,Spania,country,2013,burned_area_km2,589.85,km2,K3,effis_annual_country_totals,reported,f_reporting_basis;f_coverage_change
ESP,Spania,country,2014,burned_area_km2,467.21,km2,K3,effis_annual_country_totals,reported,f_reporting_basis;f_coverage_change
ESP,Spania,country,2015,burned_area_km2,1032.0,km2,K3,effis_annual_country_totals,reported,f_reporting_basis;f_coverage_change
ESP,Spania,country,2016,burned_area_km2,658.17,km2,K3,effis_annual_country_totals,reported,f_reporting_basis;f_coverage_change
ESP,Spania,country,2017,burned_area_km2,1782.34,km2,K3,effis_annual_country_totals,reported,f_reporting_basis;f_coverage_change
ESP,Spania,country,2018,burned_area_km2,251.62,km2,K3,effis_annual_country_totals,reported,f_reporting_basis;f_coverage_change
ESP,Spania,country,2019,burned_area_km2,839.63,km2,K3,effis_annual_country_totals,reported,f_reporting_basis;f_coverage_change
ESP,Spania,country,2020,burned_area_km2,659.23,km2,K3,effis_annual_country_totals,reported,f_reporting_basis;f_coverage_change
ESP,Spania,country,2021,burned_area_km2,878.8,km2,K3,effis_annual_country_totals,reported,f_reporting_basis;f_coverage_change
ESP,Spania,country,2022,burned_area_km2,2679.47,km2,K3,effis_annual_country_totals,reported,f_reporting_basis;f_coverage_change
ESP,Spania,country,2023,burned_area_km2,890.68,km2,K3,effis_annual_country_totals,reported,f_reporting_basis;f_coverage_change
ESP,Spania,country,2024,burned_area_km2,477.11,km2,K3,effis_annual_country_totals,reported,f_reporting_basis;f_coverage_change
EST,Estland,country,2000,burned_area_km2,6.84,km2,K3,effis_annual_country_totals,reported,f_reporting_basis;f_coverage_change
EST,Estland,country,2001,burned_area_km2,0.62,km2,K3,effis_annual_country_totals,reported,f_reporting_basis;f_coverage_change
EST,Estland,country,2002,burned_area_km2,20.82,km2,K3,effis_annual_country_totals,reported,f_reporting_basis;f_coverage_change
EST,Estland,country,2003,burned_area_km2,2.07,km2,K3,effis_annual_country_totals,reported,f_reporting_basis;f_coverage_change
EST,Estland,country,2004,burned_area_km2,3.79,km2,K3,effis_annual_country_totals,reported,f_reporting_basis;f_coverage_change
EST,Estland,country,2005,burned_area_km2,0.85,km2,K3,effis_annual_country_totals,reported,f_reporting_basis;f_coverage_change
EST,Estland,country,2006,burned_area_km2,26.38,km2,K3,effis_annual_country_totals,reported,f_reporting_basis;f_coverage_change
EST,Estland,country,2007,burned_area_km2,2.92,km2,K3,effis_annual_country_totals,reported,f_reporting_basis;f_coverage_change
EST,Estland,country,2008,burned_area_km2,12.79,km2,K3,effis_annual_country_totals,reported,f_reporting_basis;f_coverage_change
EST,Estland,country,2009,burned_area_km2,0.59,km2,K3,effis_annual_country_totals,reported,f_reporting_basis;f_coverage_change
EST,Estland,country,2010,burned_area_km2,0.25,km2,K3,effis_annual_country_totals,reported,f_reporting_basis;f_coverage_change
EST,Estland,country,2011,burned_area_km2,0.19,km2,K3,effis_annual_country_totals,reported,f_reporting_basis;f_coverage_change
EST,Estland,country,2012,burned_area_km2,0.03,km2,K3,effis_annual_country_totals,reported,f_reporting_basis;f_coverage_change
EST,Estland,country,2013,burned_area_km2,0.79,km2,K3,effis_annual_country_totals,reported,f_reporting_basis;f_coverage_change
EST,Estland,country,2014,burned_area_km2,0.77,km2,K3,effis_annual_country_totals,reported,f_reporting_basis;f_coverage_change
EST,Estland,country,2015,burned_area_km2,0.83,km2,K3,effis_annual_country_totals,reported,f_reporting_basis;f_coverage_change
EST,Estland,country,2016,burned_area_km2,1.23,km2,K3,effis_annual_country_totals,reported,f_reporting_basis;f_coverage_change
EST,Estland,country,2017,burned_area_km2,0.33,km2,K3,effis_annual_country_totals,reported,f_reporting_basis;f_coverage_change
EST,Estland,country,2018,burned_area_km2,4.3,km2,K3,effis_annual_country_totals,reported,f_reporting_basis;f_coverage_change
EST,Estland,country,2019,burned_area_km2,0.69,km2,K3,effis_annual_country_totals,reported,f_reporting_basis;f_coverage_change
EST,Estland,country,2020,burned_area_km2,1.91,km2,K3,effis_annual_country_totals,reported,f_reporting_basis;f_coverage_change
EST,Estland,country,2021,burned_area_km2,0.33,km2,K3,effis_annual_country_totals,reported,f_reporting_basis;f_coverage_change
EST,Estland,country,2022,burned_area_km2,0.2,km2,K3,effis_annual_country_totals,reported,f_reporting_basis;f_coverage_change
EST,Estland,country,2023,burned_area_km2,0.75,km2,K3,effis_annual_country_totals,reported,f_reporting_basis;f_coverage_change
EST,Estland,country,2024,burned_area_km2,0.17,km2,K3,effis_annual_country_totals,reported,f_reporting_basis;f_coverage_change
FIN,Finland,country,1996,burned_area_km2,4.33,km2,K3,effis_annual_country_totals,reported,f_reporting_basis;f_coverage_change
FIN,Finland,country,1997,burned_area_km2,11.46,km2,K3,effis_annual_country_totals,reported,f_reporting_basis;f_coverage_change
FIN,Finland,country,1998,burned_area_km2,1.31,km2,K3,effis_annual_country_totals,reported,f_reporting_basis;f_coverage_change
FIN,Finland,country,1999,burned_area_km2,6.09,km2,K3,effis_annual_country_totals,reported,f_reporting_basis;f_coverage_change
FIN,Finland,country,2000,burned_area_km2,2.66,km2,K3,effis_annual_country_totals,reported,f_reporting_basis;f_coverage_change
FIN,Finland,country,2001,burned_area_km2,1.87,km2,K3,effis_annual_country_totals,reported,f_reporting_basis;f_coverage_change
FIN,Finland,country,2002,burned_area_km2,5.9,km2,K3,effis_annual_country_totals,reported,f_reporting_basis;f_coverage_change
FIN,Finland,country,2003,burned_area_km2,6.66,km2,K3,effis_annual_country_totals,reported,f_reporting_basis;f_coverage_change
FIN,Finland,country,2004,burned_area_km2,3.58,km2,K3,effis_annual_country_totals,reported,f_reporting_basis;f_coverage_change
FIN,Finland,country,2005,burned_area_km2,4.95,km2,K3,effis_annual_country_totals,reported,f_reporting_basis;f_coverage_change
FIN,Finland,country,2006,burned_area_km2,16.17,km2,K3,effis_annual_country_totals,reported,f_reporting_basis;f_coverage_change
FIN,Finland,country,2007,burned_area_km2,5.76,km2,K3,effis_annual_country_totals,reported,f_reporting_basis;f_coverage_change
FIN,Finland,country,2008,burned_area_km2,8.3,km2,K3,effis_annual_country_totals,reported,f_reporting_basis;f_coverage_change
FIN,Finland,country,2009,burned_area_km2,5.76,km2,K3,effis_annual_country_totals,reported,f_reporting_basis;f_coverage_change
FIN,Finland,country,2010,burned_area_km2,5.2,km2,K3,effis_annual_country_totals,reported,f_reporting_basis;f_coverage_change
FIN,Finland,country,2011,burned_area_km2,5.8,km2,K3,effis_annual_country_totals,reported,f_reporting_basis;f_coverage_change
FIN,Finland,country,2012,burned_area_km2,0.86,km2,K3,effis_annual_country_totals,reported,f_reporting_basis;f_coverage_change
FIN,Finland,country,2013,burned_area_km2,4.61,km2,K3,effis_annual_country_totals,reported,f_reporting_basis;f_coverage_change
FIN,Finland,country,2014,burned_area_km2,8.81,km2,K3,effis_annual_country_totals,reported,f_reporting_basis;f_coverage_change
FIN,Finland,country,2015,burned_area_km2,1.43,km2,K3,effis_annual_country_totals,reported,f_reporting_basis;f_coverage_change
FIN,Finland,country,2016,burned_area_km2,3.1,km2,K3,effis_annual_country_totals,reported,f_reporting_basis;f_coverage_change
FIN,Finland,country,2017,burned_area_km2,4.6,km2,K3,effis_annual_country_totals,reported,f_reporting_basis;f_coverage_change
FIN,Finland,country,2018,burned_area_km2,12.28,km2,K3,effis_annual_country_totals,reported,f_reporting_basis;f_coverage_change
FIN,Finland,country,2019,burned_area_km2,5.65,km2,K3,effis_annual_country_totals,reported,f_reporting_basis;f_coverage_change
FIN,Finland,country,2020,burned_area_km2,7.19,km2,K3,effis_annual_country_totals,reported,f_reporting_basis;f_coverage_change
FIN,Finland,country,2021,burned_area_km2,7.85,km2,K3,effis_annual_country_totals,reported,f_reporting_basis;f_coverage_change
FIN,Finland,country,2022,burned_area_km2,2.67,km2,K3,effis_annual_country_totals,reported,f_reporting_basis;f_coverage_change
FIN,Finland,country,2023,burned_area_km2,3.83,km2,K3,effis_annual_country_totals,reported,f_reporting_basis;f_coverage_change
FIN,Finland,country,2024,burned_area_km2,3.9,km2,K3,effis_annual_country_totals,reported,f_reporting_basis;f_coverage_change
FRA,Frankrike,country,1980,burned_area_km2,221.76,km2,K3,effis_annual_country_totals,reported,f_reporting_basis;f_coverage_change
FRA,Frankrike,country,1981,burned_area_km2,277.11,km2,K3,effis_annual_country_totals,reported,f_reporting_basis;f_coverage_change
FRA,Frankrike,country,1982,burned_area_km2,551.45,km2,K3,effis_annual_country_totals,reported,f_reporting_basis;f_coverage_change
FRA,Frankrike,country,1983,burned_area_km2,537.29,km2,K3,effis_annual_country_totals,reported,f_reporting_basis;f_coverage_change
FRA,Frankrike,country,1984,burned_area_km2,272.02,km2,K3,effis_annual_country_totals,reported,f_reporting_basis;f_coverage_change
FRA,Frankrike,country,1985,burned_area_km2,573.68,km2,K3,effis_annual_country_totals,reported,f_reporting_basis;f_coverage_change
FRA,Frankrike,country,1986,burned_area_km2,518.6,km2,K3,effis_annual_country_totals,reported,f_reporting_basis;f_coverage_change
FRA,Frankrike,country,1987,burned_area_km2,141.08,km2,K3,effis_annual_country_totals,reported,f_reporting_basis;f_coverage_change
FRA,Frankrike,country,1988,burned_area_km2,67.01,km2,K3,effis_annual_country_totals,reported,f_reporting_basis;f_coverage_change
FRA,Frankrike,country,1989,burned_area_km2,755.66,km2,K3,effis_annual_country_totals,reported,f_reporting_basis;f_coverage_change
FRA,Frankrike,country,1990,burned_area_km2,726.25,km2,K3,effis_annual_country_totals,reported,f_reporting_basis;f_coverage_change
FRA,Frankrike,country,1991,burned_area_km2,101.3,km2,K3,effis_annual_country_totals,reported,f_reporting_basis;f_coverage_change
FRA,Frankrike,country,1992,burned_area_km2,165.93,km2,K3,effis_annual_country_totals,reported,f_reporting_basis;f_coverage_change
FRA,Frankrike,country,1993,burned_area_km2,166.98,km2,K3,effis_annual_country_totals,reported,f_reporting_basis;f_coverage_change
FRA,Frankrike,country,1994,burned_area_km2,249.95,km2,K3,effis_annual_country_totals,reported,f_reporting_basis;f_coverage_change
FRA,Frankrike,country,1995,burned_area_km2,181.37,km2,K3,effis_annual_country_totals,reported,f_reporting_basis;f_coverage_change
FRA,Frankrike,country,1996,burned_area_km2,114.0,km2,K3,effis_annual_country_totals,reported,f_reporting_basis;f_coverage_change
FRA,Frankrike,country,1997,burned_area_km2,215.81,km2,K3,effis_annual_country_totals,reported,f_reporting_basis;f_coverage_change
FRA,Frankrike,country,1998,burned_area_km2,192.82,km2,K3,effis_annual_country_totals,reported,f_reporting_basis;f_coverage_change
FRA,Frankrike,country,1999,burned_area_km2,159.06,km2,K3,effis_annual_country_totals,reported,f_reporting_basis;f_coverage_change
FRA,Frankrike,country,2000,burned_area_km2,240.78,km2,K3,effis_annual_country_totals,reported,f_reporting_basis;f_coverage_change
FRA,Frankrike,country,2001,burned_area_km2,206.42,km2,K3,effis_annual_country_totals,reported,f_reporting_basis;f_coverage_change
FRA,Frankrike,country,2002,burned_area_km2,301.6,km2,K3,effis_annual_country_totals,reported,f_reporting_basis;f_coverage_change
FRA,Frankrike,country,2003,burned_area_km2,732.78,km2,K3,effis_annual_country_totals,reported,f_reporting_basis;f_coverage_change
FRA,Frankrike,country,2004,burned_area_km2,137.11,km2,K3,effis_annual_country_totals,reported,f_reporting_basis;f_coverage_change
FRA,Frankrike,country,2005,burned_area_km2,221.35,km2,K3,effis_annual_country_totals,reported,f_reporting_basis;f_coverage_change
FRA,Frankrike,country,2006,burned_area_km2,70.26,km2,K3,effis_annual_country_totals,reported,f_reporting_basis;f_coverage_change
FRA,Frankrike,country,2007,burned_area_km2,70.57,km2,K3,effis_annual_country_totals,reported,f_reporting_basis;f_coverage_change
FRA,Frankrike,country,2008,burned_area_km2,47.1,km2,K3,effis_annual_country_totals,reported,f_reporting_basis;f_coverage_change
FRA,Frankrike,country,2009,burned_area_km2,146.12,km2,K3,effis_annual_country_totals,reported,f_reporting_basis;f_coverage_change
FRA,Frankrike,country,2010,burned_area_km2,85.24,km2,K3,effis_annual_country_totals,reported,f_reporting_basis;f_coverage_change
FRA,Frankrike,country,2011,burned_area_km2,68.0,km2,K3,effis_annual_country_totals,reported,f_reporting_basis;f_coverage_change
FRA,Frankrike,country,2012,burned_area_km2,75.84,km2,K3,effis_annual_country_totals,reported,f_reporting_basis;f_coverage_change
FRA,Frankrike,country,2013,burned_area_km2,27.35,km2,K3,effis_annual_country_totals,reported,f_reporting_basis;f_coverage_change
FRA,Frankrike,country,2014,burned_area_km2,47.35,km2,K3,effis_annual_country_totals,reported,f_reporting_basis;f_coverage_change
FRA,Frankrike,country,2015,burned_area_km2,81.69,km2,K3,effis_annual_country_totals,reported,f_reporting_basis;f_coverage_change
FRA,Frankrike,country,2016,burned_area_km2,141.01,km2,K3,effis_annual_country_totals,reported,f_reporting_basis;f_coverage_change
FRA,Frankrike,country,2017,burned_area_km2,230.93,km2,K3,effis_annual_country_totals,reported,f_reporting_basis;f_coverage_change
FRA,Frankrike,country,2018,burned_area_km2,39.4,km2,K3,effis_annual_country_totals,reported,f_reporting_basis;f_coverage_change
FRA,Frankrike,country,2019,burned_area_km2,133.94,km2,K3,effis_annual_country_totals,reported,f_reporting_basis;f_coverage_change
FRA,Frankrike,country,2020,burned_area_km2,107.22,km2,K3,effis_annual_country_totals,reported,f_reporting_basis;f_coverage_change
FRA,Frankrike,country,2021,burned_area_km2,127.79,km2,K3,effis_annual_country_totals,reported,f_reporting_basis;f_coverage_change
FRA,Frankrike,country,2022,burned_area_km2,581.23,km2,K3,effis_annual_country_totals,reported,f_reporting_basis;f_coverage_change
FRA,Frankrike,country,2023,burned_area_km2,53.61,km2,K3,effis_annual_country_totals,reported,f_reporting_basis;f_coverage_change
FRA,Frankrike,country,2024,burned_area_km2,29.49,km2,K3,effis_annual_country_totals,reported,f_reporting_basis;f_coverage_change
GRC,Hellas,country,1980,burned_area_km2,329.65,km2,K3,effis_annual_country_totals,reported,f_reporting_basis;f_coverage_change
GRC,Hellas,country,1981,burned_area_km2,814.17,km2,K3,effis_annual_country_totals,reported,f_reporting_basis;f_coverage_change
GRC,Hellas,country,1982,burned_area_km2,273.72,km2,K3,effis_annual_country_totals,reported,f_reporting_basis;f_coverage_change
GRC,Hellas,country,1983,burned_area_km2,196.13,km2,K3,effis_annual_country_totals,reported,f_reporting_basis;f_coverage_change
GRC,Hellas,country,1984,burned_area_km2,336.55,km2,K3,effis_annual_country_totals,reported,f_reporting_basis;f_coverage_change
GRC,Hellas,country,1985,burned_area_km2,1054.5,km2,K3,effis_annual_country_totals,reported,f_reporting_basis;f_coverage_change
GRC,Hellas,country,1986,burned_area_km2,245.14,km2,K3,effis_annual_country_totals,reported,f_reporting_basis;f_coverage_change
GRC,Hellas,country,1987,burned_area_km2,463.15,km2,K3,effis_annual_country_totals,reported,f_reporting_basis;f_coverage_change
GRC,Hellas,country,1988,burned_area_km2,1105.01,km2,K3,effis_annual_country_totals,reported,f_reporting_basis;f_coverage_change
GRC,Hellas,country,1989,burned_area_km2,423.63,km2,K3,effis_annual_country_totals,reported,f_reporting_basis;f_coverage_change
GRC,Hellas,country,1990,burned_area_km2,385.94,km2,K3,effis_annual_country_totals,reported,f_reporting_basis;f_coverage_change
GRC,Hellas,country,1991,burned_area_km2,130.46,km2,K3,effis_annual_country_totals,reported,f_reporting_basis;f_coverage_change
GRC,Hellas,country,1992,burned_area_km2,714.1,km2,K3,effis_annual_country_totals,reported,f_reporting_basis;f_coverage_change
GRC,Hellas,country,1993,burned_area_km2,540.49,km2,K3,effis_annual_country_totals,reported,f_reporting_basis;f_coverage_change
GRC,Hellas,country,1994,burned_area_km2,579.08,km2,K3,effis_annual_country_totals,reported,f_reporting_basis;f_coverage_change
GRC,Hellas,country,1995,burned_area_km2,272.02,km2,K3,effis_annual_country_totals,reported,f_reporting_basis;f_coverage_change
GRC,Hellas,country,1996,burned_area_km2,253.1,km2,K3,effis_annual_country_totals,reported,f_reporting_basis;f_coverage_change
GRC,Hellas,country,1997,burned_area_km2,523.73,km2,K3,effis_annual_country_totals,reported,f_reporting_basis;f_coverage_change
GRC,Hellas,country,1998,burned_area_km2,929.01,km2,K3,effis_annual_country_totals,reported,f_reporting_basis;f_coverage_change
GRC,Hellas,country,1999,burned_area_km2,82.89,km2,K3,effis_annual_country_totals,reported,f_reporting_basis;f_coverage_change
GRC,Hellas,country,2000,burned_area_km2,1450.33,km2,K3,effis_annual_country_totals,reported,f_reporting_basis;f_coverage_change
GRC,Hellas,country,2001,burned_area_km2,182.21,km2,K3,effis_annual_country_totals,reported,f_reporting_basis;f_coverage_change
GRC,Hellas,country,2002,burned_area_km2,60.13,km2,K3,effis_annual_country_totals,reported,f_reporting_basis;f_coverage_change
GRC,Hellas,country,2003,burned_area_km2,35.17,km2,K3,effis_annual_country_totals,reported,f_reporting_basis;f_coverage_change
GRC,Hellas,country,2004,burned_area_km2,102.67,km2,K3,effis_annual_country_totals,reported,f_reporting_basis;f_coverage_change
GRC,Hellas,country,2005,burned_area_km2,64.37,km2,K3,effis_annual_country_totals,reported,f_reporting_basis;f_coverage_change
GRC,Hellas,country,2006,burned_area_km2,126.61,km2,K3,effis_annual_country_totals,reported,f_reporting_basis;f_coverage_change
GRC,Hellas,country,2007,burned_area_km2,2257.34,km2,K3,effis_annual_country_totals,reported,f_reporting_basis;f_coverage_change
GRC,Hellas,country,2008,burned_area_km2,291.52,km2,K3,effis_annual_country_totals,reported,f_reporting_basis;f_coverage_change
GRC,Hellas,country,2009,burned_area_km2,353.42,km2,K3,effis_annual_country_totals,reported,f_reporting_basis;f_coverage_change
GRC,Hellas,country,2010,burned_area_km2,89.67,km2,K3,effis_annual_country_totals,reported,f_reporting_basis;f_coverage_change
GRC,Hellas,country,2011,burned_area_km2,291.44,km2,K3,effis_annual_country_totals,reported,f_reporting_basis;f_coverage_change
GRC,Hellas,country,2012,burned_area_km2,599.24,km2,K3,effis_annual_country_totals,reported,f_reporting_basis;f_coverage_change
GRC,Hellas,country,2013,burned_area_km2,466.76,km2,K3,effis_annual_country_totals,reported,f_reporting_basis;f_coverage_change
GRC,Hellas,country,2014,burned_area_km2,258.46,km2,K3,effis_annual_country_totals,reported,f_reporting_basis;f_coverage_change
GRC,Hellas,country,2015,burned_area_km2,70.96,km2,K3,effis_annual_country_totals,reported,f_reporting_basis;f_coverage_change
GRC,Hellas,country,2016,burned_area_km2,265.4,km2,K3,effis_annual_country_totals,reported,f_reporting_basis;f_coverage_change
GRC,Hellas,country,2017,burned_area_km2,133.93,km2,K3,effis_annual_country_totals,reported,f_reporting_basis;f_coverage_change
GRC,Hellas,country,2018,burned_area_km2,154.64,km2,K3,effis_annual_country_totals,reported,f_reporting_basis;f_coverage_change
GRC,Hellas,country,2019,burned_area_km2,91.53,km2,K3,effis_annual_country_totals,reported,f_reporting_basis;f_coverage_change
GRC,Hellas,country,2020,burned_area_km2,93.0,km2,K3,effis_annual_country_totals,reported,f_reporting_basis;f_coverage_change
GRC,Hellas,country,2021,burned_area_km2,1084.18,km2,K3,effis_annual_country_totals,reported,f_reporting_basis;f_coverage_change
GRC,Hellas,country,2022,burned_area_km2,188.07,km2,K3,effis_annual_country_totals,reported,f_reporting_basis;f_coverage_change
GRC,Hellas,country,2023,burned_area_km2,1364.99,km2,K3,effis_annual_country_totals,reported,f_reporting_basis;f_coverage_change
GRC,Hellas,country,2024,burned_area_km2,282.88,km2,K3,effis_annual_country_totals,reported,f_reporting_basis;f_coverage_change
HRV,Kroatia,country,1992,burned_area_km2,111.31,km2,K3,effis_annual_country_totals,reported,f_reporting_basis;f_coverage_change
HRV,Kroatia,country,1993,burned_area_km2,201.57,km2,K3,effis_annual_country_totals,reported,f_reporting_basis;f_coverage_change
HRV,Kroatia,country,1994,burned_area_km2,79.36,km2,K3,effis_annual_country_totals,reported,f_reporting_basis;f_coverage_change
HRV,Kroatia,country,1995,burned_area_km2,46.51,km2,K3,effis_annual_country_totals,reported,f_reporting_basis;f_coverage_change
HRV,Kroatia,country,1996,burned_area_km2,112.14,km2,K3,effis_annual_country_totals,reported,f_reporting_basis;f_coverage_change
HRV,Kroatia,country,1997,burned_area_km2,111.22,km2,K3,effis_annual_country_totals,reported,f_reporting_basis;f_coverage_change
HRV,Kroatia,country,1998,burned_area_km2,320.56,km2,K3,effis_annual_country_totals,reported,f_reporting_basis;f_coverage_change
HRV,Kroatia,country,1999,burned_area_km2,60.53,km2,K3,effis_annual_country_totals,reported,f_reporting_basis;f_coverage_change
HRV,Kroatia,country,2000,burned_area_km2,681.71,km2,K3,effis_annual_country_totals,reported,f_reporting_basis;f_coverage_change
HRV,Kroatia,country,2001,burned_area_km2,161.69,km2,K3,effis_annual_country_totals,reported,f_reporting_basis;f_coverage_change
HRV,Kroatia,country,2002,burned_area_km2,48.53,km2,K3,effis_annual_country_totals,reported,f_reporting_basis;f_coverage_change
HRV,Kroatia,country,2003,burned_area_km2,270.91,km2,K3,effis_annual_country_totals,reported,f_reporting_basis;f_coverage_change
HRV,Kroatia,country,2004,burned_area_km2,33.78,km2,K3,effis_annual_country_totals,reported,f_reporting_basis;f_coverage_change
HRV,Kroatia,country,2005,burned_area_km2,31.35,km2,K3,effis_annual_country_totals,reported,f_reporting_basis;f_coverage_change
HRV,Kroatia,country,2006,burned_area_km2,45.75,km2,K3,effis_annual_country_totals,reported,f_reporting_basis;f_coverage_change
HRV,Kroatia,country,2007,burned_area_km2,202.09,km2,K3,effis_annual_country_totals,reported,f_reporting_basis;f_coverage_change
HRV,Kroatia,country,2008,burned_area_km2,73.43,km2,K3,effis_annual_country_totals,reported,f_reporting_basis;f_coverage_change
HRV,Kroatia,country,2009,burned_area_km2,29.0,km2,K3,effis_annual_country_totals,reported,f_reporting_basis;f_coverage_change
HRV,Kroatia,country,2010,burned_area_km2,11.21,km2,K3,effis_annual_country_totals,reported,f_reporting_basis;f_coverage_change
HRV,Kroatia,country,2011,burned_area_km2,155.55,km2,K3,effis_annual_country_totals,reported,f_reporting_basis;f_coverage_change
HRV,Kroatia,country,2012,burned_area_km2,248.04,km2,K3,effis_annual_country_totals,reported,f_reporting_basis;f_coverage_change
HRV,Kroatia,country,2013,burned_area_km2,19.99,km2,K3,effis_annual_country_totals,reported,f_reporting_basis;f_coverage_change
HRV,Kroatia,country,2014,burned_area_km2,1.88,km2,K3,effis_annual_country_totals,reported,f_reporting_basis;f_coverage_change
HRV,Kroatia,country,2015,burned_area_km2,94.16,km2,K3,effis_annual_country_totals,reported,f_reporting_basis;f_coverage_change
HRV,Kroatia,country,2016,burned_area_km2,71.0,km2,K3,effis_annual_country_totals,reported,f_reporting_basis;f_coverage_change
HRV,Kroatia,country,2017,burned_area_km2,485.43,km2,K3,effis_annual_country_totals,reported,f_reporting_basis;f_coverage_change
HRV,Kroatia,country,2018,burned_area_km2,15.06,km2,K3,effis_annual_country_totals,reported,f_reporting_basis;f_coverage_change
HRV,Kroatia,country,2019,burned_area_km2,21.8,km2,K3,effis_annual_country_totals,reported,f_reporting_basis;f_coverage_change
HRV,Kroatia,country,2020,burned_area_km2,239.94,km2,K3,effis_annual_country_totals,reported,f_reporting_basis;f_coverage_change
HRV,Kroatia,country,2021,burned_area_km2,66.6,km2,K3,effis_annual_country_totals,reported,f_reporting_basis;f_coverage_change
HRV,Kroatia,country,2022,burned_area_km2,242.26,km2,K3,effis_annual_country_totals,reported,f_reporting_basis;f_coverage_change
HRV,Kroatia,country,2023,burned_area_km2,18.37,km2,K3,effis_annual_country_totals,reported,f_reporting_basis;f_coverage_change
HRV,Kroatia,country,2024,burned_area_km2,146.07,km2,K3,effis_annual_country_totals,reported,f_reporting_basis;f_coverage_change
HUN,Ungarn,country,1999,burned_area_km2,7.56,km2,K3,effis_annual_country_totals,reported,f_reporting_basis;f_coverage_change
HUN,Ungarn,country,2000,burned_area_km2,15.95,km2,K3,effis_annual_country_totals,reported,f_reporting_basis;f_coverage_change
HUN,Ungarn,country,2002,burned_area_km2,12.27,km2,K3,effis_annual_country_totals,reported,f_reporting_basis;f_coverage_change
HUN,Ungarn,country,2003,burned_area_km2,8.45,km2,K3,effis_annual_country_totals,reported,f_reporting_basis;f_coverage_change
HUN,Ungarn,country,2004,burned_area_km2,2.47,km2,K3,effis_annual_country_totals,reported,f_reporting_basis;f_coverage_change
HUN,Ungarn,country,2005,burned_area_km2,35.31,km2,K3,effis_annual_country_totals,reported,f_reporting_basis;f_coverage_change
HUN,Ungarn,country,2006,burned_area_km2,6.25,km2,K3,effis_annual_country_totals,reported,f_reporting_basis;f_coverage_change
HUN,Ungarn,country,2007,burned_area_km2,46.36,km2,K3,effis_annual_country_totals,reported,f_reporting_basis;f_coverage_change
HUN,Ungarn,country,2008,burned_area_km2,24.04,km2,K3,effis_annual_country_totals,reported,f_reporting_basis;f_coverage_change
HUN,Ungarn,country,2009,burned_area_km2,64.63,km2,K3,effis_annual_country_totals,reported,f_reporting_basis;f_coverage_change
HUN,Ungarn,country,2010,burned_area_km2,8.78,km2,K3,effis_annual_country_totals,reported,f_reporting_basis;f_coverage_change
HUN,Ungarn,country,2011,burned_area_km2,80.55,km2,K3,effis_annual_country_totals,reported,f_reporting_basis;f_coverage_change
HUN,Ungarn,country,2012,burned_area_km2,141.15,km2,K3,effis_annual_country_totals,reported,f_reporting_basis;f_coverage_change
HUN,Ungarn,country,2013,burned_area_km2,19.55,km2,K3,effis_annual_country_totals,reported,f_reporting_basis;f_coverage_change
HUN,Ungarn,country,2014,burned_area_km2,44.54,km2,K3,effis_annual_country_totals,reported,f_reporting_basis;f_coverage_change
HUN,Ungarn,country,2015,burned_area_km2,47.3,km2,K3,effis_annual_country_totals,reported,f_reporting_basis;f_coverage_change
HUN,Ungarn,country,2016,burned_area_km2,9.74,km2,K3,effis_annual_country_totals,reported,f_reporting_basis;f_coverage_change
HUN,Ungarn,country,2017,burned_area_km2,49.33,km2,K3,effis_annual_country_totals,reported,f_reporting_basis;f_coverage_change
HUN,Ungarn,country,2018,burned_area_km2,9.06,km2,K3,effis_annual_country_totals,reported,f_reporting_basis;f_coverage_change
HUN,Ungarn,country,2019,burned_area_km2,65.41,km2,K3,effis_annual_country_totals,reported,f_reporting_basis;f_coverage_change
HUN,Ungarn,country,2020,burned_area_km2,28.95,km2,K3,effis_annual_country_totals,reported,f_reporting_basis;f_coverage_change
HUN,Ungarn,country,2021,burned_area_km2,24.13,km2,K3,effis_annual_country_totals,reported,f_reporting_basis;f_coverage_change
HUN,Ungarn,country,2022,burned_area_km2,209.47,km2,K3,effis_annual_country_totals,reported,f_reporting_basis;f_coverage_change
HUN,Ungarn,country,2023,burned_area_km2,9.11,km2,K3,effis_annual_country_totals,reported,f_reporting_basis;f_coverage_change
HUN,Ungarn,country,2024,burned_area_km2,27.99,km2,K3,effis_annual_country_totals,reported,f_reporting_basis;f_coverage_change
ITA,Italia,country,1980,burned_area_km2,1439.19,km2,K3,effis_annual_country_totals,reported,f_reporting_basis;f_coverage_change
ITA,Italia,country,1981,burned_area_km2,2298.5,km2,K3,effis_annual_country_totals,reported,f_reporting_basis;f_coverage_change
ITA,Italia,country,1982,burned_area_km2,1304.56,km2,K3,effis_annual_country_totals,reported,f_reporting_basis;f_coverage_change
ITA,Italia,country,1983,burned_area_km2,2126.78,km2,K3,effis_annual_country_totals,reported,f_reporting_basis;f_coverage_change
ITA,Italia,country,1984,burned_area_km2,752.72,km2,K3,effis_annual_country_totals,reported,f_reporting_basis;f_coverage_change
ITA,Italia,country,1985,burned_area_km2,1906.4,km2,K3,effis_annual_country_totals,reported,f_reporting_basis;f_coverage_change
ITA,Italia,country,1986,burned_area_km2,864.2,km2,K3,effis_annual_country_totals,reported,f_reporting_basis;f_coverage_change
ITA,Italia,country,1987,burned_area_km2,1206.97,km2,K3,effis_annual_country_totals,reported,f_reporting_basis;f_coverage_change
ITA,Italia,country,1988,burned_area_km2,1864.05,km2,K3,effis_annual_country_totals,reported,f_reporting_basis;f_coverage_change
ITA,Italia,country,1989,burned_area_km2,951.61,km2,K3,effis_annual_country_totals,reported,f_reporting_basis;f_coverage_change
ITA,Italia,country,1990,burned_area_km2,1953.19,km2,K3,effis_annual_country_totals,reported,f_reporting_basis;f_coverage_change
ITA,Italia,country,1991,burned_area_km2,998.6,km2,K3,effis_annual_country_totals,reported,f_reporting_basis;f_coverage_change
ITA,Italia,country,1992,burned_area_km2,1056.92,km2,K3,effis_annual_country_totals,reported,f_reporting_basis;f_coverage_change
ITA,Italia,country,1993,burned_area_km2,2037.49,km2,K3,effis_annual_country_totals,reported,f_reporting_basis;f_coverage_change
ITA,Italia,country,1994,burned_area_km2,1363.34,km2,K3,effis_annual_country_totals,reported,f_reporting_basis;f_coverage_change
ITA,Italia,country,1995,burned_area_km2,488.84,km2,K3,effis_annual_country_totals,reported,f_reporting_basis;f_coverage_change
ITA,Italia,country,1996,burned_area_km2,579.88,km2,K3,effis_annual_country_totals,reported,f_reporting_basis;f_coverage_change
ITA,Italia,country,1997,burned_area_km2,1112.3,km2,K3,effis_annual_country_totals,reported,f_reporting_basis;f_coverage_change
ITA,Italia,country,1998,burned_area_km2,1555.53,km2,K3,effis_annual_country_totals,reported,f_reporting_basis;f_coverage_change
ITA,Italia,country,1999,burned_area_km2,711.17,km2,K3,effis_annual_country_totals,reported,f_reporting_basis;f_coverage_change
ITA,Italia,country,2000,burned_area_km2,1146.48,km2,K3,effis_annual_country_totals,reported,f_reporting_basis;f_coverage_change
ITA,Italia,country,2001,burned_area_km2,764.27,km2,K3,effis_annual_country_totals,reported,f_reporting_basis;f_coverage_change
ITA,Italia,country,2002,burned_area_km2,407.91,km2,K3,effis_annual_country_totals,reported,f_reporting_basis;f_coverage_change
ITA,Italia,country,2003,burned_area_km2,918.05,km2,K3,effis_annual_country_totals,reported,f_reporting_basis;f_coverage_change
ITA,Italia,country,2004,burned_area_km2,601.76,km2,K3,effis_annual_country_totals,reported,f_reporting_basis;f_coverage_change
ITA,Italia,country,2005,burned_area_km2,475.75,km2,K3,effis_annual_country_totals,reported,f_reporting_basis;f_coverage_change
ITA,Italia,country,2006,burned_area_km2,399.46,km2,K3,effis_annual_country_totals,reported,f_reporting_basis;f_coverage_change
ITA,Italia,country,2007,burned_area_km2,2277.29,km2,K3,effis_annual_country_totals,reported,f_reporting_basis;f_coverage_change
ITA,Italia,country,2008,burned_area_km2,663.29,km2,K3,effis_annual_country_totals,reported,f_reporting_basis;f_coverage_change
ITA,Italia,country,2009,burned_area_km2,733.55,km2,K3,effis_annual_country_totals,reported,f_reporting_basis;f_coverage_change
ITA,Italia,country,2010,burned_area_km2,465.37,km2,K3,effis_annual_country_totals,reported,f_reporting_basis;f_coverage_change
ITA,Italia,country,2011,burned_area_km2,720.04,km2,K3,effis_annual_country_totals,reported,f_reporting_basis;f_coverage_change
ITA,Italia,country,2012,burned_area_km2,1308.14,km2,K3,effis_annual_country_totals,reported,f_reporting_basis;f_coverage_change
ITA,Italia,country,2013,burned_area_km2,290.76,km2,K3,effis_annual_country_totals,reported,f_reporting_basis;f_coverage_change
ITA,Italia,country,2014,burned_area_km2,361.25,km2,K3,effis_annual_country_totals,reported,f_reporting_basis;f_coverage_change
ITA,Italia,country,2015,burned_area_km2,415.11,km2,K3,effis_annual_country_totals,reported,f_reporting_basis;f_coverage_change
ITA,Italia,country,2016,burned_area_km2,655.03,km2,K3,effis_annual_country_totals,reported,f_reporting_basis;f_coverage_change
ITA,Italia,country,2017,burned_area_km2,1619.87,km2,K3,effis_annual_country_totals,reported,f_reporting_basis;f_coverage_change
ITA,Italia,country,2018,burned_area_km2,194.81,km2,K3,effis_annual_country_totals,reported,f_reporting_basis;f_coverage_change
ITA,Italia,country,2019,burned_area_km2,360.34,km2,K3,effis_annual_country_totals,reported,f_reporting_basis;f_coverage_change
ITA,Italia,country,2020,burned_area_km2,556.56,km2,K3,effis_annual_country_totals,reported,f_reporting_basis;f_coverage_change
ITA,Italia,country,2021,burned_area_km2,1519.64,km2,K3,effis_annual_country_totals,reported,f_reporting_basis;f_coverage_change
ITA,Italia,country,2022,burned_area_km2,716.94,km2,K3,effis_annual_country_totals,reported,f_reporting_basis;f_coverage_change
ITA,Italia,country,2023,burned_area_km2,888.06,km2,K3,effis_annual_country_totals,reported,f_reporting_basis;f_coverage_change
ITA,Italia,country,2024,burned_area_km2,526.23,km2,K3,effis_annual_country_totals,reported,f_reporting_basis;f_coverage_change
LBN,Libanon,country,2015,burned_area_km2,7.53,km2,K3,effis_annual_country_totals,reported,f_reporting_basis;f_coverage_change
LBN,Libanon,country,2016,burned_area_km2,18.71,km2,K3,effis_annual_country_totals,reported,f_reporting_basis;f_coverage_change
LBN,Libanon,country,2017,burned_area_km2,2.64,km2,K3,effis_annual_country_totals,reported,f_reporting_basis;f_coverage_change
LBN,Libanon,country,2018,burned_area_km2,6.43,km2,K3,effis_annual_country_totals,reported,f_reporting_basis;f_coverage_change
LBN,Libanon,country,2019,burned_area_km2,31.55,km2,K3,effis_annual_country_totals,reported,f_reporting_basis;f_coverage_change
LBN,Libanon,country,2020,burned_area_km2,18.51,km2,K3,effis_annual_country_totals,reported,f_reporting_basis;f_coverage_change
LBN,Libanon,country,2021,burned_area_km2,15.08,km2,K3,effis_annual_country_totals,reported,f_reporting_basis;f_coverage_change
LBN,Libanon,country,2022,burned_area_km2,0.79,km2,K3,effis_annual_country_totals,reported,f_reporting_basis;f_coverage_change
LBN,Libanon,country,2023,burned_area_km2,1.32,km2,K3,effis_annual_country_totals,reported,f_reporting_basis;f_coverage_change
LTU,Litauen,country,1992,burned_area_km2,7.69,km2,K3,effis_annual_country_totals,reported,f_reporting_basis;f_coverage_change
LTU,Litauen,country,1993,burned_area_km2,2.74,km2,K3,effis_annual_country_totals,reported,f_reporting_basis;f_coverage_change
LTU,Litauen,country,1994,burned_area_km2,2.79,km2,K3,effis_annual_country_totals,reported,f_reporting_basis;f_coverage_change
LTU,Litauen,country,1995,burned_area_km2,3.21,km2,K3,effis_annual_country_totals,reported,f_reporting_basis;f_coverage_change
LTU,Litauen,country,1996,burned_area_km2,4.78,km2,K3,effis_annual_country_totals,reported,f_reporting_basis;f_coverage_change
LTU,Litauen,country,1997,burned_area_km2,2.26,km2,K3,effis_annual_country_totals,reported,f_reporting_basis;f_coverage_change
LTU,Litauen,country,1998,burned_area_km2,0.93,km2,K3,effis_annual_country_totals,reported,f_reporting_basis;f_coverage_change
LTU,Litauen,country,1999,burned_area_km2,4.94,km2,K3,effis_annual_country_totals,reported,f_reporting_basis;f_coverage_change
LTU,Litauen,country,2000,burned_area_km2,3.52,km2,K3,effis_annual_country_totals,reported,f_reporting_basis;f_coverage_change
LTU,Litauen,country,2001,burned_area_km2,1.13,km2,K3,effis_annual_country_totals,reported,f_reporting_basis;f_coverage_change
LTU,Litauen,country,2002,burned_area_km2,7.46,km2,K3,effis_annual_country_totals,reported,f_reporting_basis;f_coverage_change
LTU,Litauen,country,2003,burned_area_km2,4.36,km2,K3,effis_annual_country_totals,reported,f_reporting_basis;f_coverage_change
LTU,Litauen,country,2004,burned_area_km2,2.53,km2,K3,effis_annual_country_totals,reported,f_reporting_basis;f_coverage_change
LTU,Litauen,country,2005,burned_area_km2,0.51,km2,K3,effis_annual_country_totals,reported,f_reporting_basis;f_coverage_change
LTU,Litauen,country,2006,burned_area_km2,11.99,km2,K3,effis_annual_country_totals,reported,f_reporting_basis;f_coverage_change
LTU,Litauen,country,2007,burned_area_km2,0.38,km2,K3,effis_annual_country_totals,reported,f_reporting_basis;f_coverage_change
LTU,Litauen,country,2008,burned_area_km2,1.12,km2,K3,effis_annual_country_totals,reported,f_reporting_basis;f_coverage_change
LTU,Litauen,country,2009,burned_area_km2,2.87,km2,K3,effis_annual_country_totals,reported,f_reporting_basis;f_coverage_change
LTU,Litauen,country,2010,burned_area_km2,0.22,km2,K3,effis_annual_country_totals,reported,f_reporting_basis;f_coverage_change
LTU,Litauen,country,2011,burned_area_km2,2.93,km2,K3,effis_annual_country_totals,reported,f_reporting_basis;f_coverage_change
LTU,Litauen,country,2012,burned_area_km2,0.2,km2,K3,effis_annual_country_totals,reported,f_reporting_basis;f_coverage_change
LTU,Litauen,country,2013,burned_area_km2,0.25,km2,K3,effis_annual_country_totals,reported,f_reporting_basis;f_coverage_change
LTU,Litauen,country,2014,burned_area_km2,1.62,km2,K3,effis_annual_country_totals,reported,f_reporting_basis;f_coverage_change
LTU,Litauen,country,2015,burned_area_km2,0.71,km2,K3,effis_annual_country_totals,reported,f_reporting_basis;f_coverage_change
LTU,Litauen,country,2016,burned_area_km2,0.26,km2,K3,effis_annual_country_totals,reported,f_reporting_basis;f_coverage_change
LTU,Litauen,country,2017,burned_area_km2,0.53,km2,K3,effis_annual_country_totals,reported,f_reporting_basis;f_coverage_change
LTU,Litauen,country,2018,burned_area_km2,1.1,km2,K3,effis_annual_country_totals,reported,f_reporting_basis;f_coverage_change
LTU,Litauen,country,2019,burned_area_km2,2.0,km2,K3,effis_annual_country_totals,reported,f_reporting_basis;f_coverage_change
LTU,Litauen,country,2020,burned_area_km2,0.64,km2,K3,effis_annual_country_totals,reported,f_reporting_basis;f_coverage_change
LTU,Litauen,country,2021,burned_area_km2,0.11,km2,K3,effis_annual_country_totals,reported,f_reporting_basis;f_coverage_change
LTU,Litauen,country,2022,burned_area_km2,0.53,km2,K3,effis_annual_country_totals,reported,f_reporting_basis;f_coverage_change
LTU,Litauen,country,2023,burned_area_km2,0.6,km2,K3,effis_annual_country_totals,reported,f_reporting_basis;f_coverage_change
LTU,Litauen,country,2024,burned_area_km2,0.49,km2,K3,effis_annual_country_totals,reported,f_reporting_basis;f_coverage_change
LVA,Latvia,country,1990,burned_area_km2,2.58,km2,K3,effis_annual_country_totals,reported,f_reporting_basis;f_coverage_change
LVA,Latvia,country,1991,burned_area_km2,0.69,km2,K3,effis_annual_country_totals,reported,f_reporting_basis;f_coverage_change
LVA,Latvia,country,1992,burned_area_km2,84.12,km2,K3,effis_annual_country_totals,reported,f_reporting_basis;f_coverage_change
LVA,Latvia,country,1993,burned_area_km2,5.7,km2,K3,effis_annual_country_totals,reported,f_reporting_basis;f_coverage_change
LVA,Latvia,country,1994,burned_area_km2,3.26,km2,K3,effis_annual_country_totals,reported,f_reporting_basis;f_coverage_change
LVA,Latvia,country,1995,burned_area_km2,5.35,km2,K3,effis_annual_country_totals,reported,f_reporting_basis;f_coverage_change
LVA,Latvia,country,1996,burned_area_km2,9.27,km2,K3,effis_annual_country_totals,reported,f_reporting_basis;f_coverage_change
LVA,Latvia,country,1997,burned_area_km2,4.48,km2,K3,effis_annual_country_totals,reported,f_reporting_basis;f_coverage_change
LVA,Latvia,country,1998,burned_area_km2,2.11,km2,K3,effis_annual_country_totals,reported,f_reporting_basis;f_coverage_change
LVA,Latvia,country,1999,burned_area_km2,15.44,km2,K3,effis_annual_country_totals,reported,f_reporting_basis;f_coverage_change
LVA,Latvia,country,2000,burned_area_km2,13.41,km2,K3,effis_annual_country_totals,reported,f_reporting_basis;f_coverage_change
LVA,Latvia,country,2001,burned_area_km2,3.11,km2,K3,effis_annual_country_totals,reported,f_reporting_basis;f_coverage_change
LVA,Latvia,country,2002,burned_area_km2,22.22,km2,K3,effis_annual_country_totals,reported,f_reporting_basis;f_coverage_change
LVA,Latvia,country,2003,burned_area_km2,5.59,km2,K3,effis_annual_country_totals,reported,f_reporting_basis;f_coverage_change
LVA,Latvia,country,2004,burned_area_km2,4.86,km2,K3,effis_annual_country_totals,reported,f_reporting_basis;f_coverage_change
LVA,Latvia,country,2005,burned_area_km2,1.2,km2,K3,effis_annual_country_totals,reported,f_reporting_basis;f_coverage_change
LVA,Latvia,country,2006,burned_area_km2,33.87,km2,K3,effis_annual_country_totals,reported,f_reporting_basis;f_coverage_change
LVA,Latvia,country,2007,burned_area_km2,2.72,km2,K3,effis_annual_country_totals,reported,f_reporting_basis;f_coverage_change
LVA,Latvia,country,2008,burned_area_km2,3.64,km2,K3,effis_annual_country_totals,reported,f_reporting_basis;f_coverage_change
LVA,Latvia,country,2009,burned_area_km2,6.46,km2,K3,effis_annual_country_totals,reported,f_reporting_basis;f_coverage_change
LVA,Latvia,country,2010,burned_area_km2,0.92,km2,K3,effis_annual_country_totals,reported,f_reporting_basis;f_coverage_change
LVA,Latvia,country,2011,burned_area_km2,1.15,km2,K3,effis_annual_country_totals,reported,f_reporting_basis;f_coverage_change
LVA,Latvia,country,2012,burned_area_km2,0.9,km2,K3,effis_annual_country_totals,reported,f_reporting_basis;f_coverage_change
LVA,Latvia,country,2013,burned_area_km2,2.17,km2,K3,effis_annual_country_totals,reported,f_reporting_basis;f_coverage_change
LVA,Latvia,country,2014,burned_area_km2,5.91,km2,K3,effis_annual_country_totals,reported,f_reporting_basis;f_coverage_change
LVA,Latvia,country,2015,burned_area_km2,6.15,km2,K3,effis_annual_country_totals,reported,f_reporting_basis;f_coverage_change
LVA,Latvia,country,2016,burned_area_km2,4.67,km2,K3,effis_annual_country_totals,reported,f_reporting_basis;f_coverage_change
LVA,Latvia,country,2017,burned_area_km2,2.65,km2,K3,effis_annual_country_totals,reported,f_reporting_basis;f_coverage_change
LVA,Latvia,country,2018,burned_area_km2,28.64,km2,K3,effis_annual_country_totals,reported,f_reporting_basis;f_coverage_change
LVA,Latvia,country,2019,burned_area_km2,8.05,km2,K3,effis_annual_country_totals,reported,f_reporting_basis;f_coverage_change
LVA,Latvia,country,2020,burned_area_km2,3.09,km2,K3,effis_annual_country_totals,reported,f_reporting_basis;f_coverage_change
LVA,Latvia,country,2021,burned_area_km2,5.04,km2,K3,effis_annual_country_totals,reported,f_reporting_basis;f_coverage_change
LVA,Latvia,country,2022,burned_area_km2,2.17,km2,K3,effis_annual_country_totals,reported,f_reporting_basis;f_coverage_change
LVA,Latvia,country,2023,burned_area_km2,6.22,km2,K3,effis_annual_country_totals,reported,f_reporting_basis;f_coverage_change
LVA,Latvia,country,2024,burned_area_km2,0.63,km2,K3,effis_annual_country_totals,reported,f_reporting_basis;f_coverage_change
MAR,Marokko,country,1990,burned_area_km2,21.18,km2,K3,effis_annual_country_totals,reported,f_reporting_basis;f_coverage_change
MAR,Marokko,country,1991,burned_area_km2,39.65,km2,K3,effis_annual_country_totals,reported,f_reporting_basis;f_coverage_change
MAR,Marokko,country,1992,burned_area_km2,25.79,km2,K3,effis_annual_country_totals,reported,f_reporting_basis;f_coverage_change
MAR,Marokko,country,1993,burned_area_km2,30.78,km2,K3,effis_annual_country_totals,reported,f_reporting_basis;f_coverage_change
MAR,Marokko,country,1994,burned_area_km2,60.72,km2,K3,effis_annual_country_totals,reported,f_reporting_basis;f_coverage_change
MAR,Marokko,country,1995,burned_area_km2,70.18,km2,K3,effis_annual_country_totals,reported,f_reporting_basis;f_coverage_change
MAR,Marokko,country,1996,burned_area_km2,11.85,km2,K3,effis_annual_country_totals,reported,f_reporting_basis;f_coverage_change
MAR,Marokko,country,1997,burned_area_km2,38.45,km2,K3,effis_annual_country_totals,reported,f_reporting_basis;f_coverage_change
MAR,Marokko,country,1998,burned_area_km2,18.55,km2,K3,effis_annual_country_totals,reported,f_reporting_basis;f_coverage_change
MAR,Marokko,country,1999,burned_area_km2,16.88,km2,K3,effis_annual_country_totals,reported,f_reporting_basis;f_coverage_change
MAR,Marokko,country,2000,burned_area_km2,40.64,km2,K3,effis_annual_country_totals,reported,f_reporting_basis;f_coverage_change
MAR,Marokko,country,2001,burned_area_km2,18.06,km2,K3,effis_annual_country_totals,reported,f_reporting_basis;f_coverage_change
MAR,Marokko,country,2002,burned_area_km2,5.93,km2,K3,effis_annual_country_totals,reported,f_reporting_basis;f_coverage_change
MAR,Marokko,country,2003,burned_area_km2,28.58,km2,K3,effis_annual_country_totals,reported,f_reporting_basis;f_coverage_change
MAR,Marokko,country,2004,burned_area_km2,86.6,km2,K3,effis_annual_country_totals,reported,f_reporting_basis;f_coverage_change
MAR,Marokko,country,2005,burned_area_km2,61.98,km2,K3,effis_annual_country_totals,reported,f_reporting_basis;f_coverage_change
MAR,Marokko,country,2006,burned_area_km2,53.6,km2,K3,effis_annual_country_totals,reported,f_reporting_basis;f_coverage_change
MAR,Marokko,country,2007,burned_area_km2,13.67,km2,K3,effis_annual_country_totals,reported,f_reporting_basis;f_coverage_change
MAR,Marokko,country,2008,burned_area_km2,11.27,km2,K3,effis_annual_country_totals,reported,f_reporting_basis;f_coverage_change
MAR,Marokko,country,2009,burned_area_km2,31.08,km2,K3,effis_annual_country_totals,reported,f_reporting_basis;f_coverage_change
MAR,Marokko,country,2010,burned_area_km2,55.11,km2,K3,effis_annual_country_totals,reported,f_reporting_basis;f_coverage_change
MAR,Marokko,country,2011,burned_area_km2,34.6,km2,K3,effis_annual_country_totals,reported,f_reporting_basis;f_coverage_change
MAR,Marokko,country,2012,burned_area_km2,66.95,km2,K3,effis_annual_country_totals,reported,f_reporting_basis;f_coverage_change
MAR,Marokko,country,2013,burned_area_km2,22.07,km2,K3,effis_annual_country_totals,reported,f_reporting_basis;f_coverage_change
MAR,Marokko,country,2014,burned_area_km2,15.4,km2,K3,effis_annual_country_totals,reported,f_reporting_basis;f_coverage_change
MAR,Marokko,country,2015,burned_area_km2,9.92,km2,K3,effis_annual_country_totals,reported,f_reporting_basis;f_coverage_change
MAR,Marokko,country,2016,burned_area_km2,25.85,km2,K3,effis_annual_country_totals,reported,f_reporting_basis;f_coverage_change
MAR,Marokko,country,2017,burned_area_km2,24.14,km2,K3,effis_annual_country_totals,reported,f_reporting_basis;f_coverage_change
MAR,Marokko,country,2018,burned_area_km2,8.41,km2,K3,effis_annual_country_totals,reported,f_reporting_basis;f_coverage_change
MAR,Marokko,country,2019,burned_area_km2,32.32,km2,K3,effis_annual_country_totals,reported,f_reporting_basis;f_coverage_change
MAR,Marokko,country,2020,burned_area_km2,55.69,km2,K3,effis_annual_country_totals,reported,f_reporting_basis;f_coverage_change
MAR,Marokko,country,2021,burned_area_km2,30.64,km2,K3,effis_annual_country_totals,reported,f_reporting_basis;f_coverage_change
MAR,Marokko,country,2022,burned_area_km2,227.62,km2,K3,effis_annual_country_totals,reported,f_reporting_basis;f_coverage_change
MAR,Marokko,country,2023,burned_area_km2,62.46,km2,K3,effis_annual_country_totals,reported,f_reporting_basis;f_coverage_change
MAR,Marokko,country,2024,burned_area_km2,8.74,km2,K3,effis_annual_country_totals,reported,f_reporting_basis;f_coverage_change
MKD,Nord-Makedonia,country,2007,burned_area_km2,326.65,km2,K3,effis_annual_country_totals,reported,f_reporting_basis;f_coverage_change
MKD,Nord-Makedonia,country,2008,burned_area_km2,59.15,km2,K3,effis_annual_country_totals,reported,f_reporting_basis;f_coverage_change
MKD,Nord-Makedonia,country,2009,burned_area_km2,13.07,km2,K3,effis_annual_country_totals,reported,f_reporting_basis;f_coverage_change
MKD,Nord-Makedonia,country,2010,burned_area_km2,7.37,km2,K3,effis_annual_country_totals,reported,f_reporting_basis;f_coverage_change
MKD,Nord-Makedonia,country,2011,burned_area_km2,173.08,km2,K3,effis_annual_country_totals,reported,f_reporting_basis;f_coverage_change
MKD,Nord-Makedonia,country,2012,burned_area_km2,100.21,km2,K3,effis_annual_country_totals,reported,f_reporting_basis;f_coverage_change
MKD,Nord-Makedonia,country,2013,burned_area_km2,30.27,km2,K3,effis_annual_country_totals,reported,f_reporting_basis;f_coverage_change
MKD,Nord-Makedonia,country,2014,burned_area_km2,8.46,km2,K3,effis_annual_country_totals,reported,f_reporting_basis;f_coverage_change
MKD,Nord-Makedonia,country,2015,burned_area_km2,17.98,km2,K3,effis_annual_country_totals,reported,f_reporting_basis;f_coverage_change
MKD,Nord-Makedonia,country,2016,burned_area_km2,4.5,km2,K3,effis_annual_country_totals,reported,f_reporting_basis;f_coverage_change
MKD,Nord-Makedonia,country,2017,burned_area_km2,56.19,km2,K3,effis_annual_country_totals,reported,f_reporting_basis;f_coverage_change
MKD,Nord-Makedonia,country,2018,burned_area_km2,0.95,km2,K3,effis_annual_country_totals,reported,f_reporting_basis;f_coverage_change
MKD,Nord-Makedonia,country,2019,burned_area_km2,48.34,km2,K3,effis_annual_country_totals,reported,f_reporting_basis;f_coverage_change
MKD,Nord-Makedonia,country,2020,burned_area_km2,0.68,km2,K3,effis_annual_country_totals,reported,f_reporting_basis;f_coverage_change
MKD,Nord-Makedonia,country,2021,burned_area_km2,67.96,km2,K3,effis_annual_country_totals,reported,f_reporting_basis;f_coverage_change
MKD,Nord-Makedonia,country,2022,burned_area_km2,1.99,km2,K3,effis_annual_country_totals,reported,f_reporting_basis;f_coverage_change
MKD,Nord-Makedonia,country,2023,burned_area_km2,5.29,km2,K3,effis_annual_country_totals,reported,f_reporting_basis;f_coverage_change
MKD,Nord-Makedonia,country,2024,burned_area_km2,610.61,km2,K3,effis_annual_country_totals,reported,f_reporting_basis;f_coverage_change
NLD,Nederland,country,2017,burned_area_km2,2.32,km2,K3,effis_annual_country_totals,reported,f_reporting_basis;f_coverage_change
NLD,Nederland,country,2018,burned_area_km2,6.39,km2,K3,effis_annual_country_totals,reported,f_reporting_basis;f_coverage_change
NLD,Nederland,country,2019,burned_area_km2,2.5,km2,K3,effis_annual_country_totals,reported,f_reporting_basis;f_coverage_change
NLD,Nederland,country,2020,burned_area_km2,10.72,km2,K3,effis_annual_country_totals,reported,f_reporting_basis;f_coverage_change
NLD,Nederland,country,2021,burned_area_km2,0.18,km2,K3,effis_annual_country_totals,reported,f_reporting_basis;f_coverage_change
NLD,Nederland,country,2022,burned_area_km2,2.2,km2,K3,effis_annual_country_totals,reported,f_reporting_basis;f_coverage_change
NLD,Nederland,country,2023,burned_area_km2,1.16,km2,K3,effis_annual_country_totals,reported,f_reporting_basis;f_coverage_change
NLD,Nederland,country,2024,burned_area_km2,0.17,km2,K3,effis_annual_country_totals,reported,f_reporting_basis;f_coverage_change
NOR,Norge,country,2001,burned_area_km2,8.95,km2,K3,effis_annual_country_totals,reported,f_reporting_basis;f_coverage_change
NOR,Norge,country,2002,burned_area_km2,2.21,km2,K3,effis_annual_country_totals,reported,f_reporting_basis;f_coverage_change
NOR,Norge,country,2003,burned_area_km2,9.42,km2,K3,effis_annual_country_totals,reported,f_reporting_basis;f_coverage_change
NOR,Norge,country,2004,burned_area_km2,1.17,km2,K3,effis_annual_country_totals,reported,f_reporting_basis;f_coverage_change
NOR,Norge,country,2005,burned_area_km2,3.46,km2,K3,effis_annual_country_totals,reported,f_reporting_basis;f_coverage_change
NOR,Norge,country,2006,burned_area_km2,38.29,km2,K3,effis_annual_country_totals,reported,f_reporting_basis;f_coverage_change
NOR,Norge,country,2007,burned_area_km2,1.28,km2,K3,effis_annual_country_totals,reported,f_reporting_basis;f_coverage_change
NOR,Norge,country,2008,burned_area_km2,31.74,km2,K3,effis_annual_country_totals,reported,f_reporting_basis;f_coverage_change
NOR,Norge,country,2009,burned_area_km2,13.29,km2,K3,effis_annual_country_totals,reported,f_reporting_basis;f_coverage_change
NOR,Norge,country,2010,burned_area_km2,7.69,km2,K3,effis_annual_country_totals,reported,f_reporting_basis;f_coverage_change
NOR,Norge,country,2011,burned_area_km2,1.21,km2,K3,effis_annual_country_totals,reported,f_reporting_basis;f_coverage_change
NOR,Norge,country,2012,burned_area_km2,0.6,km2,K3,effis_annual_country_totals,reported,f_reporting_basis;f_coverage_change
NOR,Norge,country,2013,burned_area_km2,0.47,km2,K3,effis_annual_country_totals,reported,f_reporting_basis;f_coverage_change
NOR,Norge,country,2014,burned_area_km2,7.7,km2,K3,effis_annual_country_totals,reported,f_reporting_basis;f_coverage_change
NOR,Norge,country,2015,burned_area_km2,1.43,km2,K3,effis_annual_country_totals,reported,f_reporting_basis;f_coverage_change
NOR,Norge,country,2016,burned_area_km2,18.84,km2,K3,effis_annual_country_totals,reported,f_reporting_basis;f_coverage_change
NOR,Norge,country,2017,burned_area_km2,5.25,km2,K3,effis_annual_country_totals,reported,f_reporting_basis;f_coverage_change
NOR,Norge,country,2018,burned_area_km2,32.79,km2,K3,effis_annual_country_totals,reported,f_reporting_basis;f_coverage_change
NOR,Norge,country,2019,burned_area_km2,30.77,km2,K3,effis_annual_country_totals,reported,f_reporting_basis;f_coverage_change
NOR,Norge,country,2020,burned_area_km2,3.63,km2,K3,effis_annual_country_totals,reported,f_reporting_basis;f_coverage_change
NOR,Norge,country,2021,burned_area_km2,6.53,km2,K3,effis_annual_country_totals,reported,f_reporting_basis;f_coverage_change
NOR,Norge,country,2022,burned_area_km2,24.55,km2,K3,effis_annual_country_totals,reported,f_reporting_basis;f_coverage_change
NOR,Norge,country,2023,burned_area_km2,30.59,km2,K3,effis_annual_country_totals,reported,f_reporting_basis;f_coverage_change
NOR,Norge,country,2024,burned_area_km2,8.87,km2,K3,effis_annual_country_totals,reported,f_reporting_basis;f_coverage_change
POL,Polen,country,1990,burned_area_km2,73.41,km2,K3,effis_annual_country_totals,reported,f_reporting_basis;f_coverage_change
POL,Polen,country,1991,burned_area_km2,25.67,km2,K3,effis_annual_country_totals,reported,f_reporting_basis;f_coverage_change
POL,Polen,country,1992,burned_area_km2,437.55,km2,K3,effis_annual_country_totals,reported,f_reporting_basis;f_coverage_change
POL,Polen,country,1993,burned_area_km2,82.9,km2,K3,effis_annual_country_totals,reported,f_reporting_basis;f_coverage_change
POL,Polen,country,1994,burned_area_km2,93.25,km2,K3,effis_annual_country_totals,reported,f_reporting_basis;f_coverage_change
POL,Polen,country,1995,burned_area_km2,54.03,km2,K3,effis_annual_country_totals,reported,f_reporting_basis;f_coverage_change
POL,Polen,country,1996,burned_area_km2,145.37,km2,K3,effis_annual_country_totals,reported,f_reporting_basis;f_coverage_change
POL,Polen,country,1997,burned_area_km2,67.66,km2,K3,effis_annual_country_totals,reported,f_reporting_basis;f_coverage_change
POL,Polen,country,1998,burned_area_km2,42.22,km2,K3,effis_annual_country_totals,reported,f_reporting_basis;f_coverage_change
POL,Polen,country,1999,burned_area_km2,86.29,km2,K3,effis_annual_country_totals,reported,f_reporting_basis;f_coverage_change
POL,Polen,country,2000,burned_area_km2,70.89,km2,K3,effis_annual_country_totals,reported,f_reporting_basis;f_coverage_change
POL,Polen,country,2001,burned_area_km2,34.66,km2,K3,effis_annual_country_totals,reported,f_reporting_basis;f_coverage_change
POL,Polen,country,2002,burned_area_km2,52.1,km2,K3,effis_annual_country_totals,reported,f_reporting_basis;f_coverage_change
POL,Polen,country,2003,burned_area_km2,215.51,km2,K3,effis_annual_country_totals,reported,f_reporting_basis;f_coverage_change
POL,Polen,country,2004,burned_area_km2,37.82,km2,K3,effis_annual_country_totals,reported,f_reporting_basis;f_coverage_change
POL,Polen,country,2005,burned_area_km2,57.13,km2,K3,effis_annual_country_totals,reported,f_reporting_basis;f_coverage_change
POL,Polen,country,2006,burned_area_km2,56.57,km2,K3,effis_annual_country_totals,reported,f_reporting_basis;f_coverage_change
POL,Polen,country,2007,burned_area_km2,28.41,km2,K3,effis_annual_country_totals,reported,f_reporting_basis;f_coverage_change
POL,Polen,country,2008,burned_area_km2,30.27,km2,K3,effis_annual_country_totals,reported,f_reporting_basis;f_coverage_change
POL,Polen,country,2009,burned_area_km2,44.0,km2,K3,effis_annual_country_totals,reported,f_reporting_basis;f_coverage_change
POL,Polen,country,2010,burned_area_km2,21.26,km2,K3,effis_annual_country_totals,reported,f_reporting_basis;f_coverage_change
POL,Polen,country,2011,burned_area_km2,26.78,km2,K3,effis_annual_country_totals,reported,f_reporting_basis;f_coverage_change
POL,Polen,country,2012,burned_area_km2,72.35,km2,K3,effis_annual_country_totals,reported,f_reporting_basis;f_coverage_change
POL,Polen,country,2013,burned_area_km2,12.89,km2,K3,effis_annual_country_totals,reported,f_reporting_basis;f_coverage_change
POL,Polen,country,2014,burned_area_km2,26.9,km2,K3,effis_annual_country_totals,reported,f_reporting_basis;f_coverage_change
POL,Polen,country,2015,burned_area_km2,55.1,km2,K3,effis_annual_country_totals,reported,f_reporting_basis;f_coverage_change
POL,Polen,country,2016,burned_area_km2,14.51,km2,K3,effis_annual_country_totals,reported,f_reporting_basis;f_coverage_change
POL,Polen,country,2017,burned_area_km2,10.23,km2,K3,effis_annual_country_totals,reported,f_reporting_basis;f_coverage_change
POL,Polen,country,2018,burned_area_km2,26.96,km2,K3,effis_annual_country_totals,reported,f_reporting_basis;f_coverage_change
POL,Polen,country,2019,burned_area_km2,35.72,km2,K3,effis_annual_country_totals,reported,f_reporting_basis;f_coverage_change
POL,Polen,country,2020,burned_area_km2,84.17,km2,K3,effis_annual_country_totals,reported,f_reporting_basis;f_coverage_change
POL,Polen,country,2021,burned_area_km2,8.94,km2,K3,effis_annual_country_totals,reported,f_reporting_basis;f_coverage_change
POL,Polen,country,2022,burned_area_km2,28.53,km2,K3,effis_annual_country_totals,reported,f_reporting_basis;f_coverage_change
POL,Polen,country,2023,burned_area_km2,11.29,km2,K3,effis_annual_country_totals,reported,f_reporting_basis;f_coverage_change
POL,Polen,country,2024,burned_area_km2,13.58,km2,K3,effis_annual_country_totals,reported,f_reporting_basis;f_coverage_change
PRT,Portugal,country,1980,burned_area_km2,442.51,km2,K3,effis_annual_country_totals,reported,f_reporting_basis;f_coverage_change
PRT,Portugal,country,1981,burned_area_km2,897.98,km2,K3,effis_annual_country_totals,reported,f_reporting_basis;f_coverage_change
PRT,Portugal,country,1982,burned_area_km2,395.56,km2,K3,effis_annual_country_totals,reported,f_reporting_basis;f_coverage_change
PRT,Portugal,country,1983,burned_area_km2,478.11,km2,K3,effis_annual_country_totals,reported,f_reporting_basis;f_coverage_change
PRT,Portugal,country,1984,burned_area_km2,527.1,km2,K3,effis_annual_country_totals,reported,f_reporting_basis;f_coverage_change
PRT,Portugal,country,1985,burned_area_km2,1462.54,km2,K3,effis_annual_country_totals,reported,f_reporting_basis;f_coverage_change
PRT,Portugal,country,1986,burned_area_km2,895.22,km2,K3,effis_annual_country_totals,reported,f_reporting_basis;f_coverage_change
PRT,Portugal,country,1987,burned_area_km2,762.69,km2,K3,effis_annual_country_totals,reported,f_reporting_basis;f_coverage_change
PRT,Portugal,country,1988,burned_area_km2,224.34,km2,K3,effis_annual_country_totals,reported,f_reporting_basis;f_coverage_change
PRT,Portugal,country,1989,burned_area_km2,1262.37,km2,K3,effis_annual_country_totals,reported,f_reporting_basis;f_coverage_change
PRT,Portugal,country,1990,burned_area_km2,1372.52,km2,K3,effis_annual_country_totals,reported,f_reporting_basis;f_coverage_change
PRT,Portugal,country,1991,burned_area_km2,1824.86,km2,K3,effis_annual_country_totals,reported,f_reporting_basis;f_coverage_change
PRT,Portugal,country,1992,burned_area_km2,570.11,km2,K3,effis_annual_country_totals,reported,f_reporting_basis;f_coverage_change
PRT,Portugal,country,1993,burned_area_km2,499.63,km2,K3,effis_annual_country_totals,reported,f_reporting_basis;f_coverage_change
PRT,Portugal,country,1994,burned_area_km2,773.23,km2,K3,effis_annual_country_totals,reported,f_reporting_basis;f_coverage_change
PRT,Portugal,country,1995,burned_area_km2,1696.12,km2,K3,effis_annual_country_totals,reported,f_reporting_basis;f_coverage_change
PRT,Portugal,country,1996,burned_area_km2,888.67,km2,K3,effis_annual_country_totals,reported,f_reporting_basis;f_coverage_change
PRT,Portugal,country,1997,burned_area_km2,305.35,km2,K3,effis_annual_country_totals,reported,f_reporting_basis;f_coverage_change
PRT,Portugal,country,1998,burned_area_km2,1583.69,km2,K3,effis_annual_country_totals,reported,f_reporting_basis;f_coverage_change
PRT,Portugal,country,1999,burned_area_km2,706.13,km2,K3,effis_annual_country_totals,reported,f_reporting_basis;f_coverage_change
PRT,Portugal,country,2000,burned_area_km2,1596.05,km2,K3,effis_annual_country_totals,reported,f_reporting_basis;f_coverage_change
PRT,Portugal,country,2001,burned_area_km2,1174.2,km2,K3,effis_annual_country_totals,reported,f_reporting_basis;f_coverage_change
PRT,Portugal,country,2002,burned_area_km2,1308.49,km2,K3,effis_annual_country_totals,reported,f_reporting_basis;f_coverage_change
PRT,Portugal,country,2003,burned_area_km2,4717.5,km2,K3,effis_annual_country_totals,reported,f_reporting_basis;f_coverage_change
PRT,Portugal,country,2004,burned_area_km2,1513.7,km2,K3,effis_annual_country_totals,reported,f_reporting_basis;f_coverage_change
PRT,Portugal,country,2005,burned_area_km2,3467.18,km2,K3,effis_annual_country_totals,reported,f_reporting_basis;f_coverage_change
PRT,Portugal,country,2006,burned_area_km2,837.06,km2,K3,effis_annual_country_totals,reported,f_reporting_basis;f_coverage_change
PRT,Portugal,country,2007,burned_area_km2,364.13,km2,K3,effis_annual_country_totals,reported,f_reporting_basis;f_coverage_change
PRT,Portugal,country,2008,burned_area_km2,198.97,km2,K3,effis_annual_country_totals,reported,f_reporting_basis;f_coverage_change
PRT,Portugal,country,2009,burned_area_km2,921.26,km2,K3,effis_annual_country_totals,reported,f_reporting_basis;f_coverage_change
PRT,Portugal,country,2010,burned_area_km2,1409.53,km2,K3,effis_annual_country_totals,reported,f_reporting_basis;f_coverage_change
PRT,Portugal,country,2011,burned_area_km2,771.04,km2,K3,effis_annual_country_totals,reported,f_reporting_basis;f_coverage_change
PRT,Portugal,country,2012,burned_area_km2,1179.85,km2,K3,effis_annual_country_totals,reported,f_reporting_basis;f_coverage_change
PRT,Portugal,country,2013,burned_area_km2,1603.88,km2,K3,effis_annual_country_totals,reported,f_reporting_basis;f_coverage_change
PRT,Portugal,country,2014,burned_area_km2,228.2,km2,K3,effis_annual_country_totals,reported,f_reporting_basis;f_coverage_change
PRT,Portugal,country,2015,burned_area_km2,672.0,km2,K3,effis_annual_country_totals,reported,f_reporting_basis;f_coverage_change
PRT,Portugal,country,2016,burned_area_km2,1678.08,km2,K3,effis_annual_country_totals,reported,f_reporting_basis;f_coverage_change
PRT,Portugal,country,2017,burned_area_km2,5399.21,km2,K3,effis_annual_country_totals,reported,f_reporting_basis;f_coverage_change
PRT,Portugal,country,2018,burned_area_km2,445.78,km2,K3,effis_annual_country_totals,reported,f_reporting_basis;f_coverage_change
PRT,Portugal,country,2019,burned_area_km2,420.85,km2,K3,effis_annual_country_totals,reported,f_reporting_basis;f_coverage_change
PRT,Portugal,country,2020,burned_area_km2,671.7,km2,K3,effis_annual_country_totals,reported,f_reporting_basis;f_coverage_change
PRT,Portugal,country,2021,burned_area_km2,283.6,km2,K3,effis_annual_country_totals,reported,f_reporting_basis;f_coverage_change
PRT,Portugal,country,2022,burned_area_km2,1100.97,km2,K3,effis_annual_country_totals,reported,f_reporting_basis;f_coverage_change
PRT,Portugal,country,2023,burned_area_km2,345.1,km2,K3,effis_annual_country_totals,reported,f_reporting_basis;f_coverage_change
PRT,Portugal,country,2024,burned_area_km2,1376.51,km2,K3,effis_annual_country_totals,reported,f_reporting_basis;f_coverage_change
ROU,Romania,country,1990,burned_area_km2,4.44,km2,K3,effis_annual_country_totals,reported,f_reporting_basis;f_coverage_change
ROU,Romania,country,1991,burned_area_km2,2.77,km2,K3,effis_annual_country_totals,reported,f_reporting_basis;f_coverage_change
ROU,Romania,country,1992,burned_area_km2,7.29,km2,K3,effis_annual_country_totals,reported,f_reporting_basis;f_coverage_change
ROU,Romania,country,1993,burned_area_km2,5.18,km2,K3,effis_annual_country_totals,reported,f_reporting_basis;f_coverage_change
ROU,Romania,country,1994,burned_area_km2,3.12,km2,K3,effis_annual_country_totals,reported,f_reporting_basis;f_coverage_change
ROU,Romania,country,1995,burned_area_km2,2.08,km2,K3,effis_annual_country_totals,reported,f_reporting_basis;f_coverage_change
ROU,Romania,country,1996,burned_area_km2,2.27,km2,K3,effis_annual_country_totals,reported,f_reporting_basis;f_coverage_change
ROU,Romania,country,1997,burned_area_km2,0.68,km2,K3,effis_annual_country_totals,reported,f_reporting_basis;f_coverage_change
ROU,Romania,country,1998,burned_area_km2,1.37,km2,K3,effis_annual_country_totals,reported,f_reporting_basis;f_coverage_change
ROU,Romania,country,1999,burned_area_km2,3.79,km2,K3,effis_annual_country_totals,reported,f_reporting_basis;f_coverage_change
ROU,Romania,country,2000,burned_area_km2,36.07,km2,K3,effis_annual_country_totals,reported,f_reporting_basis;f_coverage_change
ROU,Romania,country,2001,burned_area_km2,10.01,km2,K3,effis_annual_country_totals,reported,f_reporting_basis;f_coverage_change
ROU,Romania,country,2002,burned_area_km2,35.36,km2,K3,effis_annual_country_totals,reported,f_reporting_basis;f_coverage_change
ROU,Romania,country,2003,burned_area_km2,7.62,km2,K3,effis_annual_country_totals,reported,f_reporting_basis;f_coverage_change
ROU,Romania,country,2004,burned_area_km2,1.24,km2,K3,effis_annual_country_totals,reported,f_reporting_basis;f_coverage_change
ROU,Romania,country,2005,burned_area_km2,1.62,km2,K3,effis_annual_country_totals,reported,f_reporting_basis;f_coverage_change
ROU,Romania,country,2006,burned_area_km2,9.46,km2,K3,effis_annual_country_totals,reported,f_reporting_basis;f_coverage_change
ROU,Romania,country,2007,burned_area_km2,25.29,km2,K3,effis_annual_country_totals,reported,f_reporting_basis;f_coverage_change
ROU,Romania,country,2008,burned_area_km2,3.73,km2,K3,effis_annual_country_totals,reported,f_reporting_basis;f_coverage_change
ROU,Romania,country,2009,burned_area_km2,9.74,km2,K3,effis_annual_country_totals,reported,f_reporting_basis;f_coverage_change
ROU,Romania,country,2010,burned_area_km2,2.06,km2,K3,effis_annual_country_totals,reported,f_reporting_basis;f_coverage_change
ROU,Romania,country,2011,burned_area_km2,21.95,km2,K3,effis_annual_country_totals,reported,f_reporting_basis;f_coverage_change
ROU,Romania,country,2012,burned_area_km2,66.24,km2,K3,effis_annual_country_totals,reported,f_reporting_basis;f_coverage_change
ROU,Romania,country,2013,burned_area_km2,4.21,km2,K3,effis_annual_country_totals,reported,f_reporting_basis;f_coverage_change
ROU,Romania,country,2014,burned_area_km2,2.17,km2,K3,effis_annual_country_totals,reported,f_reporting_basis;f_coverage_change
ROU,Romania,country,2015,burned_area_km2,16.71,km2,K3,effis_annual_country_totals,reported,f_reporting_basis;f_coverage_change
ROU,Romania,country,2016,burned_area_km2,6.75,km2,K3,effis_annual_country_totals,reported,f_reporting_basis;f_coverage_change
ROU,Romania,country,2017,burned_area_km2,24.59,km2,K3,effis_annual_country_totals,reported,f_reporting_basis;f_coverage_change
ROU,Romania,country,2018,burned_area_km2,13.41,km2,K3,effis_annual_country_totals,reported,f_reporting_basis;f_coverage_change
ROU,Romania,country,2019,burned_area_km2,24.96,km2,K3,effis_annual_country_totals,reported,f_reporting_basis;f_coverage_change
ROU,Romania,country,2020,burned_area_km2,51.52,km2,K3,effis_annual_country_totals,reported,f_reporting_basis;f_coverage_change
ROU,Romania,country,2021,burned_area_km2,21.01,km2,K3,effis_annual_country_totals,reported,f_reporting_basis;f_coverage_change
ROU,Romania,country,2022,burned_area_km2,131.53,km2,K3,effis_annual_country_totals,reported,f_reporting_basis;f_coverage_change
ROU,Romania,country,2023,burned_area_km2,5.54,km2,K3,effis_annual_country_totals,reported,f_reporting_basis;f_coverage_change
ROU,Romania,country,2024,burned_area_km2,103.6,km2,K3,effis_annual_country_totals,reported,f_reporting_basis;f_coverage_change
SRB,Serbia,country,2009,burned_area_km2,7.12,km2,K3,effis_annual_country_totals,reported,f_reporting_basis;f_coverage_change
SRB,Serbia,country,2010,burned_area_km2,0.04,km2,K3,effis_annual_country_totals,reported,f_reporting_basis;f_coverage_change
SRB,Serbia,country,2011,burned_area_km2,50.03,km2,K3,effis_annual_country_totals,reported,f_reporting_basis;f_coverage_change
SRB,Serbia,country,2012,burned_area_km2,132.26,km2,K3,effis_annual_country_totals,reported,f_reporting_basis;f_coverage_change
SRB,Serbia,country,2013,burned_area_km2,11.32,km2,K3,effis_annual_country_totals,reported,f_reporting_basis;f_coverage_change
SRB,Serbia,country,2014,burned_area_km2,5.99,km2,K3,effis_annual_country_totals,reported,f_reporting_basis;f_coverage_change
SRB,Serbia,country,2015,burned_area_km2,14.74,km2,K3,effis_annual_country_totals,reported,f_reporting_basis;f_coverage_change
SRB,Serbia,country,2016,burned_area_km2,8.43,km2,K3,effis_annual_country_totals,reported,f_reporting_basis;f_coverage_change
SRB,Serbia,country,2017,burned_area_km2,47.57,km2,K3,effis_annual_country_totals,reported,f_reporting_basis;f_coverage_change
SRB,Serbia,country,2018,burned_area_km2,15.02,km2,K3,effis_annual_country_totals,reported,f_reporting_basis;f_coverage_change
SRB,Serbia,country,2019,burned_area_km2,98.72,km2,K3,effis_annual_country_totals,reported,f_reporting_basis;f_coverage_change
SRB,Serbia,country,2020,burned_area_km2,14.17,km2,K3,effis_annual_country_totals,reported,f_reporting_basis;f_coverage_change
SRB,Serbia,country,2021,burned_area_km2,16.3,km2,K3,effis_annual_country_totals,reported,f_reporting_basis;f_coverage_change
SRB,Serbia,country,2022,burned_area_km2,10.53,km2,K3,effis_annual_country_totals,reported,f_reporting_basis;f_coverage_change
SRB,Serbia,country,2023,burned_area_km2,3.58,km2,K3,effis_annual_country_totals,reported,f_reporting_basis;f_coverage_change
SRB,Serbia,country,2024,burned_area_km2,68.7,km2,K3,effis_annual_country_totals,reported,f_reporting_basis;f_coverage_change
SVK,Slovakia,country,1999,burned_area_km2,5.57,km2,K3,effis_annual_country_totals,reported,f_reporting_basis;f_coverage_change
SVK,Slovakia,country,2000,burned_area_km2,9.04,km2,K3,effis_annual_country_totals,reported,f_reporting_basis;f_coverage_change
SVK,Slovakia,country,2001,burned_area_km2,3.05,km2,K3,effis_annual_country_totals,reported,f_reporting_basis;f_coverage_change
SVK,Slovakia,country,2002,burned_area_km2,5.95,km2,K3,effis_annual_country_totals,reported,f_reporting_basis;f_coverage_change
SVK,Slovakia,country,2003,burned_area_km2,15.67,km2,K3,effis_annual_country_totals,reported,f_reporting_basis;f_coverage_change
SVK,Slovakia,country,2004,burned_area_km2,1.57,km2,K3,effis_annual_country_totals,reported,f_reporting_basis;f_coverage_change
SVK,Slovakia,country,2005,burned_area_km2,5.24,km2,K3,effis_annual_country_totals,reported,f_reporting_basis;f_coverage_change
SVK,Slovakia,country,2006,burned_area_km2,2.8,km2,K3,effis_annual_country_totals,reported,f_reporting_basis;f_coverage_change
SVK,Slovakia,country,2007,burned_area_km2,6.79,km2,K3,effis_annual_country_totals,reported,f_reporting_basis;f_coverage_change
SVK,Slovakia,country,2008,burned_area_km2,1.18,km2,K3,effis_annual_country_totals,reported,f_reporting_basis;f_coverage_change
SVK,Slovakia,country,2009,burned_area_km2,5.1,km2,K3,effis_annual_country_totals,reported,f_reporting_basis;f_coverage_change
SVK,Slovakia,country,2010,burned_area_km2,1.92,km2,K3,effis_annual_country_totals,reported,f_reporting_basis;f_coverage_change
SVK,Slovakia,country,2011,burned_area_km2,4.03,km2,K3,effis_annual_country_totals,reported,f_reporting_basis;f_coverage_change
SVK,Slovakia,country,2012,burned_area_km2,16.83,km2,K3,effis_annual_country_totals,reported,f_reporting_basis;f_coverage_change
SVK,Slovakia,country,2013,burned_area_km2,2.7,km2,K3,effis_annual_country_totals,reported,f_reporting_basis;f_coverage_change
SVK,Slovakia,country,2014,burned_area_km2,1.92,km2,K3,effis_annual_country_totals,reported,f_reporting_basis;f_coverage_change
SVK,Slovakia,country,2015,burned_area_km2,3.53,km2,K3,effis_annual_country_totals,reported,f_reporting_basis;f_coverage_change
SVK,Slovakia,country,2016,burned_area_km2,1.75,km2,K3,effis_annual_country_totals,reported,f_reporting_basis;f_coverage_change
SVK,Slovakia,country,2017,burned_area_km2,2.95,km2,K3,effis_annual_country_totals,reported,f_reporting_basis;f_coverage_change
SVK,Slovakia,country,2018,burned_area_km2,2.48,km2,K3,effis_annual_country_totals,reported,f_reporting_basis;f_coverage_change
SVK,Slovakia,country,2019,burned_area_km2,4.62,km2,K3,effis_annual_country_totals,reported,f_reporting_basis;f_coverage_change
SVK,Slovakia,country,2020,burned_area_km2,4.77,km2,K3,effis_annual_country_totals,reported,f_reporting_basis;f_coverage_change
SVK,Slovakia,country,2021,burned_area_km2,1.59,km2,K3,effis_annual_country_totals,reported,f_reporting_basis;f_coverage_change
SVK,Slovakia,country,2022,burned_area_km2,12.1,km2,K3,effis_annual_country_totals,reported,f_reporting_basis;f_coverage_change
SVK,Slovakia,country,2023,burned_area_km2,0.3,km2,K3,effis_annual_country_totals,reported,f_reporting_basis;f_coverage_change
SVK,Slovakia,country,2024,burned_area_km2,0.82,km2,K3,effis_annual_country_totals,reported,f_reporting_basis;f_coverage_change
SVN,Slovenia,country,2002,burned_area_km2,1.61,km2,K3,effis_annual_country_totals,reported,f_reporting_basis;f_coverage_change
SVN,Slovenia,country,2003,burned_area_km2,21.0,km2,K3,effis_annual_country_totals,reported,f_reporting_basis;f_coverage_change
SVN,Slovenia,country,2004,burned_area_km2,1.38,km2,K3,effis_annual_country_totals,reported,f_reporting_basis;f_coverage_change
SVN,Slovenia,country,2005,burned_area_km2,2.8,km2,K3,effis_annual_country_totals,reported,f_reporting_basis;f_coverage_change
SVN,Slovenia,country,2006,burned_area_km2,14.2,km2,K3,effis_annual_country_totals,reported,f_reporting_basis;f_coverage_change
SVN,Slovenia,country,2007,burned_area_km2,1.28,km2,K3,effis_annual_country_totals,reported,f_reporting_basis;f_coverage_change
SVN,Slovenia,country,2008,burned_area_km2,0.75,km2,K3,effis_annual_country_totals,reported,f_reporting_basis;f_coverage_change
SVN,Slovenia,country,2009,burned_area_km2,1.77,km2,K3,effis_annual_country_totals,reported,f_reporting_basis;f_coverage_change
SVN,Slovenia,country,2010,burned_area_km2,1.21,km2,K3,effis_annual_country_totals,reported,f_reporting_basis;f_coverage_change
SVN,Slovenia,country,2011,burned_area_km2,2.88,km2,K3,effis_annual_country_totals,reported,f_reporting_basis;f_coverage_change
SVN,Slovenia,country,2012,burned_area_km2,10.06,km2,K3,effis_annual_country_totals,reported,f_reporting_basis;f_coverage_change
SVN,Slovenia,country,2013,burned_area_km2,0.66,km2,K3,effis_annual_country_totals,reported,f_reporting_basis;f_coverage_change
SVN,Slovenia,country,2014,burned_area_km2,0.18,km2,K3,effis_annual_country_totals,reported,f_reporting_basis;f_coverage_change
SVN,Slovenia,country,2015,burned_area_km2,0.65,km2,K3,effis_annual_country_totals,reported,f_reporting_basis;f_coverage_change
SVN,Slovenia,country,2016,burned_area_km2,5.26,km2,K3,effis_annual_country_totals,reported,f_reporting_basis;f_coverage_change
SVN,Slovenia,country,2017,burned_area_km2,4.41,km2,K3,effis_annual_country_totals,reported,f_reporting_basis;f_coverage_change
SVN,Slovenia,country,2018,burned_area_km2,0.2,km2,K3,effis_annual_country_totals,reported,f_reporting_basis;f_coverage_change
SVN,Slovenia,country,2019,burned_area_km2,1.54,km2,K3,effis_annual_country_totals,reported,f_reporting_basis;f_coverage_change
SVN,Slovenia,country,2020,burned_area_km2,1.18,km2,K3,effis_annual_country_totals,reported,f_reporting_basis;f_coverage_change
SVN,Slovenia,country,2021,burned_area_km2,1.24,km2,K3,effis_annual_country_totals,reported,f_reporting_basis;f_coverage_change
SVN,Slovenia,country,2022,burned_area_km2,40.59,km2,K3,effis_annual_country_totals,reported,f_reporting_basis;f_coverage_change
SVN,Slovenia,country,2023,burned_area_km2,1.18,km2,K3,effis_annual_country_totals,reported,f_reporting_basis;f_coverage_change
SVN,Slovenia,country,2024,burned_area_km2,1.34,km2,K3,effis_annual_country_totals,reported,f_reporting_basis;f_coverage_change
SWE,Sverige,country,1998,burned_area_km2,4.22,km2,K3,effis_annual_country_totals,reported,f_reporting_basis;f_coverage_change
SWE,Sverige,country,1999,burned_area_km2,17.71,km2,K3,effis_annual_country_totals,reported,f_reporting_basis;f_coverage_change
SWE,Sverige,country,2000,burned_area_km2,15.52,km2,K3,effis_annual_country_totals,reported,f_reporting_basis;f_coverage_change
SWE,Sverige,country,2001,burned_area_km2,12.54,km2,K3,effis_annual_country_totals,reported,f_reporting_basis;f_coverage_change
SWE,Sverige,country,2002,burned_area_km2,26.26,km2,K3,effis_annual_country_totals,reported,f_reporting_basis;f_coverage_change
SWE,Sverige,country,2003,burned_area_km2,40.02,km2,K3,effis_annual_country_totals,reported,f_reporting_basis;f_coverage_change
SWE,Sverige,country,2004,burned_area_km2,18.83,km2,K3,effis_annual_country_totals,reported,f_reporting_basis;f_coverage_change
SWE,Sverige,country,2005,burned_area_km2,15.62,km2,K3,effis_annual_country_totals,reported,f_reporting_basis;f_coverage_change
SWE,Sverige,country,2006,burned_area_km2,57.1,km2,K3,effis_annual_country_totals,reported,f_reporting_basis;f_coverage_change
SWE,Sverige,country,2007,burned_area_km2,10.9,km2,K3,effis_annual_country_totals,reported,f_reporting_basis;f_coverage_change
SWE,Sverige,country,2008,burned_area_km2,61.13,km2,K3,effis_annual_country_totals,reported,f_reporting_basis;f_coverage_change
SWE,Sverige,country,2009,burned_area_km2,15.37,km2,K3,effis_annual_country_totals,reported,f_reporting_basis;f_coverage_change
SWE,Sverige,country,2010,burned_area_km2,5.4,km2,K3,effis_annual_country_totals,reported,f_reporting_basis;f_coverage_change
SWE,Sverige,country,2011,burned_area_km2,9.45,km2,K3,effis_annual_country_totals,reported,f_reporting_basis;f_coverage_change
SWE,Sverige,country,2012,burned_area_km2,4.83,km2,K3,effis_annual_country_totals,reported,f_reporting_basis;f_coverage_change
SWE,Sverige,country,2013,burned_area_km2,15.08,km2,K3,effis_annual_country_totals,reported,f_reporting_basis;f_coverage_change
SWE,Sverige,country,2014,burned_area_km2,146.66,km2,K3,effis_annual_country_totals,reported,f_reporting_basis;f_coverage_change
SWE,Sverige,country,2015,burned_area_km2,5.94,km2,K3,effis_annual_country_totals,reported,f_reporting_basis;f_coverage_change
SWE,Sverige,country,2016,burned_area_km2,12.88,km2,K3,effis_annual_country_totals,reported,f_reporting_basis;f_coverage_change
SWE,Sverige,country,2017,burned_area_km2,14.33,km2,K3,effis_annual_country_totals,reported,f_reporting_basis;f_coverage_change
SWE,Sverige,country,2018,burned_area_km2,243.1,km2,K3,effis_annual_country_totals,reported,f_reporting_basis;f_coverage_change
SWE,Sverige,country,2019,burned_area_km2,12.33,km2,K3,effis_annual_country_totals,reported,f_reporting_basis;f_coverage_change
SWE,Sverige,country,2020,burned_area_km2,8.21,km2,K3,effis_annual_country_totals,reported,f_reporting_basis;f_coverage_change
SWE,Sverige,country,2021,burned_area_km2,7.31,km2,K3,effis_annual_country_totals,reported,f_reporting_basis;f_coverage_change
SWE,Sverige,country,2022,burned_area_km2,9.12,km2,K3,effis_annual_country_totals,reported,f_reporting_basis;f_coverage_change
SWE,Sverige,country,2023,burned_area_km2,8.94,km2,K3,effis_annual_country_totals,reported,f_reporting_basis;f_coverage_change
SWE,Sverige,country,2024,burned_area_km2,3.1,km2,K3,effis_annual_country_totals,reported,f_reporting_basis;f_coverage_change
TUR,Tyrkia,country,1990,burned_area_km2,137.42,km2,K3,effis_annual_country_totals,reported,f_reporting_basis;f_coverage_change
TUR,Tyrkia,country,1991,burned_area_km2,80.81,km2,K3,effis_annual_country_totals,reported,f_reporting_basis;f_coverage_change
TUR,Tyrkia,country,1992,burned_area_km2,122.32,km2,K3,effis_annual_country_totals,reported,f_reporting_basis;f_coverage_change
TUR,Tyrkia,country,1993,burned_area_km2,153.93,km2,K3,effis_annual_country_totals,reported,f_reporting_basis;f_coverage_change
TUR,Tyrkia,country,1994,burned_area_km2,308.28,km2,K3,effis_annual_country_totals,reported,f_reporting_basis;f_coverage_change
TUR,Tyrkia,country,1995,burned_area_km2,76.76,km2,K3,effis_annual_country_totals,reported,f_reporting_basis;f_coverage_change
TUR,Tyrkia,country,1996,burned_area_km2,149.22,km2,K3,effis_annual_country_totals,reported,f_reporting_basis;f_coverage_change
TUR,Tyrkia,country,1997,burned_area_km2,65.17,km2,K3,effis_annual_country_totals,reported,f_reporting_basis;f_coverage_change
TUR,Tyrkia,country,1998,burned_area_km2,67.64,km2,K3,effis_annual_country_totals,reported,f_reporting_basis;f_coverage_change
TUR,Tyrkia,country,1999,burned_area_km2,58.04,km2,K3,effis_annual_country_totals,reported,f_reporting_basis;f_coverage_change
TUR,Tyrkia,country,2000,burned_area_km2,266.53,km2,K3,effis_annual_country_totals,reported,f_reporting_basis;f_coverage_change
TUR,Tyrkia,country,2001,burned_area_km2,73.94,km2,K3,effis_annual_country_totals,reported,f_reporting_basis;f_coverage_change
TUR,Tyrkia,country,2002,burned_area_km2,85.14,km2,K3,effis_annual_country_totals,reported,f_reporting_basis;f_coverage_change
TUR,Tyrkia,country,2003,burned_area_km2,66.44,km2,K3,effis_annual_country_totals,reported,f_reporting_basis;f_coverage_change
TUR,Tyrkia,country,2004,burned_area_km2,48.76,km2,K3,effis_annual_country_totals,reported,f_reporting_basis;f_coverage_change
TUR,Tyrkia,country,2005,burned_area_km2,28.21,km2,K3,effis_annual_country_totals,reported,f_reporting_basis;f_coverage_change
TUR,Tyrkia,country,2006,burned_area_km2,77.62,km2,K3,effis_annual_country_totals,reported,f_reporting_basis;f_coverage_change
TUR,Tyrkia,country,2007,burned_area_km2,116.64,km2,K3,effis_annual_country_totals,reported,f_reporting_basis;f_coverage_change
TUR,Tyrkia,country,2008,burned_area_km2,297.49,km2,K3,effis_annual_country_totals,reported,f_reporting_basis;f_coverage_change
TUR,Tyrkia,country,2009,burned_area_km2,46.79,km2,K3,effis_annual_country_totals,reported,f_reporting_basis;f_coverage_change
TUR,Tyrkia,country,2010,burned_area_km2,35.17,km2,K3,effis_annual_country_totals,reported,f_reporting_basis;f_coverage_change
TUR,Tyrkia,country,2011,burned_area_km2,36.12,km2,K3,effis_annual_country_totals,reported,f_reporting_basis;f_coverage_change
TUR,Tyrkia,country,2012,burned_area_km2,104.55,km2,K3,effis_annual_country_totals,reported,f_reporting_basis;f_coverage_change
TUR,Tyrkia,country,2013,burned_area_km2,114.56,km2,K3,effis_annual_country_totals,reported,f_reporting_basis;f_coverage_change
TUR,Tyrkia,country,2014,burned_area_km2,31.17,km2,K3,effis_annual_country_totals,reported,f_reporting_basis;f_coverage_change
TUR,Tyrkia,country,2015,burned_area_km2,32.19,km2,K3,effis_annual_country_totals,reported,f_reporting_basis;f_coverage_change
TUR,Tyrkia,country,2016,burned_area_km2,91.56,km2,K3,effis_annual_country_totals,reported,f_reporting_basis;f_coverage_change
TUR,Tyrkia,country,2017,burned_area_km2,119.92,km2,K3,effis_annual_country_totals,reported,f_reporting_basis;f_coverage_change
TUR,Tyrkia,country,2018,burned_area_km2,56.44,km2,K3,effis_annual_country_totals,reported,f_reporting_basis;f_coverage_change
TUR,Tyrkia,country,2019,burned_area_km2,113.32,km2,K3,effis_annual_country_totals,reported,f_reporting_basis;f_coverage_change
TUR,Tyrkia,country,2020,burned_area_km2,209.71,km2,K3,effis_annual_country_totals,reported,f_reporting_basis;f_coverage_change
TUR,Tyrkia,country,2021,burned_area_km2,1395.03,km2,K3,effis_annual_country_totals,reported,f_reporting_basis;f_coverage_change
TUR,Tyrkia,country,2022,burned_area_km2,127.99,km2,K3,effis_annual_country_totals,reported,f_reporting_basis;f_coverage_change
TUR,Tyrkia,country,2023,burned_area_km2,155.2,km2,K3,effis_annual_country_totals,reported,f_reporting_basis;f_coverage_change
TUR,Tyrkia,country,2024,burned_area_km2,274.85,km2,K3,effis_annual_country_totals,reported,f_reporting_basis;f_coverage_change
UKR,Ukraina,country,2007,burned_area_km2,127.31,km2,K3,effis_annual_country_totals,reported,f_reporting_basis;f_coverage_change
UKR,Ukraina,country,2008,burned_area_km2,45.21,km2,K3,effis_annual_country_totals,reported,f_reporting_basis;f_coverage_change
UKR,Ukraina,country,2009,burned_area_km2,45.75,km2,K3,effis_annual_country_totals,reported,f_reporting_basis;f_coverage_change
UKR,Ukraina,country,2010,burned_area_km2,12.39,km2,K3,effis_annual_country_totals,reported,f_reporting_basis;f_coverage_change
UKR,Ukraina,country,2011,burned_area_km2,6.12,km2,K3,effis_annual_country_totals,reported,f_reporting_basis;f_coverage_change
UKR,Ukraina,country,2012,burned_area_km2,33.11,km2,K3,effis_annual_country_totals,reported,f_reporting_basis;f_coverage_change
UKR,Ukraina,country,2013,burned_area_km2,2.2,km2,K3,effis_annual_country_totals,reported,f_reporting_basis;f_coverage_change
UKR,Ukraina,country,2014,burned_area_km2,166.77,km2,K3,effis_annual_country_totals,reported,f_reporting_basis;f_coverage_change
UKR,Ukraina,country,2015,burned_area_km2,26.25,km2,K3,effis_annual_country_totals,reported,f_reporting_basis;f_coverage_change
UKR,Ukraina,country,2016,burned_area_km2,11.01,km2,K3,effis_annual_country_totals,reported,f_reporting_basis;f_coverage_change
UKR,Ukraina,country,2017,burned_area_km2,54.74,km2,K3,effis_annual_country_totals,reported,f_reporting_basis;f_coverage_change
UKR,Ukraina,country,2018,burned_area_km2,13.67,km2,K3,effis_annual_country_totals,reported,f_reporting_basis;f_coverage_change
UKR,Ukraina,country,2019,burned_area_km2,10.65,km2,K3,effis_annual_country_totals,reported,f_reporting_basis;f_coverage_change
UKR,Ukraina,country,2020,burned_area_km2,746.23,km2,K3,effis_annual_country_totals,reported,f_reporting_basis;f_coverage_change
UKR,Ukraina,country,2021,burned_area_km2,2.89,km2,K3,effis_annual_country_totals,reported,f_reporting_basis;f_coverage_change
UKR,Ukraina,country,2022,burned_area_km2,181.0,km2,K3,effis_annual_country_totals,reported,f_reporting_basis;f_coverage_change
UKR,Ukraina,country,2023,burned_area_km2,9.07,km2,K3,effis_annual_country_totals,reported,f_reporting_basis;f_coverage_change
UKR,Ukraina,country,2024,burned_area_km2,239.63,km2,K3,effis_annual_country_totals,reported,f_reporting_basis;f_coverage_change
ALB,Albania,country,2006,burned_area_km2,0.0,km2,K4,effis_rda_annual_burned_area,measured,f_sensor_break;f_min_fire_size;f_coverage_change;f_product_level;f_zero_no_detection
ALB,Albania,country,2007,burned_area_km2,1274.91,km2,K4,effis_rda_annual_burned_area,measured,f_sensor_break;f_min_fire_size;f_coverage_change;f_product_level
ALB,Albania,country,2008,burned_area_km2,187.15,km2,K4,effis_rda_annual_burned_area,measured,f_sensor_break;f_min_fire_size;f_coverage_change;f_product_level
ALB,Albania,country,2009,burned_area_km2,75.55,km2,K4,effis_rda_annual_burned_area,measured,f_sensor_break;f_min_fire_size;f_coverage_change;f_product_level
ALB,Albania,country,2010,burned_area_km2,81.14,km2,K4,effis_rda_annual_burned_area,measured,f_sensor_break;f_min_fire_size;f_coverage_change;f_product_level
ALB,Albania,country,2011,burned_area_km2,543.7,km2,K4,effis_rda_annual_burned_area,measured,f_sensor_break;f_min_fire_size;f_coverage_change;f_product_level
ALB,Albania,country,2012,burned_area_km2,534.59,km2,K4,effis_rda_annual_burned_area,measured,f_sensor_break;f_min_fire_size;f_coverage_change;f_product_level
ALB,Albania,country,2013,burned_area_km2,12.33,km2,K4,effis_rda_annual_burned_area,measured,f_sensor_break;f_min_fire_size;f_coverage_change;f_product_level
ALB,Albania,country,2014,burned_area_km2,4.31,km2,K4,effis_rda_annual_burned_area,measured,f_sensor_break;f_min_fire_size;f_coverage_change;f_product_level
ALB,Albania,country,2015,burned_area_km2,37.68,km2,K4,effis_rda_annual_burned_area,measured,f_sensor_break;f_min_fire_size;f_coverage_change;f_product_level
ALB,Albania,country,2016,burned_area_km2,50.38,km2,K4,effis_rda_annual_burned_area,measured,f_sensor_break;f_min_fire_size;f_coverage_change;f_product_level
ALB,Albania,country,2017,burned_area_km2,418.22,km2,K4,effis_rda_annual_burned_area,measured,f_sensor_break;f_min_fire_size;f_coverage_change;f_product_level
ALB,Albania,country,2018,burned_area_km2,32.81,km2,K4,effis_rda_annual_burned_area,measured,f_sensor_break;f_min_fire_size;f_coverage_change;f_product_level
ALB,Albania,country,2019,burned_area_km2,113.02,km2,K4,effis_rda_annual_burned_area,measured,f_sensor_break;f_min_fire_size;f_coverage_change;f_product_level
ALB,Albania,country,2020,burned_area_km2,199.09,km2,K4,effis_rda_annual_burned_area,measured,f_sensor_break;f_min_fire_size;f_coverage_change;f_product_level
ALB,Albania,country,2021,burned_area_km2,289.72,km2,K4,effis_rda_annual_burned_area,measured,f_sensor_break;f_min_fire_size;f_coverage_change;f_product_level
ALB,Albania,country,2022,burned_area_km2,177.64,km2,K4,effis_rda_annual_burned_area,measured,f_sensor_break;f_min_fire_size;f_coverage_change;f_product_level
ALB,Albania,country,2023,burned_area_km2,55.63,km2,K4,effis_rda_annual_burned_area,measured,f_sensor_break;f_min_fire_size;f_coverage_change;f_product_level
ALB,Albania,country,2024,burned_area_km2,466.23,km2,K4,effis_rda_annual_burned_area,measured,f_sensor_break;f_min_fire_size;f_coverage_change;f_product_level
ALB,Albania,country,2025,burned_area_km2,599.33,km2,K4,effis_rda_annual_burned_area,measured,f_sensor_break;f_min_fire_size;f_coverage_change;f_product_level
ALB,Albania,country,2026,burned_area_km2,16.36,km2,K4,effis_rda_annual_burned_area,measured,f_sensor_break;f_min_fire_size;f_coverage_change;f_product_level;f_incomplete_year
AND,Andorra,country,2006,burned_area_km2,0.0,km2,K4,effis_rda_annual_burned_area,measured,f_sensor_break;f_min_fire_size;f_coverage_change;f_product_level;f_zero_no_detection
AND,Andorra,country,2007,burned_area_km2,0.0,km2,K4,effis_rda_annual_burned_area,measured,f_sensor_break;f_min_fire_size;f_coverage_change;f_product_level;f_zero_no_detection
AND,Andorra,country,2008,burned_area_km2,0.0,km2,K4,effis_rda_annual_burned_area,measured,f_sensor_break;f_min_fire_size;f_coverage_change;f_product_level;f_zero_no_detection
AND,Andorra,country,2009,burned_area_km2,0.0,km2,K4,effis_rda_annual_burned_area,measured,f_sensor_break;f_min_fire_size;f_coverage_change;f_product_level;f_zero_no_detection
AND,Andorra,country,2010,burned_area_km2,0.0,km2,K4,effis_rda_annual_burned_area,measured,f_sensor_break;f_min_fire_size;f_coverage_change;f_product_level;f_zero_no_detection
AND,Andorra,country,2011,burned_area_km2,0.0,km2,K4,effis_rda_annual_burned_area,measured,f_sensor_break;f_min_fire_size;f_coverage_change;f_product_level;f_zero_no_detection
AND,Andorra,country,2012,burned_area_km2,0.0,km2,K4,effis_rda_annual_burned_area,measured,f_sensor_break;f_min_fire_size;f_coverage_change;f_product_level;f_zero_no_detection
AND,Andorra,country,2013,burned_area_km2,0.0,km2,K4,effis_rda_annual_burned_area,measured,f_sensor_break;f_min_fire_size;f_coverage_change;f_product_level;f_zero_no_detection
AND,Andorra,country,2014,burned_area_km2,0.0,km2,K4,effis_rda_annual_burned_area,measured,f_sensor_break;f_min_fire_size;f_coverage_change;f_product_level;f_zero_no_detection
AND,Andorra,country,2015,burned_area_km2,0.0,km2,K4,effis_rda_annual_burned_area,measured,f_sensor_break;f_min_fire_size;f_coverage_change;f_product_level;f_zero_no_detection
AND,Andorra,country,2016,burned_area_km2,0.0,km2,K4,effis_rda_annual_burned_area,measured,f_sensor_break;f_min_fire_size;f_coverage_change;f_product_level;f_zero_no_detection
AND,Andorra,country,2017,burned_area_km2,0.0,km2,K4,effis_rda_annual_burned_area,measured,f_sensor_break;f_min_fire_size;f_coverage_change;f_product_level;f_zero_no_detection
AND,Andorra,country,2018,burned_area_km2,0.0,km2,K4,effis_rda_annual_burned_area,measured,f_sensor_break;f_min_fire_size;f_coverage_change;f_product_level;f_zero_no_detection
AND,Andorra,country,2019,burned_area_km2,0.0,km2,K4,effis_rda_annual_burned_area,measured,f_sensor_break;f_min_fire_size;f_coverage_change;f_product_level;f_zero_no_detection
AND,Andorra,country,2020,burned_area_km2,0.0,km2,K4,effis_rda_annual_burned_area,measured,f_sensor_break;f_min_fire_size;f_coverage_change;f_product_level;f_zero_no_detection
AND,Andorra,country,2021,burned_area_km2,0.0,km2,K4,effis_rda_annual_burned_area,measured,f_sensor_break;f_min_fire_size;f_coverage_change;f_product_level;f_zero_no_detection
AND,Andorra,country,2022,burned_area_km2,0.0,km2,K4,effis_rda_annual_burned_area,measured,f_sensor_break;f_min_fire_size;f_coverage_change;f_product_level;f_zero_no_detection
AND,Andorra,country,2023,burned_area_km2,0.0,km2,K4,effis_rda_annual_burned_area,measured,f_sensor_break;f_min_fire_size;f_coverage_change;f_product_level;f_zero_no_detection
AND,Andorra,country,2024,burned_area_km2,0.0,km2,K4,effis_rda_annual_burned_area,measured,f_sensor_break;f_min_fire_size;f_coverage_change;f_product_level;f_zero_no_detection
AND,Andorra,country,2025,burned_area_km2,0.0,km2,K4,effis_rda_annual_burned_area,measured,f_sensor_break;f_min_fire_size;f_coverage_change;f_product_level;f_zero_no_detection
AND,Andorra,country,2026,burned_area_km2,0.0,km2,K4,effis_rda_annual_burned_area,measured,f_sensor_break;f_min_fire_size;f_coverage_change;f_product_level;f_incomplete_year;f_zero_no_detection
ARE,De forente arabiske emirater,country,2006,burned_area_km2,0.0,km2,K4,effis_rda_annual_burned_area,measured,f_sensor_break;f_min_fire_size;f_coverage_change;f_product_level;f_zero_no_detection
ARE,De forente arabiske emirater,country,2007,burned_area_km2,0.0,km2,K4,effis_rda_annual_burned_area,measured,f_sensor_break;f_min_fire_size;f_coverage_change;f_product_level;f_zero_no_detection
ARE,De forente arabiske emirater,country,2008,burned_area_km2,0.0,km2,K4,effis_rda_annual_burned_area,measured,f_sensor_break;f_min_fire_size;f_coverage_change;f_product_level;f_zero_no_detection
ARE,De forente arabiske emirater,country,2009,burned_area_km2,0.0,km2,K4,effis_rda_annual_burned_area,measured,f_sensor_break;f_min_fire_size;f_coverage_change;f_product_level;f_zero_no_detection
ARE,De forente arabiske emirater,country,2010,burned_area_km2,0.0,km2,K4,effis_rda_annual_burned_area,measured,f_sensor_break;f_min_fire_size;f_coverage_change;f_product_level;f_zero_no_detection
ARE,De forente arabiske emirater,country,2011,burned_area_km2,0.0,km2,K4,effis_rda_annual_burned_area,measured,f_sensor_break;f_min_fire_size;f_coverage_change;f_product_level;f_zero_no_detection
ARE,De forente arabiske emirater,country,2012,burned_area_km2,0.0,km2,K4,effis_rda_annual_burned_area,measured,f_sensor_break;f_min_fire_size;f_coverage_change;f_product_level;f_zero_no_detection
ARE,De forente arabiske emirater,country,2013,burned_area_km2,0.0,km2,K4,effis_rda_annual_burned_area,measured,f_sensor_break;f_min_fire_size;f_coverage_change;f_product_level;f_zero_no_detection
ARE,De forente arabiske emirater,country,2014,burned_area_km2,0.0,km2,K4,effis_rda_annual_burned_area,measured,f_sensor_break;f_min_fire_size;f_coverage_change;f_product_level;f_zero_no_detection
ARE,De forente arabiske emirater,country,2015,burned_area_km2,0.0,km2,K4,effis_rda_annual_burned_area,measured,f_sensor_break;f_min_fire_size;f_coverage_change;f_product_level;f_zero_no_detection
ARE,De forente arabiske emirater,country,2016,burned_area_km2,0.0,km2,K4,effis_rda_annual_burned_area,measured,f_sensor_break;f_min_fire_size;f_coverage_change;f_product_level;f_zero_no_detection
ARE,De forente arabiske emirater,country,2017,burned_area_km2,0.0,km2,K4,effis_rda_annual_burned_area,measured,f_sensor_break;f_min_fire_size;f_coverage_change;f_product_level;f_zero_no_detection
ARE,De forente arabiske emirater,country,2018,burned_area_km2,0.0,km2,K4,effis_rda_annual_burned_area,measured,f_sensor_break;f_min_fire_size;f_coverage_change;f_product_level;f_zero_no_detection
ARE,De forente arabiske emirater,country,2019,burned_area_km2,0.0,km2,K4,effis_rda_annual_burned_area,measured,f_sensor_break;f_min_fire_size;f_coverage_change;f_product_level;f_zero_no_detection
ARE,De forente arabiske emirater,country,2020,burned_area_km2,0.0,km2,K4,effis_rda_annual_burned_area,measured,f_sensor_break;f_min_fire_size;f_coverage_change;f_product_level;f_zero_no_detection
ARE,De forente arabiske emirater,country,2021,burned_area_km2,0.0,km2,K4,effis_rda_annual_burned_area,measured,f_sensor_break;f_min_fire_size;f_coverage_change;f_product_level;f_zero_no_detection
ARE,De forente arabiske emirater,country,2022,burned_area_km2,0.0,km2,K4,effis_rda_annual_burned_area,measured,f_sensor_break;f_min_fire_size;f_coverage_change;f_product_level;f_zero_no_detection
ARE,De forente arabiske emirater,country,2023,burned_area_km2,0.0,km2,K4,effis_rda_annual_burned_area,measured,f_sensor_break;f_min_fire_size;f_coverage_change;f_product_level;f_zero_no_detection
ARE,De forente arabiske emirater,country,2024,burned_area_km2,0.0,km2,K4,effis_rda_annual_burned_area,measured,f_sensor_break;f_min_fire_size;f_coverage_change;f_product_level;f_zero_no_detection
ARE,De forente arabiske emirater,country,2025,burned_area_km2,0.0,km2,K4,effis_rda_annual_burned_area,measured,f_sensor_break;f_min_fire_size;f_coverage_change;f_product_level;f_zero_no_detection
ARE,De forente arabiske emirater,country,2026,burned_area_km2,0.0,km2,K4,effis_rda_annual_burned_area,measured,f_sensor_break;f_min_fire_size;f_coverage_change;f_product_level;f_incomplete_year;f_zero_no_detection
AUT,Østerrike,country,2006,burned_area_km2,0.0,km2,K4,effis_rda_annual_burned_area,measured,f_sensor_break;f_min_fire_size;f_coverage_change;f_product_level;f_zero_no_detection
AUT,Østerrike,country,2007,burned_area_km2,0.0,km2,K4,effis_rda_annual_burned_area,measured,f_sensor_break;f_min_fire_size;f_coverage_change;f_product_level;f_zero_no_detection
AUT,Østerrike,country,2008,burned_area_km2,0.0,km2,K4,effis_rda_annual_burned_area,measured,f_sensor_break;f_min_fire_size;f_coverage_change;f_product_level;f_zero_no_detection
AUT,Østerrike,country,2009,burned_area_km2,0.0,km2,K4,effis_rda_annual_burned_area,measured,f_sensor_break;f_min_fire_size;f_coverage_change;f_product_level;f_zero_no_detection
AUT,Østerrike,country,2010,burned_area_km2,0.0,km2,K4,effis_rda_annual_burned_area,measured,f_sensor_break;f_min_fire_size;f_coverage_change;f_product_level;f_zero_no_detection
AUT,Østerrike,country,2011,burned_area_km2,0.0,km2,K4,effis_rda_annual_burned_area,measured,f_sensor_break;f_min_fire_size;f_coverage_change;f_product_level;f_zero_no_detection
AUT,Østerrike,country,2012,burned_area_km2,0.0,km2,K4,effis_rda_annual_burned_area,measured,f_sensor_break;f_min_fire_size;f_coverage_change;f_product_level;f_zero_no_detection
AUT,Østerrike,country,2013,burned_area_km2,0.0,km2,K4,effis_rda_annual_burned_area,measured,f_sensor_break;f_min_fire_size;f_coverage_change;f_product_level;f_zero_no_detection
AUT,Østerrike,country,2014,burned_area_km2,0.0,km2,K4,effis_rda_annual_burned_area,measured,f_sensor_break;f_min_fire_size;f_coverage_change;f_product_level;f_zero_no_detection
AUT,Østerrike,country,2015,burned_area_km2,0.0,km2,K4,effis_rda_annual_burned_area,measured,f_sensor_break;f_min_fire_size;f_coverage_change;f_product_level;f_zero_no_detection
AUT,Østerrike,country,2016,burned_area_km2,0.0,km2,K4,effis_rda_annual_burned_area,measured,f_sensor_break;f_min_fire_size;f_coverage_change;f_product_level;f_zero_no_detection
AUT,Østerrike,country,2017,burned_area_km2,0.0,km2,K4,effis_rda_annual_burned_area,measured,f_sensor_break;f_min_fire_size;f_coverage_change;f_product_level;f_zero_no_detection
AUT,Østerrike,country,2018,burned_area_km2,0.0,km2,K4,effis_rda_annual_burned_area,measured,f_sensor_break;f_min_fire_size;f_coverage_change;f_product_level;f_zero_no_detection
AUT,Østerrike,country,2019,burned_area_km2,0.38,km2,K4,effis_rda_annual_burned_area,measured,f_sensor_break;f_min_fire_size;f_coverage_change;f_product_level
AUT,Østerrike,country,2020,burned_area_km2,1.68,km2,K4,effis_rda_annual_burned_area,measured,f_sensor_break;f_min_fire_size;f_coverage_change;f_product_level
AUT,Østerrike,country,2021,burned_area_km2,0.72,km2,K4,effis_rda_annual_burned_area,measured,f_sensor_break;f_min_fire_size;f_coverage_change;f_product_level
AUT,Østerrike,country,2022,burned_area_km2,10.16,km2,K4,effis_rda_annual_burned_area,measured,f_sensor_break;f_min_fire_size;f_coverage_change;f_product_level
AUT,Østerrike,country,2023,burned_area_km2,3.98,km2,K4,effis_rda_annual_burned_area,measured,f_sensor_break;f_min_fire_size;f_coverage_change;f_product_level
AUT,Østerrike,country,2024,burned_area_km2,0.0,km2,K4,effis_rda_annual_burned_area,measured,f_sensor_break;f_min_fire_size;f_coverage_change;f_product_level;f_zero_no_detection
AUT,Østerrike,country,2025,burned_area_km2,4.31,km2,K4,effis_rda_annual_burned_area,measured,f_sensor_break;f_min_fire_size;f_coverage_change;f_product_level
AUT,Østerrike,country,2026,burned_area_km2,2.73,km2,K4,effis_rda_annual_burned_area,measured,f_sensor_break;f_min_fire_size;f_coverage_change;f_product_level;f_incomplete_year
BEL,Belgia,country,2006,burned_area_km2,0.0,km2,K4,effis_rda_annual_burned_area,measured,f_sensor_break;f_min_fire_size;f_coverage_change;f_product_level;f_zero_no_detection
BEL,Belgia,country,2007,burned_area_km2,0.0,km2,K4,effis_rda_annual_burned_area,measured,f_sensor_break;f_min_fire_size;f_coverage_change;f_product_level;f_zero_no_detection
BEL,Belgia,country,2008,burned_area_km2,0.0,km2,K4,effis_rda_annual_burned_area,measured,f_sensor_break;f_min_fire_size;f_coverage_change;f_product_level;f_zero_no_detection
BEL,Belgia,country,2009,burned_area_km2,0.0,km2,K4,effis_rda_annual_burned_area,measured,f_sensor_break;f_min_fire_size;f_coverage_change;f_product_level;f_zero_no_detection
BEL,Belgia,country,2010,burned_area_km2,0.0,km2,K4,effis_rda_annual_burned_area,measured,f_sensor_break;f_min_fire_size;f_coverage_change;f_product_level;f_zero_no_detection
BEL,Belgia,country,2011,burned_area_km2,21.8,km2,K4,effis_rda_annual_burned_area,measured,f_sensor_break;f_min_fire_size;f_coverage_change;f_product_level
BEL,Belgia,country,2012,burned_area_km2,0.0,km2,K4,effis_rda_annual_burned_area,measured,f_sensor_break;f_min_fire_size;f_coverage_change;f_product_level;f_zero_no_detection
BEL,Belgia,country,2013,burned_area_km2,0.0,km2,K4,effis_rda_annual_burned_area,measured,f_sensor_break;f_min_fire_size;f_coverage_change;f_product_level;f_zero_no_detection
BEL,Belgia,country,2014,burned_area_km2,0.0,km2,K4,effis_rda_annual_burned_area,measured,f_sensor_break;f_min_fire_size;f_coverage_change;f_product_level;f_zero_no_detection
BEL,Belgia,country,2015,burned_area_km2,0.8,km2,K4,effis_rda_annual_burned_area,measured,f_sensor_break;f_min_fire_size;f_coverage_change;f_product_level
BEL,Belgia,country,2016,burned_area_km2,0.54,km2,K4,effis_rda_annual_burned_area,measured,f_sensor_break;f_min_fire_size;f_coverage_change;f_product_level
BEL,Belgia,country,2017,burned_area_km2,0.0,km2,K4,effis_rda_annual_burned_area,measured,f_sensor_break;f_min_fire_size;f_coverage_change;f_product_level;f_zero_no_detection
BEL,Belgia,country,2018,burned_area_km2,1.66,km2,K4,effis_rda_annual_burned_area,measured,f_sensor_break;f_min_fire_size;f_coverage_change;f_product_level
BEL,Belgia,country,2019,burned_area_km2,2.87,km2,K4,effis_rda_annual_burned_area,measured,f_sensor_break;f_min_fire_size;f_coverage_change;f_product_level
BEL,Belgia,country,2020,burned_area_km2,0.0,km2,K4,effis_rda_annual_burned_area,measured,f_sensor_break;f_min_fire_size;f_coverage_change;f_product_level;f_zero_no_detection
BEL,Belgia,country,2021,burned_area_km2,6.59,km2,K4,effis_rda_annual_burned_area,measured,f_sensor_break;f_min_fire_size;f_coverage_change;f_product_level
BEL,Belgia,country,2022,burned_area_km2,3.82,km2,K4,effis_rda_annual_burned_area,measured,f_sensor_break;f_min_fire_size;f_coverage_change;f_product_level
BEL,Belgia,country,2023,burned_area_km2,2.4,km2,K4,effis_rda_annual_burned_area,measured,f_sensor_break;f_min_fire_size;f_coverage_change;f_product_level
BEL,Belgia,country,2024,burned_area_km2,0.0,km2,K4,effis_rda_annual_burned_area,measured,f_sensor_break;f_min_fire_size;f_coverage_change;f_product_level;f_zero_no_detection
BEL,Belgia,country,2025,burned_area_km2,6.68,km2,K4,effis_rda_annual_burned_area,measured,f_sensor_break;f_min_fire_size;f_coverage_change;f_product_level
BEL,Belgia,country,2026,burned_area_km2,2.99,km2,K4,effis_rda_annual_burned_area,measured,f_sensor_break;f_min_fire_size;f_coverage_change;f_product_level;f_incomplete_year
BGR,Bulgaria,country,2006,burned_area_km2,15.96,km2,K4,effis_rda_annual_burned_area,measured,f_sensor_break;f_min_fire_size;f_coverage_change;f_product_level
BGR,Bulgaria,country,2007,burned_area_km2,675.98,km2,K4,effis_rda_annual_burned_area,measured,f_sensor_break;f_min_fire_size;f_coverage_change;f_product_level
BGR,Bulgaria,country,2008,burned_area_km2,57.3,km2,K4,effis_rda_annual_burned_area,measured,f_sensor_break;f_min_fire_size;f_coverage_change;f_product_level
BGR,Bulgaria,country,2009,burned_area_km2,15.64,km2,K4,effis_rda_annual_burned_area,measured,f_sensor_break;f_min_fire_size;f_coverage_change;f_product_level
BGR,Bulgaria,country,2010,burned_area_km2,0.0,km2,K4,effis_rda_annual_burned_area,measured,f_sensor_break;f_min_fire_size;f_coverage_change;f_product_level;f_zero_no_detection
BGR,Bulgaria,country,2011,burned_area_km2,119.69,km2,K4,effis_rda_annual_burned_area,measured,f_sensor_break;f_min_fire_size;f_coverage_change;f_product_level
BGR,Bulgaria,country,2012,burned_area_km2,169.28,km2,K4,effis_rda_annual_burned_area,measured,f_sensor_break;f_min_fire_size;f_coverage_change;f_product_level
BGR,Bulgaria,country,2013,burned_area_km2,29.66,km2,K4,effis_rda_annual_burned_area,measured,f_sensor_break;f_min_fire_size;f_coverage_change;f_product_level
BGR,Bulgaria,country,2014,burned_area_km2,0.0,km2,K4,effis_rda_annual_burned_area,measured,f_sensor_break;f_min_fire_size;f_coverage_change;f_product_level;f_zero_no_detection
BGR,Bulgaria,country,2015,burned_area_km2,33.46,km2,K4,effis_rda_annual_burned_area,measured,f_sensor_break;f_min_fire_size;f_coverage_change;f_product_level
BGR,Bulgaria,country,2016,burned_area_km2,114.83,km2,K4,effis_rda_annual_burned_area,measured,f_sensor_break;f_min_fire_size;f_coverage_change;f_product_level
BGR,Bulgaria,country,2017,burned_area_km2,52.14,km2,K4,effis_rda_annual_burned_area,measured,f_sensor_break;f_min_fire_size;f_coverage_change;f_product_level
BGR,Bulgaria,country,2018,burned_area_km2,19.73,km2,K4,effis_rda_annual_burned_area,measured,f_sensor_break;f_min_fire_size;f_coverage_change;f_product_level
BGR,Bulgaria,country,2019,burned_area_km2,155.03,km2,K4,effis_rda_annual_burned_area,measured,f_sensor_break;f_min_fire_size;f_coverage_change;f_product_level
BGR,Bulgaria,country,2020,burned_area_km2,91.79,km2,K4,effis_rda_annual_burned_area,measured,f_sensor_break;f_min_fire_size;f_coverage_change;f_product_level
BGR,Bulgaria,country,2021,burned_area_km2,36.88,km2,K4,effis_rda_annual_burned_area,measured,f_sensor_break;f_min_fire_size;f_coverage_change;f_product_level
BGR,Bulgaria,country,2022,burned_area_km2,145.79,km2,K4,effis_rda_annual_burned_area,measured,f_sensor_break;f_min_fire_size;f_coverage_change;f_product_level
BGR,Bulgaria,country,2023,burned_area_km2,158.45,km2,K4,effis_rda_annual_burned_area,measured,f_sensor_break;f_min_fire_size;f_coverage_change;f_product_level
BGR,Bulgaria,country,2024,burned_area_km2,447.45,km2,K4,effis_rda_annual_burned_area,measured,f_sensor_break;f_min_fire_size;f_coverage_change;f_product_level
BGR,Bulgaria,country,2025,burned_area_km2,327.52,km2,K4,effis_rda_annual_burned_area,measured,f_sensor_break;f_min_fire_size;f_coverage_change;f_product_level
BGR,Bulgaria,country,2026,burned_area_km2,11.55,km2,K4,effis_rda_annual_burned_area,measured,f_sensor_break;f_min_fire_size;f_coverage_change;f_product_level;f_incomplete_year
BHR,Bahrain,country,2006,burned_area_km2,0.0,km2,K4,effis_rda_annual_burned_area,measured,f_sensor_break;f_min_fire_size;f_coverage_change;f_product_level;f_zero_no_detection
BHR,Bahrain,country,2007,burned_area_km2,0.0,km2,K4,effis_rda_annual_burned_area,measured,f_sensor_break;f_min_fire_size;f_coverage_change;f_product_level;f_zero_no_detection
BHR,Bahrain,country,2008,burned_area_km2,0.0,km2,K4,effis_rda_annual_burned_area,measured,f_sensor_break;f_min_fire_size;f_coverage_change;f_product_level;f_zero_no_detection
BHR,Bahrain,country,2009,burned_area_km2,0.0,km2,K4,effis_rda_annual_burned_area,measured,f_sensor_break;f_min_fire_size;f_coverage_change;f_product_level;f_zero_no_detection
BHR,Bahrain,country,2010,burned_area_km2,0.0,km2,K4,effis_rda_annual_burned_area,measured,f_sensor_break;f_min_fire_size;f_coverage_change;f_product_level;f_zero_no_detection
BHR,Bahrain,country,2011,burned_area_km2,0.0,km2,K4,effis_rda_annual_burned_area,measured,f_sensor_break;f_min_fire_size;f_coverage_change;f_product_level;f_zero_no_detection
BHR,Bahrain,country,2012,burned_area_km2,0.0,km2,K4,effis_rda_annual_burned_area,measured,f_sensor_break;f_min_fire_size;f_coverage_change;f_product_level;f_zero_no_detection
BHR,Bahrain,country,2013,burned_area_km2,0.0,km2,K4,effis_rda_annual_burned_area,measured,f_sensor_break;f_min_fire_size;f_coverage_change;f_product_level;f_zero_no_detection
BHR,Bahrain,country,2014,burned_area_km2,0.0,km2,K4,effis_rda_annual_burned_area,measured,f_sensor_break;f_min_fire_size;f_coverage_change;f_product_level;f_zero_no_detection
BHR,Bahrain,country,2015,burned_area_km2,0.0,km2,K4,effis_rda_annual_burned_area,measured,f_sensor_break;f_min_fire_size;f_coverage_change;f_product_level;f_zero_no_detection
BHR,Bahrain,country,2016,burned_area_km2,0.0,km2,K4,effis_rda_annual_burned_area,measured,f_sensor_break;f_min_fire_size;f_coverage_change;f_product_level;f_zero_no_detection
BHR,Bahrain,country,2017,burned_area_km2,0.0,km2,K4,effis_rda_annual_burned_area,measured,f_sensor_break;f_min_fire_size;f_coverage_change;f_product_level;f_zero_no_detection
BHR,Bahrain,country,2018,burned_area_km2,0.0,km2,K4,effis_rda_annual_burned_area,measured,f_sensor_break;f_min_fire_size;f_coverage_change;f_product_level;f_zero_no_detection
BHR,Bahrain,country,2019,burned_area_km2,0.0,km2,K4,effis_rda_annual_burned_area,measured,f_sensor_break;f_min_fire_size;f_coverage_change;f_product_level;f_zero_no_detection
BHR,Bahrain,country,2020,burned_area_km2,0.0,km2,K4,effis_rda_annual_burned_area,measured,f_sensor_break;f_min_fire_size;f_coverage_change;f_product_level;f_zero_no_detection
BHR,Bahrain,country,2021,burned_area_km2,0.0,km2,K4,effis_rda_annual_burned_area,measured,f_sensor_break;f_min_fire_size;f_coverage_change;f_product_level;f_zero_no_detection
BHR,Bahrain,country,2022,burned_area_km2,0.0,km2,K4,effis_rda_annual_burned_area,measured,f_sensor_break;f_min_fire_size;f_coverage_change;f_product_level;f_zero_no_detection
BHR,Bahrain,country,2023,burned_area_km2,0.0,km2,K4,effis_rda_annual_burned_area,measured,f_sensor_break;f_min_fire_size;f_coverage_change;f_product_level;f_zero_no_detection
BHR,Bahrain,country,2024,burned_area_km2,0.0,km2,K4,effis_rda_annual_burned_area,measured,f_sensor_break;f_min_fire_size;f_coverage_change;f_product_level;f_zero_no_detection
BHR,Bahrain,country,2025,burned_area_km2,0.0,km2,K4,effis_rda_annual_burned_area,measured,f_sensor_break;f_min_fire_size;f_coverage_change;f_product_level;f_zero_no_detection
BHR,Bahrain,country,2026,burned_area_km2,0.0,km2,K4,effis_rda_annual_burned_area,measured,f_sensor_break;f_min_fire_size;f_coverage_change;f_product_level;f_incomplete_year;f_zero_no_detection
BIH,Bosnia-Hercegovina,country,2006,burned_area_km2,0.0,km2,K4,effis_rda_annual_burned_area,measured,f_sensor_break;f_min_fire_size;f_coverage_change;f_product_level;f_zero_no_detection
BIH,Bosnia-Hercegovina,country,2007,burned_area_km2,567.06,km2,K4,effis_rda_annual_burned_area,measured,f_sensor_break;f_min_fire_size;f_coverage_change;f_product_level
BIH,Bosnia-Hercegovina,country,2008,burned_area_km2,69.64,km2,K4,effis_rda_annual_burned_area,measured,f_sensor_break;f_min_fire_size;f_coverage_change;f_product_level
BIH,Bosnia-Hercegovina,country,2009,burned_area_km2,1.81,km2,K4,effis_rda_annual_burned_area,measured,f_sensor_break;f_min_fire_size;f_coverage_change;f_product_level
BIH,Bosnia-Hercegovina,country,2010,burned_area_km2,33.49,km2,K4,effis_rda_annual_burned_area,measured,f_sensor_break;f_min_fire_size;f_coverage_change;f_product_level
BIH,Bosnia-Hercegovina,country,2011,burned_area_km2,233.97,km2,K4,effis_rda_annual_burned_area,measured,f_sensor_break;f_min_fire_size;f_coverage_change;f_product_level
BIH,Bosnia-Hercegovina,country,2012,burned_area_km2,876.88,km2,K4,effis_rda_annual_burned_area,measured,f_sensor_break;f_min_fire_size;f_coverage_change;f_product_level
BIH,Bosnia-Hercegovina,country,2013,burned_area_km2,34.59,km2,K4,effis_rda_annual_burned_area,measured,f_sensor_break;f_min_fire_size;f_coverage_change;f_product_level
BIH,Bosnia-Hercegovina,country,2014,burned_area_km2,32.03,km2,K4,effis_rda_annual_burned_area,measured,f_sensor_break;f_min_fire_size;f_coverage_change;f_product_level
BIH,Bosnia-Hercegovina,country,2015,burned_area_km2,149.89,km2,K4,effis_rda_annual_burned_area,measured,f_sensor_break;f_min_fire_size;f_coverage_change;f_product_level
BIH,Bosnia-Hercegovina,country,2016,burned_area_km2,344.85,km2,K4,effis_rda_annual_burned_area,measured,f_sensor_break;f_min_fire_size;f_coverage_change;f_product_level
BIH,Bosnia-Hercegovina,country,2017,burned_area_km2,828.52,km2,K4,effis_rda_annual_burned_area,measured,f_sensor_break;f_min_fire_size;f_coverage_change;f_product_level
BIH,Bosnia-Hercegovina,country,2018,burned_area_km2,31.13,km2,K4,effis_rda_annual_burned_area,measured,f_sensor_break;f_min_fire_size;f_coverage_change;f_product_level
BIH,Bosnia-Hercegovina,country,2019,burned_area_km2,286.34,km2,K4,effis_rda_annual_burned_area,measured,f_sensor_break;f_min_fire_size;f_coverage_change;f_product_level
BIH,Bosnia-Hercegovina,country,2020,burned_area_km2,1001.07,km2,K4,effis_rda_annual_burned_area,measured,f_sensor_break;f_min_fire_size;f_coverage_change;f_product_level
BIH,Bosnia-Hercegovina,country,2021,burned_area_km2,616.28,km2,K4,effis_rda_annual_burned_area,measured,f_sensor_break;f_min_fire_size;f_coverage_change;f_product_level
BIH,Bosnia-Hercegovina,country,2022,burned_area_km2,728.99,km2,K4,effis_rda_annual_burned_area,measured,f_sensor_break;f_min_fire_size;f_coverage_change;f_product_level
BIH,Bosnia-Hercegovina,country,2023,burned_area_km2,32.11,km2,K4,effis_rda_annual_burned_area,measured,f_sensor_break;f_min_fire_size;f_coverage_change;f_product_level
BIH,Bosnia-Hercegovina,country,2024,burned_area_km2,435.71,km2,K4,effis_rda_annual_burned_area,measured,f_sensor_break;f_min_fire_size;f_coverage_change;f_product_level
BIH,Bosnia-Hercegovina,country,2025,burned_area_km2,381.12,km2,K4,effis_rda_annual_burned_area,measured,f_sensor_break;f_min_fire_size;f_coverage_change;f_product_level
BIH,Bosnia-Hercegovina,country,2026,burned_area_km2,205.04,km2,K4,effis_rda_annual_burned_area,measured,f_sensor_break;f_min_fire_size;f_coverage_change;f_product_level;f_incomplete_year
CHE,Sveits,country,2006,burned_area_km2,0.0,km2,K4,effis_rda_annual_burned_area,measured,f_sensor_break;f_min_fire_size;f_coverage_change;f_product_level;f_zero_no_detection
CHE,Sveits,country,2007,burned_area_km2,0.0,km2,K4,effis_rda_annual_burned_area,measured,f_sensor_break;f_min_fire_size;f_coverage_change;f_product_level;f_zero_no_detection
CHE,Sveits,country,2008,burned_area_km2,0.0,km2,K4,effis_rda_annual_burned_area,measured,f_sensor_break;f_min_fire_size;f_coverage_change;f_product_level;f_zero_no_detection
CHE,Sveits,country,2009,burned_area_km2,0.0,km2,K4,effis_rda_annual_burned_area,measured,f_sensor_break;f_min_fire_size;f_coverage_change;f_product_level;f_zero_no_detection
CHE,Sveits,country,2010,burned_area_km2,0.0,km2,K4,effis_rda_annual_burned_area,measured,f_sensor_break;f_min_fire_size;f_coverage_change;f_product_level;f_zero_no_detection
CHE,Sveits,country,2011,burned_area_km2,0.74,km2,K4,effis_rda_annual_burned_area,measured,f_sensor_break;f_min_fire_size;f_coverage_change;f_product_level
CHE,Sveits,country,2012,burned_area_km2,0.0,km2,K4,effis_rda_annual_burned_area,measured,f_sensor_break;f_min_fire_size;f_coverage_change;f_product_level;f_zero_no_detection
CHE,Sveits,country,2013,burned_area_km2,0.0,km2,K4,effis_rda_annual_burned_area,measured,f_sensor_break;f_min_fire_size;f_coverage_change;f_product_level;f_zero_no_detection
CHE,Sveits,country,2014,burned_area_km2,0.0,km2,K4,effis_rda_annual_burned_area,measured,f_sensor_break;f_min_fire_size;f_coverage_change;f_product_level;f_zero_no_detection
CHE,Sveits,country,2015,burned_area_km2,0.0,km2,K4,effis_rda_annual_burned_area,measured,f_sensor_break;f_min_fire_size;f_coverage_change;f_product_level;f_zero_no_detection
CHE,Sveits,country,2016,burned_area_km2,0.0,km2,K4,effis_rda_annual_burned_area,measured,f_sensor_break;f_min_fire_size;f_coverage_change;f_product_level;f_zero_no_detection
CHE,Sveits,country,2017,burned_area_km2,0.0,km2,K4,effis_rda_annual_burned_area,measured,f_sensor_break;f_min_fire_size;f_coverage_change;f_product_level;f_zero_no_detection
CHE,Sveits,country,2018,burned_area_km2,0.0,km2,K4,effis_rda_annual_burned_area,measured,f_sensor_break;f_min_fire_size;f_coverage_change;f_product_level;f_zero_no_detection
CHE,Sveits,country,2019,burned_area_km2,0.0,km2,K4,effis_rda_annual_burned_area,measured,f_sensor_break;f_min_fire_size;f_coverage_change;f_product_level;f_zero_no_detection
CHE,Sveits,country,2020,burned_area_km2,0.0,km2,K4,effis_rda_annual_burned_area,measured,f_sensor_break;f_min_fire_size;f_coverage_change;f_product_level;f_zero_no_detection
CHE,Sveits,country,2021,burned_area_km2,0.0,km2,K4,effis_rda_annual_burned_area,measured,f_sensor_break;f_min_fire_size;f_coverage_change;f_product_level;f_zero_no_detection
CHE,Sveits,country,2022,burned_area_km2,2.35,km2,K4,effis_rda_annual_burned_area,measured,f_sensor_break;f_min_fire_size;f_coverage_change;f_product_level
CHE,Sveits,country,2023,burned_area_km2,0.68,km2,K4,effis_rda_annual_burned_area,measured,f_sensor_break;f_min_fire_size;f_coverage_change;f_product_level
CHE,Sveits,country,2024,burned_area_km2,0.0,km2,K4,effis_rda_annual_burned_area,measured,f_sensor_break;f_min_fire_size;f_coverage_change;f_product_level;f_zero_no_detection
CHE,Sveits,country,2025,burned_area_km2,0.0,km2,K4,effis_rda_annual_burned_area,measured,f_sensor_break;f_min_fire_size;f_coverage_change;f_product_level;f_zero_no_detection
CHE,Sveits,country,2026,burned_area_km2,0.0,km2,K4,effis_rda_annual_burned_area,measured,f_sensor_break;f_min_fire_size;f_coverage_change;f_product_level;f_incomplete_year;f_zero_no_detection
CYP,Kypros,country,2006,burned_area_km2,2.91,km2,K4,effis_rda_annual_burned_area,measured,f_sensor_break;f_min_fire_size;f_coverage_change;f_product_level
CYP,Kypros,country,2007,burned_area_km2,25.26,km2,K4,effis_rda_annual_burned_area,measured,f_sensor_break;f_min_fire_size;f_coverage_change;f_product_level
CYP,Kypros,country,2008,burned_area_km2,19.47,km2,K4,effis_rda_annual_burned_area,measured,f_sensor_break;f_min_fire_size;f_coverage_change;f_product_level
CYP,Kypros,country,2009,burned_area_km2,0.0,km2,K4,effis_rda_annual_burned_area,measured,f_sensor_break;f_min_fire_size;f_coverage_change;f_product_level;f_zero_no_detection
CYP,Kypros,country,2010,burned_area_km2,11.04,km2,K4,effis_rda_annual_burned_area,measured,f_sensor_break;f_min_fire_size;f_coverage_change;f_product_level
CYP,Kypros,country,2011,burned_area_km2,9.39,km2,K4,effis_rda_annual_burned_area,measured,f_sensor_break;f_min_fire_size;f_coverage_change;f_product_level
CYP,Kypros,country,2012,burned_area_km2,23.49,km2,K4,effis_rda_annual_burned_area,measured,f_sensor_break;f_min_fire_size;f_coverage_change;f_product_level
CYP,Kypros,country,2013,burned_area_km2,28.34,km2,K4,effis_rda_annual_burned_area,measured,f_sensor_break;f_min_fire_size;f_coverage_change;f_product_level
CYP,Kypros,country,2014,burned_area_km2,4.36,km2,K4,effis_rda_annual_burned_area,measured,f_sensor_break;f_min_fire_size;f_coverage_change;f_product_level
CYP,Kypros,country,2015,burned_area_km2,1.97,km2,K4,effis_rda_annual_burned_area,measured,f_sensor_break;f_min_fire_size;f_coverage_change;f_product_level
CYP,Kypros,country,2016,burned_area_km2,27.38,km2,K4,effis_rda_annual_burned_area,measured,f_sensor_break;f_min_fire_size;f_coverage_change;f_product_level
CYP,Kypros,country,2017,burned_area_km2,6.52,km2,K4,effis_rda_annual_burned_area,measured,f_sensor_break;f_min_fire_size;f_coverage_change;f_product_level
CYP,Kypros,country,2018,burned_area_km2,4.17,km2,K4,effis_rda_annual_burned_area,measured,f_sensor_break;f_min_fire_size;f_coverage_change;f_product_level
CYP,Kypros,country,2019,burned_area_km2,5.96,km2,K4,effis_rda_annual_burned_area,measured,f_sensor_break;f_min_fire_size;f_coverage_change;f_product_level
CYP,Kypros,country,2020,burned_area_km2,34.21,km2,K4,effis_rda_annual_burned_area,measured,f_sensor_break;f_min_fire_size;f_coverage_change;f_product_level
CYP,Kypros,country,2021,burned_area_km2,61.99,km2,K4,effis_rda_annual_burned_area,measured,f_sensor_break;f_min_fire_size;f_coverage_change;f_product_level
CYP,Kypros,country,2022,burned_area_km2,25.4,km2,K4,effis_rda_annual_burned_area,measured,f_sensor_break;f_min_fire_size;f_coverage_change;f_product_level
CYP,Kypros,country,2023,burned_area_km2,19.19,km2,K4,effis_rda_annual_burned_area,measured,f_sensor_break;f_min_fire_size;f_coverage_change;f_product_level
CYP,Kypros,country,2024,burned_area_km2,33.74,km2,K4,effis_rda_annual_burned_area,measured,f_sensor_break;f_min_fire_size;f_coverage_change;f_product_level
CYP,Kypros,country,2025,burned_area_km2,135.27,km2,K4,effis_rda_annual_burned_area,measured,f_sensor_break;f_min_fire_size;f_coverage_change;f_product_level
CYP,Kypros,country,2026,burned_area_km2,3.26,km2,K4,effis_rda_annual_burned_area,measured,f_sensor_break;f_min_fire_size;f_coverage_change;f_product_level;f_incomplete_year
CZE,Tsjekkia,country,2006,burned_area_km2,0.0,km2,K4,effis_rda_annual_burned_area,measured,f_sensor_break;f_min_fire_size;f_coverage_change;f_product_level;f_zero_no_detection
CZE,Tsjekkia,country,2007,burned_area_km2,0.0,km2,K4,effis_rda_annual_burned_area,measured,f_sensor_break;f_min_fire_size;f_coverage_change;f_product_level;f_zero_no_detection
CZE,Tsjekkia,country,2008,burned_area_km2,0.0,km2,K4,effis_rda_annual_burned_area,measured,f_sensor_break;f_min_fire_size;f_coverage_change;f_product_level;f_zero_no_detection
CZE,Tsjekkia,country,2009,burned_area_km2,0.0,km2,K4,effis_rda_annual_burned_area,measured,f_sensor_break;f_min_fire_size;f_coverage_change;f_product_level;f_zero_no_detection
CZE,Tsjekkia,country,2010,burned_area_km2,0.0,km2,K4,effis_rda_annual_burned_area,measured,f_sensor_break;f_min_fire_size;f_coverage_change;f_product_level;f_zero_no_detection
CZE,Tsjekkia,country,2011,burned_area_km2,0.0,km2,K4,effis_rda_annual_burned_area,measured,f_sensor_break;f_min_fire_size;f_coverage_change;f_product_level;f_zero_no_detection
CZE,Tsjekkia,country,2012,burned_area_km2,0.0,km2,K4,effis_rda_annual_burned_area,measured,f_sensor_break;f_min_fire_size;f_coverage_change;f_product_level;f_zero_no_detection
CZE,Tsjekkia,country,2013,burned_area_km2,0.0,km2,K4,effis_rda_annual_burned_area,measured,f_sensor_break;f_min_fire_size;f_coverage_change;f_product_level;f_zero_no_detection
CZE,Tsjekkia,country,2014,burned_area_km2,0.0,km2,K4,effis_rda_annual_burned_area,measured,f_sensor_break;f_min_fire_size;f_coverage_change;f_product_level;f_zero_no_detection
CZE,Tsjekkia,country,2015,burned_area_km2,0.0,km2,K4,effis_rda_annual_burned_area,measured,f_sensor_break;f_min_fire_size;f_coverage_change;f_product_level;f_zero_no_detection
CZE,Tsjekkia,country,2016,burned_area_km2,0.0,km2,K4,effis_rda_annual_burned_area,measured,f_sensor_break;f_min_fire_size;f_coverage_change;f_product_level;f_zero_no_detection
CZE,Tsjekkia,country,2017,burned_area_km2,1.45,km2,K4,effis_rda_annual_burned_area,measured,f_sensor_break;f_min_fire_size;f_coverage_change;f_product_level
CZE,Tsjekkia,country,2018,burned_area_km2,0.0,km2,K4,effis_rda_annual_burned_area,measured,f_sensor_break;f_min_fire_size;f_coverage_change;f_product_level;f_zero_no_detection
CZE,Tsjekkia,country,2019,burned_area_km2,0.0,km2,K4,effis_rda_annual_burned_area,measured,f_sensor_break;f_min_fire_size;f_coverage_change;f_product_level;f_zero_no_detection
CZE,Tsjekkia,country,2020,burned_area_km2,0.0,km2,K4,effis_rda_annual_burned_area,measured,f_sensor_break;f_min_fire_size;f_coverage_change;f_product_level;f_zero_no_detection
CZE,Tsjekkia,country,2021,burned_area_km2,0.0,km2,K4,effis_rda_annual_burned_area,measured,f_sensor_break;f_min_fire_size;f_coverage_change;f_product_level;f_zero_no_detection
CZE,Tsjekkia,country,2022,burned_area_km2,14.36,km2,K4,effis_rda_annual_burned_area,measured,f_sensor_break;f_min_fire_size;f_coverage_change;f_product_level
CZE,Tsjekkia,country,2023,burned_area_km2,0.0,km2,K4,effis_rda_annual_burned_area,measured,f_sensor_break;f_min_fire_size;f_coverage_change;f_product_level;f_zero_no_detection
CZE,Tsjekkia,country,2024,burned_area_km2,0.0,km2,K4,effis_rda_annual_burned_area,measured,f_sensor_break;f_min_fire_size;f_coverage_change;f_product_level;f_zero_no_detection
CZE,Tsjekkia,country,2025,burned_area_km2,0.0,km2,K4,effis_rda_annual_burned_area,measured,f_sensor_break;f_min_fire_size;f_coverage_change;f_product_level;f_zero_no_detection
CZE,Tsjekkia,country,2026,burned_area_km2,0.41,km2,K4,effis_rda_annual_burned_area,measured,f_sensor_break;f_min_fire_size;f_coverage_change;f_product_level;f_incomplete_year
DEU,Tyskland,country,2006,burned_area_km2,0.0,km2,K4,effis_rda_annual_burned_area,measured,f_sensor_break;f_min_fire_size;f_coverage_change;f_product_level;f_zero_no_detection
DEU,Tyskland,country,2007,burned_area_km2,0.0,km2,K4,effis_rda_annual_burned_area,measured,f_sensor_break;f_min_fire_size;f_coverage_change;f_product_level;f_zero_no_detection
DEU,Tyskland,country,2008,burned_area_km2,0.0,km2,K4,effis_rda_annual_burned_area,measured,f_sensor_break;f_min_fire_size;f_coverage_change;f_product_level;f_zero_no_detection
DEU,Tyskland,country,2009,burned_area_km2,0.0,km2,K4,effis_rda_annual_burned_area,measured,f_sensor_break;f_min_fire_size;f_coverage_change;f_product_level;f_zero_no_detection
DEU,Tyskland,country,2010,burned_area_km2,0.0,km2,K4,effis_rda_annual_burned_area,measured,f_sensor_break;f_min_fire_size;f_coverage_change;f_product_level;f_zero_no_detection
DEU,Tyskland,country,2011,burned_area_km2,0.0,km2,K4,effis_rda_annual_burned_area,measured,f_sensor_break;f_min_fire_size;f_coverage_change;f_product_level;f_zero_no_detection
DEU,Tyskland,country,2012,burned_area_km2,0.0,km2,K4,effis_rda_annual_burned_area,measured,f_sensor_break;f_min_fire_size;f_coverage_change;f_product_level;f_zero_no_detection
DEU,Tyskland,country,2013,burned_area_km2,1.33,km2,K4,effis_rda_annual_burned_area,measured,f_sensor_break;f_min_fire_size;f_coverage_change;f_product_level
DEU,Tyskland,country,2014,burned_area_km2,0.0,km2,K4,effis_rda_annual_burned_area,measured,f_sensor_break;f_min_fire_size;f_coverage_change;f_product_level;f_zero_no_detection
DEU,Tyskland,country,2015,burned_area_km2,1.05,km2,K4,effis_rda_annual_burned_area,measured,f_sensor_break;f_min_fire_size;f_coverage_change;f_product_level
DEU,Tyskland,country,2016,burned_area_km2,3.14,km2,K4,effis_rda_annual_burned_area,measured,f_sensor_break;f_min_fire_size;f_coverage_change;f_product_level
DEU,Tyskland,country,2017,burned_area_km2,0.57,km2,K4,effis_rda_annual_burned_area,measured,f_sensor_break;f_min_fire_size;f_coverage_change;f_product_level
DEU,Tyskland,country,2018,burned_area_km2,36.22,km2,K4,effis_rda_annual_burned_area,measured,f_sensor_break;f_min_fire_size;f_coverage_change;f_product_level
DEU,Tyskland,country,2019,burned_area_km2,20.06,km2,K4,effis_rda_annual_burned_area,measured,f_sensor_break;f_min_fire_size;f_coverage_change;f_product_level
DEU,Tyskland,country,2020,burned_area_km2,3.14,km2,K4,effis_rda_annual_burned_area,measured,f_sensor_break;f_min_fire_size;f_coverage_change;f_product_level
DEU,Tyskland,country,2021,burned_area_km2,1.21,km2,K4,effis_rda_annual_burned_area,measured,f_sensor_break;f_min_fire_size;f_coverage_change;f_product_level
DEU,Tyskland,country,2022,burned_area_km2,42.93,km2,K4,effis_rda_annual_burned_area,measured,f_sensor_break;f_min_fire_size;f_coverage_change;f_product_level
DEU,Tyskland,country,2023,burned_area_km2,9.75,km2,K4,effis_rda_annual_burned_area,measured,f_sensor_break;f_min_fire_size;f_coverage_change;f_product_level
DEU,Tyskland,country,2024,burned_area_km2,8.26,km2,K4,effis_rda_annual_burned_area,measured,f_sensor_break;f_min_fire_size;f_coverage_change;f_product_level
DEU,Tyskland,country,2025,burned_area_km2,54.75,km2,K4,effis_rda_annual_burned_area,measured,f_sensor_break;f_min_fire_size;f_coverage_change;f_product_level
DEU,Tyskland,country,2026,burned_area_km2,26.86,km2,K4,effis_rda_annual_burned_area,measured,f_sensor_break;f_min_fire_size;f_coverage_change;f_product_level;f_incomplete_year
DNK,Danmark,country,2006,burned_area_km2,0.0,km2,K4,effis_rda_annual_burned_area,measured,f_sensor_break;f_min_fire_size;f_coverage_change;f_product_level;f_zero_no_detection
DNK,Danmark,country,2007,burned_area_km2,0.0,km2,K4,effis_rda_annual_burned_area,measured,f_sensor_break;f_min_fire_size;f_coverage_change;f_product_level;f_zero_no_detection
DNK,Danmark,country,2008,burned_area_km2,0.0,km2,K4,effis_rda_annual_burned_area,measured,f_sensor_break;f_min_fire_size;f_coverage_change;f_product_level;f_zero_no_detection
DNK,Danmark,country,2009,burned_area_km2,0.0,km2,K4,effis_rda_annual_burned_area,measured,f_sensor_break;f_min_fire_size;f_coverage_change;f_product_level;f_zero_no_detection
DNK,Danmark,country,2010,burned_area_km2,0.0,km2,K4,effis_rda_annual_burned_area,measured,f_sensor_break;f_min_fire_size;f_coverage_change;f_product_level;f_zero_no_detection
DNK,Danmark,country,2011,burned_area_km2,0.0,km2,K4,effis_rda_annual_burned_area,measured,f_sensor_break;f_min_fire_size;f_coverage_change;f_product_level;f_zero_no_detection
DNK,Danmark,country,2012,burned_area_km2,0.0,km2,K4,effis_rda_annual_burned_area,measured,f_sensor_break;f_min_fire_size;f_coverage_change;f_product_level;f_zero_no_detection
DNK,Danmark,country,2013,burned_area_km2,0.0,km2,K4,effis_rda_annual_burned_area,measured,f_sensor_break;f_min_fire_size;f_coverage_change;f_product_level;f_zero_no_detection
DNK,Danmark,country,2014,burned_area_km2,0.0,km2,K4,effis_rda_annual_burned_area,measured,f_sensor_break;f_min_fire_size;f_coverage_change;f_product_level;f_zero_no_detection
DNK,Danmark,country,2015,burned_area_km2,0.0,km2,K4,effis_rda_annual_burned_area,measured,f_sensor_break;f_min_fire_size;f_coverage_change;f_product_level;f_zero_no_detection
DNK,Danmark,country,2016,burned_area_km2,0.0,km2,K4,effis_rda_annual_burned_area,measured,f_sensor_break;f_min_fire_size;f_coverage_change;f_product_level;f_zero_no_detection
DNK,Danmark,country,2017,burned_area_km2,1.31,km2,K4,effis_rda_annual_burned_area,measured,f_sensor_break;f_min_fire_size;f_coverage_change;f_product_level
DNK,Danmark,country,2018,burned_area_km2,4.63,km2,K4,effis_rda_annual_burned_area,measured,f_sensor_break;f_min_fire_size;f_coverage_change;f_product_level
DNK,Danmark,country,2019,burned_area_km2,0.8,km2,K4,effis_rda_annual_burned_area,measured,f_sensor_break;f_min_fire_size;f_coverage_change;f_product_level
DNK,Danmark,country,2020,burned_area_km2,0.0,km2,K4,effis_rda_annual_burned_area,measured,f_sensor_break;f_min_fire_size;f_coverage_change;f_product_level;f_zero_no_detection
DNK,Danmark,country,2021,burned_area_km2,2.3,km2,K4,effis_rda_annual_burned_area,measured,f_sensor_break;f_min_fire_size;f_coverage_change;f_product_level
DNK,Danmark,country,2022,burned_area_km2,3.41,km2,K4,effis_rda_annual_burned_area,measured,f_sensor_break;f_min_fire_size;f_coverage_change;f_product_level
DNK,Danmark,country,2023,burned_area_km2,1.34,km2,K4,effis_rda_annual_burned_area,measured,f_sensor_break;f_min_fire_size;f_coverage_change;f_product_level
DNK,Danmark,country,2024,burned_area_km2,0.0,km2,K4,effis_rda_annual_burned_area,measured,f_sensor_break;f_min_fire_size;f_coverage_change;f_product_level;f_zero_no_detection
DNK,Danmark,country,2025,burned_area_km2,2.55,km2,K4,effis_rda_annual_burned_area,measured,f_sensor_break;f_min_fire_size;f_coverage_change;f_product_level
DNK,Danmark,country,2026,burned_area_km2,0.7,km2,K4,effis_rda_annual_burned_area,measured,f_sensor_break;f_min_fire_size;f_coverage_change;f_product_level;f_incomplete_year
DZA,Algerie,country,2006,burned_area_km2,0.0,km2,K4,effis_rda_annual_burned_area,measured,f_sensor_break;f_min_fire_size;f_coverage_change;f_product_level;f_zero_no_detection
DZA,Algerie,country,2007,burned_area_km2,0.0,km2,K4,effis_rda_annual_burned_area,measured,f_sensor_break;f_min_fire_size;f_coverage_change;f_product_level;f_zero_no_detection
DZA,Algerie,country,2008,burned_area_km2,0.0,km2,K4,effis_rda_annual_burned_area,measured,f_sensor_break;f_min_fire_size;f_coverage_change;f_product_level;f_zero_no_detection
DZA,Algerie,country,2009,burned_area_km2,1418.69,km2,K4,effis_rda_annual_burned_area,measured,f_sensor_break;f_min_fire_size;f_coverage_change;f_product_level
DZA,Algerie,country,2010,burned_area_km2,701.89,km2,K4,effis_rda_annual_burned_area,measured,f_sensor_break;f_min_fire_size;f_coverage_change;f_product_level
DZA,Algerie,country,2011,burned_area_km2,521.05,km2,K4,effis_rda_annual_burned_area,measured,f_sensor_break;f_min_fire_size;f_coverage_change;f_product_level
DZA,Algerie,country,2012,burned_area_km2,2009.8,km2,K4,effis_rda_annual_burned_area,measured,f_sensor_break;f_min_fire_size;f_coverage_change;f_product_level
DZA,Algerie,country,2013,burned_area_km2,168.61,km2,K4,effis_rda_annual_burned_area,measured,f_sensor_break;f_min_fire_size;f_coverage_change;f_product_level
DZA,Algerie,country,2014,burned_area_km2,634.26,km2,K4,effis_rda_annual_burned_area,measured,f_sensor_break;f_min_fire_size;f_coverage_change;f_product_level
DZA,Algerie,country,2015,burned_area_km2,368.95,km2,K4,effis_rda_annual_burned_area,measured,f_sensor_break;f_min_fire_size;f_coverage_change;f_product_level
DZA,Algerie,country,2016,burned_area_km2,252.88,km2,K4,effis_rda_annual_burned_area,measured,f_sensor_break;f_min_fire_size;f_coverage_change;f_product_level
DZA,Algerie,country,2017,burned_area_km2,897.94,km2,K4,effis_rda_annual_burned_area,measured,f_sensor_break;f_min_fire_size;f_coverage_change;f_product_level
DZA,Algerie,country,2018,burned_area_km2,15.54,km2,K4,effis_rda_annual_burned_area,measured,f_sensor_break;f_min_fire_size;f_coverage_change;f_product_level
DZA,Algerie,country,2019,burned_area_km2,481.06,km2,K4,effis_rda_annual_burned_area,measured,f_sensor_break;f_min_fire_size;f_coverage_change;f_product_level
DZA,Algerie,country,2020,burned_area_km2,1147.04,km2,K4,effis_rda_annual_burned_area,measured,f_sensor_break;f_min_fire_size;f_coverage_change;f_product_level
DZA,Algerie,country,2021,burned_area_km2,1327.84,km2,K4,effis_rda_annual_burned_area,measured,f_sensor_break;f_min_fire_size;f_coverage_change;f_product_level
DZA,Algerie,country,2022,burned_area_km2,525.56,km2,K4,effis_rda_annual_burned_area,measured,f_sensor_break;f_min_fire_size;f_coverage_change;f_product_level
DZA,Algerie,country,2023,burned_area_km2,695.9,km2,K4,effis_rda_annual_burned_area,measured,f_sensor_break;f_min_fire_size;f_coverage_change;f_product_level
DZA,Algerie,country,2024,burned_area_km2,81.58,km2,K4,effis_rda_annual_burned_area,measured,f_sensor_break;f_min_fire_size;f_coverage_change;f_product_level
DZA,Algerie,country,2025,burned_area_km2,177.77,km2,K4,effis_rda_annual_burned_area,measured,f_sensor_break;f_min_fire_size;f_coverage_change;f_product_level
DZA,Algerie,country,2026,burned_area_km2,1854.26,km2,K4,effis_rda_annual_burned_area,measured,f_sensor_break;f_min_fire_size;f_coverage_change;f_product_level;f_incomplete_year
EGY,Egypt,country,2006,burned_area_km2,0.0,km2,K4,effis_rda_annual_burned_area,measured,f_sensor_break;f_min_fire_size;f_coverage_change;f_product_level;f_zero_no_detection
EGY,Egypt,country,2007,burned_area_km2,0.0,km2,K4,effis_rda_annual_burned_area,measured,f_sensor_break;f_min_fire_size;f_coverage_change;f_product_level;f_zero_no_detection
EGY,Egypt,country,2008,burned_area_km2,0.0,km2,K4,effis_rda_annual_burned_area,measured,f_sensor_break;f_min_fire_size;f_coverage_change;f_product_level;f_zero_no_detection
EGY,Egypt,country,2009,burned_area_km2,0.0,km2,K4,effis_rda_annual_burned_area,measured,f_sensor_break;f_min_fire_size;f_coverage_change;f_product_level;f_zero_no_detection
EGY,Egypt,country,2010,burned_area_km2,0.0,km2,K4,effis_rda_annual_burned_area,measured,f_sensor_break;f_min_fire_size;f_coverage_change;f_product_level;f_zero_no_detection
EGY,Egypt,country,2011,burned_area_km2,0.0,km2,K4,effis_rda_annual_burned_area,measured,f_sensor_break;f_min_fire_size;f_coverage_change;f_product_level;f_zero_no_detection
EGY,Egypt,country,2012,burned_area_km2,0.0,km2,K4,effis_rda_annual_burned_area,measured,f_sensor_break;f_min_fire_size;f_coverage_change;f_product_level;f_zero_no_detection
EGY,Egypt,country,2013,burned_area_km2,0.0,km2,K4,effis_rda_annual_burned_area,measured,f_sensor_break;f_min_fire_size;f_coverage_change;f_product_level;f_zero_no_detection
EGY,Egypt,country,2014,burned_area_km2,0.0,km2,K4,effis_rda_annual_burned_area,measured,f_sensor_break;f_min_fire_size;f_coverage_change;f_product_level;f_zero_no_detection
EGY,Egypt,country,2015,burned_area_km2,0.0,km2,K4,effis_rda_annual_burned_area,measured,f_sensor_break;f_min_fire_size;f_coverage_change;f_product_level;f_zero_no_detection
EGY,Egypt,country,2016,burned_area_km2,0.0,km2,K4,effis_rda_annual_burned_area,measured,f_sensor_break;f_min_fire_size;f_coverage_change;f_product_level;f_zero_no_detection
EGY,Egypt,country,2017,burned_area_km2,0.0,km2,K4,effis_rda_annual_burned_area,measured,f_sensor_break;f_min_fire_size;f_coverage_change;f_product_level;f_zero_no_detection
EGY,Egypt,country,2018,burned_area_km2,0.0,km2,K4,effis_rda_annual_burned_area,measured,f_sensor_break;f_min_fire_size;f_coverage_change;f_product_level;f_zero_no_detection
EGY,Egypt,country,2019,burned_area_km2,0.0,km2,K4,effis_rda_annual_burned_area,measured,f_sensor_break;f_min_fire_size;f_coverage_change;f_product_level;f_zero_no_detection
EGY,Egypt,country,2020,burned_area_km2,0.0,km2,K4,effis_rda_annual_burned_area,measured,f_sensor_break;f_min_fire_size;f_coverage_change;f_product_level;f_zero_no_detection
EGY,Egypt,country,2021,burned_area_km2,0.0,km2,K4,effis_rda_annual_burned_area,measured,f_sensor_break;f_min_fire_size;f_coverage_change;f_product_level;f_zero_no_detection
EGY,Egypt,country,2022,burned_area_km2,20.59,km2,K4,effis_rda_annual_burned_area,measured,f_sensor_break;f_min_fire_size;f_coverage_change;f_product_level
EGY,Egypt,country,2023,burned_area_km2,0.0,km2,K4,effis_rda_annual_burned_area,measured,f_sensor_break;f_min_fire_size;f_coverage_change;f_product_level;f_zero_no_detection
EGY,Egypt,country,2024,burned_area_km2,0.0,km2,K4,effis_rda_annual_burned_area,measured,f_sensor_break;f_min_fire_size;f_coverage_change;f_product_level;f_zero_no_detection
EGY,Egypt,country,2025,burned_area_km2,0.0,km2,K4,effis_rda_annual_burned_area,measured,f_sensor_break;f_min_fire_size;f_coverage_change;f_product_level;f_zero_no_detection
EGY,Egypt,country,2026,burned_area_km2,0.0,km2,K4,effis_rda_annual_burned_area,measured,f_sensor_break;f_min_fire_size;f_coverage_change;f_product_level;f_incomplete_year;f_zero_no_detection
ESP,Spania,country,2006,burned_area_km2,1183.68,km2,K4,effis_rda_annual_burned_area,measured,f_sensor_break;f_min_fire_size;f_coverage_change;f_product_level
ESP,Spania,country,2007,burned_area_km2,565.39,km2,K4,effis_rda_annual_burned_area,measured,f_sensor_break;f_min_fire_size;f_coverage_change;f_product_level
ESP,Spania,country,2008,burned_area_km2,100.73,km2,K4,effis_rda_annual_burned_area,measured,f_sensor_break;f_min_fire_size;f_coverage_change;f_product_level
ESP,Spania,country,2009,burned_area_km2,888.45,km2,K4,effis_rda_annual_burned_area,measured,f_sensor_break;f_min_fire_size;f_coverage_change;f_product_level
ESP,Spania,country,2010,burned_area_km2,197.7,km2,K4,effis_rda_annual_burned_area,measured,f_sensor_break;f_min_fire_size;f_coverage_change;f_product_level
ESP,Spania,country,2011,burned_area_km2,600.6,km2,K4,effis_rda_annual_burned_area,measured,f_sensor_break;f_min_fire_size;f_coverage_change;f_product_level
ESP,Spania,country,2012,burned_area_km2,1893.76,km2,K4,effis_rda_annual_burned_area,measured,f_sensor_break;f_min_fire_size;f_coverage_change;f_product_level
ESP,Spania,country,2013,burned_area_km2,370.69,km2,K4,effis_rda_annual_burned_area,measured,f_sensor_break;f_min_fire_size;f_coverage_change;f_product_level
ESP,Spania,country,2014,burned_area_km2,220.01,km2,K4,effis_rda_annual_burned_area,measured,f_sensor_break;f_min_fire_size;f_coverage_change;f_product_level
ESP,Spania,country,2015,burned_area_km2,635.6,km2,K4,effis_rda_annual_burned_area,measured,f_sensor_break;f_min_fire_size;f_coverage_change;f_product_level
ESP,Spania,country,2016,burned_area_km2,526.44,km2,K4,effis_rda_annual_burned_area,measured,f_sensor_break;f_min_fire_size;f_coverage_change;f_product_level
ESP,Spania,country,2017,burned_area_km2,1309.25,km2,K4,effis_rda_annual_burned_area,measured,f_sensor_break;f_min_fire_size;f_coverage_change;f_product_level
ESP,Spania,country,2018,burned_area_km2,124.33,km2,K4,effis_rda_annual_burned_area,measured,f_sensor_break;f_min_fire_size;f_coverage_change;f_product_level
ESP,Spania,country,2019,burned_area_km2,638.53,km2,K4,effis_rda_annual_burned_area,measured,f_sensor_break;f_min_fire_size;f_coverage_change;f_product_level
ESP,Spania,country,2020,burned_area_km2,610.99,km2,K4,effis_rda_annual_burned_area,measured,f_sensor_break;f_min_fire_size;f_coverage_change;f_product_level
ESP,Spania,country,2021,burned_area_km2,848.27,km2,K4,effis_rda_annual_burned_area,measured,f_sensor_break;f_min_fire_size;f_coverage_change;f_product_level
ESP,Spania,country,2022,burned_area_km2,3065.55,km2,K4,effis_rda_annual_burned_area,measured,f_sensor_break;f_min_fire_size;f_coverage_change;f_product_level
ESP,Spania,country,2023,burned_area_km2,912.2,km2,K4,effis_rda_annual_burned_area,measured,f_sensor_break;f_min_fire_size;f_coverage_change;f_product_level
ESP,Spania,country,2024,burned_area_km2,426.15,km2,K4,effis_rda_annual_burned_area,measured,f_sensor_break;f_min_fire_size;f_coverage_change;f_product_level
ESP,Spania,country,2025,burned_area_km2,3930.79,km2,K4,effis_rda_annual_burned_area,measured,f_sensor_break;f_min_fire_size;f_coverage_change;f_product_level
ESP,Spania,country,2026,burned_area_km2,2227.83,km2,K4,effis_rda_annual_burned_area,measured,f_sensor_break;f_min_fire_size;f_coverage_change;f_product_level;f_incomplete_year
EST,Estland,country,2006,burned_area_km2,0.0,km2,K4,effis_rda_annual_burned_area,measured,f_sensor_break;f_min_fire_size;f_coverage_change;f_product_level;f_zero_no_detection
EST,Estland,country,2007,burned_area_km2,0.0,km2,K4,effis_rda_annual_burned_area,measured,f_sensor_break;f_min_fire_size;f_coverage_change;f_product_level;f_zero_no_detection
EST,Estland,country,2008,burned_area_km2,0.0,km2,K4,effis_rda_annual_burned_area,measured,f_sensor_break;f_min_fire_size;f_coverage_change;f_product_level;f_zero_no_detection
EST,Estland,country,2009,burned_area_km2,0.0,km2,K4,effis_rda_annual_burned_area,measured,f_sensor_break;f_min_fire_size;f_coverage_change;f_product_level;f_zero_no_detection
EST,Estland,country,2010,burned_area_km2,0.0,km2,K4,effis_rda_annual_burned_area,measured,f_sensor_break;f_min_fire_size;f_coverage_change;f_product_level;f_zero_no_detection
EST,Estland,country,2011,burned_area_km2,0.0,km2,K4,effis_rda_annual_burned_area,measured,f_sensor_break;f_min_fire_size;f_coverage_change;f_product_level;f_zero_no_detection
EST,Estland,country,2012,burned_area_km2,0.0,km2,K4,effis_rda_annual_burned_area,measured,f_sensor_break;f_min_fire_size;f_coverage_change;f_product_level;f_zero_no_detection
EST,Estland,country,2013,burned_area_km2,0.0,km2,K4,effis_rda_annual_burned_area,measured,f_sensor_break;f_min_fire_size;f_coverage_change;f_product_level;f_zero_no_detection
EST,Estland,country,2014,burned_area_km2,0.0,km2,K4,effis_rda_annual_burned_area,measured,f_sensor_break;f_min_fire_size;f_coverage_change;f_product_level;f_zero_no_detection
EST,Estland,country,2015,burned_area_km2,0.0,km2,K4,effis_rda_annual_burned_area,measured,f_sensor_break;f_min_fire_size;f_coverage_change;f_product_level;f_zero_no_detection
EST,Estland,country,2016,burned_area_km2,0.0,km2,K4,effis_rda_annual_burned_area,measured,f_sensor_break;f_min_fire_size;f_coverage_change;f_product_level;f_zero_no_detection
EST,Estland,country,2017,burned_area_km2,0.0,km2,K4,effis_rda_annual_burned_area,measured,f_sensor_break;f_min_fire_size;f_coverage_change;f_product_level;f_zero_no_detection
EST,Estland,country,2018,burned_area_km2,3.85,km2,K4,effis_rda_annual_burned_area,measured,f_sensor_break;f_min_fire_size;f_coverage_change;f_product_level
EST,Estland,country,2019,burned_area_km2,0.0,km2,K4,effis_rda_annual_burned_area,measured,f_sensor_break;f_min_fire_size;f_coverage_change;f_product_level;f_zero_no_detection
EST,Estland,country,2020,burned_area_km2,0.0,km2,K4,effis_rda_annual_burned_area,measured,f_sensor_break;f_min_fire_size;f_coverage_change;f_product_level;f_zero_no_detection
EST,Estland,country,2021,burned_area_km2,0.0,km2,K4,effis_rda_annual_burned_area,measured,f_sensor_break;f_min_fire_size;f_coverage_change;f_product_level;f_zero_no_detection
EST,Estland,country,2022,burned_area_km2,0.0,km2,K4,effis_rda_annual_burned_area,measured,f_sensor_break;f_min_fire_size;f_coverage_change;f_product_level;f_zero_no_detection
EST,Estland,country,2023,burned_area_km2,1.73,km2,K4,effis_rda_annual_burned_area,measured,f_sensor_break;f_min_fire_size;f_coverage_change;f_product_level
EST,Estland,country,2024,burned_area_km2,0.0,km2,K4,effis_rda_annual_burned_area,measured,f_sensor_break;f_min_fire_size;f_coverage_change;f_product_level;f_zero_no_detection
EST,Estland,country,2025,burned_area_km2,0.0,km2,K4,effis_rda_annual_burned_area,measured,f_sensor_break;f_min_fire_size;f_coverage_change;f_product_level;f_zero_no_detection
EST,Estland,country,2026,burned_area_km2,2.99,km2,K4,effis_rda_annual_burned_area,measured,f_sensor_break;f_min_fire_size;f_coverage_change;f_product_level;f_incomplete_year
FIN,Finland,country,2006,burned_area_km2,0.0,km2,K4,effis_rda_annual_burned_area,measured,f_sensor_break;f_min_fire_size;f_coverage_change;f_product_level;f_zero_no_detection
FIN,Finland,country,2007,burned_area_km2,0.0,km2,K4,effis_rda_annual_burned_area,measured,f_sensor_break;f_min_fire_size;f_coverage_change;f_product_level;f_zero_no_detection
FIN,Finland,country,2008,burned_area_km2,0.0,km2,K4,effis_rda_annual_burned_area,measured,f_sensor_break;f_min_fire_size;f_coverage_change;f_product_level;f_zero_no_detection
FIN,Finland,country,2009,burned_area_km2,0.0,km2,K4,effis_rda_annual_burned_area,measured,f_sensor_break;f_min_fire_size;f_coverage_change;f_product_level;f_zero_no_detection
FIN,Finland,country,2010,burned_area_km2,0.0,km2,K4,effis_rda_annual_burned_area,measured,f_sensor_break;f_min_fire_size;f_coverage_change;f_product_level;f_zero_no_detection
FIN,Finland,country,2011,burned_area_km2,0.0,km2,K4,effis_rda_annual_burned_area,measured,f_sensor_break;f_min_fire_size;f_coverage_change;f_product_level;f_zero_no_detection
FIN,Finland,country,2012,burned_area_km2,0.0,km2,K4,effis_rda_annual_burned_area,measured,f_sensor_break;f_min_fire_size;f_coverage_change;f_product_level;f_zero_no_detection
FIN,Finland,country,2013,burned_area_km2,0.0,km2,K4,effis_rda_annual_burned_area,measured,f_sensor_break;f_min_fire_size;f_coverage_change;f_product_level;f_zero_no_detection
FIN,Finland,country,2014,burned_area_km2,0.0,km2,K4,effis_rda_annual_burned_area,measured,f_sensor_break;f_min_fire_size;f_coverage_change;f_product_level;f_zero_no_detection
FIN,Finland,country,2015,burned_area_km2,0.0,km2,K4,effis_rda_annual_burned_area,measured,f_sensor_break;f_min_fire_size;f_coverage_change;f_product_level;f_zero_no_detection
FIN,Finland,country,2016,burned_area_km2,0.0,km2,K4,effis_rda_annual_burned_area,measured,f_sensor_break;f_min_fire_size;f_coverage_change;f_product_level;f_zero_no_detection
FIN,Finland,country,2017,burned_area_km2,2.1,km2,K4,effis_rda_annual_burned_area,measured,f_sensor_break;f_min_fire_size;f_coverage_change;f_product_level
FIN,Finland,country,2018,burned_area_km2,3.03,km2,K4,effis_rda_annual_burned_area,measured,f_sensor_break;f_min_fire_size;f_coverage_change;f_product_level
FIN,Finland,country,2019,burned_area_km2,0.0,km2,K4,effis_rda_annual_burned_area,measured,f_sensor_break;f_min_fire_size;f_coverage_change;f_product_level;f_zero_no_detection
FIN,Finland,country,2020,burned_area_km2,0.0,km2,K4,effis_rda_annual_burned_area,measured,f_sensor_break;f_min_fire_size;f_coverage_change;f_product_level;f_zero_no_detection
FIN,Finland,country,2021,burned_area_km2,25.58,km2,K4,effis_rda_annual_burned_area,measured,f_sensor_break;f_min_fire_size;f_coverage_change;f_product_level
FIN,Finland,country,2022,burned_area_km2,1.6,km2,K4,effis_rda_annual_burned_area,measured,f_sensor_break;f_min_fire_size;f_coverage_change;f_product_level
FIN,Finland,country,2023,burned_area_km2,2.05,km2,K4,effis_rda_annual_burned_area,measured,f_sensor_break;f_min_fire_size;f_coverage_change;f_product_level
FIN,Finland,country,2024,burned_area_km2,1.24,km2,K4,effis_rda_annual_burned_area,measured,f_sensor_break;f_min_fire_size;f_coverage_change;f_product_level
FIN,Finland,country,2025,burned_area_km2,4.07,km2,K4,effis_rda_annual_burned_area,measured,f_sensor_break;f_min_fire_size;f_coverage_change;f_product_level
FIN,Finland,country,2026,burned_area_km2,0.66,km2,K4,effis_rda_annual_burned_area,measured,f_sensor_break;f_min_fire_size;f_coverage_change;f_product_level;f_incomplete_year
FRA,Frankrike,country,2006,burned_area_km2,17.51,km2,K4,effis_rda_annual_burned_area,measured,f_sensor_break;f_min_fire_size;f_coverage_change;f_product_level
FRA,Frankrike,country,2007,burned_area_km2,26.31,km2,K4,effis_rda_annual_burned_area,measured,f_sensor_break;f_min_fire_size;f_coverage_change;f_product_level
FRA,Frankrike,country,2008,burned_area_km2,16.94,km2,K4,effis_rda_annual_burned_area,measured,f_sensor_break;f_min_fire_size;f_coverage_change;f_product_level
FRA,Frankrike,country,2009,burned_area_km2,79.74,km2,K4,effis_rda_annual_burned_area,measured,f_sensor_break;f_min_fire_size;f_coverage_change;f_product_level
FRA,Frankrike,country,2010,burned_area_km2,46.53,km2,K4,effis_rda_annual_burned_area,measured,f_sensor_break;f_min_fire_size;f_coverage_change;f_product_level
FRA,Frankrike,country,2011,burned_area_km2,48.31,km2,K4,effis_rda_annual_burned_area,measured,f_sensor_break;f_min_fire_size;f_coverage_change;f_product_level
FRA,Frankrike,country,2012,burned_area_km2,32.98,km2,K4,effis_rda_annual_burned_area,measured,f_sensor_break;f_min_fire_size;f_coverage_change;f_product_level
FRA,Frankrike,country,2013,burned_area_km2,8.91,km2,K4,effis_rda_annual_burned_area,measured,f_sensor_break;f_min_fire_size;f_coverage_change;f_product_level
FRA,Frankrike,country,2014,burned_area_km2,46.67,km2,K4,effis_rda_annual_burned_area,measured,f_sensor_break;f_min_fire_size;f_coverage_change;f_product_level
FRA,Frankrike,country,2015,burned_area_km2,20.46,km2,K4,effis_rda_annual_burned_area,measured,f_sensor_break;f_min_fire_size;f_coverage_change;f_product_level
FRA,Frankrike,country,2016,burned_area_km2,107.67,km2,K4,effis_rda_annual_burned_area,measured,f_sensor_break;f_min_fire_size;f_coverage_change;f_product_level
FRA,Frankrike,country,2017,burned_area_km2,206.26,km2,K4,effis_rda_annual_burned_area,measured,f_sensor_break;f_min_fire_size;f_coverage_change;f_product_level
FRA,Frankrike,country,2018,burned_area_km2,25.81,km2,K4,effis_rda_annual_burned_area,measured,f_sensor_break;f_min_fire_size;f_coverage_change;f_product_level
FRA,Frankrike,country,2019,burned_area_km2,436.02,km2,K4,effis_rda_annual_burned_area,measured,f_sensor_break;f_min_fire_size;f_coverage_change;f_product_level
FRA,Frankrike,country,2020,burned_area_km2,145.47,km2,K4,effis_rda_annual_burned_area,measured,f_sensor_break;f_min_fire_size;f_coverage_change;f_product_level
FRA,Frankrike,country,2021,burned_area_km2,306.52,km2,K4,effis_rda_annual_burned_area,measured,f_sensor_break;f_min_fire_size;f_coverage_change;f_product_level
FRA,Frankrike,country,2022,burned_area_km2,663.37,km2,K4,effis_rda_annual_burned_area,measured,f_sensor_break;f_min_fire_size;f_coverage_change;f_product_level
FRA,Frankrike,country,2023,burned_area_km2,223.5,km2,K4,effis_rda_annual_burned_area,measured,f_sensor_break;f_min_fire_size;f_coverage_change;f_product_level
FRA,Frankrike,country,2024,burned_area_km2,122.68,km2,K4,effis_rda_annual_burned_area,measured,f_sensor_break;f_min_fire_size;f_coverage_change;f_product_level
FRA,Frankrike,country,2025,burned_area_km2,369.51,km2,K4,effis_rda_annual_burned_area,measured,f_sensor_break;f_min_fire_size;f_coverage_change;f_product_level
FRA,Frankrike,country,2026,burned_area_km2,928.71,km2,K4,effis_rda_annual_burned_area,measured,f_sensor_break;f_min_fire_size;f_coverage_change;f_product_level;f_incomplete_year
GBR,Storbritannia,country,2006,burned_area_km2,0.0,km2,K4,effis_rda_annual_burned_area,measured,f_sensor_break;f_min_fire_size;f_coverage_change;f_product_level;f_zero_no_detection
GBR,Storbritannia,country,2007,burned_area_km2,0.0,km2,K4,effis_rda_annual_burned_area,measured,f_sensor_break;f_min_fire_size;f_coverage_change;f_product_level;f_zero_no_detection
GBR,Storbritannia,country,2008,burned_area_km2,0.0,km2,K4,effis_rda_annual_burned_area,measured,f_sensor_break;f_min_fire_size;f_coverage_change;f_product_level;f_zero_no_detection
GBR,Storbritannia,country,2009,burned_area_km2,0.0,km2,K4,effis_rda_annual_burned_area,measured,f_sensor_break;f_min_fire_size;f_coverage_change;f_product_level;f_zero_no_detection
GBR,Storbritannia,country,2010,burned_area_km2,0.0,km2,K4,effis_rda_annual_burned_area,measured,f_sensor_break;f_min_fire_size;f_coverage_change;f_product_level;f_zero_no_detection
GBR,Storbritannia,country,2011,burned_area_km2,171.48,km2,K4,effis_rda_annual_burned_area,measured,f_sensor_break;f_min_fire_size;f_coverage_change;f_product_level
GBR,Storbritannia,country,2012,burned_area_km2,0.0,km2,K4,effis_rda_annual_burned_area,measured,f_sensor_break;f_min_fire_size;f_coverage_change;f_product_level;f_zero_no_detection
GBR,Storbritannia,country,2013,burned_area_km2,54.45,km2,K4,effis_rda_annual_burned_area,measured,f_sensor_break;f_min_fire_size;f_coverage_change;f_product_level
GBR,Storbritannia,country,2014,burned_area_km2,0.85,km2,K4,effis_rda_annual_burned_area,measured,f_sensor_break;f_min_fire_size;f_coverage_change;f_product_level
GBR,Storbritannia,country,2015,burned_area_km2,21.27,km2,K4,effis_rda_annual_burned_area,measured,f_sensor_break;f_min_fire_size;f_coverage_change;f_product_level
GBR,Storbritannia,country,2016,burned_area_km2,11.97,km2,K4,effis_rda_annual_burned_area,measured,f_sensor_break;f_min_fire_size;f_coverage_change;f_product_level
GBR,Storbritannia,country,2017,burned_area_km2,50.85,km2,K4,effis_rda_annual_burned_area,measured,f_sensor_break;f_min_fire_size;f_coverage_change;f_product_level
GBR,Storbritannia,country,2018,burned_area_km2,176.89,km2,K4,effis_rda_annual_burned_area,measured,f_sensor_break;f_min_fire_size;f_coverage_change;f_product_level
GBR,Storbritannia,country,2019,burned_area_km2,287.54,km2,K4,effis_rda_annual_burned_area,measured,f_sensor_break;f_min_fire_size;f_coverage_change;f_product_level
GBR,Storbritannia,country,2020,burned_area_km2,137.93,km2,K4,effis_rda_annual_burned_area,measured,f_sensor_break;f_min_fire_size;f_coverage_change;f_product_level
GBR,Storbritannia,country,2021,burned_area_km2,62.36,km2,K4,effis_rda_annual_burned_area,measured,f_sensor_break;f_min_fire_size;f_coverage_change;f_product_level
GBR,Storbritannia,country,2022,burned_area_km2,203.62,km2,K4,effis_rda_annual_burned_area,measured,f_sensor_break;f_min_fire_size;f_coverage_change;f_product_level
GBR,Storbritannia,country,2023,burned_area_km2,86.97,km2,K4,effis_rda_annual_burned_area,measured,f_sensor_break;f_min_fire_size;f_coverage_change;f_product_level
GBR,Storbritannia,country,2024,burned_area_km2,22.62,km2,K4,effis_rda_annual_burned_area,measured,f_sensor_break;f_min_fire_size;f_coverage_change;f_product_level
GBR,Storbritannia,country,2025,burned_area_km2,478.79,km2,K4,effis_rda_annual_burned_area,measured,f_sensor_break;f_min_fire_size;f_coverage_change;f_product_level
GBR,Storbritannia,country,2026,burned_area_km2,228.5,km2,K4,effis_rda_annual_burned_area,measured,f_sensor_break;f_min_fire_size;f_coverage_change;f_product_level;f_incomplete_year
GLP,Guadeloupe,country,2006,burned_area_km2,0.0,km2,K4,effis_rda_annual_burned_area,measured,f_sensor_break;f_min_fire_size;f_coverage_change;f_product_level;f_zero_no_detection
GLP,Guadeloupe,country,2007,burned_area_km2,0.0,km2,K4,effis_rda_annual_burned_area,measured,f_sensor_break;f_min_fire_size;f_coverage_change;f_product_level;f_zero_no_detection
GLP,Guadeloupe,country,2008,burned_area_km2,0.0,km2,K4,effis_rda_annual_burned_area,measured,f_sensor_break;f_min_fire_size;f_coverage_change;f_product_level;f_zero_no_detection
GLP,Guadeloupe,country,2009,burned_area_km2,0.0,km2,K4,effis_rda_annual_burned_area,measured,f_sensor_break;f_min_fire_size;f_coverage_change;f_product_level;f_zero_no_detection
GLP,Guadeloupe,country,2010,burned_area_km2,0.0,km2,K4,effis_rda_annual_burned_area,measured,f_sensor_break;f_min_fire_size;f_coverage_change;f_product_level;f_zero_no_detection
GLP,Guadeloupe,country,2011,burned_area_km2,0.0,km2,K4,effis_rda_annual_burned_area,measured,f_sensor_break;f_min_fire_size;f_coverage_change;f_product_level;f_zero_no_detection
GLP,Guadeloupe,country,2012,burned_area_km2,0.0,km2,K4,effis_rda_annual_burned_area,measured,f_sensor_break;f_min_fire_size;f_coverage_change;f_product_level;f_zero_no_detection
GLP,Guadeloupe,country,2013,burned_area_km2,0.0,km2,K4,effis_rda_annual_burned_area,measured,f_sensor_break;f_min_fire_size;f_coverage_change;f_product_level;f_zero_no_detection
GLP,Guadeloupe,country,2014,burned_area_km2,0.0,km2,K4,effis_rda_annual_burned_area,measured,f_sensor_break;f_min_fire_size;f_coverage_change;f_product_level;f_zero_no_detection
GLP,Guadeloupe,country,2015,burned_area_km2,0.0,km2,K4,effis_rda_annual_burned_area,measured,f_sensor_break;f_min_fire_size;f_coverage_change;f_product_level;f_zero_no_detection
GLP,Guadeloupe,country,2016,burned_area_km2,0.0,km2,K4,effis_rda_annual_burned_area,measured,f_sensor_break;f_min_fire_size;f_coverage_change;f_product_level;f_zero_no_detection
GLP,Guadeloupe,country,2017,burned_area_km2,0.0,km2,K4,effis_rda_annual_burned_area,measured,f_sensor_break;f_min_fire_size;f_coverage_change;f_product_level;f_zero_no_detection
GLP,Guadeloupe,country,2018,burned_area_km2,0.0,km2,K4,effis_rda_annual_burned_area,measured,f_sensor_break;f_min_fire_size;f_coverage_change;f_product_level;f_zero_no_detection
GLP,Guadeloupe,country,2019,burned_area_km2,0.0,km2,K4,effis_rda_annual_burned_area,measured,f_sensor_break;f_min_fire_size;f_coverage_change;f_product_level;f_zero_no_detection
GLP,Guadeloupe,country,2020,burned_area_km2,0.0,km2,K4,effis_rda_annual_burned_area,measured,f_sensor_break;f_min_fire_size;f_coverage_change;f_product_level;f_zero_no_detection
GLP,Guadeloupe,country,2021,burned_area_km2,0.0,km2,K4,effis_rda_annual_burned_area,measured,f_sensor_break;f_min_fire_size;f_coverage_change;f_product_level;f_zero_no_detection
GLP,Guadeloupe,country,2022,burned_area_km2,0.0,km2,K4,effis_rda_annual_burned_area,measured,f_sensor_break;f_min_fire_size;f_coverage_change;f_product_level;f_zero_no_detection
GLP,Guadeloupe,country,2023,burned_area_km2,0.0,km2,K4,effis_rda_annual_burned_area,measured,f_sensor_break;f_min_fire_size;f_coverage_change;f_product_level;f_zero_no_detection
GLP,Guadeloupe,country,2024,burned_area_km2,0.0,km2,K4,effis_rda_annual_burned_area,measured,f_sensor_break;f_min_fire_size;f_coverage_change;f_product_level;f_zero_no_detection
GLP,Guadeloupe,country,2025,burned_area_km2,0.0,km2,K4,effis_rda_annual_burned_area,measured,f_sensor_break;f_min_fire_size;f_coverage_change;f_product_level;f_zero_no_detection
GLP,Guadeloupe,country,2026,burned_area_km2,0.0,km2,K4,effis_rda_annual_burned_area,measured,f_sensor_break;f_min_fire_size;f_coverage_change;f_product_level;f_incomplete_year;f_zero_no_detection
GRC,Hellas,country,2006,burned_area_km2,162.94,km2,K4,effis_rda_annual_burned_area,measured,f_sensor_break;f_min_fire_size;f_coverage_change;f_product_level
GRC,Hellas,country,2007,burned_area_km2,2717.15,km2,K4,effis_rda_annual_burned_area,measured,f_sensor_break;f_min_fire_size;f_coverage_change;f_product_level
GRC,Hellas,country,2008,burned_area_km2,249.88,km2,K4,effis_rda_annual_burned_area,measured,f_sensor_break;f_min_fire_size;f_coverage_change;f_product_level
GRC,Hellas,country,2009,burned_area_km2,428.07,km2,K4,effis_rda_annual_burned_area,measured,f_sensor_break;f_min_fire_size;f_coverage_change;f_product_level
GRC,Hellas,country,2010,burned_area_km2,64.72,km2,K4,effis_rda_annual_burned_area,measured,f_sensor_break;f_min_fire_size;f_coverage_change;f_product_level
GRC,Hellas,country,2011,burned_area_km2,357.13,km2,K4,effis_rda_annual_burned_area,measured,f_sensor_break;f_min_fire_size;f_coverage_change;f_product_level
GRC,Hellas,country,2012,burned_area_km2,524.87,km2,K4,effis_rda_annual_burned_area,measured,f_sensor_break;f_min_fire_size;f_coverage_change;f_product_level
GRC,Hellas,country,2013,burned_area_km2,197.62,km2,K4,effis_rda_annual_burned_area,measured,f_sensor_break;f_min_fire_size;f_coverage_change;f_product_level
GRC,Hellas,country,2014,burned_area_km2,148.15,km2,K4,effis_rda_annual_burned_area,measured,f_sensor_break;f_min_fire_size;f_coverage_change;f_product_level
GRC,Hellas,country,2015,burned_area_km2,116.13,km2,K4,effis_rda_annual_burned_area,measured,f_sensor_break;f_min_fire_size;f_coverage_change;f_product_level
GRC,Hellas,country,2016,burned_area_km2,317.07,km2,K4,effis_rda_annual_burned_area,measured,f_sensor_break;f_min_fire_size;f_coverage_change;f_product_level
GRC,Hellas,country,2017,burned_area_km2,200.41,km2,K4,effis_rda_annual_burned_area,measured,f_sensor_break;f_min_fire_size;f_coverage_change;f_product_level
GRC,Hellas,country,2018,burned_area_km2,120.37,km2,K4,effis_rda_annual_burned_area,measured,f_sensor_break;f_min_fire_size;f_coverage_change;f_product_level
GRC,Hellas,country,2019,burned_area_km2,107.36,km2,K4,effis_rda_annual_burned_area,measured,f_sensor_break;f_min_fire_size;f_coverage_change;f_product_level
GRC,Hellas,country,2020,burned_area_km2,149.15,km2,K4,effis_rda_annual_burned_area,measured,f_sensor_break;f_min_fire_size;f_coverage_change;f_product_level
GRC,Hellas,country,2021,burned_area_km2,1307.44,km2,K4,effis_rda_annual_burned_area,measured,f_sensor_break;f_min_fire_size;f_coverage_change;f_product_level
GRC,Hellas,country,2022,burned_area_km2,224.8,km2,K4,effis_rda_annual_burned_area,measured,f_sensor_break;f_min_fire_size;f_coverage_change;f_product_level
GRC,Hellas,country,2023,burned_area_km2,1747.73,km2,K4,effis_rda_annual_burned_area,measured,f_sensor_break;f_min_fire_size;f_coverage_change;f_product_level
GRC,Hellas,country,2024,burned_area_km2,419.48,km2,K4,effis_rda_annual_burned_area,measured,f_sensor_break;f_min_fire_size;f_coverage_change;f_product_level
GRC,Hellas,country,2025,burned_area_km2,478.19,km2,K4,effis_rda_annual_burned_area,measured,f_sensor_break;f_min_fire_size;f_coverage_change;f_product_level
GRC,Hellas,country,2026,burned_area_km2,302.01,km2,K4,effis_rda_annual_burned_area,measured,f_sensor_break;f_min_fire_size;f_coverage_change;f_product_level;f_incomplete_year
GUY,Guyana,country,2006,burned_area_km2,0.0,km2,K4,effis_rda_annual_burned_area,measured,f_sensor_break;f_min_fire_size;f_coverage_change;f_product_level;f_zero_no_detection
GUY,Guyana,country,2007,burned_area_km2,0.0,km2,K4,effis_rda_annual_burned_area,measured,f_sensor_break;f_min_fire_size;f_coverage_change;f_product_level;f_zero_no_detection
GUY,Guyana,country,2008,burned_area_km2,0.0,km2,K4,effis_rda_annual_burned_area,measured,f_sensor_break;f_min_fire_size;f_coverage_change;f_product_level;f_zero_no_detection
GUY,Guyana,country,2009,burned_area_km2,0.0,km2,K4,effis_rda_annual_burned_area,measured,f_sensor_break;f_min_fire_size;f_coverage_change;f_product_level;f_zero_no_detection
GUY,Guyana,country,2010,burned_area_km2,0.0,km2,K4,effis_rda_annual_burned_area,measured,f_sensor_break;f_min_fire_size;f_coverage_change;f_product_level;f_zero_no_detection
GUY,Guyana,country,2011,burned_area_km2,0.0,km2,K4,effis_rda_annual_burned_area,measured,f_sensor_break;f_min_fire_size;f_coverage_change;f_product_level;f_zero_no_detection
GUY,Guyana,country,2012,burned_area_km2,0.0,km2,K4,effis_rda_annual_burned_area,measured,f_sensor_break;f_min_fire_size;f_coverage_change;f_product_level;f_zero_no_detection
GUY,Guyana,country,2013,burned_area_km2,0.0,km2,K4,effis_rda_annual_burned_area,measured,f_sensor_break;f_min_fire_size;f_coverage_change;f_product_level;f_zero_no_detection
GUY,Guyana,country,2014,burned_area_km2,0.0,km2,K4,effis_rda_annual_burned_area,measured,f_sensor_break;f_min_fire_size;f_coverage_change;f_product_level;f_zero_no_detection
GUY,Guyana,country,2015,burned_area_km2,0.0,km2,K4,effis_rda_annual_burned_area,measured,f_sensor_break;f_min_fire_size;f_coverage_change;f_product_level;f_zero_no_detection
GUY,Guyana,country,2016,burned_area_km2,0.0,km2,K4,effis_rda_annual_burned_area,measured,f_sensor_break;f_min_fire_size;f_coverage_change;f_product_level;f_zero_no_detection
GUY,Guyana,country,2017,burned_area_km2,0.0,km2,K4,effis_rda_annual_burned_area,measured,f_sensor_break;f_min_fire_size;f_coverage_change;f_product_level;f_zero_no_detection
GUY,Guyana,country,2018,burned_area_km2,0.0,km2,K4,effis_rda_annual_burned_area,measured,f_sensor_break;f_min_fire_size;f_coverage_change;f_product_level;f_zero_no_detection
GUY,Guyana,country,2019,burned_area_km2,0.0,km2,K4,effis_rda_annual_burned_area,measured,f_sensor_break;f_min_fire_size;f_coverage_change;f_product_level;f_zero_no_detection
GUY,Guyana,country,2020,burned_area_km2,0.0,km2,K4,effis_rda_annual_burned_area,measured,f_sensor_break;f_min_fire_size;f_coverage_change;f_product_level;f_zero_no_detection
GUY,Guyana,country,2021,burned_area_km2,0.0,km2,K4,effis_rda_annual_burned_area,measured,f_sensor_break;f_min_fire_size;f_coverage_change;f_product_level;f_zero_no_detection
GUY,Guyana,country,2022,burned_area_km2,0.0,km2,K4,effis_rda_annual_burned_area,measured,f_sensor_break;f_min_fire_size;f_coverage_change;f_product_level;f_zero_no_detection
GUY,Guyana,country,2023,burned_area_km2,0.0,km2,K4,effis_rda_annual_burned_area,measured,f_sensor_break;f_min_fire_size;f_coverage_change;f_product_level;f_zero_no_detection
GUY,Guyana,country,2024,burned_area_km2,0.0,km2,K4,effis_rda_annual_burned_area,measured,f_sensor_break;f_min_fire_size;f_coverage_change;f_product_level;f_zero_no_detection
GUY,Guyana,country,2025,burned_area_km2,0.0,km2,K4,effis_rda_annual_burned_area,measured,f_sensor_break;f_min_fire_size;f_coverage_change;f_product_level;f_zero_no_detection
GUY,Guyana,country,2026,burned_area_km2,0.0,km2,K4,effis_rda_annual_burned_area,measured,f_sensor_break;f_min_fire_size;f_coverage_change;f_product_level;f_incomplete_year;f_zero_no_detection
HRV,Kroatia,country,2006,burned_area_km2,27.08,km2,K4,effis_rda_annual_burned_area,measured,f_sensor_break;f_min_fire_size;f_coverage_change;f_product_level
HRV,Kroatia,country,2007,burned_area_km2,171.89,km2,K4,effis_rda_annual_burned_area,measured,f_sensor_break;f_min_fire_size;f_coverage_change;f_product_level
HRV,Kroatia,country,2008,burned_area_km2,32.16,km2,K4,effis_rda_annual_burned_area,measured,f_sensor_break;f_min_fire_size;f_coverage_change;f_product_level
HRV,Kroatia,country,2009,burned_area_km2,22.08,km2,K4,effis_rda_annual_burned_area,measured,f_sensor_break;f_min_fire_size;f_coverage_change;f_product_level
HRV,Kroatia,country,2010,burned_area_km2,3.3,km2,K4,effis_rda_annual_burned_area,measured,f_sensor_break;f_min_fire_size;f_coverage_change;f_product_level
HRV,Kroatia,country,2011,burned_area_km2,153.68,km2,K4,effis_rda_annual_burned_area,measured,f_sensor_break;f_min_fire_size;f_coverage_change;f_product_level
HRV,Kroatia,country,2012,burned_area_km2,330.56,km2,K4,effis_rda_annual_burned_area,measured,f_sensor_break;f_min_fire_size;f_coverage_change;f_product_level
HRV,Kroatia,country,2013,burned_area_km2,10.17,km2,K4,effis_rda_annual_burned_area,measured,f_sensor_break;f_min_fire_size;f_coverage_change;f_product_level
HRV,Kroatia,country,2014,burned_area_km2,3.04,km2,K4,effis_rda_annual_burned_area,measured,f_sensor_break;f_min_fire_size;f_coverage_change;f_product_level
HRV,Kroatia,country,2015,burned_area_km2,78.7,km2,K4,effis_rda_annual_burned_area,measured,f_sensor_break;f_min_fire_size;f_coverage_change;f_product_level
HRV,Kroatia,country,2016,burned_area_km2,90.86,km2,K4,effis_rda_annual_burned_area,measured,f_sensor_break;f_min_fire_size;f_coverage_change;f_product_level
HRV,Kroatia,country,2017,burned_area_km2,676.66,km2,K4,effis_rda_annual_burned_area,measured,f_sensor_break;f_min_fire_size;f_coverage_change;f_product_level
HRV,Kroatia,country,2018,burned_area_km2,12.34,km2,K4,effis_rda_annual_burned_area,measured,f_sensor_break;f_min_fire_size;f_coverage_change;f_product_level
HRV,Kroatia,country,2019,burned_area_km2,118.72,km2,K4,effis_rda_annual_burned_area,measured,f_sensor_break;f_min_fire_size;f_coverage_change;f_product_level
HRV,Kroatia,country,2020,burned_area_km2,274.77,km2,K4,effis_rda_annual_burned_area,measured,f_sensor_break;f_min_fire_size;f_coverage_change;f_product_level
HRV,Kroatia,country,2021,burned_area_km2,93.42,km2,K4,effis_rda_annual_burned_area,measured,f_sensor_break;f_min_fire_size;f_coverage_change;f_product_level
HRV,Kroatia,country,2022,burned_area_km2,329.43,km2,K4,effis_rda_annual_burned_area,measured,f_sensor_break;f_min_fire_size;f_coverage_change;f_product_level
HRV,Kroatia,country,2023,burned_area_km2,27.68,km2,K4,effis_rda_annual_burned_area,measured,f_sensor_break;f_min_fire_size;f_coverage_change;f_product_level
HRV,Kroatia,country,2024,burned_area_km2,158.86,km2,K4,effis_rda_annual_burned_area,measured,f_sensor_break;f_min_fire_size;f_coverage_change;f_product_level
HRV,Kroatia,country,2025,burned_area_km2,33.8,km2,K4,effis_rda_annual_burned_area,measured,f_sensor_break;f_min_fire_size;f_coverage_change;f_product_level
HRV,Kroatia,country,2026,burned_area_km2,34.02,km2,K4,effis_rda_annual_burned_area,measured,f_sensor_break;f_min_fire_size;f_coverage_change;f_product_level;f_incomplete_year
HUN,Ungarn,country,2006,burned_area_km2,0.0,km2,K4,effis_rda_annual_burned_area,measured,f_sensor_break;f_min_fire_size;f_coverage_change;f_product_level;f_zero_no_detection
HUN,Ungarn,country,2007,burned_area_km2,7.99,km2,K4,effis_rda_annual_burned_area,measured,f_sensor_break;f_min_fire_size;f_coverage_change;f_product_level
HUN,Ungarn,country,2008,burned_area_km2,0.0,km2,K4,effis_rda_annual_burned_area,measured,f_sensor_break;f_min_fire_size;f_coverage_change;f_product_level;f_zero_no_detection
HUN,Ungarn,country,2009,burned_area_km2,0.0,km2,K4,effis_rda_annual_burned_area,measured,f_sensor_break;f_min_fire_size;f_coverage_change;f_product_level;f_zero_no_detection
HUN,Ungarn,country,2010,burned_area_km2,0.0,km2,K4,effis_rda_annual_burned_area,measured,f_sensor_break;f_min_fire_size;f_coverage_change;f_product_level;f_zero_no_detection
HUN,Ungarn,country,2011,burned_area_km2,0.0,km2,K4,effis_rda_annual_burned_area,measured,f_sensor_break;f_min_fire_size;f_coverage_change;f_product_level;f_zero_no_detection
HUN,Ungarn,country,2012,burned_area_km2,9.6,km2,K4,effis_rda_annual_burned_area,measured,f_sensor_break;f_min_fire_size;f_coverage_change;f_product_level
HUN,Ungarn,country,2013,burned_area_km2,1.38,km2,K4,effis_rda_annual_burned_area,measured,f_sensor_break;f_min_fire_size;f_coverage_change;f_product_level
HUN,Ungarn,country,2014,burned_area_km2,0.0,km2,K4,effis_rda_annual_burned_area,measured,f_sensor_break;f_min_fire_size;f_coverage_change;f_product_level;f_zero_no_detection
HUN,Ungarn,country,2015,burned_area_km2,16.1,km2,K4,effis_rda_annual_burned_area,measured,f_sensor_break;f_min_fire_size;f_coverage_change;f_product_level
HUN,Ungarn,country,2016,burned_area_km2,0.0,km2,K4,effis_rda_annual_burned_area,measured,f_sensor_break;f_min_fire_size;f_coverage_change;f_product_level;f_zero_no_detection
HUN,Ungarn,country,2017,burned_area_km2,4.58,km2,K4,effis_rda_annual_burned_area,measured,f_sensor_break;f_min_fire_size;f_coverage_change;f_product_level
HUN,Ungarn,country,2018,burned_area_km2,0.96,km2,K4,effis_rda_annual_burned_area,measured,f_sensor_break;f_min_fire_size;f_coverage_change;f_product_level
HUN,Ungarn,country,2019,burned_area_km2,5.28,km2,K4,effis_rda_annual_burned_area,measured,f_sensor_break;f_min_fire_size;f_coverage_change;f_product_level
HUN,Ungarn,country,2020,burned_area_km2,2.65,km2,K4,effis_rda_annual_burned_area,measured,f_sensor_break;f_min_fire_size;f_coverage_change;f_product_level
HUN,Ungarn,country,2021,burned_area_km2,5.65,km2,K4,effis_rda_annual_burned_area,measured,f_sensor_break;f_min_fire_size;f_coverage_change;f_product_level
HUN,Ungarn,country,2022,burned_area_km2,72.87,km2,K4,effis_rda_annual_burned_area,measured,f_sensor_break;f_min_fire_size;f_coverage_change;f_product_level
HUN,Ungarn,country,2023,burned_area_km2,1.56,km2,K4,effis_rda_annual_burned_area,measured,f_sensor_break;f_min_fire_size;f_coverage_change;f_product_level
HUN,Ungarn,country,2024,burned_area_km2,11.41,km2,K4,effis_rda_annual_burned_area,measured,f_sensor_break;f_min_fire_size;f_coverage_change;f_product_level
HUN,Ungarn,country,2025,burned_area_km2,6.66,km2,K4,effis_rda_annual_burned_area,measured,f_sensor_break;f_min_fire_size;f_coverage_change;f_product_level
HUN,Ungarn,country,2026,burned_area_km2,5.08,km2,K4,effis_rda_annual_burned_area,measured,f_sensor_break;f_min_fire_size;f_coverage_change;f_product_level;f_incomplete_year
IRL,Irland,country,2006,burned_area_km2,0.0,km2,K4,effis_rda_annual_burned_area,measured,f_sensor_break;f_min_fire_size;f_coverage_change;f_product_level;f_zero_no_detection
IRL,Irland,country,2007,burned_area_km2,0.0,km2,K4,effis_rda_annual_burned_area,measured,f_sensor_break;f_min_fire_size;f_coverage_change;f_product_level;f_zero_no_detection
IRL,Irland,country,2008,burned_area_km2,0.0,km2,K4,effis_rda_annual_burned_area,measured,f_sensor_break;f_min_fire_size;f_coverage_change;f_product_level;f_zero_no_detection
IRL,Irland,country,2009,burned_area_km2,0.0,km2,K4,effis_rda_annual_burned_area,measured,f_sensor_break;f_min_fire_size;f_coverage_change;f_product_level;f_zero_no_detection
IRL,Irland,country,2010,burned_area_km2,0.0,km2,K4,effis_rda_annual_burned_area,measured,f_sensor_break;f_min_fire_size;f_coverage_change;f_product_level;f_zero_no_detection
IRL,Irland,country,2011,burned_area_km2,167.24,km2,K4,effis_rda_annual_burned_area,measured,f_sensor_break;f_min_fire_size;f_coverage_change;f_product_level
IRL,Irland,country,2012,burned_area_km2,0.0,km2,K4,effis_rda_annual_burned_area,measured,f_sensor_break;f_min_fire_size;f_coverage_change;f_product_level;f_zero_no_detection
IRL,Irland,country,2013,burned_area_km2,82.11,km2,K4,effis_rda_annual_burned_area,measured,f_sensor_break;f_min_fire_size;f_coverage_change;f_product_level
IRL,Irland,country,2014,burned_area_km2,1.41,km2,K4,effis_rda_annual_burned_area,measured,f_sensor_break;f_min_fire_size;f_coverage_change;f_product_level
IRL,Irland,country,2015,burned_area_km2,68.07,km2,K4,effis_rda_annual_burned_area,measured,f_sensor_break;f_min_fire_size;f_coverage_change;f_product_level
IRL,Irland,country,2016,burned_area_km2,11.77,km2,K4,effis_rda_annual_burned_area,measured,f_sensor_break;f_min_fire_size;f_coverage_change;f_product_level
IRL,Irland,country,2017,burned_area_km2,72.19,km2,K4,effis_rda_annual_burned_area,measured,f_sensor_break;f_min_fire_size;f_coverage_change;f_product_level
IRL,Irland,country,2018,burned_area_km2,28.4,km2,K4,effis_rda_annual_burned_area,measured,f_sensor_break;f_min_fire_size;f_coverage_change;f_product_level
IRL,Irland,country,2019,burned_area_km2,28.2,km2,K4,effis_rda_annual_burned_area,measured,f_sensor_break;f_min_fire_size;f_coverage_change;f_product_level
IRL,Irland,country,2020,burned_area_km2,31.03,km2,K4,effis_rda_annual_burned_area,measured,f_sensor_break;f_min_fire_size;f_coverage_change;f_product_level
IRL,Irland,country,2021,burned_area_km2,31.89,km2,K4,effis_rda_annual_burned_area,measured,f_sensor_break;f_min_fire_size;f_coverage_change;f_product_level
IRL,Irland,country,2022,burned_area_km2,29.82,km2,K4,effis_rda_annual_burned_area,measured,f_sensor_break;f_min_fire_size;f_coverage_change;f_product_level
IRL,Irland,country,2023,burned_area_km2,43.02,km2,K4,effis_rda_annual_burned_area,measured,f_sensor_break;f_min_fire_size;f_coverage_change;f_product_level
IRL,Irland,country,2024,burned_area_km2,1.33,km2,K4,effis_rda_annual_burned_area,measured,f_sensor_break;f_min_fire_size;f_coverage_change;f_product_level
IRL,Irland,country,2025,burned_area_km2,43.55,km2,K4,effis_rda_annual_burned_area,measured,f_sensor_break;f_min_fire_size;f_coverage_change;f_product_level
IRL,Irland,country,2026,burned_area_km2,26.1,km2,K4,effis_rda_annual_burned_area,measured,f_sensor_break;f_min_fire_size;f_coverage_change;f_product_level;f_incomplete_year
IRN,Iran,country,2006,burned_area_km2,0.0,km2,K4,effis_rda_annual_burned_area,measured,f_sensor_break;f_min_fire_size;f_coverage_change;f_product_level;f_zero_no_detection
IRN,Iran,country,2007,burned_area_km2,0.0,km2,K4,effis_rda_annual_burned_area,measured,f_sensor_break;f_min_fire_size;f_coverage_change;f_product_level;f_zero_no_detection
IRN,Iran,country,2008,burned_area_km2,0.0,km2,K4,effis_rda_annual_burned_area,measured,f_sensor_break;f_min_fire_size;f_coverage_change;f_product_level;f_zero_no_detection
IRN,Iran,country,2009,burned_area_km2,0.0,km2,K4,effis_rda_annual_burned_area,measured,f_sensor_break;f_min_fire_size;f_coverage_change;f_product_level;f_zero_no_detection
IRN,Iran,country,2010,burned_area_km2,0.0,km2,K4,effis_rda_annual_burned_area,measured,f_sensor_break;f_min_fire_size;f_coverage_change;f_product_level;f_zero_no_detection
IRN,Iran,country,2011,burned_area_km2,0.0,km2,K4,effis_rda_annual_burned_area,measured,f_sensor_break;f_min_fire_size;f_coverage_change;f_product_level;f_zero_no_detection
IRN,Iran,country,2012,burned_area_km2,0.0,km2,K4,effis_rda_annual_burned_area,measured,f_sensor_break;f_min_fire_size;f_coverage_change;f_product_level;f_zero_no_detection
IRN,Iran,country,2013,burned_area_km2,0.0,km2,K4,effis_rda_annual_burned_area,measured,f_sensor_break;f_min_fire_size;f_coverage_change;f_product_level;f_zero_no_detection
IRN,Iran,country,2014,burned_area_km2,0.0,km2,K4,effis_rda_annual_burned_area,measured,f_sensor_break;f_min_fire_size;f_coverage_change;f_product_level;f_zero_no_detection
IRN,Iran,country,2015,burned_area_km2,0.0,km2,K4,effis_rda_annual_burned_area,measured,f_sensor_break;f_min_fire_size;f_coverage_change;f_product_level;f_zero_no_detection
IRN,Iran,country,2016,burned_area_km2,0.0,km2,K4,effis_rda_annual_burned_area,measured,f_sensor_break;f_min_fire_size;f_coverage_change;f_product_level;f_zero_no_detection
IRN,Iran,country,2017,burned_area_km2,0.0,km2,K4,effis_rda_annual_burned_area,measured,f_sensor_break;f_min_fire_size;f_coverage_change;f_product_level;f_zero_no_detection
IRN,Iran,country,2018,burned_area_km2,0.0,km2,K4,effis_rda_annual_burned_area,measured,f_sensor_break;f_min_fire_size;f_coverage_change;f_product_level;f_zero_no_detection
IRN,Iran,country,2019,burned_area_km2,1.32,km2,K4,effis_rda_annual_burned_area,measured,f_sensor_break;f_min_fire_size;f_coverage_change;f_product_level
IRN,Iran,country,2020,burned_area_km2,0.0,km2,K4,effis_rda_annual_burned_area,measured,f_sensor_break;f_min_fire_size;f_coverage_change;f_product_level;f_zero_no_detection
IRN,Iran,country,2021,burned_area_km2,1.12,km2,K4,effis_rda_annual_burned_area,measured,f_sensor_break;f_min_fire_size;f_coverage_change;f_product_level
IRN,Iran,country,2022,burned_area_km2,0.0,km2,K4,effis_rda_annual_burned_area,measured,f_sensor_break;f_min_fire_size;f_coverage_change;f_product_level;f_zero_no_detection
IRN,Iran,country,2023,burned_area_km2,0.0,km2,K4,effis_rda_annual_burned_area,measured,f_sensor_break;f_min_fire_size;f_coverage_change;f_product_level;f_zero_no_detection
IRN,Iran,country,2024,burned_area_km2,0.0,km2,K4,effis_rda_annual_burned_area,measured,f_sensor_break;f_min_fire_size;f_coverage_change;f_product_level;f_zero_no_detection
IRN,Iran,country,2025,burned_area_km2,0.0,km2,K4,effis_rda_annual_burned_area,measured,f_sensor_break;f_min_fire_size;f_coverage_change;f_product_level;f_zero_no_detection
IRN,Iran,country,2026,burned_area_km2,0.0,km2,K4,effis_rda_annual_burned_area,measured,f_sensor_break;f_min_fire_size;f_coverage_change;f_product_level;f_incomplete_year;f_zero_no_detection
IRQ,Irak,country,2006,burned_area_km2,0.0,km2,K4,effis_rda_annual_burned_area,measured,f_sensor_break;f_min_fire_size;f_coverage_change;f_product_level;f_zero_no_detection
IRQ,Irak,country,2007,burned_area_km2,0.0,km2,K4,effis_rda_annual_burned_area,measured,f_sensor_break;f_min_fire_size;f_coverage_change;f_product_level;f_zero_no_detection
IRQ,Irak,country,2008,burned_area_km2,0.0,km2,K4,effis_rda_annual_burned_area,measured,f_sensor_break;f_min_fire_size;f_coverage_change;f_product_level;f_zero_no_detection
IRQ,Irak,country,2009,burned_area_km2,0.0,km2,K4,effis_rda_annual_burned_area,measured,f_sensor_break;f_min_fire_size;f_coverage_change;f_product_level;f_zero_no_detection
IRQ,Irak,country,2010,burned_area_km2,0.0,km2,K4,effis_rda_annual_burned_area,measured,f_sensor_break;f_min_fire_size;f_coverage_change;f_product_level;f_zero_no_detection
IRQ,Irak,country,2011,burned_area_km2,0.0,km2,K4,effis_rda_annual_burned_area,measured,f_sensor_break;f_min_fire_size;f_coverage_change;f_product_level;f_zero_no_detection
IRQ,Irak,country,2012,burned_area_km2,0.0,km2,K4,effis_rda_annual_burned_area,measured,f_sensor_break;f_min_fire_size;f_coverage_change;f_product_level;f_zero_no_detection
IRQ,Irak,country,2013,burned_area_km2,0.0,km2,K4,effis_rda_annual_burned_area,measured,f_sensor_break;f_min_fire_size;f_coverage_change;f_product_level;f_zero_no_detection
IRQ,Irak,country,2014,burned_area_km2,0.0,km2,K4,effis_rda_annual_burned_area,measured,f_sensor_break;f_min_fire_size;f_coverage_change;f_product_level;f_zero_no_detection
IRQ,Irak,country,2015,burned_area_km2,0.0,km2,K4,effis_rda_annual_burned_area,measured,f_sensor_break;f_min_fire_size;f_coverage_change;f_product_level;f_zero_no_detection
IRQ,Irak,country,2016,burned_area_km2,10.64,km2,K4,effis_rda_annual_burned_area,measured,f_sensor_break;f_min_fire_size;f_coverage_change;f_product_level
IRQ,Irak,country,2017,burned_area_km2,0.0,km2,K4,effis_rda_annual_burned_area,measured,f_sensor_break;f_min_fire_size;f_coverage_change;f_product_level;f_zero_no_detection
IRQ,Irak,country,2018,burned_area_km2,2.03,km2,K4,effis_rda_annual_burned_area,measured,f_sensor_break;f_min_fire_size;f_coverage_change;f_product_level
IRQ,Irak,country,2019,burned_area_km2,0.0,km2,K4,effis_rda_annual_burned_area,measured,f_sensor_break;f_min_fire_size;f_coverage_change;f_product_level;f_zero_no_detection
IRQ,Irak,country,2020,burned_area_km2,0.0,km2,K4,effis_rda_annual_burned_area,measured,f_sensor_break;f_min_fire_size;f_coverage_change;f_product_level;f_zero_no_detection
IRQ,Irak,country,2021,burned_area_km2,4.57,km2,K4,effis_rda_annual_burned_area,measured,f_sensor_break;f_min_fire_size;f_coverage_change;f_product_level
IRQ,Irak,country,2022,burned_area_km2,0.0,km2,K4,effis_rda_annual_burned_area,measured,f_sensor_break;f_min_fire_size;f_coverage_change;f_product_level;f_zero_no_detection
IRQ,Irak,country,2023,burned_area_km2,1.71,km2,K4,effis_rda_annual_burned_area,measured,f_sensor_break;f_min_fire_size;f_coverage_change;f_product_level
IRQ,Irak,country,2024,burned_area_km2,0.0,km2,K4,effis_rda_annual_burned_area,measured,f_sensor_break;f_min_fire_size;f_coverage_change;f_product_level;f_zero_no_detection
IRQ,Irak,country,2025,burned_area_km2,0.0,km2,K4,effis_rda_annual_burned_area,measured,f_sensor_break;f_min_fire_size;f_coverage_change;f_product_level;f_zero_no_detection
IRQ,Irak,country,2026,burned_area_km2,0.0,km2,K4,effis_rda_annual_burned_area,measured,f_sensor_break;f_min_fire_size;f_coverage_change;f_product_level;f_incomplete_year;f_zero_no_detection
ISL,Island,country,2006,burned_area_km2,0.0,km2,K4,effis_rda_annual_burned_area,measured,f_sensor_break;f_min_fire_size;f_coverage_change;f_product_level;f_zero_no_detection
ISL,Island,country,2007,burned_area_km2,0.0,km2,K4,effis_rda_annual_burned_area,measured,f_sensor_break;f_min_fire_size;f_coverage_change;f_product_level;f_zero_no_detection
ISL,Island,country,2008,burned_area_km2,0.0,km2,K4,effis_rda_annual_burned_area,measured,f_sensor_break;f_min_fire_size;f_coverage_change;f_product_level;f_zero_no_detection
ISL,Island,country,2009,burned_area_km2,0.0,km2,K4,effis_rda_annual_burned_area,measured,f_sensor_break;f_min_fire_size;f_coverage_change;f_product_level;f_zero_no_detection
ISL,Island,country,2010,burned_area_km2,0.0,km2,K4,effis_rda_annual_burned_area,measured,f_sensor_break;f_min_fire_size;f_coverage_change;f_product_level;f_zero_no_detection
ISL,Island,country,2011,burned_area_km2,0.0,km2,K4,effis_rda_annual_burned_area,measured,f_sensor_break;f_min_fire_size;f_coverage_change;f_product_level;f_zero_no_detection
ISL,Island,country,2012,burned_area_km2,0.0,km2,K4,effis_rda_annual_burned_area,measured,f_sensor_break;f_min_fire_size;f_coverage_change;f_product_level;f_zero_no_detection
ISL,Island,country,2013,burned_area_km2,0.0,km2,K4,effis_rda_annual_burned_area,measured,f_sensor_break;f_min_fire_size;f_coverage_change;f_product_level;f_zero_no_detection
ISL,Island,country,2014,burned_area_km2,0.0,km2,K4,effis_rda_annual_burned_area,measured,f_sensor_break;f_min_fire_size;f_coverage_change;f_product_level;f_zero_no_detection
ISL,Island,country,2015,burned_area_km2,0.0,km2,K4,effis_rda_annual_burned_area,measured,f_sensor_break;f_min_fire_size;f_coverage_change;f_product_level;f_zero_no_detection
ISL,Island,country,2016,burned_area_km2,0.0,km2,K4,effis_rda_annual_burned_area,measured,f_sensor_break;f_min_fire_size;f_coverage_change;f_product_level;f_zero_no_detection
ISL,Island,country,2017,burned_area_km2,0.0,km2,K4,effis_rda_annual_burned_area,measured,f_sensor_break;f_min_fire_size;f_coverage_change;f_product_level;f_zero_no_detection
ISL,Island,country,2018,burned_area_km2,0.0,km2,K4,effis_rda_annual_burned_area,measured,f_sensor_break;f_min_fire_size;f_coverage_change;f_product_level;f_zero_no_detection
ISL,Island,country,2019,burned_area_km2,0.0,km2,K4,effis_rda_annual_burned_area,measured,f_sensor_break;f_min_fire_size;f_coverage_change;f_product_level;f_zero_no_detection
ISL,Island,country,2020,burned_area_km2,0.0,km2,K4,effis_rda_annual_burned_area,measured,f_sensor_break;f_min_fire_size;f_coverage_change;f_product_level;f_zero_no_detection
ISL,Island,country,2021,burned_area_km2,0.0,km2,K4,effis_rda_annual_burned_area,measured,f_sensor_break;f_min_fire_size;f_coverage_change;f_product_level;f_zero_no_detection
ISL,Island,country,2022,burned_area_km2,0.0,km2,K4,effis_rda_annual_burned_area,measured,f_sensor_break;f_min_fire_size;f_coverage_change;f_product_level;f_zero_no_detection
ISL,Island,country,2023,burned_area_km2,0.0,km2,K4,effis_rda_annual_burned_area,measured,f_sensor_break;f_min_fire_size;f_coverage_change;f_product_level;f_zero_no_detection
ISL,Island,country,2024,burned_area_km2,0.0,km2,K4,effis_rda_annual_burned_area,measured,f_sensor_break;f_min_fire_size;f_coverage_change;f_product_level;f_zero_no_detection
ISL,Island,country,2025,burned_area_km2,0.0,km2,K4,effis_rda_annual_burned_area,measured,f_sensor_break;f_min_fire_size;f_coverage_change;f_product_level;f_zero_no_detection
ISL,Island,country,2026,burned_area_km2,0.0,km2,K4,effis_rda_annual_burned_area,measured,f_sensor_break;f_min_fire_size;f_coverage_change;f_product_level;f_incomplete_year;f_zero_no_detection
ISR,Israel,country,2006,burned_area_km2,0.0,km2,K4,effis_rda_annual_burned_area,measured,f_sensor_break;f_min_fire_size;f_coverage_change;f_product_level;f_zero_no_detection
ISR,Israel,country,2007,burned_area_km2,0.0,km2,K4,effis_rda_annual_burned_area,measured,f_sensor_break;f_min_fire_size;f_coverage_change;f_product_level;f_zero_no_detection
ISR,Israel,country,2008,burned_area_km2,0.0,km2,K4,effis_rda_annual_burned_area,measured,f_sensor_break;f_min_fire_size;f_coverage_change;f_product_level;f_zero_no_detection
ISR,Israel,country,2009,burned_area_km2,53.24,km2,K4,effis_rda_annual_burned_area,measured,f_sensor_break;f_min_fire_size;f_coverage_change;f_product_level
ISR,Israel,country,2010,burned_area_km2,30.13,km2,K4,effis_rda_annual_burned_area,measured,f_sensor_break;f_min_fire_size;f_coverage_change;f_product_level
ISR,Israel,country,2011,burned_area_km2,0.0,km2,K4,effis_rda_annual_burned_area,measured,f_sensor_break;f_min_fire_size;f_coverage_change;f_product_level;f_zero_no_detection
ISR,Israel,country,2012,burned_area_km2,0.0,km2,K4,effis_rda_annual_burned_area,measured,f_sensor_break;f_min_fire_size;f_coverage_change;f_product_level;f_zero_no_detection
ISR,Israel,country,2013,burned_area_km2,28.52,km2,K4,effis_rda_annual_burned_area,measured,f_sensor_break;f_min_fire_size;f_coverage_change;f_product_level
ISR,Israel,country,2014,burned_area_km2,4.86,km2,K4,effis_rda_annual_burned_area,measured,f_sensor_break;f_min_fire_size;f_coverage_change;f_product_level
ISR,Israel,country,2015,burned_area_km2,38.37,km2,K4,effis_rda_annual_burned_area,measured,f_sensor_break;f_min_fire_size;f_coverage_change;f_product_level
ISR,Israel,country,2016,burned_area_km2,10.23,km2,K4,effis_rda_annual_burned_area,measured,f_sensor_break;f_min_fire_size;f_coverage_change;f_product_level
ISR,Israel,country,2017,burned_area_km2,7.85,km2,K4,effis_rda_annual_burned_area,measured,f_sensor_break;f_min_fire_size;f_coverage_change;f_product_level
ISR,Israel,country,2018,burned_area_km2,3.45,km2,K4,effis_rda_annual_burned_area,measured,f_sensor_break;f_min_fire_size;f_coverage_change;f_product_level
ISR,Israel,country,2019,burned_area_km2,18.56,km2,K4,effis_rda_annual_burned_area,measured,f_sensor_break;f_min_fire_size;f_coverage_change;f_product_level
ISR,Israel,country,2020,burned_area_km2,35.49,km2,K4,effis_rda_annual_burned_area,measured,f_sensor_break;f_min_fire_size;f_coverage_change;f_product_level
ISR,Israel,country,2021,burned_area_km2,49.72,km2,K4,effis_rda_annual_burned_area,measured,f_sensor_break;f_min_fire_size;f_coverage_change;f_product_level
ISR,Israel,country,2022,burned_area_km2,2.18,km2,K4,effis_rda_annual_burned_area,measured,f_sensor_break;f_min_fire_size;f_coverage_change;f_product_level
ISR,Israel,country,2023,burned_area_km2,6.51,km2,K4,effis_rda_annual_burned_area,measured,f_sensor_break;f_min_fire_size;f_coverage_change;f_product_level
ISR,Israel,country,2024,burned_area_km2,160.04,km2,K4,effis_rda_annual_burned_area,measured,f_sensor_break;f_min_fire_size;f_coverage_change;f_product_level
ISR,Israel,country,2025,burned_area_km2,33.31,km2,K4,effis_rda_annual_burned_area,measured,f_sensor_break;f_min_fire_size;f_coverage_change;f_product_level
ISR,Israel,country,2026,burned_area_km2,2.74,km2,K4,effis_rda_annual_burned_area,measured,f_sensor_break;f_min_fire_size;f_coverage_change;f_product_level;f_incomplete_year
ITA,Italia,country,2006,burned_area_km2,92.16,km2,K4,effis_rda_annual_burned_area,measured,f_sensor_break;f_min_fire_size;f_coverage_change;f_product_level
ITA,Italia,country,2007,burned_area_km2,1534.81,km2,K4,effis_rda_annual_burned_area,measured,f_sensor_break;f_min_fire_size;f_coverage_change;f_product_level
ITA,Italia,country,2008,burned_area_km2,243.1,km2,K4,effis_rda_annual_burned_area,measured,f_sensor_break;f_min_fire_size;f_coverage_change;f_product_level
ITA,Italia,country,2009,burned_area_km2,548.09,km2,K4,effis_rda_annual_burned_area,measured,f_sensor_break;f_min_fire_size;f_coverage_change;f_product_level
ITA,Italia,country,2010,burned_area_km2,342.8,km2,K4,effis_rda_annual_burned_area,measured,f_sensor_break;f_min_fire_size;f_coverage_change;f_product_level
ITA,Italia,country,2011,burned_area_km2,369.97,km2,K4,effis_rda_annual_burned_area,measured,f_sensor_break;f_min_fire_size;f_coverage_change;f_product_level
ITA,Italia,country,2012,burned_area_km2,828.56,km2,K4,effis_rda_annual_burned_area,measured,f_sensor_break;f_min_fire_size;f_coverage_change;f_product_level
ITA,Italia,country,2013,burned_area_km2,157.76,km2,K4,effis_rda_annual_burned_area,measured,f_sensor_break;f_min_fire_size;f_coverage_change;f_product_level
ITA,Italia,country,2014,burned_area_km2,131.76,km2,K4,effis_rda_annual_burned_area,measured,f_sensor_break;f_min_fire_size;f_coverage_change;f_product_level
ITA,Italia,country,2015,burned_area_km2,77.73,km2,K4,effis_rda_annual_burned_area,measured,f_sensor_break;f_min_fire_size;f_coverage_change;f_product_level
ITA,Italia,country,2016,burned_area_km2,352.46,km2,K4,effis_rda_annual_burned_area,measured,f_sensor_break;f_min_fire_size;f_coverage_change;f_product_level
ITA,Italia,country,2017,burned_area_km2,1402.14,km2,K4,effis_rda_annual_burned_area,measured,f_sensor_break;f_min_fire_size;f_coverage_change;f_product_level
ITA,Italia,country,2018,burned_area_km2,140.02,km2,K4,effis_rda_annual_burned_area,measured,f_sensor_break;f_min_fire_size;f_coverage_change;f_product_level
ITA,Italia,country,2019,burned_area_km2,368.87,km2,K4,effis_rda_annual_burned_area,measured,f_sensor_break;f_min_fire_size;f_coverage_change;f_product_level
ITA,Italia,country,2020,burned_area_km2,537.5,km2,K4,effis_rda_annual_burned_area,measured,f_sensor_break;f_min_fire_size;f_coverage_change;f_product_level
ITA,Italia,country,2021,burned_area_km2,1505.52,km2,K4,effis_rda_annual_burned_area,measured,f_sensor_break;f_min_fire_size;f_coverage_change;f_product_level
ITA,Italia,country,2022,burned_area_km2,587.51,km2,K4,effis_rda_annual_burned_area,measured,f_sensor_break;f_min_fire_size;f_coverage_change;f_product_level
ITA,Italia,country,2023,burned_area_km2,979.84,km2,K4,effis_rda_annual_burned_area,measured,f_sensor_break;f_min_fire_size;f_coverage_change;f_product_level
ITA,Italia,country,2024,burned_area_km2,401.22,km2,K4,effis_rda_annual_burned_area,measured,f_sensor_break;f_min_fire_size;f_coverage_change;f_product_level
ITA,Italia,country,2025,burned_area_km2,843.48,km2,K4,effis_rda_annual_burned_area,measured,f_sensor_break;f_min_fire_size;f_coverage_change;f_product_level
ITA,Italia,country,2026,burned_area_km2,746.56,km2,K4,effis_rda_annual_burned_area,measured,f_sensor_break;f_min_fire_size;f_coverage_change;f_product_level;f_incomplete_year
JOR,Jordan,country,2006,burned_area_km2,0.0,km2,K4,effis_rda_annual_burned_area,measured,f_sensor_break;f_min_fire_size;f_coverage_change;f_product_level;f_zero_no_detection
JOR,Jordan,country,2007,burned_area_km2,0.0,km2,K4,effis_rda_annual_burned_area,measured,f_sensor_break;f_min_fire_size;f_coverage_change;f_product_level;f_zero_no_detection
JOR,Jordan,country,2008,burned_area_km2,0.0,km2,K4,effis_rda_annual_burned_area,measured,f_sensor_break;f_min_fire_size;f_coverage_change;f_product_level;f_zero_no_detection
JOR,Jordan,country,2009,burned_area_km2,0.0,km2,K4,effis_rda_annual_burned_area,measured,f_sensor_break;f_min_fire_size;f_coverage_change;f_product_level;f_zero_no_detection
JOR,Jordan,country,2010,burned_area_km2,0.0,km2,K4,effis_rda_annual_burned_area,measured,f_sensor_break;f_min_fire_size;f_coverage_change;f_product_level;f_zero_no_detection
JOR,Jordan,country,2011,burned_area_km2,0.0,km2,K4,effis_rda_annual_burned_area,measured,f_sensor_break;f_min_fire_size;f_coverage_change;f_product_level;f_zero_no_detection
JOR,Jordan,country,2012,burned_area_km2,0.0,km2,K4,effis_rda_annual_burned_area,measured,f_sensor_break;f_min_fire_size;f_coverage_change;f_product_level;f_zero_no_detection
JOR,Jordan,country,2013,burned_area_km2,0.0,km2,K4,effis_rda_annual_burned_area,measured,f_sensor_break;f_min_fire_size;f_coverage_change;f_product_level;f_zero_no_detection
JOR,Jordan,country,2014,burned_area_km2,0.0,km2,K4,effis_rda_annual_burned_area,measured,f_sensor_break;f_min_fire_size;f_coverage_change;f_product_level;f_zero_no_detection
JOR,Jordan,country,2015,burned_area_km2,0.0,km2,K4,effis_rda_annual_burned_area,measured,f_sensor_break;f_min_fire_size;f_coverage_change;f_product_level;f_zero_no_detection
JOR,Jordan,country,2016,burned_area_km2,0.0,km2,K4,effis_rda_annual_burned_area,measured,f_sensor_break;f_min_fire_size;f_coverage_change;f_product_level;f_zero_no_detection
JOR,Jordan,country,2017,burned_area_km2,0.0,km2,K4,effis_rda_annual_burned_area,measured,f_sensor_break;f_min_fire_size;f_coverage_change;f_product_level;f_zero_no_detection
JOR,Jordan,country,2018,burned_area_km2,0.0,km2,K4,effis_rda_annual_burned_area,measured,f_sensor_break;f_min_fire_size;f_coverage_change;f_product_level;f_zero_no_detection
JOR,Jordan,country,2019,burned_area_km2,0.0,km2,K4,effis_rda_annual_burned_area,measured,f_sensor_break;f_min_fire_size;f_coverage_change;f_product_level;f_zero_no_detection
JOR,Jordan,country,2020,burned_area_km2,1.63,km2,K4,effis_rda_annual_burned_area,measured,f_sensor_break;f_min_fire_size;f_coverage_change;f_product_level
JOR,Jordan,country,2021,burned_area_km2,0.0,km2,K4,effis_rda_annual_burned_area,measured,f_sensor_break;f_min_fire_size;f_coverage_change;f_product_level;f_zero_no_detection
JOR,Jordan,country,2022,burned_area_km2,0.0,km2,K4,effis_rda_annual_burned_area,measured,f_sensor_break;f_min_fire_size;f_coverage_change;f_product_level;f_zero_no_detection
JOR,Jordan,country,2023,burned_area_km2,0.0,km2,K4,effis_rda_annual_burned_area,measured,f_sensor_break;f_min_fire_size;f_coverage_change;f_product_level;f_zero_no_detection
JOR,Jordan,country,2024,burned_area_km2,14.94,km2,K4,effis_rda_annual_burned_area,measured,f_sensor_break;f_min_fire_size;f_coverage_change;f_product_level
JOR,Jordan,country,2025,burned_area_km2,1.05,km2,K4,effis_rda_annual_burned_area,measured,f_sensor_break;f_min_fire_size;f_coverage_change;f_product_level
JOR,Jordan,country,2026,burned_area_km2,2.6,km2,K4,effis_rda_annual_burned_area,measured,f_sensor_break;f_min_fire_size;f_coverage_change;f_product_level;f_incomplete_year
KWT,Kuwait,country,2006,burned_area_km2,0.0,km2,K4,effis_rda_annual_burned_area,measured,f_sensor_break;f_min_fire_size;f_coverage_change;f_product_level;f_zero_no_detection
KWT,Kuwait,country,2007,burned_area_km2,0.0,km2,K4,effis_rda_annual_burned_area,measured,f_sensor_break;f_min_fire_size;f_coverage_change;f_product_level;f_zero_no_detection
KWT,Kuwait,country,2008,burned_area_km2,0.0,km2,K4,effis_rda_annual_burned_area,measured,f_sensor_break;f_min_fire_size;f_coverage_change;f_product_level;f_zero_no_detection
KWT,Kuwait,country,2009,burned_area_km2,0.0,km2,K4,effis_rda_annual_burned_area,measured,f_sensor_break;f_min_fire_size;f_coverage_change;f_product_level;f_zero_no_detection
KWT,Kuwait,country,2010,burned_area_km2,0.0,km2,K4,effis_rda_annual_burned_area,measured,f_sensor_break;f_min_fire_size;f_coverage_change;f_product_level;f_zero_no_detection
KWT,Kuwait,country,2011,burned_area_km2,0.0,km2,K4,effis_rda_annual_burned_area,measured,f_sensor_break;f_min_fire_size;f_coverage_change;f_product_level;f_zero_no_detection
KWT,Kuwait,country,2012,burned_area_km2,0.0,km2,K4,effis_rda_annual_burned_area,measured,f_sensor_break;f_min_fire_size;f_coverage_change;f_product_level;f_zero_no_detection
KWT,Kuwait,country,2013,burned_area_km2,0.0,km2,K4,effis_rda_annual_burned_area,measured,f_sensor_break;f_min_fire_size;f_coverage_change;f_product_level;f_zero_no_detection
KWT,Kuwait,country,2014,burned_area_km2,0.0,km2,K4,effis_rda_annual_burned_area,measured,f_sensor_break;f_min_fire_size;f_coverage_change;f_product_level;f_zero_no_detection
KWT,Kuwait,country,2015,burned_area_km2,0.0,km2,K4,effis_rda_annual_burned_area,measured,f_sensor_break;f_min_fire_size;f_coverage_change;f_product_level;f_zero_no_detection
KWT,Kuwait,country,2016,burned_area_km2,0.0,km2,K4,effis_rda_annual_burned_area,measured,f_sensor_break;f_min_fire_size;f_coverage_change;f_product_level;f_zero_no_detection
KWT,Kuwait,country,2017,burned_area_km2,0.0,km2,K4,effis_rda_annual_burned_area,measured,f_sensor_break;f_min_fire_size;f_coverage_change;f_product_level;f_zero_no_detection
KWT,Kuwait,country,2018,burned_area_km2,0.0,km2,K4,effis_rda_annual_burned_area,measured,f_sensor_break;f_min_fire_size;f_coverage_change;f_product_level;f_zero_no_detection
KWT,Kuwait,country,2019,burned_area_km2,0.0,km2,K4,effis_rda_annual_burned_area,measured,f_sensor_break;f_min_fire_size;f_coverage_change;f_product_level;f_zero_no_detection
KWT,Kuwait,country,2020,burned_area_km2,0.0,km2,K4,effis_rda_annual_burned_area,measured,f_sensor_break;f_min_fire_size;f_coverage_change;f_product_level;f_zero_no_detection
KWT,Kuwait,country,2021,burned_area_km2,0.0,km2,K4,effis_rda_annual_burned_area,measured,f_sensor_break;f_min_fire_size;f_coverage_change;f_product_level;f_zero_no_detection
KWT,Kuwait,country,2022,burned_area_km2,0.0,km2,K4,effis_rda_annual_burned_area,measured,f_sensor_break;f_min_fire_size;f_coverage_change;f_product_level;f_zero_no_detection
KWT,Kuwait,country,2023,burned_area_km2,0.0,km2,K4,effis_rda_annual_burned_area,measured,f_sensor_break;f_min_fire_size;f_coverage_change;f_product_level;f_zero_no_detection
KWT,Kuwait,country,2024,burned_area_km2,0.0,km2,K4,effis_rda_annual_burned_area,measured,f_sensor_break;f_min_fire_size;f_coverage_change;f_product_level;f_zero_no_detection
KWT,Kuwait,country,2025,burned_area_km2,0.0,km2,K4,effis_rda_annual_burned_area,measured,f_sensor_break;f_min_fire_size;f_coverage_change;f_product_level;f_zero_no_detection
KWT,Kuwait,country,2026,burned_area_km2,0.0,km2,K4,effis_rda_annual_burned_area,measured,f_sensor_break;f_min_fire_size;f_coverage_change;f_product_level;f_incomplete_year;f_zero_no_detection
LBN,Libanon,country,2006,burned_area_km2,0.0,km2,K4,effis_rda_annual_burned_area,measured,f_sensor_break;f_min_fire_size;f_coverage_change;f_product_level;f_zero_no_detection
LBN,Libanon,country,2007,burned_area_km2,0.0,km2,K4,effis_rda_annual_burned_area,measured,f_sensor_break;f_min_fire_size;f_coverage_change;f_product_level;f_zero_no_detection
LBN,Libanon,country,2008,burned_area_km2,0.0,km2,K4,effis_rda_annual_burned_area,measured,f_sensor_break;f_min_fire_size;f_coverage_change;f_product_level;f_zero_no_detection
LBN,Libanon,country,2009,burned_area_km2,0.0,km2,K4,effis_rda_annual_burned_area,measured,f_sensor_break;f_min_fire_size;f_coverage_change;f_product_level;f_zero_no_detection
LBN,Libanon,country,2010,burned_area_km2,0.0,km2,K4,effis_rda_annual_burned_area,measured,f_sensor_break;f_min_fire_size;f_coverage_change;f_product_level;f_zero_no_detection
LBN,Libanon,country,2011,burned_area_km2,0.0,km2,K4,effis_rda_annual_burned_area,measured,f_sensor_break;f_min_fire_size;f_coverage_change;f_product_level;f_zero_no_detection
LBN,Libanon,country,2012,burned_area_km2,0.0,km2,K4,effis_rda_annual_burned_area,measured,f_sensor_break;f_min_fire_size;f_coverage_change;f_product_level;f_zero_no_detection
LBN,Libanon,country,2013,burned_area_km2,1.82,km2,K4,effis_rda_annual_burned_area,measured,f_sensor_break;f_min_fire_size;f_coverage_change;f_product_level
LBN,Libanon,country,2014,burned_area_km2,0.0,km2,K4,effis_rda_annual_burned_area,measured,f_sensor_break;f_min_fire_size;f_coverage_change;f_product_level;f_zero_no_detection
LBN,Libanon,country,2015,burned_area_km2,1.41,km2,K4,effis_rda_annual_burned_area,measured,f_sensor_break;f_min_fire_size;f_coverage_change;f_product_level
LBN,Libanon,country,2016,burned_area_km2,0.0,km2,K4,effis_rda_annual_burned_area,measured,f_sensor_break;f_min_fire_size;f_coverage_change;f_product_level;f_zero_no_detection
LBN,Libanon,country,2017,burned_area_km2,0.45,km2,K4,effis_rda_annual_burned_area,measured,f_sensor_break;f_min_fire_size;f_coverage_change;f_product_level
LBN,Libanon,country,2018,burned_area_km2,0.45,km2,K4,effis_rda_annual_burned_area,measured,f_sensor_break;f_min_fire_size;f_coverage_change;f_product_level
LBN,Libanon,country,2019,burned_area_km2,21.59,km2,K4,effis_rda_annual_burned_area,measured,f_sensor_break;f_min_fire_size;f_coverage_change;f_product_level
LBN,Libanon,country,2020,burned_area_km2,29.31,km2,K4,effis_rda_annual_burned_area,measured,f_sensor_break;f_min_fire_size;f_coverage_change;f_product_level
LBN,Libanon,country,2021,burned_area_km2,22.98,km2,K4,effis_rda_annual_burned_area,measured,f_sensor_break;f_min_fire_size;f_coverage_change;f_product_level
LBN,Libanon,country,2022,burned_area_km2,1.19,km2,K4,effis_rda_annual_burned_area,measured,f_sensor_break;f_min_fire_size;f_coverage_change;f_product_level
LBN,Libanon,country,2023,burned_area_km2,12.62,km2,K4,effis_rda_annual_burned_area,measured,f_sensor_break;f_min_fire_size;f_coverage_change;f_product_level
LBN,Libanon,country,2024,burned_area_km2,110.74,km2,K4,effis_rda_annual_burned_area,measured,f_sensor_break;f_min_fire_size;f_coverage_change;f_product_level
LBN,Libanon,country,2025,burned_area_km2,15.65,km2,K4,effis_rda_annual_burned_area,measured,f_sensor_break;f_min_fire_size;f_coverage_change;f_product_level
LBN,Libanon,country,2026,burned_area_km2,34.63,km2,K4,effis_rda_annual_burned_area,measured,f_sensor_break;f_min_fire_size;f_coverage_change;f_product_level;f_incomplete_year
LBY,Libya,country,2006,burned_area_km2,0.0,km2,K4,effis_rda_annual_burned_area,measured,f_sensor_break;f_min_fire_size;f_coverage_change;f_product_level;f_zero_no_detection
LBY,Libya,country,2007,burned_area_km2,0.0,km2,K4,effis_rda_annual_burned_area,measured,f_sensor_break;f_min_fire_size;f_coverage_change;f_product_level;f_zero_no_detection
LBY,Libya,country,2008,burned_area_km2,0.0,km2,K4,effis_rda_annual_burned_area,measured,f_sensor_break;f_min_fire_size;f_coverage_change;f_product_level;f_zero_no_detection
LBY,Libya,country,2009,burned_area_km2,0.0,km2,K4,effis_rda_annual_burned_area,measured,f_sensor_break;f_min_fire_size;f_coverage_change;f_product_level;f_zero_no_detection
LBY,Libya,country,2010,burned_area_km2,0.0,km2,K4,effis_rda_annual_burned_area,measured,f_sensor_break;f_min_fire_size;f_coverage_change;f_product_level;f_zero_no_detection
LBY,Libya,country,2011,burned_area_km2,0.0,km2,K4,effis_rda_annual_burned_area,measured,f_sensor_break;f_min_fire_size;f_coverage_change;f_product_level;f_zero_no_detection
LBY,Libya,country,2012,burned_area_km2,0.0,km2,K4,effis_rda_annual_burned_area,measured,f_sensor_break;f_min_fire_size;f_coverage_change;f_product_level;f_zero_no_detection
LBY,Libya,country,2013,burned_area_km2,59.24,km2,K4,effis_rda_annual_burned_area,measured,f_sensor_break;f_min_fire_size;f_coverage_change;f_product_level
LBY,Libya,country,2014,burned_area_km2,0.0,km2,K4,effis_rda_annual_burned_area,measured,f_sensor_break;f_min_fire_size;f_coverage_change;f_product_level;f_zero_no_detection
LBY,Libya,country,2015,burned_area_km2,0.0,km2,K4,effis_rda_annual_burned_area,measured,f_sensor_break;f_min_fire_size;f_coverage_change;f_product_level;f_zero_no_detection
LBY,Libya,country,2016,burned_area_km2,0.0,km2,K4,effis_rda_annual_burned_area,measured,f_sensor_break;f_min_fire_size;f_coverage_change;f_product_level;f_zero_no_detection
LBY,Libya,country,2017,burned_area_km2,2.34,km2,K4,effis_rda_annual_burned_area,measured,f_sensor_break;f_min_fire_size;f_coverage_change;f_product_level
LBY,Libya,country,2018,burned_area_km2,2.72,km2,K4,effis_rda_annual_burned_area,measured,f_sensor_break;f_min_fire_size;f_coverage_change;f_product_level
LBY,Libya,country,2019,burned_area_km2,6.67,km2,K4,effis_rda_annual_burned_area,measured,f_sensor_break;f_min_fire_size;f_coverage_change;f_product_level
LBY,Libya,country,2020,burned_area_km2,26.15,km2,K4,effis_rda_annual_burned_area,measured,f_sensor_break;f_min_fire_size;f_coverage_change;f_product_level
LBY,Libya,country,2021,burned_area_km2,2.95,km2,K4,effis_rda_annual_burned_area,measured,f_sensor_break;f_min_fire_size;f_coverage_change;f_product_level
LBY,Libya,country,2022,burned_area_km2,1.73,km2,K4,effis_rda_annual_burned_area,measured,f_sensor_break;f_min_fire_size;f_coverage_change;f_product_level
LBY,Libya,country,2023,burned_area_km2,3.26,km2,K4,effis_rda_annual_burned_area,measured,f_sensor_break;f_min_fire_size;f_coverage_change;f_product_level
LBY,Libya,country,2024,burned_area_km2,2.0,km2,K4,effis_rda_annual_burned_area,measured,f_sensor_break;f_min_fire_size;f_coverage_change;f_product_level
LBY,Libya,country,2025,burned_area_km2,1.69,km2,K4,effis_rda_annual_burned_area,measured,f_sensor_break;f_min_fire_size;f_coverage_change;f_product_level
LBY,Libya,country,2026,burned_area_km2,0.0,km2,K4,effis_rda_annual_burned_area,measured,f_sensor_break;f_min_fire_size;f_coverage_change;f_product_level;f_incomplete_year;f_zero_no_detection
LTU,Litauen,country,2006,burned_area_km2,0.0,km2,K4,effis_rda_annual_burned_area,measured,f_sensor_break;f_min_fire_size;f_coverage_change;f_product_level;f_zero_no_detection
LTU,Litauen,country,2007,burned_area_km2,0.0,km2,K4,effis_rda_annual_burned_area,measured,f_sensor_break;f_min_fire_size;f_coverage_change;f_product_level;f_zero_no_detection
LTU,Litauen,country,2008,burned_area_km2,0.0,km2,K4,effis_rda_annual_burned_area,measured,f_sensor_break;f_min_fire_size;f_coverage_change;f_product_level;f_zero_no_detection
LTU,Litauen,country,2009,burned_area_km2,0.0,km2,K4,effis_rda_annual_burned_area,measured,f_sensor_break;f_min_fire_size;f_coverage_change;f_product_level;f_zero_no_detection
LTU,Litauen,country,2010,burned_area_km2,0.0,km2,K4,effis_rda_annual_burned_area,measured,f_sensor_break;f_min_fire_size;f_coverage_change;f_product_level;f_zero_no_detection
LTU,Litauen,country,2011,burned_area_km2,0.0,km2,K4,effis_rda_annual_burned_area,measured,f_sensor_break;f_min_fire_size;f_coverage_change;f_product_level;f_zero_no_detection
LTU,Litauen,country,2012,burned_area_km2,0.0,km2,K4,effis_rda_annual_burned_area,measured,f_sensor_break;f_min_fire_size;f_coverage_change;f_product_level;f_zero_no_detection
LTU,Litauen,country,2013,burned_area_km2,0.0,km2,K4,effis_rda_annual_burned_area,measured,f_sensor_break;f_min_fire_size;f_coverage_change;f_product_level;f_zero_no_detection
LTU,Litauen,country,2014,burned_area_km2,0.0,km2,K4,effis_rda_annual_burned_area,measured,f_sensor_break;f_min_fire_size;f_coverage_change;f_product_level;f_zero_no_detection
LTU,Litauen,country,2015,burned_area_km2,0.0,km2,K4,effis_rda_annual_burned_area,measured,f_sensor_break;f_min_fire_size;f_coverage_change;f_product_level;f_zero_no_detection
LTU,Litauen,country,2016,burned_area_km2,0.0,km2,K4,effis_rda_annual_burned_area,measured,f_sensor_break;f_min_fire_size;f_coverage_change;f_product_level;f_zero_no_detection
LTU,Litauen,country,2017,burned_area_km2,0.0,km2,K4,effis_rda_annual_burned_area,measured,f_sensor_break;f_min_fire_size;f_coverage_change;f_product_level;f_zero_no_detection
LTU,Litauen,country,2018,burned_area_km2,0.0,km2,K4,effis_rda_annual_burned_area,measured,f_sensor_break;f_min_fire_size;f_coverage_change;f_product_level;f_zero_no_detection
LTU,Litauen,country,2019,burned_area_km2,2.36,km2,K4,effis_rda_annual_burned_area,measured,f_sensor_break;f_min_fire_size;f_coverage_change;f_product_level
LTU,Litauen,country,2020,burned_area_km2,0.43,km2,K4,effis_rda_annual_burned_area,measured,f_sensor_break;f_min_fire_size;f_coverage_change;f_product_level
LTU,Litauen,country,2021,burned_area_km2,0.0,km2,K4,effis_rda_annual_burned_area,measured,f_sensor_break;f_min_fire_size;f_coverage_change;f_product_level;f_zero_no_detection
LTU,Litauen,country,2022,burned_area_km2,0.0,km2,K4,effis_rda_annual_burned_area,measured,f_sensor_break;f_min_fire_size;f_coverage_change;f_product_level;f_zero_no_detection
LTU,Litauen,country,2023,burned_area_km2,3.05,km2,K4,effis_rda_annual_burned_area,measured,f_sensor_break;f_min_fire_size;f_coverage_change;f_product_level
LTU,Litauen,country,2024,burned_area_km2,0.0,km2,K4,effis_rda_annual_burned_area,measured,f_sensor_break;f_min_fire_size;f_coverage_change;f_product_level;f_zero_no_detection
LTU,Litauen,country,2025,burned_area_km2,0.0,km2,K4,effis_rda_annual_burned_area,measured,f_sensor_break;f_min_fire_size;f_coverage_change;f_product_level;f_zero_no_detection
LTU,Litauen,country,2026,burned_area_km2,0.46,km2,K4,effis_rda_annual_burned_area,measured,f_sensor_break;f_min_fire_size;f_coverage_change;f_product_level;f_incomplete_year
LUX,Luxembourg,country,2006,burned_area_km2,0.0,km2,K4,effis_rda_annual_burned_area,measured,f_sensor_break;f_min_fire_size;f_coverage_change;f_product_level;f_zero_no_detection
LUX,Luxembourg,country,2007,burned_area_km2,0.0,km2,K4,effis_rda_annual_burned_area,measured,f_sensor_break;f_min_fire_size;f_coverage_change;f_product_level;f_zero_no_detection
LUX,Luxembourg,country,2008,burned_area_km2,0.0,km2,K4,effis_rda_annual_burned_area,measured,f_sensor_break;f_min_fire_size;f_coverage_change;f_product_level;f_zero_no_detection
LUX,Luxembourg,country,2009,burned_area_km2,0.0,km2,K4,effis_rda_annual_burned_area,measured,f_sensor_break;f_min_fire_size;f_coverage_change;f_product_level;f_zero_no_detection
LUX,Luxembourg,country,2010,burned_area_km2,0.0,km2,K4,effis_rda_annual_burned_area,measured,f_sensor_break;f_min_fire_size;f_coverage_change;f_product_level;f_zero_no_detection
LUX,Luxembourg,country,2011,burned_area_km2,0.0,km2,K4,effis_rda_annual_burned_area,measured,f_sensor_break;f_min_fire_size;f_coverage_change;f_product_level;f_zero_no_detection
LUX,Luxembourg,country,2012,burned_area_km2,0.0,km2,K4,effis_rda_annual_burned_area,measured,f_sensor_break;f_min_fire_size;f_coverage_change;f_product_level;f_zero_no_detection
LUX,Luxembourg,country,2013,burned_area_km2,0.0,km2,K4,effis_rda_annual_burned_area,measured,f_sensor_break;f_min_fire_size;f_coverage_change;f_product_level;f_zero_no_detection
LUX,Luxembourg,country,2014,burned_area_km2,0.0,km2,K4,effis_rda_annual_burned_area,measured,f_sensor_break;f_min_fire_size;f_coverage_change;f_product_level;f_zero_no_detection
LUX,Luxembourg,country,2015,burned_area_km2,0.0,km2,K4,effis_rda_annual_burned_area,measured,f_sensor_break;f_min_fire_size;f_coverage_change;f_product_level;f_zero_no_detection
LUX,Luxembourg,country,2016,burned_area_km2,0.0,km2,K4,effis_rda_annual_burned_area,measured,f_sensor_break;f_min_fire_size;f_coverage_change;f_product_level;f_zero_no_detection
LUX,Luxembourg,country,2017,burned_area_km2,0.0,km2,K4,effis_rda_annual_burned_area,measured,f_sensor_break;f_min_fire_size;f_coverage_change;f_product_level;f_zero_no_detection
LUX,Luxembourg,country,2018,burned_area_km2,0.0,km2,K4,effis_rda_annual_burned_area,measured,f_sensor_break;f_min_fire_size;f_coverage_change;f_product_level;f_zero_no_detection
LUX,Luxembourg,country,2019,burned_area_km2,0.0,km2,K4,effis_rda_annual_burned_area,measured,f_sensor_break;f_min_fire_size;f_coverage_change;f_product_level;f_zero_no_detection
LUX,Luxembourg,country,2020,burned_area_km2,0.0,km2,K4,effis_rda_annual_burned_area,measured,f_sensor_break;f_min_fire_size;f_coverage_change;f_product_level;f_zero_no_detection
LUX,Luxembourg,country,2021,burned_area_km2,0.0,km2,K4,effis_rda_annual_burned_area,measured,f_sensor_break;f_min_fire_size;f_coverage_change;f_product_level;f_zero_no_detection
LUX,Luxembourg,country,2022,burned_area_km2,0.0,km2,K4,effis_rda_annual_burned_area,measured,f_sensor_break;f_min_fire_size;f_coverage_change;f_product_level;f_zero_no_detection
LUX,Luxembourg,country,2023,burned_area_km2,0.0,km2,K4,effis_rda_annual_burned_area,measured,f_sensor_break;f_min_fire_size;f_coverage_change;f_product_level;f_zero_no_detection
LUX,Luxembourg,country,2024,burned_area_km2,0.0,km2,K4,effis_rda_annual_burned_area,measured,f_sensor_break;f_min_fire_size;f_coverage_change;f_product_level;f_zero_no_detection
LUX,Luxembourg,country,2025,burned_area_km2,0.0,km2,K4,effis_rda_annual_burned_area,measured,f_sensor_break;f_min_fire_size;f_coverage_change;f_product_level;f_zero_no_detection
LUX,Luxembourg,country,2026,burned_area_km2,0.0,km2,K4,effis_rda_annual_burned_area,measured,f_sensor_break;f_min_fire_size;f_coverage_change;f_product_level;f_incomplete_year;f_zero_no_detection
LVA,Latvia,country,2006,burned_area_km2,0.0,km2,K4,effis_rda_annual_burned_area,measured,f_sensor_break;f_min_fire_size;f_coverage_change;f_product_level;f_zero_no_detection
LVA,Latvia,country,2007,burned_area_km2,0.0,km2,K4,effis_rda_annual_burned_area,measured,f_sensor_break;f_min_fire_size;f_coverage_change;f_product_level;f_zero_no_detection
LVA,Latvia,country,2008,burned_area_km2,0.65,km2,K4,effis_rda_annual_burned_area,measured,f_sensor_break;f_min_fire_size;f_coverage_change;f_product_level
LVA,Latvia,country,2009,burned_area_km2,0.0,km2,K4,effis_rda_annual_burned_area,measured,f_sensor_break;f_min_fire_size;f_coverage_change;f_product_level;f_zero_no_detection
LVA,Latvia,country,2010,burned_area_km2,0.0,km2,K4,effis_rda_annual_burned_area,measured,f_sensor_break;f_min_fire_size;f_coverage_change;f_product_level;f_zero_no_detection
LVA,Latvia,country,2011,burned_area_km2,0.0,km2,K4,effis_rda_annual_burned_area,measured,f_sensor_break;f_min_fire_size;f_coverage_change;f_product_level;f_zero_no_detection
LVA,Latvia,country,2012,burned_area_km2,0.0,km2,K4,effis_rda_annual_burned_area,measured,f_sensor_break;f_min_fire_size;f_coverage_change;f_product_level;f_zero_no_detection
LVA,Latvia,country,2013,burned_area_km2,0.0,km2,K4,effis_rda_annual_burned_area,measured,f_sensor_break;f_min_fire_size;f_coverage_change;f_product_level;f_zero_no_detection
LVA,Latvia,country,2014,burned_area_km2,0.0,km2,K4,effis_rda_annual_burned_area,measured,f_sensor_break;f_min_fire_size;f_coverage_change;f_product_level;f_zero_no_detection
LVA,Latvia,country,2015,burned_area_km2,0.0,km2,K4,effis_rda_annual_burned_area,measured,f_sensor_break;f_min_fire_size;f_coverage_change;f_product_level;f_zero_no_detection
LVA,Latvia,country,2016,burned_area_km2,0.0,km2,K4,effis_rda_annual_burned_area,measured,f_sensor_break;f_min_fire_size;f_coverage_change;f_product_level;f_zero_no_detection
LVA,Latvia,country,2017,burned_area_km2,0.35,km2,K4,effis_rda_annual_burned_area,measured,f_sensor_break;f_min_fire_size;f_coverage_change;f_product_level
LVA,Latvia,country,2018,burned_area_km2,24.93,km2,K4,effis_rda_annual_burned_area,measured,f_sensor_break;f_min_fire_size;f_coverage_change;f_product_level
LVA,Latvia,country,2019,burned_area_km2,0.49,km2,K4,effis_rda_annual_burned_area,measured,f_sensor_break;f_min_fire_size;f_coverage_change;f_product_level
LVA,Latvia,country,2020,burned_area_km2,0.0,km2,K4,effis_rda_annual_burned_area,measured,f_sensor_break;f_min_fire_size;f_coverage_change;f_product_level;f_zero_no_detection
LVA,Latvia,country,2021,burned_area_km2,2.51,km2,K4,effis_rda_annual_burned_area,measured,f_sensor_break;f_min_fire_size;f_coverage_change;f_product_level
LVA,Latvia,country,2022,burned_area_km2,1.71,km2,K4,effis_rda_annual_burned_area,measured,f_sensor_break;f_min_fire_size;f_coverage_change;f_product_level
LVA,Latvia,country,2023,burned_area_km2,1.27,km2,K4,effis_rda_annual_burned_area,measured,f_sensor_break;f_min_fire_size;f_coverage_change;f_product_level
LVA,Latvia,country,2024,burned_area_km2,0.0,km2,K4,effis_rda_annual_burned_area,measured,f_sensor_break;f_min_fire_size;f_coverage_change;f_product_level;f_zero_no_detection
LVA,Latvia,country,2025,burned_area_km2,0.3,km2,K4,effis_rda_annual_burned_area,measured,f_sensor_break;f_min_fire_size;f_coverage_change;f_product_level
LVA,Latvia,country,2026,burned_area_km2,3.18,km2,K4,effis_rda_annual_burned_area,measured,f_sensor_break;f_min_fire_size;f_coverage_change;f_product_level;f_incomplete_year
MAF,Saint-Martin (FR),country,2006,burned_area_km2,0.0,km2,K4,effis_rda_annual_burned_area,measured,f_sensor_break;f_min_fire_size;f_coverage_change;f_product_level;f_zero_no_detection
MAF,Saint-Martin (FR),country,2007,burned_area_km2,0.0,km2,K4,effis_rda_annual_burned_area,measured,f_sensor_break;f_min_fire_size;f_coverage_change;f_product_level;f_zero_no_detection
MAF,Saint-Martin (FR),country,2008,burned_area_km2,0.0,km2,K4,effis_rda_annual_burned_area,measured,f_sensor_break;f_min_fire_size;f_coverage_change;f_product_level;f_zero_no_detection
MAF,Saint-Martin (FR),country,2009,burned_area_km2,0.0,km2,K4,effis_rda_annual_burned_area,measured,f_sensor_break;f_min_fire_size;f_coverage_change;f_product_level;f_zero_no_detection
MAF,Saint-Martin (FR),country,2010,burned_area_km2,0.0,km2,K4,effis_rda_annual_burned_area,measured,f_sensor_break;f_min_fire_size;f_coverage_change;f_product_level;f_zero_no_detection
MAF,Saint-Martin (FR),country,2011,burned_area_km2,0.0,km2,K4,effis_rda_annual_burned_area,measured,f_sensor_break;f_min_fire_size;f_coverage_change;f_product_level;f_zero_no_detection
MAF,Saint-Martin (FR),country,2012,burned_area_km2,0.0,km2,K4,effis_rda_annual_burned_area,measured,f_sensor_break;f_min_fire_size;f_coverage_change;f_product_level;f_zero_no_detection
MAF,Saint-Martin (FR),country,2013,burned_area_km2,0.0,km2,K4,effis_rda_annual_burned_area,measured,f_sensor_break;f_min_fire_size;f_coverage_change;f_product_level;f_zero_no_detection
MAF,Saint-Martin (FR),country,2014,burned_area_km2,0.0,km2,K4,effis_rda_annual_burned_area,measured,f_sensor_break;f_min_fire_size;f_coverage_change;f_product_level;f_zero_no_detection
MAF,Saint-Martin (FR),country,2015,burned_area_km2,0.0,km2,K4,effis_rda_annual_burned_area,measured,f_sensor_break;f_min_fire_size;f_coverage_change;f_product_level;f_zero_no_detection
MAF,Saint-Martin (FR),country,2016,burned_area_km2,0.0,km2,K4,effis_rda_annual_burned_area,measured,f_sensor_break;f_min_fire_size;f_coverage_change;f_product_level;f_zero_no_detection
MAF,Saint-Martin (FR),country,2017,burned_area_km2,0.0,km2,K4,effis_rda_annual_burned_area,measured,f_sensor_break;f_min_fire_size;f_coverage_change;f_product_level;f_zero_no_detection
MAF,Saint-Martin (FR),country,2018,burned_area_km2,0.0,km2,K4,effis_rda_annual_burned_area,measured,f_sensor_break;f_min_fire_size;f_coverage_change;f_product_level;f_zero_no_detection
MAF,Saint-Martin (FR),country,2019,burned_area_km2,0.0,km2,K4,effis_rda_annual_burned_area,measured,f_sensor_break;f_min_fire_size;f_coverage_change;f_product_level;f_zero_no_detection
MAF,Saint-Martin (FR),country,2020,burned_area_km2,0.0,km2,K4,effis_rda_annual_burned_area,measured,f_sensor_break;f_min_fire_size;f_coverage_change;f_product_level;f_zero_no_detection
MAF,Saint-Martin (FR),country,2021,burned_area_km2,0.0,km2,K4,effis_rda_annual_burned_area,measured,f_sensor_break;f_min_fire_size;f_coverage_change;f_product_level;f_zero_no_detection
MAF,Saint-Martin (FR),country,2022,burned_area_km2,0.0,km2,K4,effis_rda_annual_burned_area,measured,f_sensor_break;f_min_fire_size;f_coverage_change;f_product_level;f_zero_no_detection
MAF,Saint-Martin (FR),country,2023,burned_area_km2,0.0,km2,K4,effis_rda_annual_burned_area,measured,f_sensor_break;f_min_fire_size;f_coverage_change;f_product_level;f_zero_no_detection
MAF,Saint-Martin (FR),country,2024,burned_area_km2,0.0,km2,K4,effis_rda_annual_burned_area,measured,f_sensor_break;f_min_fire_size;f_coverage_change;f_product_level;f_zero_no_detection
MAF,Saint-Martin (FR),country,2025,burned_area_km2,0.0,km2,K4,effis_rda_annual_burned_area,measured,f_sensor_break;f_min_fire_size;f_coverage_change;f_product_level;f_zero_no_detection
MAF,Saint-Martin (FR),country,2026,burned_area_km2,0.0,km2,K4,effis_rda_annual_burned_area,measured,f_sensor_break;f_min_fire_size;f_coverage_change;f_product_level;f_incomplete_year;f_zero_no_detection
MAR,Marokko,country,2006,burned_area_km2,0.0,km2,K4,effis_rda_annual_burned_area,measured,f_sensor_break;f_min_fire_size;f_coverage_change;f_product_level;f_zero_no_detection
MAR,Marokko,country,2007,burned_area_km2,0.0,km2,K4,effis_rda_annual_burned_area,measured,f_sensor_break;f_min_fire_size;f_coverage_change;f_product_level;f_zero_no_detection
MAR,Marokko,country,2008,burned_area_km2,0.0,km2,K4,effis_rda_annual_burned_area,measured,f_sensor_break;f_min_fire_size;f_coverage_change;f_product_level;f_zero_no_detection
MAR,Marokko,country,2009,burned_area_km2,21.11,km2,K4,effis_rda_annual_burned_area,measured,f_sensor_break;f_min_fire_size;f_coverage_change;f_product_level
MAR,Marokko,country,2010,burned_area_km2,28.27,km2,K4,effis_rda_annual_burned_area,measured,f_sensor_break;f_min_fire_size;f_coverage_change;f_product_level
MAR,Marokko,country,2011,burned_area_km2,46.68,km2,K4,effis_rda_annual_burned_area,measured,f_sensor_break;f_min_fire_size;f_coverage_change;f_product_level
MAR,Marokko,country,2012,burned_area_km2,111.48,km2,K4,effis_rda_annual_burned_area,measured,f_sensor_break;f_min_fire_size;f_coverage_change;f_product_level
MAR,Marokko,country,2013,burned_area_km2,28.06,km2,K4,effis_rda_annual_burned_area,measured,f_sensor_break;f_min_fire_size;f_coverage_change;f_product_level
MAR,Marokko,country,2014,burned_area_km2,9.99,km2,K4,effis_rda_annual_burned_area,measured,f_sensor_break;f_min_fire_size;f_coverage_change;f_product_level
MAR,Marokko,country,2015,burned_area_km2,5.65,km2,K4,effis_rda_annual_burned_area,measured,f_sensor_break;f_min_fire_size;f_coverage_change;f_product_level
MAR,Marokko,country,2016,burned_area_km2,38.64,km2,K4,effis_rda_annual_burned_area,measured,f_sensor_break;f_min_fire_size;f_coverage_change;f_product_level
MAR,Marokko,country,2017,burned_area_km2,46.45,km2,K4,effis_rda_annual_burned_area,measured,f_sensor_break;f_min_fire_size;f_coverage_change;f_product_level
MAR,Marokko,country,2018,burned_area_km2,11.04,km2,K4,effis_rda_annual_burned_area,measured,f_sensor_break;f_min_fire_size;f_coverage_change;f_product_level
MAR,Marokko,country,2019,burned_area_km2,46.49,km2,K4,effis_rda_annual_burned_area,measured,f_sensor_break;f_min_fire_size;f_coverage_change;f_product_level
MAR,Marokko,country,2020,burned_area_km2,73.82,km2,K4,effis_rda_annual_burned_area,measured,f_sensor_break;f_min_fire_size;f_coverage_change;f_product_level
MAR,Marokko,country,2021,burned_area_km2,55.68,km2,K4,effis_rda_annual_burned_area,measured,f_sensor_break;f_min_fire_size;f_coverage_change;f_product_level
MAR,Marokko,country,2022,burned_area_km2,321.32,km2,K4,effis_rda_annual_burned_area,measured,f_sensor_break;f_min_fire_size;f_coverage_change;f_product_level
MAR,Marokko,country,2023,burned_area_km2,76.27,km2,K4,effis_rda_annual_burned_area,measured,f_sensor_break;f_min_fire_size;f_coverage_change;f_product_level
MAR,Marokko,country,2024,burned_area_km2,6.52,km2,K4,effis_rda_annual_burned_area,measured,f_sensor_break;f_min_fire_size;f_coverage_change;f_product_level
MAR,Marokko,country,2025,burned_area_km2,26.17,km2,K4,effis_rda_annual_burned_area,measured,f_sensor_break;f_min_fire_size;f_coverage_change;f_product_level
MAR,Marokko,country,2026,burned_area_km2,45.68,km2,K4,effis_rda_annual_burned_area,measured,f_sensor_break;f_min_fire_size;f_coverage_change;f_product_level;f_incomplete_year
MDA,Moldova,country,2006,burned_area_km2,0.0,km2,K4,effis_rda_annual_burned_area,measured,f_sensor_break;f_min_fire_size;f_coverage_change;f_product_level;f_zero_no_detection
MDA,Moldova,country,2007,burned_area_km2,0.0,km2,K4,effis_rda_annual_burned_area,measured,f_sensor_break;f_min_fire_size;f_coverage_change;f_product_level;f_zero_no_detection
MDA,Moldova,country,2008,burned_area_km2,0.0,km2,K4,effis_rda_annual_burned_area,measured,f_sensor_break;f_min_fire_size;f_coverage_change;f_product_level;f_zero_no_detection
MDA,Moldova,country,2009,burned_area_km2,0.0,km2,K4,effis_rda_annual_burned_area,measured,f_sensor_break;f_min_fire_size;f_coverage_change;f_product_level;f_zero_no_detection
MDA,Moldova,country,2010,burned_area_km2,0.0,km2,K4,effis_rda_annual_burned_area,measured,f_sensor_break;f_min_fire_size;f_coverage_change;f_product_level;f_zero_no_detection
MDA,Moldova,country,2011,burned_area_km2,0.0,km2,K4,effis_rda_annual_burned_area,measured,f_sensor_break;f_min_fire_size;f_coverage_change;f_product_level;f_zero_no_detection
MDA,Moldova,country,2012,burned_area_km2,0.0,km2,K4,effis_rda_annual_burned_area,measured,f_sensor_break;f_min_fire_size;f_coverage_change;f_product_level;f_zero_no_detection
MDA,Moldova,country,2013,burned_area_km2,0.0,km2,K4,effis_rda_annual_burned_area,measured,f_sensor_break;f_min_fire_size;f_coverage_change;f_product_level;f_zero_no_detection
MDA,Moldova,country,2014,burned_area_km2,0.0,km2,K4,effis_rda_annual_burned_area,measured,f_sensor_break;f_min_fire_size;f_coverage_change;f_product_level;f_zero_no_detection
MDA,Moldova,country,2015,burned_area_km2,0.0,km2,K4,effis_rda_annual_burned_area,measured,f_sensor_break;f_min_fire_size;f_coverage_change;f_product_level;f_zero_no_detection
MDA,Moldova,country,2016,burned_area_km2,0.0,km2,K4,effis_rda_annual_burned_area,measured,f_sensor_break;f_min_fire_size;f_coverage_change;f_product_level;f_zero_no_detection
MDA,Moldova,country,2017,burned_area_km2,0.0,km2,K4,effis_rda_annual_burned_area,measured,f_sensor_break;f_min_fire_size;f_coverage_change;f_product_level;f_zero_no_detection
MDA,Moldova,country,2018,burned_area_km2,0.0,km2,K4,effis_rda_annual_burned_area,measured,f_sensor_break;f_min_fire_size;f_coverage_change;f_product_level;f_zero_no_detection
MDA,Moldova,country,2019,burned_area_km2,0.0,km2,K4,effis_rda_annual_burned_area,measured,f_sensor_break;f_min_fire_size;f_coverage_change;f_product_level;f_zero_no_detection
MDA,Moldova,country,2020,burned_area_km2,0.0,km2,K4,effis_rda_annual_burned_area,measured,f_sensor_break;f_min_fire_size;f_coverage_change;f_product_level;f_zero_no_detection
MDA,Moldova,country,2021,burned_area_km2,0.0,km2,K4,effis_rda_annual_burned_area,measured,f_sensor_break;f_min_fire_size;f_coverage_change;f_product_level;f_zero_no_detection
MDA,Moldova,country,2022,burned_area_km2,0.0,km2,K4,effis_rda_annual_burned_area,measured,f_sensor_break;f_min_fire_size;f_coverage_change;f_product_level;f_zero_no_detection
MDA,Moldova,country,2023,burned_area_km2,0.0,km2,K4,effis_rda_annual_burned_area,measured,f_sensor_break;f_min_fire_size;f_coverage_change;f_product_level;f_zero_no_detection
MDA,Moldova,country,2024,burned_area_km2,0.68,km2,K4,effis_rda_annual_burned_area,measured,f_sensor_break;f_min_fire_size;f_coverage_change;f_product_level
MDA,Moldova,country,2025,burned_area_km2,0.0,km2,K4,effis_rda_annual_burned_area,measured,f_sensor_break;f_min_fire_size;f_coverage_change;f_product_level;f_zero_no_detection
MDA,Moldova,country,2026,burned_area_km2,0.0,km2,K4,effis_rda_annual_burned_area,measured,f_sensor_break;f_min_fire_size;f_coverage_change;f_product_level;f_incomplete_year;f_zero_no_detection
MKD,Nord-Makedonia,country,2006,burned_area_km2,0.0,km2,K4,effis_rda_annual_burned_area,measured,f_sensor_break;f_min_fire_size;f_coverage_change;f_product_level;f_zero_no_detection
MKD,Nord-Makedonia,country,2007,burned_area_km2,401.08,km2,K4,effis_rda_annual_burned_area,measured,f_sensor_break;f_min_fire_size;f_coverage_change;f_product_level
MKD,Nord-Makedonia,country,2008,burned_area_km2,143.78,km2,K4,effis_rda_annual_burned_area,measured,f_sensor_break;f_min_fire_size;f_coverage_change;f_product_level
MKD,Nord-Makedonia,country,2009,burned_area_km2,9.01,km2,K4,effis_rda_annual_burned_area,measured,f_sensor_break;f_min_fire_size;f_coverage_change;f_product_level
MKD,Nord-Makedonia,country,2010,burned_area_km2,16.92,km2,K4,effis_rda_annual_burned_area,measured,f_sensor_break;f_min_fire_size;f_coverage_change;f_product_level
MKD,Nord-Makedonia,country,2011,burned_area_km2,210.44,km2,K4,effis_rda_annual_burned_area,measured,f_sensor_break;f_min_fire_size;f_coverage_change;f_product_level
MKD,Nord-Makedonia,country,2012,burned_area_km2,258.07,km2,K4,effis_rda_annual_burned_area,measured,f_sensor_break;f_min_fire_size;f_coverage_change;f_product_level
MKD,Nord-Makedonia,country,2013,burned_area_km2,78.13,km2,K4,effis_rda_annual_burned_area,measured,f_sensor_break;f_min_fire_size;f_coverage_change;f_product_level
MKD,Nord-Makedonia,country,2014,burned_area_km2,0.0,km2,K4,effis_rda_annual_burned_area,measured,f_sensor_break;f_min_fire_size;f_coverage_change;f_product_level;f_zero_no_detection
MKD,Nord-Makedonia,country,2015,burned_area_km2,23.96,km2,K4,effis_rda_annual_burned_area,measured,f_sensor_break;f_min_fire_size;f_coverage_change;f_product_level
MKD,Nord-Makedonia,country,2016,burned_area_km2,39.08,km2,K4,effis_rda_annual_burned_area,measured,f_sensor_break;f_min_fire_size;f_coverage_change;f_product_level
MKD,Nord-Makedonia,country,2017,burned_area_km2,235.41,km2,K4,effis_rda_annual_burned_area,measured,f_sensor_break;f_min_fire_size;f_coverage_change;f_product_level
MKD,Nord-Makedonia,country,2018,burned_area_km2,23.91,km2,K4,effis_rda_annual_burned_area,measured,f_sensor_break;f_min_fire_size;f_coverage_change;f_product_level
MKD,Nord-Makedonia,country,2019,burned_area_km2,298.07,km2,K4,effis_rda_annual_burned_area,measured,f_sensor_break;f_min_fire_size;f_coverage_change;f_product_level
MKD,Nord-Makedonia,country,2020,burned_area_km2,20.23,km2,K4,effis_rda_annual_burned_area,measured,f_sensor_break;f_min_fire_size;f_coverage_change;f_product_level
MKD,Nord-Makedonia,country,2021,burned_area_km2,203.77,km2,K4,effis_rda_annual_burned_area,measured,f_sensor_break;f_min_fire_size;f_coverage_change;f_product_level
MKD,Nord-Makedonia,country,2022,burned_area_km2,38.06,km2,K4,effis_rda_annual_burned_area,measured,f_sensor_break;f_min_fire_size;f_coverage_change;f_product_level
MKD,Nord-Makedonia,country,2023,burned_area_km2,128.94,km2,K4,effis_rda_annual_burned_area,measured,f_sensor_break;f_min_fire_size;f_coverage_change;f_product_level
MKD,Nord-Makedonia,country,2024,burned_area_km2,952.14,km2,K4,effis_rda_annual_burned_area,measured,f_sensor_break;f_min_fire_size;f_coverage_change;f_product_level
MKD,Nord-Makedonia,country,2025,burned_area_km2,313.38,km2,K4,effis_rda_annual_burned_area,measured,f_sensor_break;f_min_fire_size;f_coverage_change;f_product_level
MKD,Nord-Makedonia,country,2026,burned_area_km2,20.85,km2,K4,effis_rda_annual_burned_area,measured,f_sensor_break;f_min_fire_size;f_coverage_change;f_product_level;f_incomplete_year
MLT,Malta,country,2006,burned_area_km2,0.0,km2,K4,effis_rda_annual_burned_area,measured,f_sensor_break;f_min_fire_size;f_coverage_change;f_product_level;f_zero_no_detection
MLT,Malta,country,2007,burned_area_km2,0.0,km2,K4,effis_rda_annual_burned_area,measured,f_sensor_break;f_min_fire_size;f_coverage_change;f_product_level;f_zero_no_detection
MLT,Malta,country,2008,burned_area_km2,0.0,km2,K4,effis_rda_annual_burned_area,measured,f_sensor_break;f_min_fire_size;f_coverage_change;f_product_level;f_zero_no_detection
MLT,Malta,country,2009,burned_area_km2,0.0,km2,K4,effis_rda_annual_burned_area,measured,f_sensor_break;f_min_fire_size;f_coverage_change;f_product_level;f_zero_no_detection
MLT,Malta,country,2010,burned_area_km2,0.0,km2,K4,effis_rda_annual_burned_area,measured,f_sensor_break;f_min_fire_size;f_coverage_change;f_product_level;f_zero_no_detection
MLT,Malta,country,2011,burned_area_km2,0.0,km2,K4,effis_rda_annual_burned_area,measured,f_sensor_break;f_min_fire_size;f_coverage_change;f_product_level;f_zero_no_detection
MLT,Malta,country,2012,burned_area_km2,0.0,km2,K4,effis_rda_annual_burned_area,measured,f_sensor_break;f_min_fire_size;f_coverage_change;f_product_level;f_zero_no_detection
MLT,Malta,country,2013,burned_area_km2,0.0,km2,K4,effis_rda_annual_burned_area,measured,f_sensor_break;f_min_fire_size;f_coverage_change;f_product_level;f_zero_no_detection
MLT,Malta,country,2014,burned_area_km2,0.0,km2,K4,effis_rda_annual_burned_area,measured,f_sensor_break;f_min_fire_size;f_coverage_change;f_product_level;f_zero_no_detection
MLT,Malta,country,2015,burned_area_km2,0.0,km2,K4,effis_rda_annual_burned_area,measured,f_sensor_break;f_min_fire_size;f_coverage_change;f_product_level;f_zero_no_detection
MLT,Malta,country,2016,burned_area_km2,0.0,km2,K4,effis_rda_annual_burned_area,measured,f_sensor_break;f_min_fire_size;f_coverage_change;f_product_level;f_zero_no_detection
MLT,Malta,country,2017,burned_area_km2,0.0,km2,K4,effis_rda_annual_burned_area,measured,f_sensor_break;f_min_fire_size;f_coverage_change;f_product_level;f_zero_no_detection
MLT,Malta,country,2018,burned_area_km2,0.32,km2,K4,effis_rda_annual_burned_area,measured,f_sensor_break;f_min_fire_size;f_coverage_change;f_product_level
MLT,Malta,country,2019,burned_area_km2,0.0,km2,K4,effis_rda_annual_burned_area,measured,f_sensor_break;f_min_fire_size;f_coverage_change;f_product_level;f_zero_no_detection
MLT,Malta,country,2020,burned_area_km2,0.34,km2,K4,effis_rda_annual_burned_area,measured,f_sensor_break;f_min_fire_size;f_coverage_change;f_product_level
MLT,Malta,country,2021,burned_area_km2,0.0,km2,K4,effis_rda_annual_burned_area,measured,f_sensor_break;f_min_fire_size;f_coverage_change;f_product_level;f_zero_no_detection
MLT,Malta,country,2022,burned_area_km2,0.0,km2,K4,effis_rda_annual_burned_area,measured,f_sensor_break;f_min_fire_size;f_coverage_change;f_product_level;f_zero_no_detection
MLT,Malta,country,2023,burned_area_km2,0.0,km2,K4,effis_rda_annual_burned_area,measured,f_sensor_break;f_min_fire_size;f_coverage_change;f_product_level;f_zero_no_detection
MLT,Malta,country,2024,burned_area_km2,0.0,km2,K4,effis_rda_annual_burned_area,measured,f_sensor_break;f_min_fire_size;f_coverage_change;f_product_level;f_zero_no_detection
MLT,Malta,country,2025,burned_area_km2,0.0,km2,K4,effis_rda_annual_burned_area,measured,f_sensor_break;f_min_fire_size;f_coverage_change;f_product_level;f_zero_no_detection
MLT,Malta,country,2026,burned_area_km2,0.0,km2,K4,effis_rda_annual_burned_area,measured,f_sensor_break;f_min_fire_size;f_coverage_change;f_product_level;f_incomplete_year;f_zero_no_detection
MNE,Montenegro,country,2006,burned_area_km2,0.0,km2,K4,effis_rda_annual_burned_area,measured,f_sensor_break;f_min_fire_size;f_coverage_change;f_product_level;f_zero_no_detection
MNE,Montenegro,country,2007,burned_area_km2,188.2,km2,K4,effis_rda_annual_burned_area,measured,f_sensor_break;f_min_fire_size;f_coverage_change;f_product_level
MNE,Montenegro,country,2008,burned_area_km2,57.72,km2,K4,effis_rda_annual_burned_area,measured,f_sensor_break;f_min_fire_size;f_coverage_change;f_product_level
MNE,Montenegro,country,2009,burned_area_km2,1.03,km2,K4,effis_rda_annual_burned_area,measured,f_sensor_break;f_min_fire_size;f_coverage_change;f_product_level
MNE,Montenegro,country,2010,burned_area_km2,20.88,km2,K4,effis_rda_annual_burned_area,measured,f_sensor_break;f_min_fire_size;f_coverage_change;f_product_level
MNE,Montenegro,country,2011,burned_area_km2,161.8,km2,K4,effis_rda_annual_burned_area,measured,f_sensor_break;f_min_fire_size;f_coverage_change;f_product_level
MNE,Montenegro,country,2012,burned_area_km2,367.95,km2,K4,effis_rda_annual_burned_area,measured,f_sensor_break;f_min_fire_size;f_coverage_change;f_product_level
MNE,Montenegro,country,2013,burned_area_km2,16.23,km2,K4,effis_rda_annual_burned_area,measured,f_sensor_break;f_min_fire_size;f_coverage_change;f_product_level
MNE,Montenegro,country,2014,burned_area_km2,0.0,km2,K4,effis_rda_annual_burned_area,measured,f_sensor_break;f_min_fire_size;f_coverage_change;f_product_level;f_zero_no_detection
MNE,Montenegro,country,2015,burned_area_km2,135.34,km2,K4,effis_rda_annual_burned_area,measured,f_sensor_break;f_min_fire_size;f_coverage_change;f_product_level
MNE,Montenegro,country,2016,burned_area_km2,81.95,km2,K4,effis_rda_annual_burned_area,measured,f_sensor_break;f_min_fire_size;f_coverage_change;f_product_level
MNE,Montenegro,country,2017,burned_area_km2,515.31,km2,K4,effis_rda_annual_burned_area,measured,f_sensor_break;f_min_fire_size;f_coverage_change;f_product_level
MNE,Montenegro,country,2018,burned_area_km2,43.31,km2,K4,effis_rda_annual_burned_area,measured,f_sensor_break;f_min_fire_size;f_coverage_change;f_product_level
MNE,Montenegro,country,2019,burned_area_km2,106.03,km2,K4,effis_rda_annual_burned_area,measured,f_sensor_break;f_min_fire_size;f_coverage_change;f_product_level
MNE,Montenegro,country,2020,burned_area_km2,394.98,km2,K4,effis_rda_annual_burned_area,measured,f_sensor_break;f_min_fire_size;f_coverage_change;f_product_level
MNE,Montenegro,country,2021,burned_area_km2,421.87,km2,K4,effis_rda_annual_burned_area,measured,f_sensor_break;f_min_fire_size;f_coverage_change;f_product_level
MNE,Montenegro,country,2022,burned_area_km2,245.79,km2,K4,effis_rda_annual_burned_area,measured,f_sensor_break;f_min_fire_size;f_coverage_change;f_product_level
MNE,Montenegro,country,2023,burned_area_km2,4.54,km2,K4,effis_rda_annual_burned_area,measured,f_sensor_break;f_min_fire_size;f_coverage_change;f_product_level
MNE,Montenegro,country,2024,burned_area_km2,230.54,km2,K4,effis_rda_annual_burned_area,measured,f_sensor_break;f_min_fire_size;f_coverage_change;f_product_level
MNE,Montenegro,country,2025,burned_area_km2,276.58,km2,K4,effis_rda_annual_burned_area,measured,f_sensor_break;f_min_fire_size;f_coverage_change;f_product_level
MNE,Montenegro,country,2026,burned_area_km2,96.54,km2,K4,effis_rda_annual_burned_area,measured,f_sensor_break;f_min_fire_size;f_coverage_change;f_product_level;f_incomplete_year
MTQ,Martinique,country,2006,burned_area_km2,0.0,km2,K4,effis_rda_annual_burned_area,measured,f_sensor_break;f_min_fire_size;f_coverage_change;f_product_level;f_zero_no_detection
MTQ,Martinique,country,2007,burned_area_km2,0.0,km2,K4,effis_rda_annual_burned_area,measured,f_sensor_break;f_min_fire_size;f_coverage_change;f_product_level;f_zero_no_detection
MTQ,Martinique,country,2008,burned_area_km2,0.0,km2,K4,effis_rda_annual_burned_area,measured,f_sensor_break;f_min_fire_size;f_coverage_change;f_product_level;f_zero_no_detection
MTQ,Martinique,country,2009,burned_area_km2,0.0,km2,K4,effis_rda_annual_burned_area,measured,f_sensor_break;f_min_fire_size;f_coverage_change;f_product_level;f_zero_no_detection
MTQ,Martinique,country,2010,burned_area_km2,0.0,km2,K4,effis_rda_annual_burned_area,measured,f_sensor_break;f_min_fire_size;f_coverage_change;f_product_level;f_zero_no_detection
MTQ,Martinique,country,2011,burned_area_km2,0.0,km2,K4,effis_rda_annual_burned_area,measured,f_sensor_break;f_min_fire_size;f_coverage_change;f_product_level;f_zero_no_detection
MTQ,Martinique,country,2012,burned_area_km2,0.0,km2,K4,effis_rda_annual_burned_area,measured,f_sensor_break;f_min_fire_size;f_coverage_change;f_product_level;f_zero_no_detection
MTQ,Martinique,country,2013,burned_area_km2,0.0,km2,K4,effis_rda_annual_burned_area,measured,f_sensor_break;f_min_fire_size;f_coverage_change;f_product_level;f_zero_no_detection
MTQ,Martinique,country,2014,burned_area_km2,0.0,km2,K4,effis_rda_annual_burned_area,measured,f_sensor_break;f_min_fire_size;f_coverage_change;f_product_level;f_zero_no_detection
MTQ,Martinique,country,2015,burned_area_km2,0.0,km2,K4,effis_rda_annual_burned_area,measured,f_sensor_break;f_min_fire_size;f_coverage_change;f_product_level;f_zero_no_detection
MTQ,Martinique,country,2016,burned_area_km2,0.0,km2,K4,effis_rda_annual_burned_area,measured,f_sensor_break;f_min_fire_size;f_coverage_change;f_product_level;f_zero_no_detection
MTQ,Martinique,country,2017,burned_area_km2,0.0,km2,K4,effis_rda_annual_burned_area,measured,f_sensor_break;f_min_fire_size;f_coverage_change;f_product_level;f_zero_no_detection
MTQ,Martinique,country,2018,burned_area_km2,0.0,km2,K4,effis_rda_annual_burned_area,measured,f_sensor_break;f_min_fire_size;f_coverage_change;f_product_level;f_zero_no_detection
MTQ,Martinique,country,2019,burned_area_km2,0.0,km2,K4,effis_rda_annual_burned_area,measured,f_sensor_break;f_min_fire_size;f_coverage_change;f_product_level;f_zero_no_detection
MTQ,Martinique,country,2020,burned_area_km2,0.0,km2,K4,effis_rda_annual_burned_area,measured,f_sensor_break;f_min_fire_size;f_coverage_change;f_product_level;f_zero_no_detection
MTQ,Martinique,country,2021,burned_area_km2,0.0,km2,K4,effis_rda_annual_burned_area,measured,f_sensor_break;f_min_fire_size;f_coverage_change;f_product_level;f_zero_no_detection
MTQ,Martinique,country,2022,burned_area_km2,0.0,km2,K4,effis_rda_annual_burned_area,measured,f_sensor_break;f_min_fire_size;f_coverage_change;f_product_level;f_zero_no_detection
MTQ,Martinique,country,2023,burned_area_km2,0.0,km2,K4,effis_rda_annual_burned_area,measured,f_sensor_break;f_min_fire_size;f_coverage_change;f_product_level;f_zero_no_detection
MTQ,Martinique,country,2024,burned_area_km2,0.0,km2,K4,effis_rda_annual_burned_area,measured,f_sensor_break;f_min_fire_size;f_coverage_change;f_product_level;f_zero_no_detection
MTQ,Martinique,country,2025,burned_area_km2,0.0,km2,K4,effis_rda_annual_burned_area,measured,f_sensor_break;f_min_fire_size;f_coverage_change;f_product_level;f_zero_no_detection
MTQ,Martinique,country,2026,burned_area_km2,0.0,km2,K4,effis_rda_annual_burned_area,measured,f_sensor_break;f_min_fire_size;f_coverage_change;f_product_level;f_incomplete_year;f_zero_no_detection
MYT,Mayotte,country,2006,burned_area_km2,0.0,km2,K4,effis_rda_annual_burned_area,measured,f_sensor_break;f_min_fire_size;f_coverage_change;f_product_level;f_zero_no_detection
MYT,Mayotte,country,2007,burned_area_km2,0.0,km2,K4,effis_rda_annual_burned_area,measured,f_sensor_break;f_min_fire_size;f_coverage_change;f_product_level;f_zero_no_detection
MYT,Mayotte,country,2008,burned_area_km2,0.0,km2,K4,effis_rda_annual_burned_area,measured,f_sensor_break;f_min_fire_size;f_coverage_change;f_product_level;f_zero_no_detection
MYT,Mayotte,country,2009,burned_area_km2,0.0,km2,K4,effis_rda_annual_burned_area,measured,f_sensor_break;f_min_fire_size;f_coverage_change;f_product_level;f_zero_no_detection
MYT,Mayotte,country,2010,burned_area_km2,0.0,km2,K4,effis_rda_annual_burned_area,measured,f_sensor_break;f_min_fire_size;f_coverage_change;f_product_level;f_zero_no_detection
MYT,Mayotte,country,2011,burned_area_km2,0.0,km2,K4,effis_rda_annual_burned_area,measured,f_sensor_break;f_min_fire_size;f_coverage_change;f_product_level;f_zero_no_detection
MYT,Mayotte,country,2012,burned_area_km2,0.0,km2,K4,effis_rda_annual_burned_area,measured,f_sensor_break;f_min_fire_size;f_coverage_change;f_product_level;f_zero_no_detection
MYT,Mayotte,country,2013,burned_area_km2,0.0,km2,K4,effis_rda_annual_burned_area,measured,f_sensor_break;f_min_fire_size;f_coverage_change;f_product_level;f_zero_no_detection
MYT,Mayotte,country,2014,burned_area_km2,0.0,km2,K4,effis_rda_annual_burned_area,measured,f_sensor_break;f_min_fire_size;f_coverage_change;f_product_level;f_zero_no_detection
MYT,Mayotte,country,2015,burned_area_km2,0.0,km2,K4,effis_rda_annual_burned_area,measured,f_sensor_break;f_min_fire_size;f_coverage_change;f_product_level;f_zero_no_detection
MYT,Mayotte,country,2016,burned_area_km2,0.0,km2,K4,effis_rda_annual_burned_area,measured,f_sensor_break;f_min_fire_size;f_coverage_change;f_product_level;f_zero_no_detection
MYT,Mayotte,country,2017,burned_area_km2,0.0,km2,K4,effis_rda_annual_burned_area,measured,f_sensor_break;f_min_fire_size;f_coverage_change;f_product_level;f_zero_no_detection
MYT,Mayotte,country,2018,burned_area_km2,0.0,km2,K4,effis_rda_annual_burned_area,measured,f_sensor_break;f_min_fire_size;f_coverage_change;f_product_level;f_zero_no_detection
MYT,Mayotte,country,2019,burned_area_km2,0.0,km2,K4,effis_rda_annual_burned_area,measured,f_sensor_break;f_min_fire_size;f_coverage_change;f_product_level;f_zero_no_detection
MYT,Mayotte,country,2020,burned_area_km2,0.0,km2,K4,effis_rda_annual_burned_area,measured,f_sensor_break;f_min_fire_size;f_coverage_change;f_product_level;f_zero_no_detection
MYT,Mayotte,country,2021,burned_area_km2,0.0,km2,K4,effis_rda_annual_burned_area,measured,f_sensor_break;f_min_fire_size;f_coverage_change;f_product_level;f_zero_no_detection
MYT,Mayotte,country,2022,burned_area_km2,0.0,km2,K4,effis_rda_annual_burned_area,measured,f_sensor_break;f_min_fire_size;f_coverage_change;f_product_level;f_zero_no_detection
MYT,Mayotte,country,2023,burned_area_km2,0.0,km2,K4,effis_rda_annual_burned_area,measured,f_sensor_break;f_min_fire_size;f_coverage_change;f_product_level;f_zero_no_detection
MYT,Mayotte,country,2024,burned_area_km2,0.0,km2,K4,effis_rda_annual_burned_area,measured,f_sensor_break;f_min_fire_size;f_coverage_change;f_product_level;f_zero_no_detection
MYT,Mayotte,country,2025,burned_area_km2,0.0,km2,K4,effis_rda_annual_burned_area,measured,f_sensor_break;f_min_fire_size;f_coverage_change;f_product_level;f_zero_no_detection
MYT,Mayotte,country,2026,burned_area_km2,0.0,km2,K4,effis_rda_annual_burned_area,measured,f_sensor_break;f_min_fire_size;f_coverage_change;f_product_level;f_incomplete_year;f_zero_no_detection
NLD,Nederland,country,2006,burned_area_km2,0.0,km2,K4,effis_rda_annual_burned_area,measured,f_sensor_break;f_min_fire_size;f_coverage_change;f_product_level;f_zero_no_detection
NLD,Nederland,country,2007,burned_area_km2,0.0,km2,K4,effis_rda_annual_burned_area,measured,f_sensor_break;f_min_fire_size;f_coverage_change;f_product_level;f_zero_no_detection
NLD,Nederland,country,2008,burned_area_km2,0.0,km2,K4,effis_rda_annual_burned_area,measured,f_sensor_break;f_min_fire_size;f_coverage_change;f_product_level;f_zero_no_detection
NLD,Nederland,country,2009,burned_area_km2,0.0,km2,K4,effis_rda_annual_burned_area,measured,f_sensor_break;f_min_fire_size;f_coverage_change;f_product_level;f_zero_no_detection
NLD,Nederland,country,2010,burned_area_km2,0.0,km2,K4,effis_rda_annual_burned_area,measured,f_sensor_break;f_min_fire_size;f_coverage_change;f_product_level;f_zero_no_detection
NLD,Nederland,country,2011,burned_area_km2,1.48,km2,K4,effis_rda_annual_burned_area,measured,f_sensor_break;f_min_fire_size;f_coverage_change;f_product_level
NLD,Nederland,country,2012,burned_area_km2,0.0,km2,K4,effis_rda_annual_burned_area,measured,f_sensor_break;f_min_fire_size;f_coverage_change;f_product_level;f_zero_no_detection
NLD,Nederland,country,2013,burned_area_km2,0.0,km2,K4,effis_rda_annual_burned_area,measured,f_sensor_break;f_min_fire_size;f_coverage_change;f_product_level;f_zero_no_detection
NLD,Nederland,country,2014,burned_area_km2,3.96,km2,K4,effis_rda_annual_burned_area,measured,f_sensor_break;f_min_fire_size;f_coverage_change;f_product_level
NLD,Nederland,country,2015,burned_area_km2,0.0,km2,K4,effis_rda_annual_burned_area,measured,f_sensor_break;f_min_fire_size;f_coverage_change;f_product_level;f_zero_no_detection
NLD,Nederland,country,2016,burned_area_km2,0.0,km2,K4,effis_rda_annual_burned_area,measured,f_sensor_break;f_min_fire_size;f_coverage_change;f_product_level;f_zero_no_detection
NLD,Nederland,country,2017,burned_area_km2,0.0,km2,K4,effis_rda_annual_burned_area,measured,f_sensor_break;f_min_fire_size;f_coverage_change;f_product_level;f_zero_no_detection
NLD,Nederland,country,2018,burned_area_km2,1.83,km2,K4,effis_rda_annual_burned_area,measured,f_sensor_break;f_min_fire_size;f_coverage_change;f_product_level
NLD,Nederland,country,2019,burned_area_km2,0.0,km2,K4,effis_rda_annual_burned_area,measured,f_sensor_break;f_min_fire_size;f_coverage_change;f_product_level;f_zero_no_detection
NLD,Nederland,country,2020,burned_area_km2,8.22,km2,K4,effis_rda_annual_burned_area,measured,f_sensor_break;f_min_fire_size;f_coverage_change;f_product_level
NLD,Nederland,country,2021,burned_area_km2,0.0,km2,K4,effis_rda_annual_burned_area,measured,f_sensor_break;f_min_fire_size;f_coverage_change;f_product_level;f_zero_no_detection
NLD,Nederland,country,2022,burned_area_km2,2.74,km2,K4,effis_rda_annual_burned_area,measured,f_sensor_break;f_min_fire_size;f_coverage_change;f_product_level
NLD,Nederland,country,2023,burned_area_km2,0.31,km2,K4,effis_rda_annual_burned_area,measured,f_sensor_break;f_min_fire_size;f_coverage_change;f_product_level
NLD,Nederland,country,2024,burned_area_km2,0.0,km2,K4,effis_rda_annual_burned_area,measured,f_sensor_break;f_min_fire_size;f_coverage_change;f_product_level;f_zero_no_detection
NLD,Nederland,country,2025,burned_area_km2,1.7,km2,K4,effis_rda_annual_burned_area,measured,f_sensor_break;f_min_fire_size;f_coverage_change;f_product_level
NLD,Nederland,country,2026,burned_area_km2,5.47,km2,K4,effis_rda_annual_burned_area,measured,f_sensor_break;f_min_fire_size;f_coverage_change;f_product_level;f_incomplete_year
NOR,Norge,country,2006,burned_area_km2,0.0,km2,K4,effis_rda_annual_burned_area,measured,f_sensor_break;f_min_fire_size;f_coverage_change;f_product_level;f_zero_no_detection
NOR,Norge,country,2007,burned_area_km2,0.0,km2,K4,effis_rda_annual_burned_area,measured,f_sensor_break;f_min_fire_size;f_coverage_change;f_product_level;f_zero_no_detection
NOR,Norge,country,2008,burned_area_km2,27.51,km2,K4,effis_rda_annual_burned_area,measured,f_sensor_break;f_min_fire_size;f_coverage_change;f_product_level
NOR,Norge,country,2009,burned_area_km2,0.0,km2,K4,effis_rda_annual_burned_area,measured,f_sensor_break;f_min_fire_size;f_coverage_change;f_product_level;f_zero_no_detection
NOR,Norge,country,2010,burned_area_km2,0.0,km2,K4,effis_rda_annual_burned_area,measured,f_sensor_break;f_min_fire_size;f_coverage_change;f_product_level;f_zero_no_detection
NOR,Norge,country,2011,burned_area_km2,6.41,km2,K4,effis_rda_annual_burned_area,measured,f_sensor_break;f_min_fire_size;f_coverage_change;f_product_level
NOR,Norge,country,2012,burned_area_km2,0.0,km2,K4,effis_rda_annual_burned_area,measured,f_sensor_break;f_min_fire_size;f_coverage_change;f_product_level;f_zero_no_detection
NOR,Norge,country,2013,burned_area_km2,2.18,km2,K4,effis_rda_annual_burned_area,measured,f_sensor_break;f_min_fire_size;f_coverage_change;f_product_level
NOR,Norge,country,2014,burned_area_km2,33.36,km2,K4,effis_rda_annual_burned_area,measured,f_sensor_break;f_min_fire_size;f_coverage_change;f_product_level
NOR,Norge,country,2015,burned_area_km2,1.42,km2,K4,effis_rda_annual_burned_area,measured,f_sensor_break;f_min_fire_size;f_coverage_change;f_product_level
NOR,Norge,country,2016,burned_area_km2,0.0,km2,K4,effis_rda_annual_burned_area,measured,f_sensor_break;f_min_fire_size;f_coverage_change;f_product_level;f_zero_no_detection
NOR,Norge,country,2017,burned_area_km2,2.6,km2,K4,effis_rda_annual_burned_area,measured,f_sensor_break;f_min_fire_size;f_coverage_change;f_product_level
NOR,Norge,country,2018,burned_area_km2,2.73,km2,K4,effis_rda_annual_burned_area,measured,f_sensor_break;f_min_fire_size;f_coverage_change;f_product_level
NOR,Norge,country,2019,burned_area_km2,45.15,km2,K4,effis_rda_annual_burned_area,measured,f_sensor_break;f_min_fire_size;f_coverage_change;f_product_level
NOR,Norge,country,2020,burned_area_km2,1.7,km2,K4,effis_rda_annual_burned_area,measured,f_sensor_break;f_min_fire_size;f_coverage_change;f_product_level
NOR,Norge,country,2021,burned_area_km2,8.29,km2,K4,effis_rda_annual_burned_area,measured,f_sensor_break;f_min_fire_size;f_coverage_change;f_product_level
NOR,Norge,country,2022,burned_area_km2,21.43,km2,K4,effis_rda_annual_burned_area,measured,f_sensor_break;f_min_fire_size;f_coverage_change;f_product_level
NOR,Norge,country,2023,burned_area_km2,9.41,km2,K4,effis_rda_annual_burned_area,measured,f_sensor_break;f_min_fire_size;f_coverage_change;f_product_level
NOR,Norge,country,2024,burned_area_km2,5.11,km2,K4,effis_rda_annual_burned_area,measured,f_sensor_break;f_min_fire_size;f_coverage_change;f_product_level
NOR,Norge,country,2025,burned_area_km2,24.12,km2,K4,effis_rda_annual_burned_area,measured,f_sensor_break;f_min_fire_size;f_coverage_change;f_product_level
NOR,Norge,country,2026,burned_area_km2,15.89,km2,K4,effis_rda_annual_burned_area,measured,f_sensor_break;f_min_fire_size;f_coverage_change;f_product_level;f_incomplete_year
POL,Polen,country,2006,burned_area_km2,0.0,km2,K4,effis_rda_annual_burned_area,measured,f_sensor_break;f_min_fire_size;f_coverage_change;f_product_level;f_zero_no_detection
POL,Polen,country,2007,burned_area_km2,0.0,km2,K4,effis_rda_annual_burned_area,measured,f_sensor_break;f_min_fire_size;f_coverage_change;f_product_level;f_zero_no_detection
POL,Polen,country,2008,burned_area_km2,0.0,km2,K4,effis_rda_annual_burned_area,measured,f_sensor_break;f_min_fire_size;f_coverage_change;f_product_level;f_zero_no_detection
POL,Polen,country,2009,burned_area_km2,0.0,km2,K4,effis_rda_annual_burned_area,measured,f_sensor_break;f_min_fire_size;f_coverage_change;f_product_level;f_zero_no_detection
POL,Polen,country,2010,burned_area_km2,0.0,km2,K4,effis_rda_annual_burned_area,measured,f_sensor_break;f_min_fire_size;f_coverage_change;f_product_level;f_zero_no_detection
POL,Polen,country,2011,burned_area_km2,0.0,km2,K4,effis_rda_annual_burned_area,measured,f_sensor_break;f_min_fire_size;f_coverage_change;f_product_level;f_zero_no_detection
POL,Polen,country,2012,burned_area_km2,0.0,km2,K4,effis_rda_annual_burned_area,measured,f_sensor_break;f_min_fire_size;f_coverage_change;f_product_level;f_zero_no_detection
POL,Polen,country,2013,burned_area_km2,0.0,km2,K4,effis_rda_annual_burned_area,measured,f_sensor_break;f_min_fire_size;f_coverage_change;f_product_level;f_zero_no_detection
POL,Polen,country,2014,burned_area_km2,0.54,km2,K4,effis_rda_annual_burned_area,measured,f_sensor_break;f_min_fire_size;f_coverage_change;f_product_level
POL,Polen,country,2015,burned_area_km2,5.6,km2,K4,effis_rda_annual_burned_area,measured,f_sensor_break;f_min_fire_size;f_coverage_change;f_product_level
POL,Polen,country,2016,burned_area_km2,0.0,km2,K4,effis_rda_annual_burned_area,measured,f_sensor_break;f_min_fire_size;f_coverage_change;f_product_level;f_zero_no_detection
POL,Polen,country,2017,burned_area_km2,0.0,km2,K4,effis_rda_annual_burned_area,measured,f_sensor_break;f_min_fire_size;f_coverage_change;f_product_level;f_zero_no_detection
POL,Polen,country,2018,burned_area_km2,3.45,km2,K4,effis_rda_annual_burned_area,measured,f_sensor_break;f_min_fire_size;f_coverage_change;f_product_level
POL,Polen,country,2019,burned_area_km2,0.6,km2,K4,effis_rda_annual_burned_area,measured,f_sensor_break;f_min_fire_size;f_coverage_change;f_product_level
POL,Polen,country,2020,burned_area_km2,53.83,km2,K4,effis_rda_annual_burned_area,measured,f_sensor_break;f_min_fire_size;f_coverage_change;f_product_level
POL,Polen,country,2021,burned_area_km2,0.4,km2,K4,effis_rda_annual_burned_area,measured,f_sensor_break;f_min_fire_size;f_coverage_change;f_product_level
POL,Polen,country,2022,burned_area_km2,4.65,km2,K4,effis_rda_annual_burned_area,measured,f_sensor_break;f_min_fire_size;f_coverage_change;f_product_level
POL,Polen,country,2023,burned_area_km2,0.47,km2,K4,effis_rda_annual_burned_area,measured,f_sensor_break;f_min_fire_size;f_coverage_change;f_product_level
POL,Polen,country,2024,burned_area_km2,0.3,km2,K4,effis_rda_annual_burned_area,measured,f_sensor_break;f_min_fire_size;f_coverage_change;f_product_level
POL,Polen,country,2025,burned_area_km2,2.95,km2,K4,effis_rda_annual_burned_area,measured,f_sensor_break;f_min_fire_size;f_coverage_change;f_product_level
POL,Polen,country,2026,burned_area_km2,14.58,km2,K4,effis_rda_annual_burned_area,measured,f_sensor_break;f_min_fire_size;f_coverage_change;f_product_level;f_incomplete_year
PRT,Portugal,country,2006,burned_area_km2,564.24,km2,K4,effis_rda_annual_burned_area,measured,f_sensor_break;f_min_fire_size;f_coverage_change;f_product_level
PRT,Portugal,country,2007,burned_area_km2,156.5,km2,K4,effis_rda_annual_burned_area,measured,f_sensor_break;f_min_fire_size;f_coverage_change;f_product_level
PRT,Portugal,country,2008,burned_area_km2,53.5,km2,K4,effis_rda_annual_burned_area,measured,f_sensor_break;f_min_fire_size;f_coverage_change;f_product_level
PRT,Portugal,country,2009,burned_area_km2,748.16,km2,K4,effis_rda_annual_burned_area,measured,f_sensor_break;f_min_fire_size;f_coverage_change;f_product_level
PRT,Portugal,country,2010,burned_area_km2,1275.6,km2,K4,effis_rda_annual_burned_area,measured,f_sensor_break;f_min_fire_size;f_coverage_change;f_product_level
PRT,Portugal,country,2011,burned_area_km2,644.42,km2,K4,effis_rda_annual_burned_area,measured,f_sensor_break;f_min_fire_size;f_coverage_change;f_product_level
PRT,Portugal,country,2012,burned_area_km2,1010.53,km2,K4,effis_rda_annual_burned_area,measured,f_sensor_break;f_min_fire_size;f_coverage_change;f_product_level
PRT,Portugal,country,2013,burned_area_km2,1534.08,km2,K4,effis_rda_annual_burned_area,measured,f_sensor_break;f_min_fire_size;f_coverage_change;f_product_level
PRT,Portugal,country,2014,burned_area_km2,115.5,km2,K4,effis_rda_annual_burned_area,measured,f_sensor_break;f_min_fire_size;f_coverage_change;f_product_level
PRT,Portugal,country,2015,burned_area_km2,472.86,km2,K4,effis_rda_annual_burned_area,measured,f_sensor_break;f_min_fire_size;f_coverage_change;f_product_level
PRT,Portugal,country,2016,burned_area_km2,1658.53,km2,K4,effis_rda_annual_burned_area,measured,f_sensor_break;f_min_fire_size;f_coverage_change;f_product_level
PRT,Portugal,country,2017,burned_area_km2,5635.3,km2,K4,effis_rda_annual_burned_area,measured,f_sensor_break;f_min_fire_size;f_coverage_change;f_product_level
PRT,Portugal,country,2018,burned_area_km2,371.44,km2,K4,effis_rda_annual_burned_area,measured,f_sensor_break;f_min_fire_size;f_coverage_change;f_product_level
PRT,Portugal,country,2019,burned_area_km2,334.51,km2,K4,effis_rda_annual_burned_area,measured,f_sensor_break;f_min_fire_size;f_coverage_change;f_product_level
PRT,Portugal,country,2020,burned_area_km2,625.57,km2,K4,effis_rda_annual_burned_area,measured,f_sensor_break;f_min_fire_size;f_coverage_change;f_product_level
PRT,Portugal,country,2021,burned_area_km2,258.55,km2,K4,effis_rda_annual_burned_area,measured,f_sensor_break;f_min_fire_size;f_coverage_change;f_product_level
PRT,Portugal,country,2022,burned_area_km2,1043.79,km2,K4,effis_rda_annual_burned_area,measured,f_sensor_break;f_min_fire_size;f_coverage_change;f_product_level
PRT,Portugal,country,2023,burned_area_km2,368.55,km2,K4,effis_rda_annual_burned_area,measured,f_sensor_break;f_min_fire_size;f_coverage_change;f_product_level
PRT,Portugal,country,2024,burned_area_km2,1436.84,km2,K4,effis_rda_annual_burned_area,measured,f_sensor_break;f_min_fire_size;f_coverage_change;f_product_level
PRT,Portugal,country,2025,burned_area_km2,2789.17,km2,K4,effis_rda_annual_burned_area,measured,f_sensor_break;f_min_fire_size;f_coverage_change;f_product_level
PRT,Portugal,country,2026,burned_area_km2,506.7,km2,K4,effis_rda_annual_burned_area,measured,f_sensor_break;f_min_fire_size;f_coverage_change;f_product_level;f_incomplete_year
PSE,Palestina,country,2006,burned_area_km2,0.0,km2,K4,effis_rda_annual_burned_area,measured,f_sensor_break;f_min_fire_size;f_coverage_change;f_product_level;f_zero_no_detection
PSE,Palestina,country,2007,burned_area_km2,0.0,km2,K4,effis_rda_annual_burned_area,measured,f_sensor_break;f_min_fire_size;f_coverage_change;f_product_level;f_zero_no_detection
PSE,Palestina,country,2008,burned_area_km2,0.0,km2,K4,effis_rda_annual_burned_area,measured,f_sensor_break;f_min_fire_size;f_coverage_change;f_product_level;f_zero_no_detection
PSE,Palestina,country,2009,burned_area_km2,0.0,km2,K4,effis_rda_annual_burned_area,measured,f_sensor_break;f_min_fire_size;f_coverage_change;f_product_level;f_zero_no_detection
PSE,Palestina,country,2010,burned_area_km2,0.0,km2,K4,effis_rda_annual_burned_area,measured,f_sensor_break;f_min_fire_size;f_coverage_change;f_product_level;f_zero_no_detection
PSE,Palestina,country,2011,burned_area_km2,0.0,km2,K4,effis_rda_annual_burned_area,measured,f_sensor_break;f_min_fire_size;f_coverage_change;f_product_level;f_zero_no_detection
PSE,Palestina,country,2012,burned_area_km2,0.0,km2,K4,effis_rda_annual_burned_area,measured,f_sensor_break;f_min_fire_size;f_coverage_change;f_product_level;f_zero_no_detection
PSE,Palestina,country,2013,burned_area_km2,0.0,km2,K4,effis_rda_annual_burned_area,measured,f_sensor_break;f_min_fire_size;f_coverage_change;f_product_level;f_zero_no_detection
PSE,Palestina,country,2014,burned_area_km2,0.0,km2,K4,effis_rda_annual_burned_area,measured,f_sensor_break;f_min_fire_size;f_coverage_change;f_product_level;f_zero_no_detection
PSE,Palestina,country,2015,burned_area_km2,15.33,km2,K4,effis_rda_annual_burned_area,measured,f_sensor_break;f_min_fire_size;f_coverage_change;f_product_level
PSE,Palestina,country,2016,burned_area_km2,0.74,km2,K4,effis_rda_annual_burned_area,measured,f_sensor_break;f_min_fire_size;f_coverage_change;f_product_level
PSE,Palestina,country,2017,burned_area_km2,0.0,km2,K4,effis_rda_annual_burned_area,measured,f_sensor_break;f_min_fire_size;f_coverage_change;f_product_level;f_zero_no_detection
PSE,Palestina,country,2018,burned_area_km2,0.0,km2,K4,effis_rda_annual_burned_area,measured,f_sensor_break;f_min_fire_size;f_coverage_change;f_product_level;f_zero_no_detection
PSE,Palestina,country,2019,burned_area_km2,12.44,km2,K4,effis_rda_annual_burned_area,measured,f_sensor_break;f_min_fire_size;f_coverage_change;f_product_level
PSE,Palestina,country,2020,burned_area_km2,1.06,km2,K4,effis_rda_annual_burned_area,measured,f_sensor_break;f_min_fire_size;f_coverage_change;f_product_level
PSE,Palestina,country,2021,burned_area_km2,1.43,km2,K4,effis_rda_annual_burned_area,measured,f_sensor_break;f_min_fire_size;f_coverage_change;f_product_level
PSE,Palestina,country,2022,burned_area_km2,0.0,km2,K4,effis_rda_annual_burned_area,measured,f_sensor_break;f_min_fire_size;f_coverage_change;f_product_level;f_zero_no_detection
PSE,Palestina,country,2023,burned_area_km2,4.8,km2,K4,effis_rda_annual_burned_area,measured,f_sensor_break;f_min_fire_size;f_coverage_change;f_product_level
PSE,Palestina,country,2024,burned_area_km2,11.65,km2,K4,effis_rda_annual_burned_area,measured,f_sensor_break;f_min_fire_size;f_coverage_change;f_product_level
PSE,Palestina,country,2025,burned_area_km2,17.43,km2,K4,effis_rda_annual_burned_area,measured,f_sensor_break;f_min_fire_size;f_coverage_change;f_product_level
PSE,Palestina,country,2026,burned_area_km2,0.78,km2,K4,effis_rda_annual_burned_area,measured,f_sensor_break;f_min_fire_size;f_coverage_change;f_product_level;f_incomplete_year
QAT,Qatar,country,2006,burned_area_km2,0.0,km2,K4,effis_rda_annual_burned_area,measured,f_sensor_break;f_min_fire_size;f_coverage_change;f_product_level;f_zero_no_detection
QAT,Qatar,country,2007,burned_area_km2,0.0,km2,K4,effis_rda_annual_burned_area,measured,f_sensor_break;f_min_fire_size;f_coverage_change;f_product_level;f_zero_no_detection
QAT,Qatar,country,2008,burned_area_km2,0.0,km2,K4,effis_rda_annual_burned_area,measured,f_sensor_break;f_min_fire_size;f_coverage_change;f_product_level;f_zero_no_detection
QAT,Qatar,country,2009,burned_area_km2,0.0,km2,K4,effis_rda_annual_burned_area,measured,f_sensor_break;f_min_fire_size;f_coverage_change;f_product_level;f_zero_no_detection
QAT,Qatar,country,2010,burned_area_km2,0.0,km2,K4,effis_rda_annual_burned_area,measured,f_sensor_break;f_min_fire_size;f_coverage_change;f_product_level;f_zero_no_detection
QAT,Qatar,country,2011,burned_area_km2,0.0,km2,K4,effis_rda_annual_burned_area,measured,f_sensor_break;f_min_fire_size;f_coverage_change;f_product_level;f_zero_no_detection
QAT,Qatar,country,2012,burned_area_km2,0.0,km2,K4,effis_rda_annual_burned_area,measured,f_sensor_break;f_min_fire_size;f_coverage_change;f_product_level;f_zero_no_detection
QAT,Qatar,country,2013,burned_area_km2,0.0,km2,K4,effis_rda_annual_burned_area,measured,f_sensor_break;f_min_fire_size;f_coverage_change;f_product_level;f_zero_no_detection
QAT,Qatar,country,2014,burned_area_km2,0.0,km2,K4,effis_rda_annual_burned_area,measured,f_sensor_break;f_min_fire_size;f_coverage_change;f_product_level;f_zero_no_detection
QAT,Qatar,country,2015,burned_area_km2,0.0,km2,K4,effis_rda_annual_burned_area,measured,f_sensor_break;f_min_fire_size;f_coverage_change;f_product_level;f_zero_no_detection
QAT,Qatar,country,2016,burned_area_km2,0.0,km2,K4,effis_rda_annual_burned_area,measured,f_sensor_break;f_min_fire_size;f_coverage_change;f_product_level;f_zero_no_detection
QAT,Qatar,country,2017,burned_area_km2,0.0,km2,K4,effis_rda_annual_burned_area,measured,f_sensor_break;f_min_fire_size;f_coverage_change;f_product_level;f_zero_no_detection
QAT,Qatar,country,2018,burned_area_km2,0.0,km2,K4,effis_rda_annual_burned_area,measured,f_sensor_break;f_min_fire_size;f_coverage_change;f_product_level;f_zero_no_detection
QAT,Qatar,country,2019,burned_area_km2,0.0,km2,K4,effis_rda_annual_burned_area,measured,f_sensor_break;f_min_fire_size;f_coverage_change;f_product_level;f_zero_no_detection
QAT,Qatar,country,2020,burned_area_km2,0.0,km2,K4,effis_rda_annual_burned_area,measured,f_sensor_break;f_min_fire_size;f_coverage_change;f_product_level;f_zero_no_detection
QAT,Qatar,country,2021,burned_area_km2,0.0,km2,K4,effis_rda_annual_burned_area,measured,f_sensor_break;f_min_fire_size;f_coverage_change;f_product_level;f_zero_no_detection
QAT,Qatar,country,2022,burned_area_km2,0.0,km2,K4,effis_rda_annual_burned_area,measured,f_sensor_break;f_min_fire_size;f_coverage_change;f_product_level;f_zero_no_detection
QAT,Qatar,country,2023,burned_area_km2,0.0,km2,K4,effis_rda_annual_burned_area,measured,f_sensor_break;f_min_fire_size;f_coverage_change;f_product_level;f_zero_no_detection
QAT,Qatar,country,2024,burned_area_km2,0.0,km2,K4,effis_rda_annual_burned_area,measured,f_sensor_break;f_min_fire_size;f_coverage_change;f_product_level;f_zero_no_detection
QAT,Qatar,country,2025,burned_area_km2,0.0,km2,K4,effis_rda_annual_burned_area,measured,f_sensor_break;f_min_fire_size;f_coverage_change;f_product_level;f_zero_no_detection
QAT,Qatar,country,2026,burned_area_km2,0.0,km2,K4,effis_rda_annual_burned_area,measured,f_sensor_break;f_min_fire_size;f_coverage_change;f_product_level;f_incomplete_year;f_zero_no_detection
REU,Réunion,country,2006,burned_area_km2,0.0,km2,K4,effis_rda_annual_burned_area,measured,f_sensor_break;f_min_fire_size;f_coverage_change;f_product_level;f_zero_no_detection
REU,Réunion,country,2007,burned_area_km2,0.0,km2,K4,effis_rda_annual_burned_area,measured,f_sensor_break;f_min_fire_size;f_coverage_change;f_product_level;f_zero_no_detection
REU,Réunion,country,2008,burned_area_km2,0.0,km2,K4,effis_rda_annual_burned_area,measured,f_sensor_break;f_min_fire_size;f_coverage_change;f_product_level;f_zero_no_detection
REU,Réunion,country,2009,burned_area_km2,0.0,km2,K4,effis_rda_annual_burned_area,measured,f_sensor_break;f_min_fire_size;f_coverage_change;f_product_level;f_zero_no_detection
REU,Réunion,country,2010,burned_area_km2,0.0,km2,K4,effis_rda_annual_burned_area,measured,f_sensor_break;f_min_fire_size;f_coverage_change;f_product_level;f_zero_no_detection
REU,Réunion,country,2011,burned_area_km2,0.0,km2,K4,effis_rda_annual_burned_area,measured,f_sensor_break;f_min_fire_size;f_coverage_change;f_product_level;f_zero_no_detection
REU,Réunion,country,2012,burned_area_km2,0.0,km2,K4,effis_rda_annual_burned_area,measured,f_sensor_break;f_min_fire_size;f_coverage_change;f_product_level;f_zero_no_detection
REU,Réunion,country,2013,burned_area_km2,0.0,km2,K4,effis_rda_annual_burned_area,measured,f_sensor_break;f_min_fire_size;f_coverage_change;f_product_level;f_zero_no_detection
REU,Réunion,country,2014,burned_area_km2,0.0,km2,K4,effis_rda_annual_burned_area,measured,f_sensor_break;f_min_fire_size;f_coverage_change;f_product_level;f_zero_no_detection
REU,Réunion,country,2015,burned_area_km2,0.0,km2,K4,effis_rda_annual_burned_area,measured,f_sensor_break;f_min_fire_size;f_coverage_change;f_product_level;f_zero_no_detection
REU,Réunion,country,2016,burned_area_km2,0.0,km2,K4,effis_rda_annual_burned_area,measured,f_sensor_break;f_min_fire_size;f_coverage_change;f_product_level;f_zero_no_detection
REU,Réunion,country,2017,burned_area_km2,0.0,km2,K4,effis_rda_annual_burned_area,measured,f_sensor_break;f_min_fire_size;f_coverage_change;f_product_level;f_zero_no_detection
REU,Réunion,country,2018,burned_area_km2,0.0,km2,K4,effis_rda_annual_burned_area,measured,f_sensor_break;f_min_fire_size;f_coverage_change;f_product_level;f_zero_no_detection
REU,Réunion,country,2019,burned_area_km2,0.0,km2,K4,effis_rda_annual_burned_area,measured,f_sensor_break;f_min_fire_size;f_coverage_change;f_product_level;f_zero_no_detection
REU,Réunion,country,2020,burned_area_km2,0.0,km2,K4,effis_rda_annual_burned_area,measured,f_sensor_break;f_min_fire_size;f_coverage_change;f_product_level;f_zero_no_detection
REU,Réunion,country,2021,burned_area_km2,0.0,km2,K4,effis_rda_annual_burned_area,measured,f_sensor_break;f_min_fire_size;f_coverage_change;f_product_level;f_zero_no_detection
REU,Réunion,country,2022,burned_area_km2,0.0,km2,K4,effis_rda_annual_burned_area,measured,f_sensor_break;f_min_fire_size;f_coverage_change;f_product_level;f_zero_no_detection
REU,Réunion,country,2023,burned_area_km2,0.0,km2,K4,effis_rda_annual_burned_area,measured,f_sensor_break;f_min_fire_size;f_coverage_change;f_product_level;f_zero_no_detection
REU,Réunion,country,2024,burned_area_km2,0.0,km2,K4,effis_rda_annual_burned_area,measured,f_sensor_break;f_min_fire_size;f_coverage_change;f_product_level;f_zero_no_detection
REU,Réunion,country,2025,burned_area_km2,0.0,km2,K4,effis_rda_annual_burned_area,measured,f_sensor_break;f_min_fire_size;f_coverage_change;f_product_level;f_zero_no_detection
REU,Réunion,country,2026,burned_area_km2,0.0,km2,K4,effis_rda_annual_burned_area,measured,f_sensor_break;f_min_fire_size;f_coverage_change;f_product_level;f_incomplete_year;f_zero_no_detection
ROU,Romania,country,2006,burned_area_km2,0.0,km2,K4,effis_rda_annual_burned_area,measured,f_sensor_break;f_min_fire_size;f_coverage_change;f_product_level;f_zero_no_detection
ROU,Romania,country,2007,burned_area_km2,0.0,km2,K4,effis_rda_annual_burned_area,measured,f_sensor_break;f_min_fire_size;f_coverage_change;f_product_level;f_zero_no_detection
ROU,Romania,country,2008,burned_area_km2,0.0,km2,K4,effis_rda_annual_burned_area,measured,f_sensor_break;f_min_fire_size;f_coverage_change;f_product_level;f_zero_no_detection
ROU,Romania,country,2009,burned_area_km2,0.0,km2,K4,effis_rda_annual_burned_area,measured,f_sensor_break;f_min_fire_size;f_coverage_change;f_product_level;f_zero_no_detection
ROU,Romania,country,2010,burned_area_km2,0.0,km2,K4,effis_rda_annual_burned_area,measured,f_sensor_break;f_min_fire_size;f_coverage_change;f_product_level;f_zero_no_detection
ROU,Romania,country,2011,burned_area_km2,3.33,km2,K4,effis_rda_annual_burned_area,measured,f_sensor_break;f_min_fire_size;f_coverage_change;f_product_level
ROU,Romania,country,2012,burned_area_km2,30.23,km2,K4,effis_rda_annual_burned_area,measured,f_sensor_break;f_min_fire_size;f_coverage_change;f_product_level
ROU,Romania,country,2013,burned_area_km2,31.01,km2,K4,effis_rda_annual_burned_area,measured,f_sensor_break;f_min_fire_size;f_coverage_change;f_product_level
ROU,Romania,country,2014,burned_area_km2,24.03,km2,K4,effis_rda_annual_burned_area,measured,f_sensor_break;f_min_fire_size;f_coverage_change;f_product_level
ROU,Romania,country,2015,burned_area_km2,73.2,km2,K4,effis_rda_annual_burned_area,measured,f_sensor_break;f_min_fire_size;f_coverage_change;f_product_level
ROU,Romania,country,2016,burned_area_km2,43.68,km2,K4,effis_rda_annual_burned_area,measured,f_sensor_break;f_min_fire_size;f_coverage_change;f_product_level
ROU,Romania,country,2017,burned_area_km2,304.81,km2,K4,effis_rda_annual_burned_area,measured,f_sensor_break;f_min_fire_size;f_coverage_change;f_product_level
ROU,Romania,country,2018,burned_area_km2,32.87,km2,K4,effis_rda_annual_burned_area,measured,f_sensor_break;f_min_fire_size;f_coverage_change;f_product_level
ROU,Romania,country,2019,burned_area_km2,726.66,km2,K4,effis_rda_annual_burned_area,measured,f_sensor_break;f_min_fire_size;f_coverage_change;f_product_level
ROU,Romania,country,2020,burned_area_km2,816.68,km2,K4,effis_rda_annual_burned_area,measured,f_sensor_break;f_min_fire_size;f_coverage_change;f_product_level
ROU,Romania,country,2021,burned_area_km2,203.64,km2,K4,effis_rda_annual_burned_area,measured,f_sensor_break;f_min_fire_size;f_coverage_change;f_product_level
ROU,Romania,country,2022,burned_area_km2,1532.07,km2,K4,effis_rda_annual_burned_area,measured,f_sensor_break;f_min_fire_size;f_coverage_change;f_product_level
ROU,Romania,country,2023,burned_area_km2,166.22,km2,K4,effis_rda_annual_burned_area,measured,f_sensor_break;f_min_fire_size;f_coverage_change;f_product_level
ROU,Romania,country,2024,burned_area_km2,360.57,km2,K4,effis_rda_annual_burned_area,measured,f_sensor_break;f_min_fire_size;f_coverage_change;f_product_level
ROU,Romania,country,2025,burned_area_km2,1294.43,km2,K4,effis_rda_annual_burned_area,measured,f_sensor_break;f_min_fire_size;f_coverage_change;f_product_level
ROU,Romania,country,2026,burned_area_km2,133.97,km2,K4,effis_rda_annual_burned_area,measured,f_sensor_break;f_min_fire_size;f_coverage_change;f_product_level;f_incomplete_year
SAU,Saudi-Arabia,country,2006,burned_area_km2,0.0,km2,K4,effis_rda_annual_burned_area,measured,f_sensor_break;f_min_fire_size;f_coverage_change;f_product_level;f_zero_no_detection
SAU,Saudi-Arabia,country,2007,burned_area_km2,0.0,km2,K4,effis_rda_annual_burned_area,measured,f_sensor_break;f_min_fire_size;f_coverage_change;f_product_level;f_zero_no_detection
SAU,Saudi-Arabia,country,2008,burned_area_km2,0.0,km2,K4,effis_rda_annual_burned_area,measured,f_sensor_break;f_min_fire_size;f_coverage_change;f_product_level;f_zero_no_detection
SAU,Saudi-Arabia,country,2009,burned_area_km2,0.0,km2,K4,effis_rda_annual_burned_area,measured,f_sensor_break;f_min_fire_size;f_coverage_change;f_product_level;f_zero_no_detection
SAU,Saudi-Arabia,country,2010,burned_area_km2,0.0,km2,K4,effis_rda_annual_burned_area,measured,f_sensor_break;f_min_fire_size;f_coverage_change;f_product_level;f_zero_no_detection
SAU,Saudi-Arabia,country,2011,burned_area_km2,0.0,km2,K4,effis_rda_annual_burned_area,measured,f_sensor_break;f_min_fire_size;f_coverage_change;f_product_level;f_zero_no_detection
SAU,Saudi-Arabia,country,2012,burned_area_km2,0.0,km2,K4,effis_rda_annual_burned_area,measured,f_sensor_break;f_min_fire_size;f_coverage_change;f_product_level;f_zero_no_detection
SAU,Saudi-Arabia,country,2013,burned_area_km2,0.0,km2,K4,effis_rda_annual_burned_area,measured,f_sensor_break;f_min_fire_size;f_coverage_change;f_product_level;f_zero_no_detection
SAU,Saudi-Arabia,country,2014,burned_area_km2,0.0,km2,K4,effis_rda_annual_burned_area,measured,f_sensor_break;f_min_fire_size;f_coverage_change;f_product_level;f_zero_no_detection
SAU,Saudi-Arabia,country,2015,burned_area_km2,0.0,km2,K4,effis_rda_annual_burned_area,measured,f_sensor_break;f_min_fire_size;f_coverage_change;f_product_level;f_zero_no_detection
SAU,Saudi-Arabia,country,2016,burned_area_km2,0.0,km2,K4,effis_rda_annual_burned_area,measured,f_sensor_break;f_min_fire_size;f_coverage_change;f_product_level;f_zero_no_detection
SAU,Saudi-Arabia,country,2017,burned_area_km2,0.0,km2,K4,effis_rda_annual_burned_area,measured,f_sensor_break;f_min_fire_size;f_coverage_change;f_product_level;f_zero_no_detection
SAU,Saudi-Arabia,country,2018,burned_area_km2,0.0,km2,K4,effis_rda_annual_burned_area,measured,f_sensor_break;f_min_fire_size;f_coverage_change;f_product_level;f_zero_no_detection
SAU,Saudi-Arabia,country,2019,burned_area_km2,0.0,km2,K4,effis_rda_annual_burned_area,measured,f_sensor_break;f_min_fire_size;f_coverage_change;f_product_level;f_zero_no_detection
SAU,Saudi-Arabia,country,2020,burned_area_km2,0.0,km2,K4,effis_rda_annual_burned_area,measured,f_sensor_break;f_min_fire_size;f_coverage_change;f_product_level;f_zero_no_detection
SAU,Saudi-Arabia,country,2021,burned_area_km2,0.0,km2,K4,effis_rda_annual_burned_area,measured,f_sensor_break;f_min_fire_size;f_coverage_change;f_product_level;f_zero_no_detection
SAU,Saudi-Arabia,country,2022,burned_area_km2,0.0,km2,K4,effis_rda_annual_burned_area,measured,f_sensor_break;f_min_fire_size;f_coverage_change;f_product_level;f_zero_no_detection
SAU,Saudi-Arabia,country,2023,burned_area_km2,0.0,km2,K4,effis_rda_annual_burned_area,measured,f_sensor_break;f_min_fire_size;f_coverage_change;f_product_level;f_zero_no_detection
SAU,Saudi-Arabia,country,2024,burned_area_km2,0.0,km2,K4,effis_rda_annual_burned_area,measured,f_sensor_break;f_min_fire_size;f_coverage_change;f_product_level;f_zero_no_detection
SAU,Saudi-Arabia,country,2025,burned_area_km2,0.0,km2,K4,effis_rda_annual_burned_area,measured,f_sensor_break;f_min_fire_size;f_coverage_change;f_product_level;f_zero_no_detection
SAU,Saudi-Arabia,country,2026,burned_area_km2,0.0,km2,K4,effis_rda_annual_burned_area,measured,f_sensor_break;f_min_fire_size;f_coverage_change;f_product_level;f_incomplete_year;f_zero_no_detection
SRB,Serbia,country,2006,burned_area_km2,0.0,km2,K4,effis_rda_annual_burned_area,measured,f_sensor_break;f_min_fire_size;f_coverage_change;f_product_level;f_zero_no_detection
SRB,Serbia,country,2007,burned_area_km2,191.79,km2,K4,effis_rda_annual_burned_area,measured,f_sensor_break;f_min_fire_size;f_coverage_change;f_product_level
SRB,Serbia,country,2008,burned_area_km2,3.59,km2,K4,effis_rda_annual_burned_area,measured,f_sensor_break;f_min_fire_size;f_coverage_change;f_product_level
SRB,Serbia,country,2009,burned_area_km2,0.0,km2,K4,effis_rda_annual_burned_area,measured,f_sensor_break;f_min_fire_size;f_coverage_change;f_product_level;f_zero_no_detection
SRB,Serbia,country,2010,burned_area_km2,0.0,km2,K4,effis_rda_annual_burned_area,measured,f_sensor_break;f_min_fire_size;f_coverage_change;f_product_level;f_zero_no_detection
SRB,Serbia,country,2011,burned_area_km2,6.81,km2,K4,effis_rda_annual_burned_area,measured,f_sensor_break;f_min_fire_size;f_coverage_change;f_product_level
SRB,Serbia,country,2012,burned_area_km2,116.35,km2,K4,effis_rda_annual_burned_area,measured,f_sensor_break;f_min_fire_size;f_coverage_change;f_product_level
SRB,Serbia,country,2013,burned_area_km2,15.26,km2,K4,effis_rda_annual_burned_area,measured,f_sensor_break;f_min_fire_size;f_coverage_change;f_product_level
SRB,Serbia,country,2014,burned_area_km2,0.0,km2,K4,effis_rda_annual_burned_area,measured,f_sensor_break;f_min_fire_size;f_coverage_change;f_product_level;f_zero_no_detection
SRB,Serbia,country,2015,burned_area_km2,10.11,km2,K4,effis_rda_annual_burned_area,measured,f_sensor_break;f_min_fire_size;f_coverage_change;f_product_level
SRB,Serbia,country,2016,burned_area_km2,8.8,km2,K4,effis_rda_annual_burned_area,measured,f_sensor_break;f_min_fire_size;f_coverage_change;f_product_level
SRB,Serbia,country,2017,burned_area_km2,82.56,km2,K4,effis_rda_annual_burned_area,measured,f_sensor_break;f_min_fire_size;f_coverage_change;f_product_level
SRB,Serbia,country,2018,burned_area_km2,57.74,km2,K4,effis_rda_annual_burned_area,measured,f_sensor_break;f_min_fire_size;f_coverage_change;f_product_level
SRB,Serbia,country,2019,burned_area_km2,157.63,km2,K4,effis_rda_annual_burned_area,measured,f_sensor_break;f_min_fire_size;f_coverage_change;f_product_level
SRB,Serbia,country,2020,burned_area_km2,93.85,km2,K4,effis_rda_annual_burned_area,measured,f_sensor_break;f_min_fire_size;f_coverage_change;f_product_level
SRB,Serbia,country,2021,burned_area_km2,70.06,km2,K4,effis_rda_annual_burned_area,measured,f_sensor_break;f_min_fire_size;f_coverage_change;f_product_level
SRB,Serbia,country,2022,burned_area_km2,115.08,km2,K4,effis_rda_annual_burned_area,measured,f_sensor_break;f_min_fire_size;f_coverage_change;f_product_level
SRB,Serbia,country,2023,burned_area_km2,23.12,km2,K4,effis_rda_annual_burned_area,measured,f_sensor_break;f_min_fire_size;f_coverage_change;f_product_level
SRB,Serbia,country,2024,burned_area_km2,389.54,km2,K4,effis_rda_annual_burned_area,measured,f_sensor_break;f_min_fire_size;f_coverage_change;f_product_level
SRB,Serbia,country,2025,burned_area_km2,278.82,km2,K4,effis_rda_annual_burned_area,measured,f_sensor_break;f_min_fire_size;f_coverage_change;f_product_level
SRB,Serbia,country,2026,burned_area_km2,33.02,km2,K4,effis_rda_annual_burned_area,measured,f_sensor_break;f_min_fire_size;f_coverage_change;f_product_level;f_incomplete_year
SVK,Slovakia,country,2006,burned_area_km2,0.0,km2,K4,effis_rda_annual_burned_area,measured,f_sensor_break;f_min_fire_size;f_coverage_change;f_product_level;f_zero_no_detection
SVK,Slovakia,country,2007,burned_area_km2,0.0,km2,K4,effis_rda_annual_burned_area,measured,f_sensor_break;f_min_fire_size;f_coverage_change;f_product_level;f_zero_no_detection
SVK,Slovakia,country,2008,burned_area_km2,0.0,km2,K4,effis_rda_annual_burned_area,measured,f_sensor_break;f_min_fire_size;f_coverage_change;f_product_level;f_zero_no_detection
SVK,Slovakia,country,2009,burned_area_km2,0.0,km2,K4,effis_rda_annual_burned_area,measured,f_sensor_break;f_min_fire_size;f_coverage_change;f_product_level;f_zero_no_detection
SVK,Slovakia,country,2010,burned_area_km2,0.0,km2,K4,effis_rda_annual_burned_area,measured,f_sensor_break;f_min_fire_size;f_coverage_change;f_product_level;f_zero_no_detection
SVK,Slovakia,country,2011,burned_area_km2,0.0,km2,K4,effis_rda_annual_burned_area,measured,f_sensor_break;f_min_fire_size;f_coverage_change;f_product_level;f_zero_no_detection
SVK,Slovakia,country,2012,burned_area_km2,0.0,km2,K4,effis_rda_annual_burned_area,measured,f_sensor_break;f_min_fire_size;f_coverage_change;f_product_level;f_zero_no_detection
SVK,Slovakia,country,2013,burned_area_km2,0.0,km2,K4,effis_rda_annual_burned_area,measured,f_sensor_break;f_min_fire_size;f_coverage_change;f_product_level;f_zero_no_detection
SVK,Slovakia,country,2014,burned_area_km2,0.0,km2,K4,effis_rda_annual_burned_area,measured,f_sensor_break;f_min_fire_size;f_coverage_change;f_product_level;f_zero_no_detection
SVK,Slovakia,country,2015,burned_area_km2,0.0,km2,K4,effis_rda_annual_burned_area,measured,f_sensor_break;f_min_fire_size;f_coverage_change;f_product_level;f_zero_no_detection
SVK,Slovakia,country,2016,burned_area_km2,0.0,km2,K4,effis_rda_annual_burned_area,measured,f_sensor_break;f_min_fire_size;f_coverage_change;f_product_level;f_zero_no_detection
SVK,Slovakia,country,2017,burned_area_km2,0.0,km2,K4,effis_rda_annual_burned_area,measured,f_sensor_break;f_min_fire_size;f_coverage_change;f_product_level;f_zero_no_detection
SVK,Slovakia,country,2018,burned_area_km2,0.0,km2,K4,effis_rda_annual_burned_area,measured,f_sensor_break;f_min_fire_size;f_coverage_change;f_product_level;f_zero_no_detection
SVK,Slovakia,country,2019,burned_area_km2,0.0,km2,K4,effis_rda_annual_burned_area,measured,f_sensor_break;f_min_fire_size;f_coverage_change;f_product_level;f_zero_no_detection
SVK,Slovakia,country,2020,burned_area_km2,0.85,km2,K4,effis_rda_annual_burned_area,measured,f_sensor_break;f_min_fire_size;f_coverage_change;f_product_level
SVK,Slovakia,country,2021,burned_area_km2,1.15,km2,K4,effis_rda_annual_burned_area,measured,f_sensor_break;f_min_fire_size;f_coverage_change;f_product_level
SVK,Slovakia,country,2022,burned_area_km2,3.17,km2,K4,effis_rda_annual_burned_area,measured,f_sensor_break;f_min_fire_size;f_coverage_change;f_product_level
SVK,Slovakia,country,2023,burned_area_km2,0.0,km2,K4,effis_rda_annual_burned_area,measured,f_sensor_break;f_min_fire_size;f_coverage_change;f_product_level;f_zero_no_detection
SVK,Slovakia,country,2024,burned_area_km2,0.0,km2,K4,effis_rda_annual_burned_area,measured,f_sensor_break;f_min_fire_size;f_coverage_change;f_product_level;f_zero_no_detection
SVK,Slovakia,country,2025,burned_area_km2,3.62,km2,K4,effis_rda_annual_burned_area,measured,f_sensor_break;f_min_fire_size;f_coverage_change;f_product_level
SVK,Slovakia,country,2026,burned_area_km2,11.12,km2,K4,effis_rda_annual_burned_area,measured,f_sensor_break;f_min_fire_size;f_coverage_change;f_product_level;f_incomplete_year
SVN,Slovenia,country,2006,burned_area_km2,5.57,km2,K4,effis_rda_annual_burned_area,measured,f_sensor_break;f_min_fire_size;f_coverage_change;f_product_level
SVN,Slovenia,country,2007,burned_area_km2,0.0,km2,K4,effis_rda_annual_burned_area,measured,f_sensor_break;f_min_fire_size;f_coverage_change;f_product_level;f_zero_no_detection
SVN,Slovenia,country,2008,burned_area_km2,0.0,km2,K4,effis_rda_annual_burned_area,measured,f_sensor_break;f_min_fire_size;f_coverage_change;f_product_level;f_zero_no_detection
SVN,Slovenia,country,2009,burned_area_km2,0.0,km2,K4,effis_rda_annual_burned_area,measured,f_sensor_break;f_min_fire_size;f_coverage_change;f_product_level;f_zero_no_detection
SVN,Slovenia,country,2010,burned_area_km2,0.0,km2,K4,effis_rda_annual_burned_area,measured,f_sensor_break;f_min_fire_size;f_coverage_change;f_product_level;f_zero_no_detection
SVN,Slovenia,country,2011,burned_area_km2,0.0,km2,K4,effis_rda_annual_burned_area,measured,f_sensor_break;f_min_fire_size;f_coverage_change;f_product_level;f_zero_no_detection
SVN,Slovenia,country,2012,burned_area_km2,2.62,km2,K4,effis_rda_annual_burned_area,measured,f_sensor_break;f_min_fire_size;f_coverage_change;f_product_level
SVN,Slovenia,country,2013,burned_area_km2,0.0,km2,K4,effis_rda_annual_burned_area,measured,f_sensor_break;f_min_fire_size;f_coverage_change;f_product_level;f_zero_no_detection
SVN,Slovenia,country,2014,burned_area_km2,0.0,km2,K4,effis_rda_annual_burned_area,measured,f_sensor_break;f_min_fire_size;f_coverage_change;f_product_level;f_zero_no_detection
SVN,Slovenia,country,2015,burned_area_km2,0.0,km2,K4,effis_rda_annual_burned_area,measured,f_sensor_break;f_min_fire_size;f_coverage_change;f_product_level;f_zero_no_detection
SVN,Slovenia,country,2016,burned_area_km2,3.21,km2,K4,effis_rda_annual_burned_area,measured,f_sensor_break;f_min_fire_size;f_coverage_change;f_product_level
SVN,Slovenia,country,2017,burned_area_km2,1.88,km2,K4,effis_rda_annual_burned_area,measured,f_sensor_break;f_min_fire_size;f_coverage_change;f_product_level
SVN,Slovenia,country,2018,burned_area_km2,0.0,km2,K4,effis_rda_annual_burned_area,measured,f_sensor_break;f_min_fire_size;f_coverage_change;f_product_level;f_zero_no_detection
SVN,Slovenia,country,2019,burned_area_km2,0.8,km2,K4,effis_rda_annual_burned_area,measured,f_sensor_break;f_min_fire_size;f_coverage_change;f_product_level
SVN,Slovenia,country,2020,burned_area_km2,1.68,km2,K4,effis_rda_annual_burned_area,measured,f_sensor_break;f_min_fire_size;f_coverage_change;f_product_level
SVN,Slovenia,country,2021,burned_area_km2,0.76,km2,K4,effis_rda_annual_burned_area,measured,f_sensor_break;f_min_fire_size;f_coverage_change;f_product_level
SVN,Slovenia,country,2022,burned_area_km2,43.88,km2,K4,effis_rda_annual_burned_area,measured,f_sensor_break;f_min_fire_size;f_coverage_change;f_product_level
SVN,Slovenia,country,2023,burned_area_km2,1.12,km2,K4,effis_rda_annual_burned_area,measured,f_sensor_break;f_min_fire_size;f_coverage_change;f_product_level
SVN,Slovenia,country,2024,burned_area_km2,0.76,km2,K4,effis_rda_annual_burned_area,measured,f_sensor_break;f_min_fire_size;f_coverage_change;f_product_level
SVN,Slovenia,country,2025,burned_area_km2,1.43,km2,K4,effis_rda_annual_burned_area,measured,f_sensor_break;f_min_fire_size;f_coverage_change;f_product_level
SVN,Slovenia,country,2026,burned_area_km2,3.54,km2,K4,effis_rda_annual_burned_area,measured,f_sensor_break;f_min_fire_size;f_coverage_change;f_product_level;f_incomplete_year
SWE,Sverige,country,2006,burned_area_km2,0.0,km2,K4,effis_rda_annual_burned_area,measured,f_sensor_break;f_min_fire_size;f_coverage_change;f_product_level;f_zero_no_detection
SWE,Sverige,country,2007,burned_area_km2,0.0,km2,K4,effis_rda_annual_burned_area,measured,f_sensor_break;f_min_fire_size;f_coverage_change;f_product_level;f_zero_no_detection
SWE,Sverige,country,2008,burned_area_km2,16.68,km2,K4,effis_rda_annual_burned_area,measured,f_sensor_break;f_min_fire_size;f_coverage_change;f_product_level
SWE,Sverige,country,2009,burned_area_km2,7.16,km2,K4,effis_rda_annual_burned_area,measured,f_sensor_break;f_min_fire_size;f_coverage_change;f_product_level
SWE,Sverige,country,2010,burned_area_km2,0.0,km2,K4,effis_rda_annual_burned_area,measured,f_sensor_break;f_min_fire_size;f_coverage_change;f_product_level;f_zero_no_detection
SWE,Sverige,country,2011,burned_area_km2,1.43,km2,K4,effis_rda_annual_burned_area,measured,f_sensor_break;f_min_fire_size;f_coverage_change;f_product_level
SWE,Sverige,country,2012,burned_area_km2,0.0,km2,K4,effis_rda_annual_burned_area,measured,f_sensor_break;f_min_fire_size;f_coverage_change;f_product_level;f_zero_no_detection
SWE,Sverige,country,2013,burned_area_km2,0.5,km2,K4,effis_rda_annual_burned_area,measured,f_sensor_break;f_min_fire_size;f_coverage_change;f_product_level
SWE,Sverige,country,2014,burned_area_km2,136.33,km2,K4,effis_rda_annual_burned_area,measured,f_sensor_break;f_min_fire_size;f_coverage_change;f_product_level
SWE,Sverige,country,2015,burned_area_km2,1.47,km2,K4,effis_rda_annual_burned_area,measured,f_sensor_break;f_min_fire_size;f_coverage_change;f_product_level
SWE,Sverige,country,2016,burned_area_km2,0.99,km2,K4,effis_rda_annual_burned_area,measured,f_sensor_break;f_min_fire_size;f_coverage_change;f_product_level
SWE,Sverige,country,2017,burned_area_km2,7.32,km2,K4,effis_rda_annual_burned_area,measured,f_sensor_break;f_min_fire_size;f_coverage_change;f_product_level
SWE,Sverige,country,2018,burned_area_km2,213.2,km2,K4,effis_rda_annual_burned_area,measured,f_sensor_break;f_min_fire_size;f_coverage_change;f_product_level
SWE,Sverige,country,2019,burned_area_km2,4.85,km2,K4,effis_rda_annual_burned_area,measured,f_sensor_break;f_min_fire_size;f_coverage_change;f_product_level
SWE,Sverige,country,2020,burned_area_km2,7.69,km2,K4,effis_rda_annual_burned_area,measured,f_sensor_break;f_min_fire_size;f_coverage_change;f_product_level
SWE,Sverige,country,2021,burned_area_km2,9.46,km2,K4,effis_rda_annual_burned_area,measured,f_sensor_break;f_min_fire_size;f_coverage_change;f_product_level
SWE,Sverige,country,2022,burned_area_km2,2.66,km2,K4,effis_rda_annual_burned_area,measured,f_sensor_break;f_min_fire_size;f_coverage_change;f_product_level
SWE,Sverige,country,2023,burned_area_km2,1.88,km2,K4,effis_rda_annual_burned_area,measured,f_sensor_break;f_min_fire_size;f_coverage_change;f_product_level
SWE,Sverige,country,2024,burned_area_km2,2.88,km2,K4,effis_rda_annual_burned_area,measured,f_sensor_break;f_min_fire_size;f_coverage_change;f_product_level
SWE,Sverige,country,2025,burned_area_km2,10.79,km2,K4,effis_rda_annual_burned_area,measured,f_sensor_break;f_min_fire_size;f_coverage_change;f_product_level
SWE,Sverige,country,2026,burned_area_km2,1.85,km2,K4,effis_rda_annual_burned_area,measured,f_sensor_break;f_min_fire_size;f_coverage_change;f_product_level;f_incomplete_year
SYR,Syria,country,2006,burned_area_km2,0.0,km2,K4,effis_rda_annual_burned_area,measured,f_sensor_break;f_min_fire_size;f_coverage_change;f_product_level;f_zero_no_detection
SYR,Syria,country,2007,burned_area_km2,0.0,km2,K4,effis_rda_annual_burned_area,measured,f_sensor_break;f_min_fire_size;f_coverage_change;f_product_level;f_zero_no_detection
SYR,Syria,country,2008,burned_area_km2,0.0,km2,K4,effis_rda_annual_burned_area,measured,f_sensor_break;f_min_fire_size;f_coverage_change;f_product_level;f_zero_no_detection
SYR,Syria,country,2009,burned_area_km2,0.0,km2,K4,effis_rda_annual_burned_area,measured,f_sensor_break;f_min_fire_size;f_coverage_change;f_product_level;f_zero_no_detection
SYR,Syria,country,2010,burned_area_km2,0.0,km2,K4,effis_rda_annual_burned_area,measured,f_sensor_break;f_min_fire_size;f_coverage_change;f_product_level;f_zero_no_detection
SYR,Syria,country,2011,burned_area_km2,0.0,km2,K4,effis_rda_annual_burned_area,measured,f_sensor_break;f_min_fire_size;f_coverage_change;f_product_level;f_zero_no_detection
SYR,Syria,country,2012,burned_area_km2,126.05,km2,K4,effis_rda_annual_burned_area,measured,f_sensor_break;f_min_fire_size;f_coverage_change;f_product_level
SYR,Syria,country,2013,burned_area_km2,105.4,km2,K4,effis_rda_annual_burned_area,measured,f_sensor_break;f_min_fire_size;f_coverage_change;f_product_level
SYR,Syria,country,2014,burned_area_km2,15.96,km2,K4,effis_rda_annual_burned_area,measured,f_sensor_break;f_min_fire_size;f_coverage_change;f_product_level
SYR,Syria,country,2015,burned_area_km2,932.48,km2,K4,effis_rda_annual_burned_area,measured,f_sensor_break;f_min_fire_size;f_coverage_change;f_product_level
SYR,Syria,country,2016,burned_area_km2,14.14,km2,K4,effis_rda_annual_burned_area,measured,f_sensor_break;f_min_fire_size;f_coverage_change;f_product_level
SYR,Syria,country,2017,burned_area_km2,49.28,km2,K4,effis_rda_annual_burned_area,measured,f_sensor_break;f_min_fire_size;f_coverage_change;f_product_level
SYR,Syria,country,2018,burned_area_km2,13.02,km2,K4,effis_rda_annual_burned_area,measured,f_sensor_break;f_min_fire_size;f_coverage_change;f_product_level
SYR,Syria,country,2019,burned_area_km2,1929.46,km2,K4,effis_rda_annual_burned_area,measured,f_sensor_break;f_min_fire_size;f_coverage_change;f_product_level
SYR,Syria,country,2020,burned_area_km2,456.05,km2,K4,effis_rda_annual_burned_area,measured,f_sensor_break;f_min_fire_size;f_coverage_change;f_product_level
SYR,Syria,country,2021,burned_area_km2,166.83,km2,K4,effis_rda_annual_burned_area,measured,f_sensor_break;f_min_fire_size;f_coverage_change;f_product_level
SYR,Syria,country,2022,burned_area_km2,4.32,km2,K4,effis_rda_annual_burned_area,measured,f_sensor_break;f_min_fire_size;f_coverage_change;f_product_level
SYR,Syria,country,2023,burned_area_km2,111.92,km2,K4,effis_rda_annual_burned_area,measured,f_sensor_break;f_min_fire_size;f_coverage_change;f_product_level
SYR,Syria,country,2024,burned_area_km2,213.88,km2,K4,effis_rda_annual_burned_area,measured,f_sensor_break;f_min_fire_size;f_coverage_change;f_product_level
SYR,Syria,country,2025,burned_area_km2,286.69,km2,K4,effis_rda_annual_burned_area,measured,f_sensor_break;f_min_fire_size;f_coverage_change;f_product_level
SYR,Syria,country,2026,burned_area_km2,4.0,km2,K4,effis_rda_annual_burned_area,measured,f_sensor_break;f_min_fire_size;f_coverage_change;f_product_level;f_incomplete_year
TUN,Tunisia,country,2006,burned_area_km2,0.0,km2,K4,effis_rda_annual_burned_area,measured,f_sensor_break;f_min_fire_size;f_coverage_change;f_product_level;f_zero_no_detection
TUN,Tunisia,country,2007,burned_area_km2,0.0,km2,K4,effis_rda_annual_burned_area,measured,f_sensor_break;f_min_fire_size;f_coverage_change;f_product_level;f_zero_no_detection
TUN,Tunisia,country,2008,burned_area_km2,0.0,km2,K4,effis_rda_annual_burned_area,measured,f_sensor_break;f_min_fire_size;f_coverage_change;f_product_level;f_zero_no_detection
TUN,Tunisia,country,2009,burned_area_km2,1.29,km2,K4,effis_rda_annual_burned_area,measured,f_sensor_break;f_min_fire_size;f_coverage_change;f_product_level
TUN,Tunisia,country,2010,burned_area_km2,35.51,km2,K4,effis_rda_annual_burned_area,measured,f_sensor_break;f_min_fire_size;f_coverage_change;f_product_level
TUN,Tunisia,country,2011,burned_area_km2,36.9,km2,K4,effis_rda_annual_burned_area,measured,f_sensor_break;f_min_fire_size;f_coverage_change;f_product_level
TUN,Tunisia,country,2012,burned_area_km2,30.61,km2,K4,effis_rda_annual_burned_area,measured,f_sensor_break;f_min_fire_size;f_coverage_change;f_product_level
TUN,Tunisia,country,2013,burned_area_km2,132.47,km2,K4,effis_rda_annual_burned_area,measured,f_sensor_break;f_min_fire_size;f_coverage_change;f_product_level
TUN,Tunisia,country,2014,burned_area_km2,115.32,km2,K4,effis_rda_annual_burned_area,measured,f_sensor_break;f_min_fire_size;f_coverage_change;f_product_level
TUN,Tunisia,country,2015,burned_area_km2,61.62,km2,K4,effis_rda_annual_burned_area,measured,f_sensor_break;f_min_fire_size;f_coverage_change;f_product_level
TUN,Tunisia,country,2016,burned_area_km2,45.23,km2,K4,effis_rda_annual_burned_area,measured,f_sensor_break;f_min_fire_size;f_coverage_change;f_product_level
TUN,Tunisia,country,2017,burned_area_km2,189.98,km2,K4,effis_rda_annual_burned_area,measured,f_sensor_break;f_min_fire_size;f_coverage_change;f_product_level
TUN,Tunisia,country,2018,burned_area_km2,9.62,km2,K4,effis_rda_annual_burned_area,measured,f_sensor_break;f_min_fire_size;f_coverage_change;f_product_level
TUN,Tunisia,country,2019,burned_area_km2,30.59,km2,K4,effis_rda_annual_burned_area,measured,f_sensor_break;f_min_fire_size;f_coverage_change;f_product_level
TUN,Tunisia,country,2020,burned_area_km2,111.06,km2,K4,effis_rda_annual_burned_area,measured,f_sensor_break;f_min_fire_size;f_coverage_change;f_product_level
TUN,Tunisia,country,2021,burned_area_km2,284.93,km2,K4,effis_rda_annual_burned_area,measured,f_sensor_break;f_min_fire_size;f_coverage_change;f_product_level
TUN,Tunisia,country,2022,burned_area_km2,108.46,km2,K4,effis_rda_annual_burned_area,measured,f_sensor_break;f_min_fire_size;f_coverage_change;f_product_level
TUN,Tunisia,country,2023,burned_area_km2,59.04,km2,K4,effis_rda_annual_burned_area,measured,f_sensor_break;f_min_fire_size;f_coverage_change;f_product_level
TUN,Tunisia,country,2024,burned_area_km2,11.1,km2,K4,effis_rda_annual_burned_area,measured,f_sensor_break;f_min_fire_size;f_coverage_change;f_product_level
TUN,Tunisia,country,2025,burned_area_km2,61.5,km2,K4,effis_rda_annual_burned_area,measured,f_sensor_break;f_min_fire_size;f_coverage_change;f_product_level
TUN,Tunisia,country,2026,burned_area_km2,207.69,km2,K4,effis_rda_annual_burned_area,measured,f_sensor_break;f_min_fire_size;f_coverage_change;f_product_level;f_incomplete_year
TUR,Tyrkia,country,2006,burned_area_km2,84.75,km2,K4,effis_rda_annual_burned_area,measured,f_sensor_break;f_min_fire_size;f_coverage_change;f_product_level
TUR,Tyrkia,country,2007,burned_area_km2,68.61,km2,K4,effis_rda_annual_burned_area,measured,f_sensor_break;f_min_fire_size;f_coverage_change;f_product_level
TUR,Tyrkia,country,2008,burned_area_km2,278.48,km2,K4,effis_rda_annual_burned_area,measured,f_sensor_break;f_min_fire_size;f_coverage_change;f_product_level
TUR,Tyrkia,country,2009,burned_area_km2,57.98,km2,K4,effis_rda_annual_burned_area,measured,f_sensor_break;f_min_fire_size;f_coverage_change;f_product_level
TUR,Tyrkia,country,2010,burned_area_km2,12.58,km2,K4,effis_rda_annual_burned_area,measured,f_sensor_break;f_min_fire_size;f_coverage_change;f_product_level
TUR,Tyrkia,country,2011,burned_area_km2,89.85,km2,K4,effis_rda_annual_burned_area,measured,f_sensor_break;f_min_fire_size;f_coverage_change;f_product_level
TUR,Tyrkia,country,2012,burned_area_km2,100.5,km2,K4,effis_rda_annual_burned_area,measured,f_sensor_break;f_min_fire_size;f_coverage_change;f_product_level
TUR,Tyrkia,country,2013,burned_area_km2,199.73,km2,K4,effis_rda_annual_burned_area,measured,f_sensor_break;f_min_fire_size;f_coverage_change;f_product_level
TUR,Tyrkia,country,2014,burned_area_km2,71.72,km2,K4,effis_rda_annual_burned_area,measured,f_sensor_break;f_min_fire_size;f_coverage_change;f_product_level
TUR,Tyrkia,country,2015,burned_area_km2,550.7,km2,K4,effis_rda_annual_burned_area,measured,f_sensor_break;f_min_fire_size;f_coverage_change;f_product_level
TUR,Tyrkia,country,2016,burned_area_km2,1246.84,km2,K4,effis_rda_annual_burned_area,measured,f_sensor_break;f_min_fire_size;f_coverage_change;f_product_level
TUR,Tyrkia,country,2017,burned_area_km2,477.38,km2,K4,effis_rda_annual_burned_area,measured,f_sensor_break;f_min_fire_size;f_coverage_change;f_product_level
TUR,Tyrkia,country,2018,burned_area_km2,400.39,km2,K4,effis_rda_annual_burned_area,measured,f_sensor_break;f_min_fire_size;f_coverage_change;f_product_level
TUR,Tyrkia,country,2019,burned_area_km2,812.46,km2,K4,effis_rda_annual_burned_area,measured,f_sensor_break;f_min_fire_size;f_coverage_change;f_product_level
TUR,Tyrkia,country,2020,burned_area_km2,998.57,km2,K4,effis_rda_annual_burned_area,measured,f_sensor_break;f_min_fire_size;f_coverage_change;f_product_level
TUR,Tyrkia,country,2021,burned_area_km2,2021.3,km2,K4,effis_rda_annual_burned_area,measured,f_sensor_break;f_min_fire_size;f_coverage_change;f_product_level
TUR,Tyrkia,country,2022,burned_area_km2,156.85,km2,K4,effis_rda_annual_burned_area,measured,f_sensor_break;f_min_fire_size;f_coverage_change;f_product_level
TUR,Tyrkia,country,2023,burned_area_km2,325.99,km2,K4,effis_rda_annual_burned_area,measured,f_sensor_break;f_min_fire_size;f_coverage_change;f_product_level
TUR,Tyrkia,country,2024,burned_area_km2,1208.09,km2,K4,effis_rda_annual_burned_area,measured,f_sensor_break;f_min_fire_size;f_coverage_change;f_product_level
TUR,Tyrkia,country,2025,burned_area_km2,1540.53,km2,K4,effis_rda_annual_burned_area,measured,f_sensor_break;f_min_fire_size;f_coverage_change;f_product_level
TUR,Tyrkia,country,2026,burned_area_km2,311.3,km2,K4,effis_rda_annual_burned_area,measured,f_sensor_break;f_min_fire_size;f_coverage_change;f_product_level;f_incomplete_year
UKR,Ukraina,country,2006,burned_area_km2,0.0,km2,K4,effis_rda_annual_burned_area,measured,f_sensor_break;f_min_fire_size;f_coverage_change;f_product_level;f_zero_no_detection
UKR,Ukraina,country,2007,burned_area_km2,0.0,km2,K4,effis_rda_annual_burned_area,measured,f_sensor_break;f_min_fire_size;f_coverage_change;f_product_level;f_zero_no_detection
UKR,Ukraina,country,2008,burned_area_km2,0.0,km2,K4,effis_rda_annual_burned_area,measured,f_sensor_break;f_min_fire_size;f_coverage_change;f_product_level;f_zero_no_detection
UKR,Ukraina,country,2009,burned_area_km2,0.0,km2,K4,effis_rda_annual_burned_area,measured,f_sensor_break;f_min_fire_size;f_coverage_change;f_product_level;f_zero_no_detection
UKR,Ukraina,country,2010,burned_area_km2,0.0,km2,K4,effis_rda_annual_burned_area,measured,f_sensor_break;f_min_fire_size;f_coverage_change;f_product_level;f_zero_no_detection
UKR,Ukraina,country,2011,burned_area_km2,0.0,km2,K4,effis_rda_annual_burned_area,measured,f_sensor_break;f_min_fire_size;f_coverage_change;f_product_level;f_zero_no_detection
UKR,Ukraina,country,2012,burned_area_km2,0.0,km2,K4,effis_rda_annual_burned_area,measured,f_sensor_break;f_min_fire_size;f_coverage_change;f_product_level;f_zero_no_detection
UKR,Ukraina,country,2013,burned_area_km2,0.0,km2,K4,effis_rda_annual_burned_area,measured,f_sensor_break;f_min_fire_size;f_coverage_change;f_product_level;f_zero_no_detection
UKR,Ukraina,country,2014,burned_area_km2,0.0,km2,K4,effis_rda_annual_burned_area,measured,f_sensor_break;f_min_fire_size;f_coverage_change;f_product_level;f_zero_no_detection
UKR,Ukraina,country,2015,burned_area_km2,0.0,km2,K4,effis_rda_annual_burned_area,measured,f_sensor_break;f_min_fire_size;f_coverage_change;f_product_level;f_zero_no_detection
UKR,Ukraina,country,2016,burned_area_km2,0.0,km2,K4,effis_rda_annual_burned_area,measured,f_sensor_break;f_min_fire_size;f_coverage_change;f_product_level;f_zero_no_detection
UKR,Ukraina,country,2017,burned_area_km2,0.0,km2,K4,effis_rda_annual_burned_area,measured,f_sensor_break;f_min_fire_size;f_coverage_change;f_product_level;f_zero_no_detection
UKR,Ukraina,country,2018,burned_area_km2,0.0,km2,K4,effis_rda_annual_burned_area,measured,f_sensor_break;f_min_fire_size;f_coverage_change;f_product_level;f_zero_no_detection
UKR,Ukraina,country,2019,burned_area_km2,0.0,km2,K4,effis_rda_annual_burned_area,measured,f_sensor_break;f_min_fire_size;f_coverage_change;f_product_level;f_zero_no_detection
UKR,Ukraina,country,2020,burned_area_km2,2554.08,km2,K4,effis_rda_annual_burned_area,measured,f_sensor_break;f_min_fire_size;f_coverage_change;f_product_level
UKR,Ukraina,country,2021,burned_area_km2,273.85,km2,K4,effis_rda_annual_burned_area,measured,f_sensor_break;f_min_fire_size;f_coverage_change;f_product_level
UKR,Ukraina,country,2022,burned_area_km2,2605.88,km2,K4,effis_rda_annual_burned_area,measured,f_sensor_break;f_min_fire_size;f_coverage_change;f_product_level
UKR,Ukraina,country,2023,burned_area_km2,2139.21,km2,K4,effis_rda_annual_burned_area,measured,f_sensor_break;f_min_fire_size;f_coverage_change;f_product_level
UKR,Ukraina,country,2024,burned_area_km2,9178.79,km2,K4,effis_rda_annual_burned_area,measured,f_sensor_break;f_min_fire_size;f_coverage_change;f_product_level
UKR,Ukraina,country,2025,burned_area_km2,6007.59,km2,K4,effis_rda_annual_burned_area,measured,f_sensor_break;f_min_fire_size;f_coverage_change;f_product_level
UKR,Ukraina,country,2026,burned_area_km2,2950.58,km2,K4,effis_rda_annual_burned_area,measured,f_sensor_break;f_min_fire_size;f_coverage_change;f_product_level;f_incomplete_year
XKX,Kosovo,country,2006,burned_area_km2,0.0,km2,K4,effis_rda_annual_burned_area,measured,f_sensor_break;f_min_fire_size;f_coverage_change;f_product_level;f_zero_no_detection
XKX,Kosovo,country,2007,burned_area_km2,162.46,km2,K4,effis_rda_annual_burned_area,measured,f_sensor_break;f_min_fire_size;f_coverage_change;f_product_level
XKX,Kosovo,country,2008,burned_area_km2,2.7,km2,K4,effis_rda_annual_burned_area,measured,f_sensor_break;f_min_fire_size;f_coverage_change;f_product_level
XKX,Kosovo,country,2009,burned_area_km2,0.0,km2,K4,effis_rda_annual_burned_area,measured,f_sensor_break;f_min_fire_size;f_coverage_change;f_product_level;f_zero_no_detection
XKX,Kosovo,country,2010,burned_area_km2,0.0,km2,K4,effis_rda_annual_burned_area,measured,f_sensor_break;f_min_fire_size;f_coverage_change;f_product_level;f_zero_no_detection
XKX,Kosovo,country,2011,burned_area_km2,9.36,km2,K4,effis_rda_annual_burned_area,measured,f_sensor_break;f_min_fire_size;f_coverage_change;f_product_level
XKX,Kosovo,country,2012,burned_area_km2,95.09,km2,K4,effis_rda_annual_burned_area,measured,f_sensor_break;f_min_fire_size;f_coverage_change;f_product_level
XKX,Kosovo,country,2013,burned_area_km2,2.44,km2,K4,effis_rda_annual_burned_area,measured,f_sensor_break;f_min_fire_size;f_coverage_change;f_product_level
XKX,Kosovo,country,2014,burned_area_km2,0.0,km2,K4,effis_rda_annual_burned_area,measured,f_sensor_break;f_min_fire_size;f_coverage_change;f_product_level;f_zero_no_detection
XKX,Kosovo,country,2015,burned_area_km2,26.52,km2,K4,effis_rda_annual_burned_area,measured,f_sensor_break;f_min_fire_size;f_coverage_change;f_product_level
XKX,Kosovo,country,2016,burned_area_km2,2.95,km2,K4,effis_rda_annual_burned_area,measured,f_sensor_break;f_min_fire_size;f_coverage_change;f_product_level
XKX,Kosovo,country,2017,burned_area_km2,53.73,km2,K4,effis_rda_annual_burned_area,measured,f_sensor_break;f_min_fire_size;f_coverage_change;f_product_level
XKX,Kosovo,country,2018,burned_area_km2,13.32,km2,K4,effis_rda_annual_burned_area,measured,f_sensor_break;f_min_fire_size;f_coverage_change;f_product_level
XKX,Kosovo,country,2019,burned_area_km2,116.01,km2,K4,effis_rda_annual_burned_area,measured,f_sensor_break;f_min_fire_size;f_coverage_change;f_product_level
XKX,Kosovo,country,2020,burned_area_km2,70.1,km2,K4,effis_rda_annual_burned_area,measured,f_sensor_break;f_min_fire_size;f_coverage_change;f_product_level
XKX,Kosovo,country,2021,burned_area_km2,69.8,km2,K4,effis_rda_annual_burned_area,measured,f_sensor_break;f_min_fire_size;f_coverage_change;f_product_level
XKX,Kosovo,country,2022,burned_area_km2,37.39,km2,K4,effis_rda_annual_burned_area,measured,f_sensor_break;f_min_fire_size;f_coverage_change;f_product_level
XKX,Kosovo,country,2023,burned_area_km2,10.48,km2,K4,effis_rda_annual_burned_area,measured,f_sensor_break;f_min_fire_size;f_coverage_change;f_product_level
XKX,Kosovo,country,2024,burned_area_km2,120.79,km2,K4,effis_rda_annual_burned_area,measured,f_sensor_break;f_min_fire_size;f_coverage_change;f_product_level
XKX,Kosovo,country,2025,burned_area_km2,167.73,km2,K4,effis_rda_annual_burned_area,measured,f_sensor_break;f_min_fire_size;f_coverage_change;f_product_level
XKX,Kosovo,country,2026,burned_area_km2,8.06,km2,K4,effis_rda_annual_burned_area,measured,f_sensor_break;f_min_fire_size;f_coverage_change;f_product_level;f_incomplete_year
YEM,Jemen,country,2006,burned_area_km2,0.0,km2,K4,effis_rda_annual_burned_area,measured,f_sensor_break;f_min_fire_size;f_coverage_change;f_product_level;f_zero_no_detection
YEM,Jemen,country,2007,burned_area_km2,0.0,km2,K4,effis_rda_annual_burned_area,measured,f_sensor_break;f_min_fire_size;f_coverage_change;f_product_level;f_zero_no_detection
YEM,Jemen,country,2008,burned_area_km2,0.0,km2,K4,effis_rda_annual_burned_area,measured,f_sensor_break;f_min_fire_size;f_coverage_change;f_product_level;f_zero_no_detection
YEM,Jemen,country,2009,burned_area_km2,0.0,km2,K4,effis_rda_annual_burned_area,measured,f_sensor_break;f_min_fire_size;f_coverage_change;f_product_level;f_zero_no_detection
YEM,Jemen,country,2010,burned_area_km2,0.0,km2,K4,effis_rda_annual_burned_area,measured,f_sensor_break;f_min_fire_size;f_coverage_change;f_product_level;f_zero_no_detection
YEM,Jemen,country,2011,burned_area_km2,0.0,km2,K4,effis_rda_annual_burned_area,measured,f_sensor_break;f_min_fire_size;f_coverage_change;f_product_level;f_zero_no_detection
YEM,Jemen,country,2012,burned_area_km2,0.0,km2,K4,effis_rda_annual_burned_area,measured,f_sensor_break;f_min_fire_size;f_coverage_change;f_product_level;f_zero_no_detection
YEM,Jemen,country,2013,burned_area_km2,0.0,km2,K4,effis_rda_annual_burned_area,measured,f_sensor_break;f_min_fire_size;f_coverage_change;f_product_level;f_zero_no_detection
YEM,Jemen,country,2014,burned_area_km2,0.0,km2,K4,effis_rda_annual_burned_area,measured,f_sensor_break;f_min_fire_size;f_coverage_change;f_product_level;f_zero_no_detection
YEM,Jemen,country,2015,burned_area_km2,0.0,km2,K4,effis_rda_annual_burned_area,measured,f_sensor_break;f_min_fire_size;f_coverage_change;f_product_level;f_zero_no_detection
YEM,Jemen,country,2016,burned_area_km2,0.0,km2,K4,effis_rda_annual_burned_area,measured,f_sensor_break;f_min_fire_size;f_coverage_change;f_product_level;f_zero_no_detection
YEM,Jemen,country,2017,burned_area_km2,0.0,km2,K4,effis_rda_annual_burned_area,measured,f_sensor_break;f_min_fire_size;f_coverage_change;f_product_level;f_zero_no_detection
YEM,Jemen,country,2018,burned_area_km2,0.0,km2,K4,effis_rda_annual_burned_area,measured,f_sensor_break;f_min_fire_size;f_coverage_change;f_product_level;f_zero_no_detection
YEM,Jemen,country,2019,burned_area_km2,0.0,km2,K4,effis_rda_annual_burned_area,measured,f_sensor_break;f_min_fire_size;f_coverage_change;f_product_level;f_zero_no_detection
YEM,Jemen,country,2020,burned_area_km2,0.0,km2,K4,effis_rda_annual_burned_area,measured,f_sensor_break;f_min_fire_size;f_coverage_change;f_product_level;f_zero_no_detection
YEM,Jemen,country,2021,burned_area_km2,0.0,km2,K4,effis_rda_annual_burned_area,measured,f_sensor_break;f_min_fire_size;f_coverage_change;f_product_level;f_zero_no_detection
YEM,Jemen,country,2022,burned_area_km2,0.0,km2,K4,effis_rda_annual_burned_area,measured,f_sensor_break;f_min_fire_size;f_coverage_change;f_product_level;f_zero_no_detection
YEM,Jemen,country,2023,burned_area_km2,0.0,km2,K4,effis_rda_annual_burned_area,measured,f_sensor_break;f_min_fire_size;f_coverage_change;f_product_level;f_zero_no_detection
YEM,Jemen,country,2024,burned_area_km2,0.0,km2,K4,effis_rda_annual_burned_area,measured,f_sensor_break;f_min_fire_size;f_coverage_change;f_product_level;f_zero_no_detection
YEM,Jemen,country,2025,burned_area_km2,0.0,km2,K4,effis_rda_annual_burned_area,measured,f_sensor_break;f_min_fire_size;f_coverage_change;f_product_level;f_zero_no_detection
YEM,Jemen,country,2026,burned_area_km2,0.0,km2,K4,effis_rda_annual_burned_area,measured,f_sensor_break;f_min_fire_size;f_coverage_change;f_product_level;f_incomplete_year;f_zero_no_detection
CAN,Canada,country,1972,burned_area_km2,5879.67,km2,K7,nbac_annual_burned_area,reported,f_reporting_basis;f_incomplete_inventory
CAN,Canada,country,1973,burned_area_km2,18211.08,km2,K7,nbac_annual_burned_area,reported,f_reporting_basis;f_incomplete_inventory
CAN,Canada,country,1974,burned_area_km2,8995.96,km2,K7,nbac_annual_burned_area,reported,f_reporting_basis;f_incomplete_inventory
CAN,Canada,country,1975,burned_area_km2,7989.09,km2,K7,nbac_annual_burned_area,reported,f_reporting_basis;f_incomplete_inventory
CAN,Canada,country,1976,burned_area_km2,23058.89,km2,K7,nbac_annual_burned_area,reported,f_reporting_basis;f_incomplete_inventory
CAN,Canada,country,1977,burned_area_km2,11876.96,km2,K7,nbac_annual_burned_area,reported,f_reporting_basis;f_incomplete_inventory
CAN,Canada,country,1978,burned_area_km2,2517.35,km2,K7,nbac_annual_burned_area,reported,f_reporting_basis;f_incomplete_inventory
CAN,Canada,country,1979,burned_area_km2,25249.32,km2,K7,nbac_annual_burned_area,reported,f_reporting_basis;f_incomplete_inventory
CAN,Canada,country,1980,burned_area_km2,47241.78,km2,K7,nbac_annual_burned_area,reported,f_reporting_basis;f_incomplete_inventory
CAN,Canada,country,1981,burned_area_km2,51151.69,km2,K7,nbac_annual_burned_area,reported,f_reporting_basis;f_incomplete_inventory
CAN,Canada,country,1982,burned_area_km2,16607.44,km2,K7,nbac_annual_burned_area,reported,f_reporting_basis;f_incomplete_inventory
CAN,Canada,country,1983,burned_area_km2,18061.91,km2,K7,nbac_annual_burned_area,reported,f_reporting_basis;f_incomplete_inventory
CAN,Canada,country,1984,burned_area_km2,8783.36,km2,K7,nbac_annual_burned_area,reported,f_reporting_basis;f_incomplete_inventory
CAN,Canada,country,1985,burned_area_km2,6998.44,km2,K7,nbac_annual_burned_area,reported,f_reporting_basis;f_incomplete_inventory
CAN,Canada,country,1986,burned_area_km2,8150.48,km2,K7,nbac_annual_burned_area,reported,f_reporting_basis;f_incomplete_inventory
CAN,Canada,country,1987,burned_area_km2,8999.17,km2,K7,nbac_annual_burned_area,reported,f_reporting_basis;f_incomplete_inventory
CAN,Canada,country,1988,burned_area_km2,12199.52,km2,K7,nbac_annual_burned_area,reported,f_reporting_basis;f_incomplete_inventory
CAN,Canada,country,1989,burned_area_km2,66866.03,km2,K7,nbac_annual_burned_area,reported,f_reporting_basis;f_incomplete_inventory
CAN,Canada,country,1990,burned_area_km2,8703.42,km2,K7,nbac_annual_burned_area,reported,f_reporting_basis;f_incomplete_inventory
CAN,Canada,country,1991,burned_area_km2,15521.52,km2,K7,nbac_annual_burned_area,reported,f_reporting_basis;f_incomplete_inventory
CAN,Canada,country,1992,burned_area_km2,8854.61,km2,K7,nbac_annual_burned_area,reported,f_reporting_basis;f_incomplete_inventory
CAN,Canada,country,1993,burned_area_km2,19641.13,km2,K7,nbac_annual_burned_area,reported,f_reporting_basis;f_incomplete_inventory
CAN,Canada,country,1994,burned_area_km2,50441.14,km2,K7,nbac_annual_burned_area,reported,f_reporting_basis;f_incomplete_inventory
CAN,Canada,country,1995,burned_area_km2,57697.36,km2,K7,nbac_annual_burned_area,reported,f_reporting_basis;f_incomplete_inventory
CAN,Canada,country,1996,burned_area_km2,17805.83,km2,K7,nbac_annual_burned_area,reported,f_reporting_basis;f_incomplete_inventory
CAN,Canada,country,1997,burned_area_km2,7056.64,km2,K7,nbac_annual_burned_area,reported,f_reporting_basis;f_incomplete_inventory
CAN,Canada,country,1998,burned_area_km2,41158.57,km2,K7,nbac_annual_burned_area,reported,f_reporting_basis;f_incomplete_inventory
CAN,Canada,country,1999,burned_area_km2,16550.43,km2,K7,nbac_annual_burned_area,reported,f_reporting_basis;f_incomplete_inventory
CAN,Canada,country,2000,burned_area_km2,5867.33,km2,K7,nbac_annual_burned_area,reported,f_reporting_basis;f_incomplete_inventory
CAN,Canada,country,2001,burned_area_km2,6352.93,km2,K7,nbac_annual_burned_area,reported,f_reporting_basis;f_incomplete_inventory
CAN,Canada,country,2002,burned_area_km2,25864.0,km2,K7,nbac_annual_burned_area,reported,f_reporting_basis;f_incomplete_inventory
CAN,Canada,country,2003,burned_area_km2,17704.71,km2,K7,nbac_annual_burned_area,reported,f_reporting_basis;f_incomplete_inventory
CAN,Canada,country,2004,burned_area_km2,28503.88,km2,K7,nbac_annual_burned_area,reported,f_reporting_basis;f_incomplete_inventory
CAN,Canada,country,2005,burned_area_km2,16304.96,km2,K7,nbac_annual_burned_area,reported,f_reporting_basis;f_incomplete_inventory
CAN,Canada,country,2006,burned_area_km2,18729.33,km2,K7,nbac_annual_burned_area,reported,f_reporting_basis;f_incomplete_inventory
CAN,Canada,country,2007,burned_area_km2,15292.34,km2,K7,nbac_annual_burned_area,reported,f_reporting_basis;f_incomplete_inventory
CAN,Canada,country,2008,burned_area_km2,13811.18,km2,K7,nbac_annual_burned_area,reported,f_reporting_basis;f_incomplete_inventory
CAN,Canada,country,2009,burned_area_km2,7722.18,km2,K7,nbac_annual_burned_area,reported,f_reporting_basis;f_incomplete_inventory
CAN,Canada,country,2010,burned_area_km2,28093.98,km2,K7,nbac_annual_burned_area,reported,f_reporting_basis;f_incomplete_inventory
CAN,Canada,country,2011,burned_area_km2,19310.2,km2,K7,nbac_annual_burned_area,reported,f_reporting_basis;f_incomplete_inventory
CAN,Canada,country,2012,burned_area_km2,16313.16,km2,K7,nbac_annual_burned_area,reported,f_reporting_basis;f_incomplete_inventory
CAN,Canada,country,2013,burned_area_km2,39606.96,km2,K7,nbac_annual_burned_area,reported,f_reporting_basis;f_incomplete_inventory
CAN,Canada,country,2014,burned_area_km2,38543.98,km2,K7,nbac_annual_burned_area,reported,f_reporting_basis;f_incomplete_inventory
CAN,Canada,country,2015,burned_area_km2,33552.53,km2,K7,nbac_annual_burned_area,reported,f_reporting_basis;f_incomplete_inventory
CAN,Canada,country,2016,burned_area_km2,12110.66,km2,K7,nbac_annual_burned_area,reported,f_reporting_basis;f_incomplete_inventory
CAN,Canada,country,2017,burned_area_km2,30190.94,km2,K7,nbac_annual_burned_area,reported,f_reporting_basis;f_incomplete_inventory
CAN,Canada,country,2018,burned_area_km2,18446.03,km2,K7,nbac_annual_burned_area,reported,f_reporting_basis;f_incomplete_inventory
CAN,Canada,country,2019,burned_area_km2,16083.42,km2,K7,nbac_annual_burned_area,reported,f_reporting_basis;f_incomplete_inventory
CAN,Canada,country,2020,burned_area_km2,2164.44,km2,K7,nbac_annual_burned_area,reported,f_reporting_basis;f_incomplete_inventory
CAN,Canada,country,2021,burned_area_km2,38028.55,km2,K7,nbac_annual_burned_area,reported,f_reporting_basis;f_incomplete_inventory
CAN,Canada,country,2022,burned_area_km2,14584.89,km2,K7,nbac_annual_burned_area,reported,f_reporting_basis;f_incomplete_inventory
CAN,Canada,country,2023,burned_area_km2,147964.28,km2,K7,nbac_annual_burned_area,reported,f_reporting_basis;f_incomplete_inventory
CAN,Canada,country,2024,burned_area_km2,49183.47,km2,K7,nbac_annual_burned_area,reported,f_reporting_basis;f_incomplete_inventory
CAN,Canada,country,2025,burned_area_km2,73077.09,km2,K7,nbac_annual_burned_area,reported,f_reporting_basis;f_incomplete_inventory
USA,USA,country,1983,burned_area_km2,5356.69,km2,K5,nifc_annual_burned_area,reported,f_reporting_basis;f_record_start
USA,USA,country,1984,burned_area_km2,4647.45,km2,K5,nifc_annual_burned_area,reported,f_reporting_basis;f_record_start
USA,USA,country,1985,burned_area_km2,11720.3,km2,K5,nifc_annual_burned_area,reported,f_reporting_basis;f_record_start
USA,USA,country,1986,burned_area_km2,11004.07,km2,K5,nifc_annual_burned_area,reported,f_reporting_basis;f_record_start
USA,USA,country,1987,burned_area_km2,9903.86,km2,K5,nifc_annual_burned_area,reported,f_reporting_basis;f_record_start
USA,USA,country,1988,burned_area_km2,20271.9,km2,K5,nifc_annual_burned_area,reported,f_reporting_basis;f_record_start
USA,USA,country,1989,burned_area_km2,7394.87,km2,K5,nifc_annual_burned_area,reported,f_reporting_basis;f_record_start
USA,USA,country,1990,burned_area_km2,18703.05,km2,K5,nifc_annual_burned_area,reported,f_reporting_basis;f_record_start
USA,USA,country,1991,burned_area_km2,11952.72,km2,K5,nifc_annual_burned_area,reported,f_reporting_basis;f_record_start
USA,USA,country,1992,burned_area_km2,8376.71,km2,K5,nifc_annual_burned_area,reported,f_reporting_basis;f_record_start
USA,USA,country,1993,burned_area_km2,7274.53,km2,K5,nifc_annual_burned_area,reported,f_reporting_basis;f_record_start
USA,USA,country,1994,burned_area_km2,16485.2,km2,K5,nifc_annual_burned_area,reported,f_reporting_basis;f_record_start
USA,USA,country,1995,burned_area_km2,7448.43,km2,K5,nifc_annual_burned_area,reported,f_reporting_basis;f_record_start
USA,USA,country,1996,burned_area_km2,24548.24,km2,K5,nifc_annual_burned_area,reported,f_reporting_basis;f_record_start
USA,USA,country,1997,burned_area_km2,11561.71,km2,K5,nifc_annual_burned_area,reported,f_reporting_basis;f_record_start
USA,USA,country,1998,burned_area_km2,5381.13,km2,K5,nifc_annual_burned_area,reported,f_reporting_basis;f_record_start
USA,USA,country,1999,burned_area_km2,22768.01,km2,K5,nifc_annual_burned_area,reported,f_reporting_basis;f_record_start
USA,USA,country,2000,burned_area_km2,29920.43,km2,K5,nifc_annual_burned_area,reported,f_reporting_basis;f_record_start
USA,USA,country,2001,burned_area_km2,14450.98,km2,K5,nifc_annual_burned_area,reported,f_reporting_basis;f_record_start
USA,USA,country,2002,burned_area_km2,29075.52,km2,K5,nifc_annual_burned_area,reported,f_reporting_basis;f_record_start
USA,USA,country,2003,burned_area_km2,16028.97,km2,K5,nifc_annual_burned_area,reported,f_reporting_basis;f_record_start
USA,USA,country,2004,burned_area_km2,32770.99,km2,K5,nifc_annual_burned_area,reported,f_reporting_basis;f_record_start;f_incomplete_inventory
USA,USA,country,2005,burned_area_km2,35164.74,km2,K5,nifc_annual_burned_area,reported,f_reporting_basis;f_record_start
USA,USA,country,2006,burned_area_km2,39957.66,km2,K5,nifc_annual_burned_area,reported,f_reporting_basis;f_record_start
USA,USA,country,2007,burned_area_km2,37749.29,km2,K5,nifc_annual_burned_area,reported,f_reporting_basis;f_record_start
USA,USA,country,2008,burned_area_km2,21417.88,km2,K5,nifc_annual_burned_area,reported,f_reporting_basis;f_record_start
USA,USA,country,2009,burned_area_km2,23964.64,km2,K5,nifc_annual_burned_area,reported,f_reporting_basis;f_record_start
USA,USA,country,2010,burned_area_km2,13851.28,km2,K5,nifc_annual_burned_area,reported,f_reporting_basis;f_record_start
USA,USA,country,2011,burned_area_km2,35253.68,km2,K5,nifc_annual_burned_area,reported,f_reporting_basis;f_record_start
USA,USA,country,2012,burned_area_km2,37741.98,km2,K5,nifc_annual_burned_area,reported,f_reporting_basis;f_record_start
USA,USA,country,2013,burned_area_km2,17480.6,km2,K5,nifc_annual_burned_area,reported,f_reporting_basis;f_record_start
USA,USA,country,2014,burned_area_km2,14550.94,km2,K5,nifc_annual_burned_area,reported,f_reporting_basis;f_record_start
USA,USA,country,2015,burned_area_km2,40975.06,km2,K5,nifc_annual_burned_area,reported,f_reporting_basis;f_record_start
USA,USA,country,2016,burned_area_km2,22298.18,km2,K5,nifc_annual_burned_area,reported,f_reporting_basis;f_record_start
USA,USA,country,2017,burned_area_km2,40574.17,km2,K5,nifc_annual_burned_area,reported,f_reporting_basis;f_record_start
USA,USA,country,2018,burned_area_km2,35480.81,km2,K5,nifc_annual_burned_area,reported,f_reporting_basis;f_record_start
USA,USA,country,2019,burned_area_km2,18876.03,km2,K5,nifc_annual_burned_area,reported,f_reporting_basis;f_record_start
USA,USA,country,2020,burned_area_km2,40963.68,km2,K5,nifc_annual_burned_area,reported,f_reporting_basis;f_record_start
USA,USA,country,2021,burned_area_km2,28836.48,km2,K5,nifc_annual_burned_area,reported,f_reporting_basis;f_record_start
USA,USA,country,2022,burned_area_km2,30663.8,km2,K5,nifc_annual_burned_area,reported,f_reporting_basis;f_record_start
USA,USA,country,2023,burned_area_km2,10901.88,km2,K5,nifc_annual_burned_area,reported,f_reporting_basis;f_record_start
USA,USA,country,2024,burned_area_km2,36117.76,km2,K5,nifc_annual_burned_area,reported,f_reporting_basis;f_record_start
USA,USA,country,2025,burned_area_km2,20766.36,km2,K5,nifc_annual_burned_area,reported,f_reporting_basis;f_record_start
ABW,Aruba,country,2012,burned_area_km2,0.0,km2,K1,owid_annual_area_burnt,measured,f_sensor_break;f_min_fire_size;f_product_level;f_zero_no_detection
ABW,Aruba,country,2013,burned_area_km2,0.0,km2,K1,owid_annual_area_burnt,measured,f_sensor_break;f_min_fire_size;f_product_level;f_zero_no_detection
ABW,Aruba,country,2014,burned_area_km2,0.0,km2,K1,owid_annual_area_burnt,measured,f_sensor_break;f_min_fire_size;f_product_level;f_zero_no_detection
ABW,Aruba,country,2015,burned_area_km2,0.0,km2,K1,owid_annual_area_burnt,measured,f_sensor_break;f_min_fire_size;f_product_level;f_zero_no_detection
ABW,Aruba,country,2016,burned_area_km2,0.0,km2,K1,owid_annual_area_burnt,measured,f_sensor_break;f_min_fire_size;f_product_level;f_zero_no_detection
ABW,Aruba,country,2017,burned_area_km2,0.0,km2,K1,owid_annual_area_burnt,measured,f_sensor_break;f_min_fire_size;f_product_level;f_zero_no_detection
ABW,Aruba,country,2018,burned_area_km2,0.0,km2,K1,owid_annual_area_burnt,measured,f_sensor_break;f_min_fire_size;f_product_level;f_zero_no_detection
ABW,Aruba,country,2019,burned_area_km2,0.0,km2,K1,owid_annual_area_burnt,measured,f_sensor_break;f_min_fire_size;f_product_level;f_zero_no_detection
ABW,Aruba,country,2020,burned_area_km2,0.0,km2,K1,owid_annual_area_burnt,measured,f_sensor_break;f_min_fire_size;f_product_level;f_zero_no_detection
ABW,Aruba,country,2021,burned_area_km2,0.0,km2,K1,owid_annual_area_burnt,measured,f_sensor_break;f_min_fire_size;f_product_level;f_zero_no_detection
ABW,Aruba,country,2022,burned_area_km2,0.0,km2,K1,owid_annual_area_burnt,measured,f_sensor_break;f_min_fire_size;f_product_level;f_zero_no_detection
ABW,Aruba,country,2023,burned_area_km2,0.0,km2,K1,owid_annual_area_burnt,measured,f_sensor_break;f_min_fire_size;f_product_level;f_zero_no_detection
ABW,Aruba,country,2024,burned_area_km2,0.0,km2,K1,owid_annual_area_burnt,measured,f_sensor_break;f_min_fire_size;f_product_level;f_zero_no_detection
ABW,Aruba,country,2025,burned_area_km2,0.0,km2,K1,owid_annual_area_burnt,measured,f_sensor_break;f_min_fire_size;f_product_level;f_zero_no_detection
ABW,Aruba,country,2026,burned_area_km2,0.0,km2,K1,owid_annual_area_burnt,measured,f_sensor_break;f_min_fire_size;f_product_level;f_incomplete_year;f_zero_no_detection
AFG,Afghanistan,country,2012,burned_area_km2,104.3,km2,K1,owid_annual_area_burnt,measured,f_sensor_break;f_min_fire_size;f_product_level
AFG,Afghanistan,country,2013,burned_area_km2,58.92,km2,K1,owid_annual_area_burnt,measured,f_sensor_break;f_min_fire_size;f_product_level
AFG,Afghanistan,country,2014,burned_area_km2,51.34,km2,K1,owid_annual_area_burnt,measured,f_sensor_break;f_min_fire_size;f_product_level
AFG,Afghanistan,country,2015,burned_area_km2,40.84,km2,K1,owid_annual_area_burnt,measured,f_sensor_break;f_min_fire_size;f_product_level
AFG,Afghanistan,country,2016,burned_area_km2,96.81,km2,K1,owid_annual_area_burnt,measured,f_sensor_break;f_min_fire_size;f_product_level
AFG,Afghanistan,country,2017,burned_area_km2,154.0,km2,K1,owid_annual_area_burnt,measured,f_sensor_break;f_min_fire_size;f_product_level
AFG,Afghanistan,country,2018,burned_area_km2,100.25,km2,K1,owid_annual_area_burnt,measured,f_sensor_break;f_min_fire_size;f_product_level
AFG,Afghanistan,country,2019,burned_area_km2,76.99,km2,K1,owid_annual_area_burnt,measured,f_sensor_break;f_min_fire_size;f_product_level
AFG,Afghanistan,country,2020,burned_area_km2,296.52,km2,K1,owid_annual_area_burnt,measured,f_sensor_break;f_min_fire_size;f_product_level
AFG,Afghanistan,country,2021,burned_area_km2,169.41,km2,K1,owid_annual_area_burnt,measured,f_sensor_break;f_min_fire_size;f_product_level
AFG,Afghanistan,country,2022,burned_area_km2,19.29,km2,K1,owid_annual_area_burnt,measured,f_sensor_break;f_min_fire_size;f_product_level
AFG,Afghanistan,country,2023,burned_area_km2,22.04,km2,K1,owid_annual_area_burnt,measured,f_sensor_break;f_min_fire_size;f_product_level
AFG,Afghanistan,country,2024,burned_area_km2,20.45,km2,K1,owid_annual_area_burnt,measured,f_sensor_break;f_min_fire_size;f_product_level
AFG,Afghanistan,country,2025,burned_area_km2,21.99,km2,K1,owid_annual_area_burnt,measured,f_sensor_break;f_min_fire_size;f_product_level
AFG,Afghanistan,country,2026,burned_area_km2,19.82,km2,K1,owid_annual_area_burnt,measured,f_sensor_break;f_min_fire_size;f_product_level;f_incomplete_year
AFR,Afrika,region,2012,burned_area_km2,2326412.3,km2,K1,owid_annual_area_burnt,measured,f_sensor_break;f_min_fire_size;f_product_level
AFR,Afrika,region,2013,burned_area_km2,2568462.4,km2,K1,owid_annual_area_burnt,measured,f_sensor_break;f_min_fire_size;f_product_level
AFR,Afrika,region,2014,burned_area_km2,2406211.4,km2,K1,owid_annual_area_burnt,measured,f_sensor_break;f_min_fire_size;f_product_level
AFR,Afrika,region,2015,burned_area_km2,2634585.4,km2,K1,owid_annual_area_burnt,measured,f_sensor_break;f_min_fire_size;f_product_level
AFR,Afrika,region,2016,burned_area_km2,2679011.5,km2,K1,owid_annual_area_burnt,measured,f_sensor_break;f_min_fire_size;f_product_level
AFR,Afrika,region,2017,burned_area_km2,2468762.7,km2,K1,owid_annual_area_burnt,measured,f_sensor_break;f_min_fire_size;f_product_level
AFR,Afrika,region,2018,burned_area_km2,1998716.0,km2,K1,owid_annual_area_burnt,measured,f_sensor_break;f_min_fire_size;f_product_level
AFR,Afrika,region,2019,burned_area_km2,2312633.0,km2,K1,owid_annual_area_burnt,measured,f_sensor_break;f_min_fire_size;f_product_level
AFR,Afrika,region,2020,burned_area_km2,2434354.1,km2,K1,owid_annual_area_burnt,measured,f_sensor_break;f_min_fire_size;f_product_level
AFR,Afrika,region,2021,burned_area_km2,2358765.8,km2,K1,owid_annual_area_burnt,measured,f_sensor_break;f_min_fire_size;f_product_level
AFR,Afrika,region,2022,burned_area_km2,2250887.7,km2,K1,owid_annual_area_burnt,measured,f_sensor_break;f_min_fire_size;f_product_level
AFR,Afrika,region,2023,burned_area_km2,2192482.1,km2,K1,owid_annual_area_burnt,measured,f_sensor_break;f_min_fire_size;f_product_level
AFR,Afrika,region,2024,burned_area_km2,1920986.1,km2,K1,owid_annual_area_burnt,measured,f_sensor_break;f_min_fire_size;f_product_level
AFR,Afrika,region,2025,burned_area_km2,1568785.3,km2,K1,owid_annual_area_burnt,measured,f_sensor_break;f_min_fire_size;f_product_level
AFR,Afrika,region,2026,burned_area_km2,618703.0,km2,K1,owid_annual_area_burnt,measured,f_sensor_break;f_min_fire_size;f_product_level;f_incomplete_year
AGO,Angola,country,2012,burned_area_km2,349345.72,km2,K1,owid_annual_area_burnt,measured,f_sensor_break;f_min_fire_size;f_product_level
AGO,Angola,country,2013,burned_area_km2,379764.76,km2,K1,owid_annual_area_burnt,measured,f_sensor_break;f_min_fire_size;f_product_level
AGO,Angola,country,2014,burned_area_km2,339513.4,km2,K1,owid_annual_area_burnt,measured,f_sensor_break;f_min_fire_size;f_product_level
AGO,Angola,country,2015,burned_area_km2,391131.7,km2,K1,owid_annual_area_burnt,measured,f_sensor_break;f_min_fire_size;f_product_level
AGO,Angola,country,2016,burned_area_km2,387585.76,km2,K1,owid_annual_area_burnt,measured,f_sensor_break;f_min_fire_size;f_product_level
AGO,Angola,country,2017,burned_area_km2,377076.2,km2,K1,owid_annual_area_burnt,measured,f_sensor_break;f_min_fire_size;f_product_level
AGO,Angola,country,2018,burned_area_km2,323515.32,km2,K1,owid_annual_area_burnt,measured,f_sensor_break;f_min_fire_size;f_product_level
AGO,Angola,country,2019,burned_area_km2,405446.44,km2,K1,owid_annual_area_burnt,measured,f_sensor_break;f_min_fire_size;f_product_level
AGO,Angola,country,2020,burned_area_km2,330273.96,km2,K1,owid_annual_area_burnt,measured,f_sensor_break;f_min_fire_size;f_product_level
AGO,Angola,country,2021,burned_area_km2,309153.28,km2,K1,owid_annual_area_burnt,measured,f_sensor_break;f_min_fire_size;f_product_level
AGO,Angola,country,2022,burned_area_km2,336569.72,km2,K1,owid_annual_area_burnt,measured,f_sensor_break;f_min_fire_size;f_product_level
AGO,Angola,country,2023,burned_area_km2,379315.5,km2,K1,owid_annual_area_burnt,measured,f_sensor_break;f_min_fire_size;f_product_level
AGO,Angola,country,2024,burned_area_km2,342686.12,km2,K1,owid_annual_area_burnt,measured,f_sensor_break;f_min_fire_size;f_product_level
AGO,Angola,country,2025,burned_area_km2,249130.84,km2,K1,owid_annual_area_burnt,measured,f_sensor_break;f_min_fire_size;f_product_level
AGO,Angola,country,2026,burned_area_km2,74730.34,km2,K1,owid_annual_area_burnt,measured,f_sensor_break;f_min_fire_size;f_product_level;f_incomplete_year
AIA,Anguilla,country,2012,burned_area_km2,0.0,km2,K1,owid_annual_area_burnt,measured,f_sensor_break;f_min_fire_size;f_product_level;f_zero_no_detection
AIA,Anguilla,country,2013,burned_area_km2,0.0,km2,K1,owid_annual_area_burnt,measured,f_sensor_break;f_min_fire_size;f_product_level;f_zero_no_detection
AIA,Anguilla,country,2014,burned_area_km2,0.0,km2,K1,owid_annual_area_burnt,measured,f_sensor_break;f_min_fire_size;f_product_level;f_zero_no_detection
AIA,Anguilla,country,2015,burned_area_km2,0.0,km2,K1,owid_annual_area_burnt,measured,f_sensor_break;f_min_fire_size;f_product_level;f_zero_no_detection
AIA,Anguilla,country,2016,burned_area_km2,0.0,km2,K1,owid_annual_area_burnt,measured,f_sensor_break;f_min_fire_size;f_product_level;f_zero_no_detection
AIA,Anguilla,country,2017,burned_area_km2,0.0,km2,K1,owid_annual_area_burnt,measured,f_sensor_break;f_min_fire_size;f_product_level;f_zero_no_detection
AIA,Anguilla,country,2018,burned_area_km2,0.0,km2,K1,owid_annual_area_burnt,measured,f_sensor_break;f_min_fire_size;f_product_level;f_zero_no_detection
AIA,Anguilla,country,2019,burned_area_km2,0.0,km2,K1,owid_annual_area_burnt,measured,f_sensor_break;f_min_fire_size;f_product_level;f_zero_no_detection
AIA,Anguilla,country,2020,burned_area_km2,0.0,km2,K1,owid_annual_area_burnt,measured,f_sensor_break;f_min_fire_size;f_product_level;f_zero_no_detection
AIA,Anguilla,country,2021,burned_area_km2,0.0,km2,K1,owid_annual_area_burnt,measured,f_sensor_break;f_min_fire_size;f_product_level;f_zero_no_detection
AIA,Anguilla,country,2022,burned_area_km2,0.0,km2,K1,owid_annual_area_burnt,measured,f_sensor_break;f_min_fire_size;f_product_level;f_zero_no_detection
AIA,Anguilla,country,2023,burned_area_km2,0.0,km2,K1,owid_annual_area_burnt,measured,f_sensor_break;f_min_fire_size;f_product_level;f_zero_no_detection
AIA,Anguilla,country,2024,burned_area_km2,0.0,km2,K1,owid_annual_area_burnt,measured,f_sensor_break;f_min_fire_size;f_product_level;f_zero_no_detection
AIA,Anguilla,country,2025,burned_area_km2,0.0,km2,K1,owid_annual_area_burnt,measured,f_sensor_break;f_min_fire_size;f_product_level;f_zero_no_detection
AIA,Anguilla,country,2026,burned_area_km2,0.0,km2,K1,owid_annual_area_burnt,measured,f_sensor_break;f_min_fire_size;f_product_level;f_incomplete_year;f_zero_no_detection
ALA,Åland,country,2012,burned_area_km2,0.0,km2,K1,owid_annual_area_burnt,measured,f_sensor_break;f_min_fire_size;f_product_level;f_zero_no_detection
ALA,Åland,country,2013,burned_area_km2,0.0,km2,K1,owid_annual_area_burnt,measured,f_sensor_break;f_min_fire_size;f_product_level;f_zero_no_detection
ALA,Åland,country,2014,burned_area_km2,0.0,km2,K1,owid_annual_area_burnt,measured,f_sensor_break;f_min_fire_size;f_product_level;f_zero_no_detection
ALA,Åland,country,2015,burned_area_km2,0.0,km2,K1,owid_annual_area_burnt,measured,f_sensor_break;f_min_fire_size;f_product_level;f_zero_no_detection
ALA,Åland,country,2016,burned_area_km2,0.0,km2,K1,owid_annual_area_burnt,measured,f_sensor_break;f_min_fire_size;f_product_level;f_zero_no_detection
ALA,Åland,country,2017,burned_area_km2,0.0,km2,K1,owid_annual_area_burnt,measured,f_sensor_break;f_min_fire_size;f_product_level;f_zero_no_detection
ALA,Åland,country,2018,burned_area_km2,0.0,km2,K1,owid_annual_area_burnt,measured,f_sensor_break;f_min_fire_size;f_product_level;f_zero_no_detection
ALA,Åland,country,2019,burned_area_km2,0.0,km2,K1,owid_annual_area_burnt,measured,f_sensor_break;f_min_fire_size;f_product_level;f_zero_no_detection
ALA,Åland,country,2020,burned_area_km2,0.0,km2,K1,owid_annual_area_burnt,measured,f_sensor_break;f_min_fire_size;f_product_level;f_zero_no_detection
ALA,Åland,country,2021,burned_area_km2,0.0,km2,K1,owid_annual_area_burnt,measured,f_sensor_break;f_min_fire_size;f_product_level;f_zero_no_detection
ALA,Åland,country,2022,burned_area_km2,0.0,km2,K1,owid_annual_area_burnt,measured,f_sensor_break;f_min_fire_size;f_product_level;f_zero_no_detection
ALA,Åland,country,2023,burned_area_km2,0.0,km2,K1,owid_annual_area_burnt,measured,f_sensor_break;f_min_fire_size;f_product_level;f_zero_no_detection
ALA,Åland,country,2024,burned_area_km2,0.0,km2,K1,owid_annual_area_burnt,measured,f_sensor_break;f_min_fire_size;f_product_level;f_zero_no_detection
ALA,Åland,country,2025,burned_area_km2,0.0,km2,K1,owid_annual_area_burnt,measured,f_sensor_break;f_min_fire_size;f_product_level;f_zero_no_detection
ALA,Åland,country,2026,burned_area_km2,0.0,km2,K1,owid_annual_area_burnt,measured,f_sensor_break;f_min_fire_size;f_product_level;f_incomplete_year;f_zero_no_detection
ALB,Albania,country,2012,burned_area_km2,1768.38,km2,K1,owid_annual_area_burnt,measured,f_sensor_break;f_min_fire_size;f_product_level
ALB,Albania,country,2013,burned_area_km2,106.95,km2,K1,owid_annual_area_burnt,measured,f_sensor_break;f_min_fire_size;f_product_level
ALB,Albania,country,2014,burned_area_km2,43.58,km2,K1,owid_annual_area_burnt,measured,f_sensor_break;f_min_fire_size;f_product_level
ALB,Albania,country,2015,burned_area_km2,240.67,km2,K1,owid_annual_area_burnt,measured,f_sensor_break;f_min_fire_size;f_product_level
ALB,Albania,country,2016,burned_area_km2,143.86,km2,K1,owid_annual_area_burnt,measured,f_sensor_break;f_min_fire_size;f_product_level
ALB,Albania,country,2017,burned_area_km2,1020.2,km2,K1,owid_annual_area_burnt,measured,f_sensor_break;f_min_fire_size;f_product_level
ALB,Albania,country,2018,burned_area_km2,102.9,km2,K1,owid_annual_area_burnt,measured,f_sensor_break;f_min_fire_size;f_product_level
ALB,Albania,country,2019,burned_area_km2,329.88,km2,K1,owid_annual_area_burnt,measured,f_sensor_break;f_min_fire_size;f_product_level
ALB,Albania,country,2020,burned_area_km2,340.94,km2,K1,owid_annual_area_burnt,measured,f_sensor_break;f_min_fire_size;f_product_level
ALB,Albania,country,2021,burned_area_km2,507.27,km2,K1,owid_annual_area_burnt,measured,f_sensor_break;f_min_fire_size;f_product_level
ALB,Albania,country,2022,burned_area_km2,375.93,km2,K1,owid_annual_area_burnt,measured,f_sensor_break;f_min_fire_size;f_product_level
ALB,Albania,country,2023,burned_area_km2,121.58,km2,K1,owid_annual_area_burnt,measured,f_sensor_break;f_min_fire_size;f_product_level
ALB,Albania,country,2024,burned_area_km2,600.41,km2,K1,owid_annual_area_burnt,measured,f_sensor_break;f_min_fire_size;f_product_level
ALB,Albania,country,2025,burned_area_km2,728.79,km2,K1,owid_annual_area_burnt,measured,f_sensor_break;f_min_fire_size;f_product_level
ALB,Albania,country,2026,burned_area_km2,11.25,km2,K1,owid_annual_area_burnt,measured,f_sensor_break;f_min_fire_size;f_product_level;f_incomplete_year
AND,Andorra,country,2012,burned_area_km2,0.0,km2,K1,owid_annual_area_burnt,measured,f_sensor_break;f_min_fire_size;f_product_level;f_zero_no_detection
AND,Andorra,country,2013,burned_area_km2,0.0,km2,K1,owid_annual_area_burnt,measured,f_sensor_break;f_min_fire_size;f_product_level;f_zero_no_detection
AND,Andorra,country,2014,burned_area_km2,0.0,km2,K1,owid_annual_area_burnt,measured,f_sensor_break;f_min_fire_size;f_product_level;f_zero_no_detection
AND,Andorra,country,2015,burned_area_km2,0.0,km2,K1,owid_annual_area_burnt,measured,f_sensor_break;f_min_fire_size;f_product_level;f_zero_no_detection
AND,Andorra,country,2016,burned_area_km2,0.0,km2,K1,owid_annual_area_burnt,measured,f_sensor_break;f_min_fire_size;f_product_level;f_zero_no_detection
AND,Andorra,country,2017,burned_area_km2,0.0,km2,K1,owid_annual_area_burnt,measured,f_sensor_break;f_min_fire_size;f_product_level;f_zero_no_detection
AND,Andorra,country,2018,burned_area_km2,0.0,km2,K1,owid_annual_area_burnt,measured,f_sensor_break;f_min_fire_size;f_product_level;f_zero_no_detection
AND,Andorra,country,2019,burned_area_km2,0.0,km2,K1,owid_annual_area_burnt,measured,f_sensor_break;f_min_fire_size;f_product_level;f_zero_no_detection
AND,Andorra,country,2020,burned_area_km2,0.0,km2,K1,owid_annual_area_burnt,measured,f_sensor_break;f_min_fire_size;f_product_level;f_zero_no_detection
AND,Andorra,country,2021,burned_area_km2,0.0,km2,K1,owid_annual_area_burnt,measured,f_sensor_break;f_min_fire_size;f_product_level;f_zero_no_detection
AND,Andorra,country,2022,burned_area_km2,0.0,km2,K1,owid_annual_area_burnt,measured,f_sensor_break;f_min_fire_size;f_product_level;f_zero_no_detection
AND,Andorra,country,2023,burned_area_km2,0.0,km2,K1,owid_annual_area_burnt,measured,f_sensor_break;f_min_fire_size;f_product_level;f_zero_no_detection
AND,Andorra,country,2024,burned_area_km2,0.0,km2,K1,owid_annual_area_burnt,measured,f_sensor_break;f_min_fire_size;f_product_level;f_zero_no_detection
AND,Andorra,country,2025,burned_area_km2,0.0,km2,K1,owid_annual_area_burnt,measured,f_sensor_break;f_min_fire_size;f_product_level;f_zero_no_detection
AND,Andorra,country,2026,burned_area_km2,0.0,km2,K1,owid_annual_area_burnt,measured,f_sensor_break;f_min_fire_size;f_product_level;f_incomplete_year;f_zero_no_detection
ARE,De forente arabiske emirater,country,2012,burned_area_km2,1.46,km2,K1,owid_annual_area_burnt,measured,f_sensor_break;f_min_fire_size;f_product_level
ARE,De forente arabiske emirater,country,2013,burned_area_km2,0.0,km2,K1,owid_annual_area_burnt,measured,f_sensor_break;f_min_fire_size;f_product_level;f_zero_no_detection
ARE,De forente arabiske emirater,country,2014,burned_area_km2,1.16,km2,K1,owid_annual_area_burnt,measured,f_sensor_break;f_min_fire_size;f_product_level
ARE,De forente arabiske emirater,country,2015,burned_area_km2,10.55,km2,K1,owid_annual_area_burnt,measured,f_sensor_break;f_min_fire_size;f_product_level
ARE,De forente arabiske emirater,country,2016,burned_area_km2,1.16,km2,K1,owid_annual_area_burnt,measured,f_sensor_break;f_min_fire_size;f_product_level
ARE,De forente arabiske emirater,country,2017,burned_area_km2,2.32,km2,K1,owid_annual_area_burnt,measured,f_sensor_break;f_min_fire_size;f_product_level
ARE,De forente arabiske emirater,country,2018,burned_area_km2,1.37,km2,K1,owid_annual_area_burnt,measured,f_sensor_break;f_min_fire_size;f_product_level
ARE,De forente arabiske emirater,country,2019,burned_area_km2,0.24,km2,K1,owid_annual_area_burnt,measured,f_sensor_break;f_min_fire_size;f_product_level
ARE,De forente arabiske emirater,country,2020,burned_area_km2,5.25,km2,K1,owid_annual_area_burnt,measured,f_sensor_break;f_min_fire_size;f_product_level
ARE,De forente arabiske emirater,country,2021,burned_area_km2,0.0,km2,K1,owid_annual_area_burnt,measured,f_sensor_break;f_min_fire_size;f_product_level;f_zero_no_detection
ARE,De forente arabiske emirater,country,2022,burned_area_km2,3.23,km2,K1,owid_annual_area_burnt,measured,f_sensor_break;f_min_fire_size;f_product_level
ARE,De forente arabiske emirater,country,2023,burned_area_km2,0.0,km2,K1,owid_annual_area_burnt,measured,f_sensor_break;f_min_fire_size;f_product_level;f_zero_no_detection
ARE,De forente arabiske emirater,country,2024,burned_area_km2,1.57,km2,K1,owid_annual_area_burnt,measured,f_sensor_break;f_min_fire_size;f_product_level
ARE,De forente arabiske emirater,country,2025,burned_area_km2,2.15,km2,K1,owid_annual_area_burnt,measured,f_sensor_break;f_min_fire_size;f_product_level
ARE,De forente arabiske emirater,country,2026,burned_area_km2,0.0,km2,K1,owid_annual_area_burnt,measured,f_sensor_break;f_min_fire_size;f_product_level;f_incomplete_year;f_zero_no_detection
ARG,Argentina,country,2012,burned_area_km2,39678.15,km2,K1,owid_annual_area_burnt,measured,f_sensor_break;f_min_fire_size;f_product_level
ARG,Argentina,country,2013,burned_area_km2,46339.92,km2,K1,owid_annual_area_burnt,measured,f_sensor_break;f_min_fire_size;f_product_level
ARG,Argentina,country,2014,burned_area_km2,24634.66,km2,K1,owid_annual_area_burnt,measured,f_sensor_break;f_min_fire_size;f_product_level
ARG,Argentina,country,2015,burned_area_km2,30514.68,km2,K1,owid_annual_area_burnt,measured,f_sensor_break;f_min_fire_size;f_product_level
ARG,Argentina,country,2016,burned_area_km2,40008.94,km2,K1,owid_annual_area_burnt,measured,f_sensor_break;f_min_fire_size;f_product_level
ARG,Argentina,country,2017,burned_area_km2,42176.51,km2,K1,owid_annual_area_burnt,measured,f_sensor_break;f_min_fire_size;f_product_level
ARG,Argentina,country,2018,burned_area_km2,34800.67,km2,K1,owid_annual_area_burnt,measured,f_sensor_break;f_min_fire_size;f_product_level
ARG,Argentina,country,2019,burned_area_km2,32182.41,km2,K1,owid_annual_area_burnt,measured,f_sensor_break;f_min_fire_size;f_product_level
ARG,Argentina,country,2020,burned_area_km2,97155.07,km2,K1,owid_annual_area_burnt,measured,f_sensor_break;f_min_fire_size;f_product_level
ARG,Argentina,country,2021,burned_area_km2,38832.91,km2,K1,owid_annual_area_burnt,measured,f_sensor_break;f_min_fire_size;f_product_level
ARG,Argentina,country,2022,burned_area_km2,62166.71,km2,K1,owid_annual_area_burnt,measured,f_sensor_break;f_min_fire_size;f_product_level
ARG,Argentina,country,2023,burned_area_km2,28166.82,km2,K1,owid_annual_area_burnt,measured,f_sensor_break;f_min_fire_size;f_product_level
ARG,Argentina,country,2024,burned_area_km2,27027.74,km2,K1,owid_annual_area_burnt,measured,f_sensor_break;f_min_fire_size;f_product_level
ARG,Argentina,country,2025,burned_area_km2,26246.66,km2,K1,owid_annual_area_burnt,measured,f_sensor_break;f_min_fire_size;f_product_level
ARG,Argentina,country,2026,burned_area_km2,5453.04,km2,K1,owid_annual_area_burnt,measured,f_sensor_break;f_min_fire_size;f_product_level;f_incomplete_year
ARM,Armenia,country,2012,burned_area_km2,206.13,km2,K1,owid_annual_area_burnt,measured,f_sensor_break;f_min_fire_size;f_product_level
ARM,Armenia,country,2013,burned_area_km2,246.19,km2,K1,owid_annual_area_burnt,measured,f_sensor_break;f_min_fire_size;f_product_level
ARM,Armenia,country,2014,burned_area_km2,92.61,km2,K1,owid_annual_area_burnt,measured,f_sensor_break;f_min_fire_size;f_product_level
ARM,Armenia,country,2015,burned_area_km2,126.61,km2,K1,owid_annual_area_burnt,measured,f_sensor_break;f_min_fire_size;f_product_level
ARM,Armenia,country,2016,burned_area_km2,183.46,km2,K1,owid_annual_area_burnt,measured,f_sensor_break;f_min_fire_size;f_product_level
ARM,Armenia,country,2017,burned_area_km2,276.38,km2,K1,owid_annual_area_burnt,measured,f_sensor_break;f_min_fire_size;f_product_level
ARM,Armenia,country,2018,burned_area_km2,263.71,km2,K1,owid_annual_area_burnt,measured,f_sensor_break;f_min_fire_size;f_product_level
ARM,Armenia,country,2019,burned_area_km2,275.54,km2,K1,owid_annual_area_burnt,measured,f_sensor_break;f_min_fire_size;f_product_level
ARM,Armenia,country,2020,burned_area_km2,39.0,km2,K1,owid_annual_area_burnt,measured,f_sensor_break;f_min_fire_size;f_product_level
ARM,Armenia,country,2021,burned_area_km2,52.92,km2,K1,owid_annual_area_burnt,measured,f_sensor_break;f_min_fire_size;f_product_level
ARM,Armenia,country,2022,burned_area_km2,228.88,km2,K1,owid_annual_area_burnt,measured,f_sensor_break;f_min_fire_size;f_product_level
ARM,Armenia,country,2023,burned_area_km2,56.25,km2,K1,owid_annual_area_burnt,measured,f_sensor_break;f_min_fire_size;f_product_level
ARM,Armenia,country,2024,burned_area_km2,26.39,km2,K1,owid_annual_area_burnt,measured,f_sensor_break;f_min_fire_size;f_product_level
ARM,Armenia,country,2025,burned_area_km2,241.43,km2,K1,owid_annual_area_burnt,measured,f_sensor_break;f_min_fire_size;f_product_level
ARM,Armenia,country,2026,burned_area_km2,1.34,km2,K1,owid_annual_area_burnt,measured,f_sensor_break;f_min_fire_size;f_product_level;f_incomplete_year
ASI,Asia,region,2012,burned_area_km2,409429.84,km2,K1,owid_annual_area_burnt,measured,f_sensor_break;f_min_fire_size;f_product_level
ASI,Asia,region,2013,burned_area_km2,369013.84,km2,K1,owid_annual_area_burnt,measured,f_sensor_break;f_min_fire_size;f_product_level
ASI,Asia,region,2014,burned_area_km2,479015.64,km2,K1,owid_annual_area_burnt,measured,f_sensor_break;f_min_fire_size;f_product_level
ASI,Asia,region,2015,burned_area_km2,518109.16,km2,K1,owid_annual_area_burnt,measured,f_sensor_break;f_min_fire_size;f_product_level
ASI,Asia,region,2016,burned_area_km2,392711.0,km2,K1,owid_annual_area_burnt,measured,f_sensor_break;f_min_fire_size;f_product_level
ASI,Asia,region,2017,burned_area_km2,344201.1,km2,K1,owid_annual_area_burnt,measured,f_sensor_break;f_min_fire_size;f_product_level
ASI,Asia,region,2018,burned_area_km2,254411.48,km2,K1,owid_annual_area_burnt,measured,f_sensor_break;f_min_fire_size;f_product_level
ASI,Asia,region,2019,burned_area_km2,436367.96,km2,K1,owid_annual_area_burnt,measured,f_sensor_break;f_min_fire_size;f_product_level
ASI,Asia,region,2020,burned_area_km2,368637.84,km2,K1,owid_annual_area_burnt,measured,f_sensor_break;f_min_fire_size;f_product_level
ASI,Asia,region,2021,burned_area_km2,367168.0,km2,K1,owid_annual_area_burnt,measured,f_sensor_break;f_min_fire_size;f_product_level
ASI,Asia,region,2022,burned_area_km2,251123.08,km2,K1,owid_annual_area_burnt,measured,f_sensor_break;f_min_fire_size;f_product_level
ASI,Asia,region,2023,burned_area_km2,350485.3,km2,K1,owid_annual_area_burnt,measured,f_sensor_break;f_min_fire_size;f_product_level
ASI,Asia,region,2024,burned_area_km2,235568.52,km2,K1,owid_annual_area_burnt,measured,f_sensor_break;f_min_fire_size;f_product_level
ASI,Asia,region,2025,burned_area_km2,211248.56,km2,K1,owid_annual_area_burnt,measured,f_sensor_break;f_min_fire_size;f_product_level
ASI,Asia,region,2026,burned_area_km2,197331.82,km2,K1,owid_annual_area_burnt,measured,f_sensor_break;f_min_fire_size;f_product_level;f_incomplete_year
ASM,Amerikansk Samoa,country,2012,burned_area_km2,0.0,km2,K1,owid_annual_area_burnt,measured,f_sensor_break;f_min_fire_size;f_product_level;f_zero_no_detection
ASM,Amerikansk Samoa,country,2013,burned_area_km2,0.0,km2,K1,owid_annual_area_burnt,measured,f_sensor_break;f_min_fire_size;f_product_level;f_zero_no_detection
ASM,Amerikansk Samoa,country,2014,burned_area_km2,0.0,km2,K1,owid_annual_area_burnt,measured,f_sensor_break;f_min_fire_size;f_product_level;f_zero_no_detection
ASM,Amerikansk Samoa,country,2015,burned_area_km2,0.0,km2,K1,owid_annual_area_burnt,measured,f_sensor_break;f_min_fire_size;f_product_level;f_zero_no_detection
ASM,Amerikansk Samoa,country,2016,burned_area_km2,0.0,km2,K1,owid_annual_area_burnt,measured,f_sensor_break;f_min_fire_size;f_product_level;f_zero_no_detection
ASM,Amerikansk Samoa,country,2017,burned_area_km2,0.0,km2,K1,owid_annual_area_burnt,measured,f_sensor_break;f_min_fire_size;f_product_level;f_zero_no_detection
ASM,Amerikansk Samoa,country,2018,burned_area_km2,0.0,km2,K1,owid_annual_area_burnt,measured,f_sensor_break;f_min_fire_size;f_product_level;f_zero_no_detection
ASM,Amerikansk Samoa,country,2019,burned_area_km2,0.0,km2,K1,owid_annual_area_burnt,measured,f_sensor_break;f_min_fire_size;f_product_level;f_zero_no_detection
ASM,Amerikansk Samoa,country,2020,burned_area_km2,0.0,km2,K1,owid_annual_area_burnt,measured,f_sensor_break;f_min_fire_size;f_product_level;f_zero_no_detection
ASM,Amerikansk Samoa,country,2021,burned_area_km2,0.0,km2,K1,owid_annual_area_burnt,measured,f_sensor_break;f_min_fire_size;f_product_level;f_zero_no_detection
ASM,Amerikansk Samoa,country,2022,burned_area_km2,0.0,km2,K1,owid_annual_area_burnt,measured,f_sensor_break;f_min_fire_size;f_product_level;f_zero_no_detection
ASM,Amerikansk Samoa,country,2023,burned_area_km2,0.0,km2,K1,owid_annual_area_burnt,measured,f_sensor_break;f_min_fire_size;f_product_level;f_zero_no_detection
ASM,Amerikansk Samoa,country,2024,burned_area_km2,0.0,km2,K1,owid_annual_area_burnt,measured,f_sensor_break;f_min_fire_size;f_product_level;f_zero_no_detection
ASM,Amerikansk Samoa,country,2025,burned_area_km2,0.0,km2,K1,owid_annual_area_burnt,measured,f_sensor_break;f_min_fire_size;f_product_level;f_zero_no_detection
ASM,Amerikansk Samoa,country,2026,burned_area_km2,0.0,km2,K1,owid_annual_area_burnt,measured,f_sensor_break;f_min_fire_size;f_product_level;f_incomplete_year;f_zero_no_detection
ATF,De franske sørterritorier,country,2012,burned_area_km2,0.0,km2,K1,owid_annual_area_burnt,measured,f_sensor_break;f_min_fire_size;f_product_level;f_zero_no_detection
ATF,De franske sørterritorier,country,2013,burned_area_km2,0.0,km2,K1,owid_annual_area_burnt,measured,f_sensor_break;f_min_fire_size;f_product_level;f_zero_no_detection
ATF,De franske sørterritorier,country,2014,burned_area_km2,0.0,km2,K1,owid_annual_area_burnt,measured,f_sensor_break;f_min_fire_size;f_product_level;f_zero_no_detection
ATF,De franske sørterritorier,country,2015,burned_area_km2,0.0,km2,K1,owid_annual_area_burnt,measured,f_sensor_break;f_min_fire_size;f_product_level;f_zero_no_detection
ATF,De franske sørterritorier,country,2016,burned_area_km2,0.0,km2,K1,owid_annual_area_burnt,measured,f_sensor_break;f_min_fire_size;f_product_level;f_zero_no_detection
ATF,De franske sørterritorier,country,2017,burned_area_km2,0.0,km2,K1,owid_annual_area_burnt,measured,f_sensor_break;f_min_fire_size;f_product_level;f_zero_no_detection
ATF,De franske sørterritorier,country,2018,burned_area_km2,0.0,km2,K1,owid_annual_area_burnt,measured,f_sensor_break;f_min_fire_size;f_product_level;f_zero_no_detection
ATF,De franske sørterritorier,country,2019,burned_area_km2,0.0,km2,K1,owid_annual_area_burnt,measured,f_sensor_break;f_min_fire_size;f_product_level;f_zero_no_detection
ATF,De franske sørterritorier,country,2020,burned_area_km2,0.0,km2,K1,owid_annual_area_burnt,measured,f_sensor_break;f_min_fire_size;f_product_level;f_zero_no_detection
ATF,De franske sørterritorier,country,2021,burned_area_km2,0.0,km2,K1,owid_annual_area_burnt,measured,f_sensor_break;f_min_fire_size;f_product_level;f_zero_no_detection
ATF,De franske sørterritorier,country,2022,burned_area_km2,0.0,km2,K1,owid_annual_area_burnt,measured,f_sensor_break;f_min_fire_size;f_product_level;f_zero_no_detection
ATF,De franske sørterritorier,country,2023,burned_area_km2,0.0,km2,K1,owid_annual_area_burnt,measured,f_sensor_break;f_min_fire_size;f_product_level;f_zero_no_detection
ATF,De franske sørterritorier,country,2024,burned_area_km2,0.0,km2,K1,owid_annual_area_burnt,measured,f_sensor_break;f_min_fire_size;f_product_level;f_zero_no_detection
ATF,De franske sørterritorier,country,2025,burned_area_km2,0.0,km2,K1,owid_annual_area_burnt,measured,f_sensor_break;f_min_fire_size;f_product_level;f_zero_no_detection
ATF,De franske sørterritorier,country,2026,burned_area_km2,0.0,km2,K1,owid_annual_area_burnt,measured,f_sensor_break;f_min_fire_size;f_product_level;f_incomplete_year;f_zero_no_detection
ATG,Antigua og Barbuda,country,2012,burned_area_km2,0.0,km2,K1,owid_annual_area_burnt,measured,f_sensor_break;f_min_fire_size;f_product_level;f_zero_no_detection
ATG,Antigua og Barbuda,country,2013,burned_area_km2,2.37,km2,K1,owid_annual_area_burnt,measured,f_sensor_break;f_min_fire_size;f_product_level
ATG,Antigua og Barbuda,country,2014,burned_area_km2,1.92,km2,K1,owid_annual_area_burnt,measured,f_sensor_break;f_min_fire_size;f_product_level
ATG,Antigua og Barbuda,country,2015,burned_area_km2,0.0,km2,K1,owid_annual_area_burnt,measured,f_sensor_break;f_min_fire_size;f_product_level;f_zero_no_detection
ATG,Antigua og Barbuda,country,2016,burned_area_km2,1.5,km2,K1,owid_annual_area_burnt,measured,f_sensor_break;f_min_fire_size;f_product_level
ATG,Antigua og Barbuda,country,2017,burned_area_km2,0.0,km2,K1,owid_annual_area_burnt,measured,f_sensor_break;f_min_fire_size;f_product_level;f_zero_no_detection
ATG,Antigua og Barbuda,country,2018,burned_area_km2,3.73,km2,K1,owid_annual_area_burnt,measured,f_sensor_break;f_min_fire_size;f_product_level
ATG,Antigua og Barbuda,country,2019,burned_area_km2,0.0,km2,K1,owid_annual_area_burnt,measured,f_sensor_break;f_min_fire_size;f_product_level;f_zero_no_detection
ATG,Antigua og Barbuda,country,2020,burned_area_km2,0.0,km2,K1,owid_annual_area_burnt,measured,f_sensor_break;f_min_fire_size;f_product_level;f_zero_no_detection
ATG,Antigua og Barbuda,country,2021,burned_area_km2,1.9,km2,K1,owid_annual_area_burnt,measured,f_sensor_break;f_min_fire_size;f_product_level
ATG,Antigua og Barbuda,country,2022,burned_area_km2,0.0,km2,K1,owid_annual_area_burnt,measured,f_sensor_break;f_min_fire_size;f_product_level;f_zero_no_detection
ATG,Antigua og Barbuda,country,2023,burned_area_km2,0.0,km2,K1,owid_annual_area_burnt,measured,f_sensor_break;f_min_fire_size;f_product_level;f_zero_no_detection
ATG,Antigua og Barbuda,country,2024,burned_area_km2,0.0,km2,K1,owid_annual_area_burnt,measured,f_sensor_break;f_min_fire_size;f_product_level;f_zero_no_detection
ATG,Antigua og Barbuda,country,2025,burned_area_km2,0.0,km2,K1,owid_annual_area_burnt,measured,f_sensor_break;f_min_fire_size;f_product_level;f_zero_no_detection
ATG,Antigua og Barbuda,country,2026,burned_area_km2,0.0,km2,K1,owid_annual_area_burnt,measured,f_sensor_break;f_min_fire_size;f_product_level;f_incomplete_year;f_zero_no_detection
AUS,Australia,country,2012,burned_area_km2,652983.5,km2,K1,owid_annual_area_burnt,measured,f_sensor_break;f_min_fire_size;f_product_level
AUS,Australia,country,2013,burned_area_km2,262400.98,km2,K1,owid_annual_area_burnt,measured,f_sensor_break;f_min_fire_size;f_product_level
AUS,Australia,country,2014,burned_area_km2,359161.56,km2,K1,owid_annual_area_burnt,measured,f_sensor_break;f_min_fire_size;f_product_level
AUS,Australia,country,2015,burned_area_km2,339676.64,km2,K1,owid_annual_area_burnt,measured,f_sensor_break;f_min_fire_size;f_product_level
AUS,Australia,country,2016,burned_area_km2,228352.56,km2,K1,owid_annual_area_burnt,measured,f_sensor_break;f_min_fire_size;f_product_level
AUS,Australia,country,2017,burned_area_km2,379748.3,km2,K1,owid_annual_area_burnt,measured,f_sensor_break;f_min_fire_size;f_product_level
AUS,Australia,country,2018,burned_area_km2,367001.7,km2,K1,owid_annual_area_burnt,measured,f_sensor_break;f_min_fire_size;f_product_level
AUS,Australia,country,2019,burned_area_km2,363978.0,km2,K1,owid_annual_area_burnt,measured,f_sensor_break;f_min_fire_size;f_product_level
AUS,Australia,country,2020,burned_area_km2,186836.3,km2,K1,owid_annual_area_burnt,measured,f_sensor_break;f_min_fire_size;f_product_level
AUS,Australia,country,2021,burned_area_km2,249585.28,km2,K1,owid_annual_area_burnt,measured,f_sensor_break;f_min_fire_size;f_product_level
AUS,Australia,country,2022,burned_area_km2,263407.76,km2,K1,owid_annual_area_burnt,measured,f_sensor_break;f_min_fire_size;f_product_level
AUS,Australia,country,2023,burned_area_km2,544225.48,km2,K1,owid_annual_area_burnt,measured,f_sensor_break;f_min_fire_size;f_product_level
AUS,Australia,country,2024,burned_area_km2,303169.52,km2,K1,owid_annual_area_burnt,measured,f_sensor_break;f_min_fire_size;f_product_level
AUS,Australia,country,2025,burned_area_km2,356868.36,km2,K1,owid_annual_area_burnt,measured,f_sensor_break;f_min_fire_size;f_product_level
AUS,Australia,country,2026,burned_area_km2,118016.5,km2,K1,owid_annual_area_burnt,measured,f_sensor_break;f_min_fire_size;f_product_level;f_incomplete_year
AUT,Østerrike,country,2012,burned_area_km2,4.88,km2,K1,owid_annual_area_burnt,measured,f_sensor_break;f_min_fire_size;f_product_level
AUT,Østerrike,country,2013,burned_area_km2,4.58,km2,K1,owid_annual_area_burnt,measured,f_sensor_break;f_min_fire_size;f_product_level
AUT,Østerrike,country,2014,burned_area_km2,9.66,km2,K1,owid_annual_area_burnt,measured,f_sensor_break;f_min_fire_size;f_product_level
AUT,Østerrike,country,2015,burned_area_km2,5.57,km2,K1,owid_annual_area_burnt,measured,f_sensor_break;f_min_fire_size;f_product_level
AUT,Østerrike,country,2016,burned_area_km2,0.0,km2,K1,owid_annual_area_burnt,measured,f_sensor_break;f_min_fire_size;f_product_level;f_zero_no_detection
AUT,Østerrike,country,2017,burned_area_km2,8.75,km2,K1,owid_annual_area_burnt,measured,f_sensor_break;f_min_fire_size;f_product_level
AUT,Østerrike,country,2018,burned_area_km2,4.3,km2,K1,owid_annual_area_burnt,measured,f_sensor_break;f_min_fire_size;f_product_level
AUT,Østerrike,country,2019,burned_area_km2,14.77,km2,K1,owid_annual_area_burnt,measured,f_sensor_break;f_min_fire_size;f_product_level
AUT,Østerrike,country,2020,burned_area_km2,0.0,km2,K1,owid_annual_area_burnt,measured,f_sensor_break;f_min_fire_size;f_product_level;f_zero_no_detection
AUT,Østerrike,country,2021,burned_area_km2,6.96,km2,K1,owid_annual_area_burnt,measured,f_sensor_break;f_min_fire_size;f_product_level
AUT,Østerrike,country,2022,burned_area_km2,14.42,km2,K1,owid_annual_area_burnt,measured,f_sensor_break;f_min_fire_size;f_product_level
AUT,Østerrike,country,2023,burned_area_km2,3.7,km2,K1,owid_annual_area_burnt,measured,f_sensor_break;f_min_fire_size;f_product_level
AUT,Østerrike,country,2024,burned_area_km2,1.87,km2,K1,owid_annual_area_burnt,measured,f_sensor_break;f_min_fire_size;f_product_level
AUT,Østerrike,country,2025,burned_area_km2,10.45,km2,K1,owid_annual_area_burnt,measured,f_sensor_break;f_min_fire_size;f_product_level
AUT,Østerrike,country,2026,burned_area_km2,16.87,km2,K1,owid_annual_area_burnt,measured,f_sensor_break;f_min_fire_size;f_product_level;f_incomplete_year
AZE,Aserbajdsjan,country,2012,burned_area_km2,782.61,km2,K1,owid_annual_area_burnt,measured,f_sensor_break;f_min_fire_size;f_product_level
AZE,Aserbajdsjan,country,2013,burned_area_km2,795.42,km2,K1,owid_annual_area_burnt,measured,f_sensor_break;f_min_fire_size;f_product_level
AZE,Aserbajdsjan,country,2014,burned_area_km2,507.56,km2,K1,owid_annual_area_burnt,measured,f_sensor_break;f_min_fire_size;f_product_level
AZE,Aserbajdsjan,country,2015,burned_area_km2,2275.96,km2,K1,owid_annual_area_burnt,measured,f_sensor_break;f_min_fire_size;f_product_level
AZE,Aserbajdsjan,country,2016,burned_area_km2,1067.51,km2,K1,owid_annual_area_burnt,measured,f_sensor_break;f_min_fire_size;f_product_level
AZE,Aserbajdsjan,country,2017,burned_area_km2,1107.56,km2,K1,owid_annual_area_burnt,measured,f_sensor_break;f_min_fire_size;f_product_level
AZE,Aserbajdsjan,country,2018,burned_area_km2,876.72,km2,K1,owid_annual_area_burnt,measured,f_sensor_break;f_min_fire_size;f_product_level
AZE,Aserbajdsjan,country,2019,burned_area_km2,1849.67,km2,K1,owid_annual_area_burnt,measured,f_sensor_break;f_min_fire_size;f_product_level
AZE,Aserbajdsjan,country,2020,burned_area_km2,609.17,km2,K1,owid_annual_area_burnt,measured,f_sensor_break;f_min_fire_size;f_product_level
AZE,Aserbajdsjan,country,2021,burned_area_km2,809.73,km2,K1,owid_annual_area_burnt,measured,f_sensor_break;f_min_fire_size;f_product_level
AZE,Aserbajdsjan,country,2022,burned_area_km2,588.72,km2,K1,owid_annual_area_burnt,measured,f_sensor_break;f_min_fire_size;f_product_level
AZE,Aserbajdsjan,country,2023,burned_area_km2,144.29,km2,K1,owid_annual_area_burnt,measured,f_sensor_break;f_min_fire_size;f_product_level
AZE,Aserbajdsjan,country,2024,burned_area_km2,134.78,km2,K1,owid_annual_area_burnt,measured,f_sensor_break;f_min_fire_size;f_product_level
AZE,Aserbajdsjan,country,2025,burned_area_km2,340.78,km2,K1,owid_annual_area_burnt,measured,f_sensor_break;f_min_fire_size;f_product_level
AZE,Aserbajdsjan,country,2026,burned_area_km2,102.84,km2,K1,owid_annual_area_burnt,measured,f_sensor_break;f_min_fire_size;f_product_level;f_incomplete_year
BDI,Burundi,country,2012,burned_area_km2,570.98,km2,K1,owid_annual_area_burnt,measured,f_sensor_break;f_min_fire_size;f_product_level
BDI,Burundi,country,2013,burned_area_km2,960.8,km2,K1,owid_annual_area_burnt,measured,f_sensor_break;f_min_fire_size;f_product_level
BDI,Burundi,country,2014,burned_area_km2,537.03,km2,K1,owid_annual_area_burnt,measured,f_sensor_break;f_min_fire_size;f_product_level
BDI,Burundi,country,2015,burned_area_km2,1215.74,km2,K1,owid_annual_area_burnt,measured,f_sensor_break;f_min_fire_size;f_product_level
BDI,Burundi,country,2016,burned_area_km2,982.72,km2,K1,owid_annual_area_burnt,measured,f_sensor_break;f_min_fire_size;f_product_level
BDI,Burundi,country,2017,burned_area_km2,481.21,km2,K1,owid_annual_area_burnt,measured,f_sensor_break;f_min_fire_size;f_product_level
BDI,Burundi,country,2018,burned_area_km2,326.79,km2,K1,owid_annual_area_burnt,measured,f_sensor_break;f_min_fire_size;f_product_level
BDI,Burundi,country,2019,burned_area_km2,522.0,km2,K1,owid_annual_area_burnt,measured,f_sensor_break;f_min_fire_size;f_product_level
BDI,Burundi,country,2020,burned_area_km2,650.28,km2,K1,owid_annual_area_burnt,measured,f_sensor_break;f_min_fire_size;f_product_level
BDI,Burundi,country,2021,burned_area_km2,388.2,km2,K1,owid_annual_area_burnt,measured,f_sensor_break;f_min_fire_size;f_product_level
BDI,Burundi,country,2022,burned_area_km2,426.55,km2,K1,owid_annual_area_burnt,measured,f_sensor_break;f_min_fire_size;f_product_level
BDI,Burundi,country,2023,burned_area_km2,356.47,km2,K1,owid_annual_area_burnt,measured,f_sensor_break;f_min_fire_size;f_product_level
BDI,Burundi,country,2024,burned_area_km2,453.61,km2,K1,owid_annual_area_burnt,measured,f_sensor_break;f_min_fire_size;f_product_level
BDI,Burundi,country,2025,burned_area_km2,235.51,km2,K1,owid_annual_area_burnt,measured,f_sensor_break;f_min_fire_size;f_product_level
BDI,Burundi,country,2026,burned_area_km2,82.22,km2,K1,owid_annual_area_burnt,measured,f_sensor_break;f_min_fire_size;f_product_level;f_incomplete_year
BEL,Belgia,country,2012,burned_area_km2,0.0,km2,K1,owid_annual_area_burnt,measured,f_sensor_break;f_min_fire_size;f_product_level;f_zero_no_detection
BEL,Belgia,country,2013,burned_area_km2,3.06,km2,K1,owid_annual_area_burnt,measured,f_sensor_break;f_min_fire_size;f_product_level
BEL,Belgia,country,2014,burned_area_km2,7.54,km2,K1,owid_annual_area_burnt,measured,f_sensor_break;f_min_fire_size;f_product_level
BEL,Belgia,country,2015,burned_area_km2,1.8,km2,K1,owid_annual_area_burnt,measured,f_sensor_break;f_min_fire_size;f_product_level
BEL,Belgia,country,2016,burned_area_km2,4.73,km2,K1,owid_annual_area_burnt,measured,f_sensor_break;f_min_fire_size;f_product_level
BEL,Belgia,country,2017,burned_area_km2,0.0,km2,K1,owid_annual_area_burnt,measured,f_sensor_break;f_min_fire_size;f_product_level;f_zero_no_detection
BEL,Belgia,country,2018,burned_area_km2,2.82,km2,K1,owid_annual_area_burnt,measured,f_sensor_break;f_min_fire_size;f_product_level
BEL,Belgia,country,2019,burned_area_km2,7.34,km2,K1,owid_annual_area_burnt,measured,f_sensor_break;f_min_fire_size;f_product_level
BEL,Belgia,country,2020,burned_area_km2,1.27,km2,K1,owid_annual_area_burnt,measured,f_sensor_break;f_min_fire_size;f_product_level
BEL,Belgia,country,2021,burned_area_km2,10.53,km2,K1,owid_annual_area_burnt,measured,f_sensor_break;f_min_fire_size;f_product_level
BEL,Belgia,country,2022,burned_area_km2,5.67,km2,K1,owid_annual_area_burnt,measured,f_sensor_break;f_min_fire_size;f_product_level
BEL,Belgia,country,2023,burned_area_km2,5.59,km2,K1,owid_annual_area_burnt,measured,f_sensor_break;f_min_fire_size;f_product_level
BEL,Belgia,country,2024,burned_area_km2,0.0,km2,K1,owid_annual_area_burnt,measured,f_sensor_break;f_min_fire_size;f_product_level;f_zero_no_detection
BEL,Belgia,country,2025,burned_area_km2,7.32,km2,K1,owid_annual_area_burnt,measured,f_sensor_break;f_min_fire_size;f_product_level
BEL,Belgia,country,2026,burned_area_km2,2.51,km2,K1,owid_annual_area_burnt,measured,f_sensor_break;f_min_fire_size;f_product_level;f_incomplete_year
BEN,Benin,country,2012,burned_area_km2,12685.66,km2,K1,owid_annual_area_burnt,measured,f_sensor_break;f_min_fire_size;f_product_level
BEN,Benin,country,2013,burned_area_km2,15505.04,km2,K1,owid_annual_area_burnt,measured,f_sensor_break;f_min_fire_size;f_product_level
BEN,Benin,country,2014,burned_area_km2,13732.08,km2,K1,owid_annual_area_burnt,measured,f_sensor_break;f_min_fire_size;f_product_level
BEN,Benin,country,2015,burned_area_km2,12574.42,km2,K1,owid_annual_area_burnt,measured,f_sensor_break;f_min_fire_size;f_product_level
BEN,Benin,country,2016,burned_area_km2,13304.95,km2,K1,owid_annual_area_burnt,measured,f_sensor_break;f_min_fire_size;f_product_level
BEN,Benin,country,2017,burned_area_km2,13849.0,km2,K1,owid_annual_area_burnt,measured,f_sensor_break;f_min_fire_size;f_product_level
BEN,Benin,country,2018,burned_area_km2,4896.03,km2,K1,owid_annual_area_burnt,measured,f_sensor_break;f_min_fire_size;f_product_level
BEN,Benin,country,2019,burned_area_km2,11087.35,km2,K1,owid_annual_area_burnt,measured,f_sensor_break;f_min_fire_size;f_product_level
BEN,Benin,country,2020,burned_area_km2,10370.99,km2,K1,owid_annual_area_burnt,measured,f_sensor_break;f_min_fire_size;f_product_level
BEN,Benin,country,2021,burned_area_km2,11405.68,km2,K1,owid_annual_area_burnt,measured,f_sensor_break;f_min_fire_size;f_product_level
BEN,Benin,country,2022,burned_area_km2,9337.07,km2,K1,owid_annual_area_burnt,measured,f_sensor_break;f_min_fire_size;f_product_level
BEN,Benin,country,2023,burned_area_km2,7421.14,km2,K1,owid_annual_area_burnt,measured,f_sensor_break;f_min_fire_size;f_product_level
BEN,Benin,country,2024,burned_area_km2,6757.78,km2,K1,owid_annual_area_burnt,measured,f_sensor_break;f_min_fire_size;f_product_level
BEN,Benin,country,2025,burned_area_km2,6230.67,km2,K1,owid_annual_area_burnt,measured,f_sensor_break;f_min_fire_size;f_product_level
BEN,Benin,country,2026,burned_area_km2,3434.16,km2,K1,owid_annual_area_burnt,measured,f_sensor_break;f_min_fire_size;f_product_level;f_incomplete_year
BES,"Bonaire, Sint Eustatius og Saba",country,2012,burned_area_km2,0.0,km2,K1,owid_annual_area_burnt,measured,f_sensor_break;f_min_fire_size;f_product_level;f_zero_no_detection
BES,"Bonaire, Sint Eustatius og Saba",country,2013,burned_area_km2,0.0,km2,K1,owid_annual_area_burnt,measured,f_sensor_break;f_min_fire_size;f_product_level;f_zero_no_detection
BES,"Bonaire, Sint Eustatius og Saba",country,2014,burned_area_km2,0.0,km2,K1,owid_annual_area_burnt,measured,f_sensor_break;f_min_fire_size;f_product_level;f_zero_no_detection
BES,"Bonaire, Sint Eustatius og Saba",country,2015,burned_area_km2,0.0,km2,K1,owid_annual_area_burnt,measured,f_sensor_break;f_min_fire_size;f_product_level;f_zero_no_detection
BES,"Bonaire, Sint Eustatius og Saba",country,2016,burned_area_km2,0.0,km2,K1,owid_annual_area_burnt,measured,f_sensor_break;f_min_fire_size;f_product_level;f_zero_no_detection
BES,"Bonaire, Sint Eustatius og Saba",country,2017,burned_area_km2,0.0,km2,K1,owid_annual_area_burnt,measured,f_sensor_break;f_min_fire_size;f_product_level;f_zero_no_detection
BES,"Bonaire, Sint Eustatius og Saba",country,2018,burned_area_km2,0.0,km2,K1,owid_annual_area_burnt,measured,f_sensor_break;f_min_fire_size;f_product_level;f_zero_no_detection
BES,"Bonaire, Sint Eustatius og Saba",country,2019,burned_area_km2,0.0,km2,K1,owid_annual_area_burnt,measured,f_sensor_break;f_min_fire_size;f_product_level;f_zero_no_detection
BES,"Bonaire, Sint Eustatius og Saba",country,2020,burned_area_km2,0.0,km2,K1,owid_annual_area_burnt,measured,f_sensor_break;f_min_fire_size;f_product_level;f_zero_no_detection
BES,"Bonaire, Sint Eustatius og Saba",country,2021,burned_area_km2,0.0,km2,K1,owid_annual_area_burnt,measured,f_sensor_break;f_min_fire_size;f_product_level;f_zero_no_detection
BES,"Bonaire, Sint Eustatius og Saba",country,2022,burned_area_km2,0.0,km2,K1,owid_annual_area_burnt,measured,f_sensor_break;f_min_fire_size;f_product_level;f_zero_no_detection
BES,"Bonaire, Sint Eustatius og Saba",country,2023,burned_area_km2,0.0,km2,K1,owid_annual_area_burnt,measured,f_sensor_break;f_min_fire_size;f_product_level;f_zero_no_detection
BES,"Bonaire, Sint Eustatius og Saba",country,2024,burned_area_km2,0.0,km2,K1,owid_annual_area_burnt,measured,f_sensor_break;f_min_fire_size;f_product_level;f_zero_no_detection
BES,"Bonaire, Sint Eustatius og Saba",country,2025,burned_area_km2,0.0,km2,K1,owid_annual_area_burnt,measured,f_sensor_break;f_min_fire_size;f_product_level;f_zero_no_detection
BES,"Bonaire, Sint Eustatius og Saba",country,2026,burned_area_km2,0.0,km2,K1,owid_annual_area_burnt,measured,f_sensor_break;f_min_fire_size;f_product_level;f_incomplete_year;f_zero_no_detection
BFA,Burkina Faso,country,2012,burned_area_km2,11448.33,km2,K1,owid_annual_area_burnt,measured,f_sensor_break;f_min_fire_size;f_product_level
BFA,Burkina Faso,country,2013,burned_area_km2,15499.7,km2,K1,owid_annual_area_burnt,measured,f_sensor_break;f_min_fire_size;f_product_level
BFA,Burkina Faso,country,2014,burned_area_km2,13008.79,km2,K1,owid_annual_area_burnt,measured,f_sensor_break;f_min_fire_size;f_product_level
BFA,Burkina Faso,country,2015,burned_area_km2,11916.22,km2,K1,owid_annual_area_burnt,measured,f_sensor_break;f_min_fire_size;f_product_level
BFA,Burkina Faso,country,2016,burned_area_km2,14338.63,km2,K1,owid_annual_area_burnt,measured,f_sensor_break;f_min_fire_size;f_product_level
BFA,Burkina Faso,country,2017,burned_area_km2,14472.26,km2,K1,owid_annual_area_burnt,measured,f_sensor_break;f_min_fire_size;f_product_level
BFA,Burkina Faso,country,2018,burned_area_km2,4354.01,km2,K1,owid_annual_area_burnt,measured,f_sensor_break;f_min_fire_size;f_product_level
BFA,Burkina Faso,country,2019,burned_area_km2,10822.83,km2,K1,owid_annual_area_burnt,measured,f_sensor_break;f_min_fire_size;f_product_level
BFA,Burkina Faso,country,2020,burned_area_km2,11797.68,km2,K1,owid_annual_area_burnt,measured,f_sensor_break;f_min_fire_size;f_product_level
BFA,Burkina Faso,country,2021,burned_area_km2,14497.25,km2,K1,owid_annual_area_burnt,measured,f_sensor_break;f_min_fire_size;f_product_level
BFA,Burkina Faso,country,2022,burned_area_km2,9971.14,km2,K1,owid_annual_area_burnt,measured,f_sensor_break;f_min_fire_size;f_product_level
BFA,Burkina Faso,country,2023,burned_area_km2,17000.3,km2,K1,owid_annual_area_burnt,measured,f_sensor_break;f_min_fire_size;f_product_level
BFA,Burkina Faso,country,2024,burned_area_km2,22658.16,km2,K1,owid_annual_area_burnt,measured,f_sensor_break;f_min_fire_size;f_product_level
BFA,Burkina Faso,country,2025,burned_area_km2,17267.14,km2,K1,owid_annual_area_burnt,measured,f_sensor_break;f_min_fire_size;f_product_level
BFA,Burkina Faso,country,2026,burned_area_km2,5537.19,km2,K1,owid_annual_area_burnt,measured,f_sensor_break;f_min_fire_size;f_product_level;f_incomplete_year
BGD,Bangladesh,country,2012,burned_area_km2,3246.09,km2,K1,owid_annual_area_burnt,measured,f_sensor_break;f_min_fire_size;f_product_level
BGD,Bangladesh,country,2013,burned_area_km2,3304.5,km2,K1,owid_annual_area_burnt,measured,f_sensor_break;f_min_fire_size;f_product_level
BGD,Bangladesh,country,2014,burned_area_km2,3589.09,km2,K1,owid_annual_area_burnt,measured,f_sensor_break;f_min_fire_size;f_product_level
BGD,Bangladesh,country,2015,burned_area_km2,1593.33,km2,K1,owid_annual_area_burnt,measured,f_sensor_break;f_min_fire_size;f_product_level
BGD,Bangladesh,country,2016,burned_area_km2,1879.27,km2,K1,owid_annual_area_burnt,measured,f_sensor_break;f_min_fire_size;f_product_level
BGD,Bangladesh,country,2017,burned_area_km2,1529.31,km2,K1,owid_annual_area_burnt,measured,f_sensor_break;f_min_fire_size;f_product_level
BGD,Bangladesh,country,2018,burned_area_km2,2285.1,km2,K1,owid_annual_area_burnt,measured,f_sensor_break;f_min_fire_size;f_product_level
BGD,Bangladesh,country,2019,burned_area_km2,2817.26,km2,K1,owid_annual_area_burnt,measured,f_sensor_break;f_min_fire_size;f_product_level
BGD,Bangladesh,country,2020,burned_area_km2,2904.33,km2,K1,owid_annual_area_burnt,measured,f_sensor_break;f_min_fire_size;f_product_level
BGD,Bangladesh,country,2021,burned_area_km2,2918.93,km2,K1,owid_annual_area_burnt,measured,f_sensor_break;f_min_fire_size;f_product_level
BGD,Bangladesh,country,2022,burned_area_km2,1605.14,km2,K1,owid_annual_area_burnt,measured,f_sensor_break;f_min_fire_size;f_product_level
BGD,Bangladesh,country,2023,burned_area_km2,2901.86,km2,K1,owid_annual_area_burnt,measured,f_sensor_break;f_min_fire_size;f_product_level
BGD,Bangladesh,country,2024,burned_area_km2,1654.98,km2,K1,owid_annual_area_burnt,measured,f_sensor_break;f_min_fire_size;f_product_level
BGD,Bangladesh,country,2025,burned_area_km2,1538.09,km2,K1,owid_annual_area_burnt,measured,f_sensor_break;f_min_fire_size;f_product_level
BGD,Bangladesh,country,2026,burned_area_km2,1439.82,km2,K1,owid_annual_area_burnt,measured,f_sensor_break;f_min_fire_size;f_product_level;f_incomplete_year
BGR,Bulgaria,country,2012,burned_area_km2,2196.05,km2,K1,owid_annual_area_burnt,measured,f_sensor_break;f_min_fire_size;f_product_level
BGR,Bulgaria,country,2013,burned_area_km2,1161.61,km2,K1,owid_annual_area_burnt,measured,f_sensor_break;f_min_fire_size;f_product_level
BGR,Bulgaria,country,2014,burned_area_km2,613.73,km2,K1,owid_annual_area_burnt,measured,f_sensor_break;f_min_fire_size;f_product_level
BGR,Bulgaria,country,2015,burned_area_km2,777.67,km2,K1,owid_annual_area_burnt,measured,f_sensor_break;f_min_fire_size;f_product_level
BGR,Bulgaria,country,2016,burned_area_km2,1324.9,km2,K1,owid_annual_area_burnt,measured,f_sensor_break;f_min_fire_size;f_product_level
BGR,Bulgaria,country,2017,burned_area_km2,1405.03,km2,K1,owid_annual_area_burnt,measured,f_sensor_break;f_min_fire_size;f_product_level
BGR,Bulgaria,country,2018,burned_area_km2,1247.15,km2,K1,owid_annual_area_burnt,measured,f_sensor_break;f_min_fire_size;f_product_level
BGR,Bulgaria,country,2019,burned_area_km2,2038.94,km2,K1,owid_annual_area_burnt,measured,f_sensor_break;f_min_fire_size;f_product_level
BGR,Bulgaria,country,2020,burned_area_km2,384.66,km2,K1,owid_annual_area_burnt,measured,f_sensor_break;f_min_fire_size;f_product_level
BGR,Bulgaria,country,2021,burned_area_km2,335.63,km2,K1,owid_annual_area_burnt,measured,f_sensor_break;f_min_fire_size;f_product_level
BGR,Bulgaria,country,2022,burned_area_km2,488.48,km2,K1,owid_annual_area_burnt,measured,f_sensor_break;f_min_fire_size;f_product_level
BGR,Bulgaria,country,2023,burned_area_km2,312.31,km2,K1,owid_annual_area_burnt,measured,f_sensor_break;f_min_fire_size;f_product_level
BGR,Bulgaria,country,2024,burned_area_km2,493.41,km2,K1,owid_annual_area_burnt,measured,f_sensor_break;f_min_fire_size;f_product_level
BGR,Bulgaria,country,2025,burned_area_km2,266.68,km2,K1,owid_annual_area_burnt,measured,f_sensor_break;f_min_fire_size;f_product_level
BGR,Bulgaria,country,2026,burned_area_km2,38.64,km2,K1,owid_annual_area_burnt,measured,f_sensor_break;f_min_fire_size;f_product_level;f_incomplete_year
BHR,Bahrain,country,2012,burned_area_km2,0.0,km2,K1,owid_annual_area_burnt,measured,f_sensor_break;f_min_fire_size;f_product_level;f_zero_no_detection
BHR,Bahrain,country,2013,burned_area_km2,0.0,km2,K1,owid_annual_area_burnt,measured,f_sensor_break;f_min_fire_size;f_product_level;f_zero_no_detection
BHR,Bahrain,country,2014,burned_area_km2,0.0,km2,K1,owid_annual_area_burnt,measured,f_sensor_break;f_min_fire_size;f_product_level;f_zero_no_detection
BHR,Bahrain,country,2015,burned_area_km2,0.0,km2,K1,owid_annual_area_burnt,measured,f_sensor_break;f_min_fire_size;f_product_level;f_zero_no_detection
BHR,Bahrain,country,2016,burned_area_km2,0.0,km2,K1,owid_annual_area_burnt,measured,f_sensor_break;f_min_fire_size;f_product_level;f_zero_no_detection
BHR,Bahrain,country,2017,burned_area_km2,0.0,km2,K1,owid_annual_area_burnt,measured,f_sensor_break;f_min_fire_size;f_product_level;f_zero_no_detection
BHR,Bahrain,country,2018,burned_area_km2,0.0,km2,K1,owid_annual_area_burnt,measured,f_sensor_break;f_min_fire_size;f_product_level;f_zero_no_detection
BHR,Bahrain,country,2019,burned_area_km2,0.0,km2,K1,owid_annual_area_burnt,measured,f_sensor_break;f_min_fire_size;f_product_level;f_zero_no_detection
BHR,Bahrain,country,2020,burned_area_km2,0.0,km2,K1,owid_annual_area_burnt,measured,f_sensor_break;f_min_fire_size;f_product_level;f_zero_no_detection
BHR,Bahrain,country,2021,burned_area_km2,0.0,km2,K1,owid_annual_area_burnt,measured,f_sensor_break;f_min_fire_size;f_product_level;f_zero_no_detection
BHR,Bahrain,country,2022,burned_area_km2,0.0,km2,K1,owid_annual_area_burnt,measured,f_sensor_break;f_min_fire_size;f_product_level;f_zero_no_detection
BHR,Bahrain,country,2023,burned_area_km2,0.0,km2,K1,owid_annual_area_burnt,measured,f_sensor_break;f_min_fire_size;f_product_level;f_zero_no_detection
BHR,Bahrain,country,2024,burned_area_km2,0.0,km2,K1,owid_annual_area_burnt,measured,f_sensor_break;f_min_fire_size;f_product_level;f_zero_no_detection
BHR,Bahrain,country,2025,burned_area_km2,0.0,km2,K1,owid_annual_area_burnt,measured,f_sensor_break;f_min_fire_size;f_product_level;f_zero_no_detection
BHR,Bahrain,country,2026,burned_area_km2,0.0,km2,K1,owid_annual_area_burnt,measured,f_sensor_break;f_min_fire_size;f_product_level;f_incomplete_year;f_zero_no_detection
BHS,Bahamas,country,2012,burned_area_km2,213.29,km2,K1,owid_annual_area_burnt,measured,f_sensor_break;f_min_fire_size;f_product_level
BHS,Bahamas,country,2013,burned_area_km2,589.96,km2,K1,owid_annual_area_burnt,measured,f_sensor_break;f_min_fire_size;f_product_level
BHS,Bahamas,country,2014,burned_area_km2,173.67,km2,K1,owid_annual_area_burnt,measured,f_sensor_break;f_min_fire_size;f_product_level
BHS,Bahamas,country,2015,burned_area_km2,243.69,km2,K1,owid_annual_area_burnt,measured,f_sensor_break;f_min_fire_size;f_product_level
BHS,Bahamas,country,2016,burned_area_km2,367.87,km2,K1,owid_annual_area_burnt,measured,f_sensor_break;f_min_fire_size;f_product_level
BHS,Bahamas,country,2017,burned_area_km2,720.57,km2,K1,owid_annual_area_burnt,measured,f_sensor_break;f_min_fire_size;f_product_level
BHS,Bahamas,country,2018,burned_area_km2,118.15,km2,K1,owid_annual_area_burnt,measured,f_sensor_break;f_min_fire_size;f_product_level
BHS,Bahamas,country,2019,burned_area_km2,265.06,km2,K1,owid_annual_area_burnt,measured,f_sensor_break;f_min_fire_size;f_product_level
BHS,Bahamas,country,2020,burned_area_km2,361.12,km2,K1,owid_annual_area_burnt,measured,f_sensor_break;f_min_fire_size;f_product_level
BHS,Bahamas,country,2021,burned_area_km2,254.5,km2,K1,owid_annual_area_burnt,measured,f_sensor_break;f_min_fire_size;f_product_level
BHS,Bahamas,country,2022,burned_area_km2,116.69,km2,K1,owid_annual_area_burnt,measured,f_sensor_break;f_min_fire_size;f_product_level
BHS,Bahamas,country,2023,burned_area_km2,167.21,km2,K1,owid_annual_area_burnt,measured,f_sensor_break;f_min_fire_size;f_product_level
BHS,Bahamas,country,2024,burned_area_km2,324.77,km2,K1,owid_annual_area_burnt,measured,f_sensor_break;f_min_fire_size;f_product_level
BHS,Bahamas,country,2025,burned_area_km2,471.51,km2,K1,owid_annual_area_burnt,measured,f_sensor_break;f_min_fire_size;f_product_level
BHS,Bahamas,country,2026,burned_area_km2,103.8,km2,K1,owid_annual_area_burnt,measured,f_sensor_break;f_min_fire_size;f_product_level;f_incomplete_year
BIH,Bosnia-Hercegovina,country,2012,burned_area_km2,2104.77,km2,K1,owid_annual_area_burnt,measured,f_sensor_break;f_min_fire_size;f_product_level
BIH,Bosnia-Hercegovina,country,2013,burned_area_km2,121.33,km2,K1,owid_annual_area_burnt,measured,f_sensor_break;f_min_fire_size;f_product_level
BIH,Bosnia-Hercegovina,country,2014,burned_area_km2,111.33,km2,K1,owid_annual_area_burnt,measured,f_sensor_break;f_min_fire_size;f_product_level
BIH,Bosnia-Hercegovina,country,2015,burned_area_km2,526.15,km2,K1,owid_annual_area_burnt,measured,f_sensor_break;f_min_fire_size;f_product_level
BIH,Bosnia-Hercegovina,country,2016,burned_area_km2,458.11,km2,K1,owid_annual_area_burnt,measured,f_sensor_break;f_min_fire_size;f_product_level
BIH,Bosnia-Hercegovina,country,2017,burned_area_km2,1337.87,km2,K1,owid_annual_area_burnt,measured,f_sensor_break;f_min_fire_size;f_product_level
BIH,Bosnia-Hercegovina,country,2018,burned_area_km2,81.18,km2,K1,owid_annual_area_burnt,measured,f_sensor_break;f_min_fire_size;f_product_level
BIH,Bosnia-Hercegovina,country,2019,burned_area_km2,479.33,km2,K1,owid_annual_area_burnt,measured,f_sensor_break;f_min_fire_size;f_product_level
BIH,Bosnia-Hercegovina,country,2020,burned_area_km2,1192.57,km2,K1,owid_annual_area_burnt,measured,f_sensor_break;f_min_fire_size;f_product_level
BIH,Bosnia-Hercegovina,country,2021,burned_area_km2,650.19,km2,K1,owid_annual_area_burnt,measured,f_sensor_break;f_min_fire_size;f_product_level
BIH,Bosnia-Hercegovina,country,2022,burned_area_km2,1024.01,km2,K1,owid_annual_area_burnt,measured,f_sensor_break;f_min_fire_size;f_product_level
BIH,Bosnia-Hercegovina,country,2023,burned_area_km2,58.86,km2,K1,owid_annual_area_burnt,measured,f_sensor_break;f_min_fire_size;f_product_level
BIH,Bosnia-Hercegovina,country,2024,burned_area_km2,302.41,km2,K1,owid_annual_area_burnt,measured,f_sensor_break;f_min_fire_size;f_product_level
BIH,Bosnia-Hercegovina,country,2025,burned_area_km2,299.28,km2,K1,owid_annual_area_burnt,measured,f_sensor_break;f_min_fire_size;f_product_level
BIH,Bosnia-Hercegovina,country,2026,burned_area_km2,156.12,km2,K1,owid_annual_area_burnt,measured,f_sensor_break;f_min_fire_size;f_product_level;f_incomplete_year
BLM,Saint-Barthélemy,country,2012,burned_area_km2,0.0,km2,K1,owid_annual_area_burnt,measured,f_sensor_break;f_min_fire_size;f_product_level;f_zero_no_detection
BLM,Saint-Barthélemy,country,2013,burned_area_km2,0.0,km2,K1,owid_annual_area_burnt,measured,f_sensor_break;f_min_fire_size;f_product_level;f_zero_no_detection
BLM,Saint-Barthélemy,country,2014,burned_area_km2,0.0,km2,K1,owid_annual_area_burnt,measured,f_sensor_break;f_min_fire_size;f_product_level;f_zero_no_detection
BLM,Saint-Barthélemy,country,2015,burned_area_km2,0.0,km2,K1,owid_annual_area_burnt,measured,f_sensor_break;f_min_fire_size;f_product_level;f_zero_no_detection
BLM,Saint-Barthélemy,country,2016,burned_area_km2,0.0,km2,K1,owid_annual_area_burnt,measured,f_sensor_break;f_min_fire_size;f_product_level;f_zero_no_detection
BLM,Saint-Barthélemy,country,2017,burned_area_km2,0.0,km2,K1,owid_annual_area_burnt,measured,f_sensor_break;f_min_fire_size;f_product_level;f_zero_no_detection
BLM,Saint-Barthélemy,country,2018,burned_area_km2,0.0,km2,K1,owid_annual_area_burnt,measured,f_sensor_break;f_min_fire_size;f_product_level;f_zero_no_detection
BLM,Saint-Barthélemy,country,2019,burned_area_km2,0.0,km2,K1,owid_annual_area_burnt,measured,f_sensor_break;f_min_fire_size;f_product_level;f_zero_no_detection
BLM,Saint-Barthélemy,country,2020,burned_area_km2,0.0,km2,K1,owid_annual_area_burnt,measured,f_sensor_break;f_min_fire_size;f_product_level;f_zero_no_detection
BLM,Saint-Barthélemy,country,2021,burned_area_km2,0.0,km2,K1,owid_annual_area_burnt,measured,f_sensor_break;f_min_fire_size;f_product_level;f_zero_no_detection
BLM,Saint-Barthélemy,country,2022,burned_area_km2,0.0,km2,K1,owid_annual_area_burnt,measured,f_sensor_break;f_min_fire_size;f_product_level;f_zero_no_detection
BLM,Saint-Barthélemy,country,2023,burned_area_km2,0.0,km2,K1,owid_annual_area_burnt,measured,f_sensor_break;f_min_fire_size;f_product_level;f_zero_no_detection
BLM,Saint-Barthélemy,country,2024,burned_area_km2,0.0,km2,K1,owid_annual_area_burnt,measured,f_sensor_break;f_min_fire_size;f_product_level;f_zero_no_detection
BLM,Saint-Barthélemy,country,2025,burned_area_km2,0.0,km2,K1,owid_annual_area_burnt,measured,f_sensor_break;f_min_fire_size;f_product_level;f_zero_no_detection
BLM,Saint-Barthélemy,country,2026,burned_area_km2,0.0,km2,K1,owid_annual_area_burnt,measured,f_sensor_break;f_min_fire_size;f_product_level;f_incomplete_year;f_zero_no_detection
BLR,Belarus,country,2012,burned_area_km2,466.97,km2,K1,owid_annual_area_burnt,measured,f_sensor_break;f_min_fire_size;f_product_level
BLR,Belarus,country,2013,burned_area_km2,191.57,km2,K1,owid_annual_area_burnt,measured,f_sensor_break;f_min_fire_size;f_product_level
BLR,Belarus,country,2014,burned_area_km2,1202.99,km2,K1,owid_annual_area_burnt,measured,f_sensor_break;f_min_fire_size;f_product_level
BLR,Belarus,country,2015,burned_area_km2,1745.0,km2,K1,owid_annual_area_burnt,measured,f_sensor_break;f_min_fire_size;f_product_level
BLR,Belarus,country,2016,burned_area_km2,187.31,km2,K1,owid_annual_area_burnt,measured,f_sensor_break;f_min_fire_size;f_product_level
BLR,Belarus,country,2017,burned_area_km2,296.49,km2,K1,owid_annual_area_burnt,measured,f_sensor_break;f_min_fire_size;f_product_level
BLR,Belarus,country,2018,burned_area_km2,283.24,km2,K1,owid_annual_area_burnt,measured,f_sensor_break;f_min_fire_size;f_product_level
BLR,Belarus,country,2019,burned_area_km2,982.13,km2,K1,owid_annual_area_burnt,measured,f_sensor_break;f_min_fire_size;f_product_level
BLR,Belarus,country,2020,burned_area_km2,756.19,km2,K1,owid_annual_area_burnt,measured,f_sensor_break;f_min_fire_size;f_product_level
BLR,Belarus,country,2021,burned_area_km2,221.81,km2,K1,owid_annual_area_burnt,measured,f_sensor_break;f_min_fire_size;f_product_level
BLR,Belarus,country,2022,burned_area_km2,250.42,km2,K1,owid_annual_area_burnt,measured,f_sensor_break;f_min_fire_size;f_product_level
BLR,Belarus,country,2023,burned_area_km2,59.35,km2,K1,owid_annual_area_burnt,measured,f_sensor_break;f_min_fire_size;f_product_level
BLR,Belarus,country,2024,burned_area_km2,53.08,km2,K1,owid_annual_area_burnt,measured,f_sensor_break;f_min_fire_size;f_product_level
BLR,Belarus,country,2025,burned_area_km2,212.24,km2,K1,owid_annual_area_burnt,measured,f_sensor_break;f_min_fire_size;f_product_level
BLR,Belarus,country,2026,burned_area_km2,152.47,km2,K1,owid_annual_area_burnt,measured,f_sensor_break;f_min_fire_size;f_product_level;f_incomplete_year
BLZ,Belize,country,2012,burned_area_km2,727.9,km2,K1,owid_annual_area_burnt,measured,f_sensor_break;f_min_fire_size;f_product_level
BLZ,Belize,country,2013,burned_area_km2,1991.63,km2,K1,owid_annual_area_burnt,measured,f_sensor_break;f_min_fire_size;f_product_level
BLZ,Belize,country,2014,burned_area_km2,1000.9,km2,K1,owid_annual_area_burnt,measured,f_sensor_break;f_min_fire_size;f_product_level
BLZ,Belize,country,2015,burned_area_km2,1583.05,km2,K1,owid_annual_area_burnt,measured,f_sensor_break;f_min_fire_size;f_product_level
BLZ,Belize,country,2016,burned_area_km2,1059.52,km2,K1,owid_annual_area_burnt,measured,f_sensor_break;f_min_fire_size;f_product_level
BLZ,Belize,country,2017,burned_area_km2,1156.03,km2,K1,owid_annual_area_burnt,measured,f_sensor_break;f_min_fire_size;f_product_level
BLZ,Belize,country,2018,burned_area_km2,692.55,km2,K1,owid_annual_area_burnt,measured,f_sensor_break;f_min_fire_size;f_product_level
BLZ,Belize,country,2019,burned_area_km2,1733.71,km2,K1,owid_annual_area_burnt,measured,f_sensor_break;f_min_fire_size;f_product_level
BLZ,Belize,country,2020,burned_area_km2,1227.73,km2,K1,owid_annual_area_burnt,measured,f_sensor_break;f_min_fire_size;f_product_level
BLZ,Belize,country,2021,burned_area_km2,841.17,km2,K1,owid_annual_area_burnt,measured,f_sensor_break;f_min_fire_size;f_product_level
BLZ,Belize,country,2022,burned_area_km2,870.95,km2,K1,owid_annual_area_burnt,measured,f_sensor_break;f_min_fire_size;f_product_level
BLZ,Belize,country,2023,burned_area_km2,1574.0,km2,K1,owid_annual_area_burnt,measured,f_sensor_break;f_min_fire_size;f_product_level
BLZ,Belize,country,2024,burned_area_km2,1684.2,km2,K1,owid_annual_area_burnt,measured,f_sensor_break;f_min_fire_size;f_product_level
BLZ,Belize,country,2025,burned_area_km2,664.51,km2,K1,owid_annual_area_burnt,measured,f_sensor_break;f_min_fire_size;f_product_level
BLZ,Belize,country,2026,burned_area_km2,378.47,km2,K1,owid_annual_area_burnt,measured,f_sensor_break;f_min_fire_size;f_product_level;f_incomplete_year
BMU,Bermuda,country,2012,burned_area_km2,0.0,km2,K1,owid_annual_area_burnt,measured,f_sensor_break;f_min_fire_size;f_product_level;f_zero_no_detection
BMU,Bermuda,country,2013,burned_area_km2,0.0,km2,K1,owid_annual_area_burnt,measured,f_sensor_break;f_min_fire_size;f_product_level;f_zero_no_detection
BMU,Bermuda,country,2014,burned_area_km2,0.0,km2,K1,owid_annual_area_burnt,measured,f_sensor_break;f_min_fire_size;f_product_level;f_zero_no_detection
BMU,Bermuda,country,2015,burned_area_km2,0.0,km2,K1,owid_annual_area_burnt,measured,f_sensor_break;f_min_fire_size;f_product_level;f_zero_no_detection
BMU,Bermuda,country,2016,burned_area_km2,0.0,km2,K1,owid_annual_area_burnt,measured,f_sensor_break;f_min_fire_size;f_product_level;f_zero_no_detection
BMU,Bermuda,country,2017,burned_area_km2,0.0,km2,K1,owid_annual_area_burnt,measured,f_sensor_break;f_min_fire_size;f_product_level;f_zero_no_detection
BMU,Bermuda,country,2018,burned_area_km2,0.0,km2,K1,owid_annual_area_burnt,measured,f_sensor_break;f_min_fire_size;f_product_level;f_zero_no_detection
BMU,Bermuda,country,2019,burned_area_km2,0.0,km2,K1,owid_annual_area_burnt,measured,f_sensor_break;f_min_fire_size;f_product_level;f_zero_no_detection
BMU,Bermuda,country,2020,burned_area_km2,0.0,km2,K1,owid_annual_area_burnt,measured,f_sensor_break;f_min_fire_size;f_product_level;f_zero_no_detection
BMU,Bermuda,country,2021,burned_area_km2,0.0,km2,K1,owid_annual_area_burnt,measured,f_sensor_break;f_min_fire_size;f_product_level;f_zero_no_detection
BMU,Bermuda,country,2022,burned_area_km2,0.0,km2,K1,owid_annual_area_burnt,measured,f_sensor_break;f_min_fire_size;f_product_level;f_zero_no_detection
BMU,Bermuda,country,2023,burned_area_km2,0.0,km2,K1,owid_annual_area_burnt,measured,f_sensor_break;f_min_fire_size;f_product_level;f_zero_no_detection
BMU,Bermuda,country,2024,burned_area_km2,0.0,km2,K1,owid_annual_area_burnt,measured,f_sensor_break;f_min_fire_size;f_product_level;f_zero_no_detection
BMU,Bermuda,country,2025,burned_area_km2,0.0,km2,K1,owid_annual_area_burnt,measured,f_sensor_break;f_min_fire_size;f_product_level;f_zero_no_detection
BMU,Bermuda,country,2026,burned_area_km2,0.0,km2,K1,owid_annual_area_burnt,measured,f_sensor_break;f_min_fire_size;f_product_level;f_incomplete_year;f_zero_no_detection
BOL,Bolivia,country,2012,burned_area_km2,42142.12,km2,K1,owid_annual_area_burnt,measured,f_sensor_break;f_min_fire_size;f_product_level
BOL,Bolivia,country,2013,burned_area_km2,29649.7,km2,K1,owid_annual_area_burnt,measured,f_sensor_break;f_min_fire_size;f_product_level
BOL,Bolivia,country,2014,burned_area_km2,24493.8,km2,K1,owid_annual_area_burnt,measured,f_sensor_break;f_min_fire_size;f_product_level
BOL,Bolivia,country,2015,burned_area_km2,38638.39,km2,K1,owid_annual_area_burnt,measured,f_sensor_break;f_min_fire_size;f_product_level
BOL,Bolivia,country,2016,burned_area_km2,67003.39,km2,K1,owid_annual_area_burnt,measured,f_sensor_break;f_min_fire_size;f_product_level
BOL,Bolivia,country,2017,burned_area_km2,51978.91,km2,K1,owid_annual_area_burnt,measured,f_sensor_break;f_min_fire_size;f_product_level
BOL,Bolivia,country,2018,burned_area_km2,45692.57,km2,K1,owid_annual_area_burnt,measured,f_sensor_break;f_min_fire_size;f_product_level
BOL,Bolivia,country,2019,burned_area_km2,89282.7,km2,K1,owid_annual_area_burnt,measured,f_sensor_break;f_min_fire_size;f_product_level
BOL,Bolivia,country,2020,burned_area_km2,75704.6,km2,K1,owid_annual_area_burnt,measured,f_sensor_break;f_min_fire_size;f_product_level
BOL,Bolivia,country,2021,burned_area_km2,73865.58,km2,K1,owid_annual_area_burnt,measured,f_sensor_break;f_min_fire_size;f_product_level
BOL,Bolivia,country,2022,burned_area_km2,82748.84,km2,K1,owid_annual_area_burnt,measured,f_sensor_break;f_min_fire_size;f_product_level
BOL,Bolivia,country,2023,burned_area_km2,79075.24,km2,K1,owid_annual_area_burnt,measured,f_sensor_break;f_min_fire_size;f_product_level
BOL,Bolivia,country,2024,burned_area_km2,164765.22,km2,K1,owid_annual_area_burnt,measured,f_sensor_break;f_min_fire_size;f_product_level
BOL,Bolivia,country,2025,burned_area_km2,27977.32,km2,K1,owid_annual_area_burnt,measured,f_sensor_break;f_min_fire_size;f_product_level
BOL,Bolivia,country,2026,burned_area_km2,5464.9,km2,K1,owid_annual_area_burnt,measured,f_sensor_break;f_min_fire_size;f_product_level;f_incomplete_year
BRA,Brasil,country,2012,burned_area_km2,391059.44,km2,K1,owid_annual_area_burnt,measured,f_sensor_break;f_min_fire_size;f_product_level
BRA,Brasil,country,2013,burned_area_km2,181812.96,km2,K1,owid_annual_area_burnt,measured,f_sensor_break;f_min_fire_size;f_product_level
BRA,Brasil,country,2014,burned_area_km2,286053.06,km2,K1,owid_annual_area_burnt,measured,f_sensor_break;f_min_fire_size;f_product_level
BRA,Brasil,country,2015,burned_area_km2,410417.16,km2,K1,owid_annual_area_burnt,measured,f_sensor_break;f_min_fire_size;f_product_level
BRA,Brasil,country,2016,burned_area_km2,300461.08,km2,K1,owid_annual_area_burnt,measured,f_sensor_break;f_min_fire_size;f_product_level
BRA,Brasil,country,2017,burned_area_km2,375990.04,km2,K1,owid_annual_area_burnt,measured,f_sensor_break;f_min_fire_size;f_product_level
BRA,Brasil,country,2018,burned_area_km2,199266.6,km2,K1,owid_annual_area_burnt,measured,f_sensor_break;f_min_fire_size;f_product_level
BRA,Brasil,country,2019,burned_area_km2,339560.44,km2,K1,owid_annual_area_burnt,measured,f_sensor_break;f_min_fire_size;f_product_level
BRA,Brasil,country,2020,burned_area_km2,373561.5,km2,K1,owid_annual_area_burnt,measured,f_sensor_break;f_min_fire_size;f_product_level
BRA,Brasil,country,2021,burned_area_km2,291016.2,km2,K1,owid_annual_area_burnt,measured,f_sensor_break;f_min_fire_size;f_product_level
BRA,Brasil,country,2022,burned_area_km2,325896.4,km2,K1,owid_annual_area_burnt,measured,f_sensor_break;f_min_fire_size;f_product_level
BRA,Brasil,country,2023,burned_area_km2,274862.76,km2,K1,owid_annual_area_burnt,measured,f_sensor_break;f_min_fire_size;f_product_level
BRA,Brasil,country,2024,burned_area_km2,412339.64,km2,K1,owid_annual_area_burnt,measured,f_sensor_break;f_min_fire_size;f_product_level
BRA,Brasil,country,2025,burned_area_km2,163515.07,km2,K1,owid_annual_area_burnt,measured,f_sensor_break;f_min_fire_size;f_product_level
BRA,Brasil,country,2026,burned_area_km2,20302.09,km2,K1,owid_annual_area_burnt,measured,f_sensor_break;f_min_fire_size;f_product_level;f_incomplete_year
BRB,Barbados,country,2012,burned_area_km2,0.0,km2,K1,owid_annual_area_burnt,measured,f_sensor_break;f_min_fire_size;f_product_level;f_zero_no_detection
BRB,Barbados,country,2013,burned_area_km2,0.0,km2,K1,owid_annual_area_burnt,measured,f_sensor_break;f_min_fire_size;f_product_level;f_zero_no_detection
BRB,Barbados,country,2014,burned_area_km2,2.63,km2,K1,owid_annual_area_burnt,measured,f_sensor_break;f_min_fire_size;f_product_level
BRB,Barbados,country,2015,burned_area_km2,0.0,km2,K1,owid_annual_area_burnt,measured,f_sensor_break;f_min_fire_size;f_product_level;f_zero_no_detection
BRB,Barbados,country,2016,burned_area_km2,1.83,km2,K1,owid_annual_area_burnt,measured,f_sensor_break;f_min_fire_size;f_product_level
BRB,Barbados,country,2017,burned_area_km2,0.0,km2,K1,owid_annual_area_burnt,measured,f_sensor_break;f_min_fire_size;f_product_level;f_zero_no_detection
BRB,Barbados,country,2018,burned_area_km2,1.87,km2,K1,owid_annual_area_burnt,measured,f_sensor_break;f_min_fire_size;f_product_level
BRB,Barbados,country,2019,burned_area_km2,0.0,km2,K1,owid_annual_area_burnt,measured,f_sensor_break;f_min_fire_size;f_product_level;f_zero_no_detection
BRB,Barbados,country,2020,burned_area_km2,0.0,km2,K1,owid_annual_area_burnt,measured,f_sensor_break;f_min_fire_size;f_product_level;f_zero_no_detection
BRB,Barbados,country,2021,burned_area_km2,0.0,km2,K1,owid_annual_area_burnt,measured,f_sensor_break;f_min_fire_size;f_product_level;f_zero_no_detection
BRB,Barbados,country,2022,burned_area_km2,0.0,km2,K1,owid_annual_area_burnt,measured,f_sensor_break;f_min_fire_size;f_product_level;f_zero_no_detection
BRB,Barbados,country,2023,burned_area_km2,0.0,km2,K1,owid_annual_area_burnt,measured,f_sensor_break;f_min_fire_size;f_product_level;f_zero_no_detection
BRB,Barbados,country,2024,burned_area_km2,0.0,km2,K1,owid_annual_area_burnt,measured,f_sensor_break;f_min_fire_size;f_product_level;f_zero_no_detection
BRB,Barbados,country,2025,burned_area_km2,0.0,km2,K1,owid_annual_area_burnt,measured,f_sensor_break;f_min_fire_size;f_product_level;f_zero_no_detection
BRB,Barbados,country,2026,burned_area_km2,1.99,km2,K1,owid_annual_area_burnt,measured,f_sensor_break;f_min_fire_size;f_product_level;f_incomplete_year
BRN,Brunei,country,2012,burned_area_km2,10.13,km2,K1,owid_annual_area_burnt,measured,f_sensor_break;f_min_fire_size;f_product_level
BRN,Brunei,country,2013,burned_area_km2,3.95,km2,K1,owid_annual_area_burnt,measured,f_sensor_break;f_min_fire_size;f_product_level
BRN,Brunei,country,2014,burned_area_km2,11.94,km2,K1,owid_annual_area_burnt,measured,f_sensor_break;f_min_fire_size;f_product_level
BRN,Brunei,country,2015,burned_area_km2,34.71,km2,K1,owid_annual_area_burnt,measured,f_sensor_break;f_min_fire_size;f_product_level
BRN,Brunei,country,2016,burned_area_km2,53.51,km2,K1,owid_annual_area_burnt,measured,f_sensor_break;f_min_fire_size;f_product_level
BRN,Brunei,country,2017,burned_area_km2,0.0,km2,K1,owid_annual_area_burnt,measured,f_sensor_break;f_min_fire_size;f_product_level;f_zero_no_detection
BRN,Brunei,country,2018,burned_area_km2,3.86,km2,K1,owid_annual_area_burnt,measured,f_sensor_break;f_min_fire_size;f_product_level
BRN,Brunei,country,2019,burned_area_km2,13.4,km2,K1,owid_annual_area_burnt,measured,f_sensor_break;f_min_fire_size;f_product_level
BRN,Brunei,country,2020,burned_area_km2,19.47,km2,K1,owid_annual_area_burnt,measured,f_sensor_break;f_min_fire_size;f_product_level
BRN,Brunei,country,2021,burned_area_km2,13.95,km2,K1,owid_annual_area_burnt,measured,f_sensor_break;f_min_fire_size;f_product_level
BRN,Brunei,country,2022,burned_area_km2,9.31,km2,K1,owid_annual_area_burnt,measured,f_sensor_break;f_min_fire_size;f_product_level
BRN,Brunei,country,2023,burned_area_km2,6.81,km2,K1,owid_annual_area_burnt,measured,f_sensor_break;f_min_fire_size;f_product_level
BRN,Brunei,country,2024,burned_area_km2,11.06,km2,K1,owid_annual_area_burnt,measured,f_sensor_break;f_min_fire_size;f_product_level
BRN,Brunei,country,2025,burned_area_km2,2.06,km2,K1,owid_annual_area_burnt,measured,f_sensor_break;f_min_fire_size;f_product_level
BRN,Brunei,country,2026,burned_area_km2,2.93,km2,K1,owid_annual_area_burnt,measured,f_sensor_break;f_min_fire_size;f_product_level;f_incomplete_year
BTN,Bhutan,country,2012,burned_area_km2,400.2,km2,K1,owid_annual_area_burnt,measured,f_sensor_break;f_min_fire_size;f_product_level
BTN,Bhutan,country,2013,burned_area_km2,153.07,km2,K1,owid_annual_area_burnt,measured,f_sensor_break;f_min_fire_size;f_product_level
BTN,Bhutan,country,2014,burned_area_km2,303.06,km2,K1,owid_annual_area_burnt,measured,f_sensor_break;f_min_fire_size;f_product_level
BTN,Bhutan,country,2015,burned_area_km2,247.54,km2,K1,owid_annual_area_burnt,measured,f_sensor_break;f_min_fire_size;f_product_level
BTN,Bhutan,country,2016,burned_area_km2,176.93,km2,K1,owid_annual_area_burnt,measured,f_sensor_break;f_min_fire_size;f_product_level
BTN,Bhutan,country,2017,burned_area_km2,182.53,km2,K1,owid_annual_area_burnt,measured,f_sensor_break;f_min_fire_size;f_product_level
BTN,Bhutan,country,2018,burned_area_km2,68.44,km2,K1,owid_annual_area_burnt,measured,f_sensor_break;f_min_fire_size;f_product_level
BTN,Bhutan,country,2019,burned_area_km2,87.53,km2,K1,owid_annual_area_burnt,measured,f_sensor_break;f_min_fire_size;f_product_level
BTN,Bhutan,country,2020,burned_area_km2,80.59,km2,K1,owid_annual_area_burnt,measured,f_sensor_break;f_min_fire_size;f_product_level
BTN,Bhutan,country,2021,burned_area_km2,191.93,km2,K1,owid_annual_area_burnt,measured,f_sensor_break;f_min_fire_size;f_product_level
BTN,Bhutan,country,2022,burned_area_km2,76.7,km2,K1,owid_annual_area_burnt,measured,f_sensor_break;f_min_fire_size;f_product_level
BTN,Bhutan,country,2023,burned_area_km2,171.61,km2,K1,owid_annual_area_burnt,measured,f_sensor_break;f_min_fire_size;f_product_level
BTN,Bhutan,country,2024,burned_area_km2,152.46,km2,K1,owid_annual_area_burnt,measured,f_sensor_break;f_min_fire_size;f_product_level
BTN,Bhutan,country,2025,burned_area_km2,95.0,km2,K1,owid_annual_area_burnt,measured,f_sensor_break;f_min_fire_size;f_product_level
BTN,Bhutan,country,2026,burned_area_km2,68.04,km2,K1,owid_annual_area_burnt,measured,f_sensor_break;f_min_fire_size;f_product_level;f_incomplete_year
BVT,Bouvetøya,country,2012,burned_area_km2,0.0,km2,K1,owid_annual_area_burnt,measured,f_sensor_break;f_min_fire_size;f_product_level;f_zero_no_detection
BVT,Bouvetøya,country,2013,burned_area_km2,0.0,km2,K1,owid_annual_area_burnt,measured,f_sensor_break;f_min_fire_size;f_product_level;f_zero_no_detection
BVT,Bouvetøya,country,2014,burned_area_km2,0.0,km2,K1,owid_annual_area_burnt,measured,f_sensor_break;f_min_fire_size;f_product_level;f_zero_no_detection
BVT,Bouvetøya,country,2015,burned_area_km2,0.0,km2,K1,owid_annual_area_burnt,measured,f_sensor_break;f_min_fire_size;f_product_level;f_zero_no_detection
BVT,Bouvetøya,country,2016,burned_area_km2,0.0,km2,K1,owid_annual_area_burnt,measured,f_sensor_break;f_min_fire_size;f_product_level;f_zero_no_detection
BVT,Bouvetøya,country,2017,burned_area_km2,0.0,km2,K1,owid_annual_area_burnt,measured,f_sensor_break;f_min_fire_size;f_product_level;f_zero_no_detection
BVT,Bouvetøya,country,2018,burned_area_km2,0.0,km2,K1,owid_annual_area_burnt,measured,f_sensor_break;f_min_fire_size;f_product_level;f_zero_no_detection
BVT,Bouvetøya,country,2019,burned_area_km2,0.0,km2,K1,owid_annual_area_burnt,measured,f_sensor_break;f_min_fire_size;f_product_level;f_zero_no_detection
BVT,Bouvetøya,country,2020,burned_area_km2,0.0,km2,K1,owid_annual_area_burnt,measured,f_sensor_break;f_min_fire_size;f_product_level;f_zero_no_detection
BVT,Bouvetøya,country,2021,burned_area_km2,0.0,km2,K1,owid_annual_area_burnt,measured,f_sensor_break;f_min_fire_size;f_product_level;f_zero_no_detection
BVT,Bouvetøya,country,2022,burned_area_km2,0.0,km2,K1,owid_annual_area_burnt,measured,f_sensor_break;f_min_fire_size;f_product_level;f_zero_no_detection
BVT,Bouvetøya,country,2023,burned_area_km2,0.0,km2,K1,owid_annual_area_burnt,measured,f_sensor_break;f_min_fire_size;f_product_level;f_zero_no_detection
BVT,Bouvetøya,country,2024,burned_area_km2,0.0,km2,K1,owid_annual_area_burnt,measured,f_sensor_break;f_min_fire_size;f_product_level;f_zero_no_detection
BVT,Bouvetøya,country,2025,burned_area_km2,0.0,km2,K1,owid_annual_area_burnt,measured,f_sensor_break;f_min_fire_size;f_product_level;f_zero_no_detection
BVT,Bouvetøya,country,2026,burned_area_km2,0.0,km2,K1,owid_annual_area_burnt,measured,f_sensor_break;f_min_fire_size;f_product_level;f_incomplete_year;f_zero_no_detection
BWA,Botswana,country,2012,burned_area_km2,21133.23,km2,K1,owid_annual_area_burnt,measured,f_sensor_break;f_min_fire_size;f_product_level
BWA,Botswana,country,2013,burned_area_km2,18385.38,km2,K1,owid_annual_area_burnt,measured,f_sensor_break;f_min_fire_size;f_product_level
BWA,Botswana,country,2014,burned_area_km2,11137.64,km2,K1,owid_annual_area_burnt,measured,f_sensor_break;f_min_fire_size;f_product_level
BWA,Botswana,country,2015,burned_area_km2,11665.76,km2,K1,owid_annual_area_burnt,measured,f_sensor_break;f_min_fire_size;f_product_level
BWA,Botswana,country,2016,burned_area_km2,8183.35,km2,K1,owid_annual_area_burnt,measured,f_sensor_break;f_min_fire_size;f_product_level
BWA,Botswana,country,2017,burned_area_km2,25817.96,km2,K1,owid_annual_area_burnt,measured,f_sensor_break;f_min_fire_size;f_product_level
BWA,Botswana,country,2018,burned_area_km2,13563.82,km2,K1,owid_annual_area_burnt,measured,f_sensor_break;f_min_fire_size;f_product_level
BWA,Botswana,country,2019,burned_area_km2,8650.61,km2,K1,owid_annual_area_burnt,measured,f_sensor_break;f_min_fire_size;f_product_level
BWA,Botswana,country,2020,burned_area_km2,14431.78,km2,K1,owid_annual_area_burnt,measured,f_sensor_break;f_min_fire_size;f_product_level
BWA,Botswana,country,2021,burned_area_km2,52131.08,km2,K1,owid_annual_area_burnt,measured,f_sensor_break;f_min_fire_size;f_product_level
BWA,Botswana,country,2022,burned_area_km2,38034.31,km2,K1,owid_annual_area_burnt,measured,f_sensor_break;f_min_fire_size;f_product_level
BWA,Botswana,country,2023,burned_area_km2,44163.59,km2,K1,owid_annual_area_burnt,measured,f_sensor_break;f_min_fire_size;f_product_level
BWA,Botswana,country,2024,burned_area_km2,8199.3,km2,K1,owid_annual_area_burnt,measured,f_sensor_break;f_min_fire_size;f_product_level
BWA,Botswana,country,2025,burned_area_km2,8259.94,km2,K1,owid_annual_area_burnt,measured,f_sensor_break;f_min_fire_size;f_product_level
BWA,Botswana,country,2026,burned_area_km2,1708.55,km2,K1,owid_annual_area_burnt,measured,f_sensor_break;f_min_fire_size;f_product_level;f_incomplete_year
CAF,Den sentralafrikanske republikk,country,2012,burned_area_km2,117798.37,km2,K1,owid_annual_area_burnt,measured,f_sensor_break;f_min_fire_size;f_product_level
CAF,Den sentralafrikanske republikk,country,2013,burned_area_km2,159396.29,km2,K1,owid_annual_area_burnt,measured,f_sensor_break;f_min_fire_size;f_product_level
CAF,Den sentralafrikanske republikk,country,2014,burned_area_km2,175921.08,km2,K1,owid_annual_area_burnt,measured,f_sensor_break;f_min_fire_size;f_product_level
CAF,Den sentralafrikanske republikk,country,2015,burned_area_km2,197723.44,km2,K1,owid_annual_area_burnt,measured,f_sensor_break;f_min_fire_size;f_product_level
CAF,Den sentralafrikanske republikk,country,2016,burned_area_km2,216461.64,km2,K1,owid_annual_area_burnt,measured,f_sensor_break;f_min_fire_size;f_product_level
CAF,Den sentralafrikanske republikk,country,2017,burned_area_km2,172824.0,km2,K1,owid_annual_area_burnt,measured,f_sensor_break;f_min_fire_size;f_product_level
CAF,Den sentralafrikanske republikk,country,2018,burned_area_km2,141775.35,km2,K1,owid_annual_area_burnt,measured,f_sensor_break;f_min_fire_size;f_product_level
CAF,Den sentralafrikanske republikk,country,2019,burned_area_km2,149980.84,km2,K1,owid_annual_area_burnt,measured,f_sensor_break;f_min_fire_size;f_product_level
CAF,Den sentralafrikanske republikk,country,2020,burned_area_km2,184347.04,km2,K1,owid_annual_area_burnt,measured,f_sensor_break;f_min_fire_size;f_product_level
CAF,Den sentralafrikanske republikk,country,2021,burned_area_km2,165418.88,km2,K1,owid_annual_area_burnt,measured,f_sensor_break;f_min_fire_size;f_product_level
CAF,Den sentralafrikanske republikk,country,2022,burned_area_km2,166682.38,km2,K1,owid_annual_area_burnt,measured,f_sensor_break;f_min_fire_size;f_product_level
CAF,Den sentralafrikanske republikk,country,2023,burned_area_km2,125898.79,km2,K1,owid_annual_area_burnt,measured,f_sensor_break;f_min_fire_size;f_product_level
CAF,Den sentralafrikanske republikk,country,2024,burned_area_km2,111287.94,km2,K1,owid_annual_area_burnt,measured,f_sensor_break;f_min_fire_size;f_product_level
CAF,Den sentralafrikanske republikk,country,2025,burned_area_km2,91888.02,km2,K1,owid_annual_area_burnt,measured,f_sensor_break;f_min_fire_size;f_product_level
CAF,Den sentralafrikanske republikk,country,2026,burned_area_km2,60178.81,km2,K1,owid_annual_area_burnt,measured,f_sensor_break;f_min_fire_size;f_product_level;f_incomplete_year
CAN,Canada,country,2012,burned_area_km2,21538.06,km2,K1,owid_annual_area_burnt,measured,f_sensor_break;f_min_fire_size;f_product_level
CAN,Canada,country,2013,burned_area_km2,38874.55,km2,K1,owid_annual_area_burnt,measured,f_sensor_break;f_min_fire_size;f_product_level
CAN,Canada,country,2014,burned_area_km2,43777.69,km2,K1,owid_annual_area_burnt,measured,f_sensor_break;f_min_fire_size;f_product_level
CAN,Canada,country,2015,burned_area_km2,40853.2,km2,K1,owid_annual_area_burnt,measured,f_sensor_break;f_min_fire_size;f_product_level
CAN,Canada,country,2016,burned_area_km2,15521.76,km2,K1,owid_annual_area_burnt,measured,f_sensor_break;f_min_fire_size;f_product_level
CAN,Canada,country,2017,burned_area_km2,40443.14,km2,K1,owid_annual_area_burnt,measured,f_sensor_break;f_min_fire_size;f_product_level
CAN,Canada,country,2018,burned_area_km2,28748.7,km2,K1,owid_annual_area_burnt,measured,f_sensor_break;f_min_fire_size;f_product_level
CAN,Canada,country,2019,burned_area_km2,20997.05,km2,K1,owid_annual_area_burnt,measured,f_sensor_break;f_min_fire_size;f_product_level
CAN,Canada,country,2020,burned_area_km2,6119.74,km2,K1,owid_annual_area_burnt,measured,f_sensor_break;f_min_fire_size;f_product_level
CAN,Canada,country,2021,burned_area_km2,44690.59,km2,K1,owid_annual_area_burnt,measured,f_sensor_break;f_min_fire_size;f_product_level
CAN,Canada,country,2022,burned_area_km2,17395.92,km2,K1,owid_annual_area_burnt,measured,f_sensor_break;f_min_fire_size;f_product_level
CAN,Canada,country,2023,burned_area_km2,149034.62,km2,K1,owid_annual_area_burnt,measured,f_sensor_break;f_min_fire_size;f_product_level
CAN,Canada,country,2024,burned_area_km2,51547.29,km2,K1,owid_annual_area_burnt,measured,f_sensor_break;f_min_fire_size;f_product_level
CAN,Canada,country,2025,burned_area_km2,73657.68,km2,K1,owid_annual_area_burnt,measured,f_sensor_break;f_min_fire_size;f_product_level
CAN,Canada,country,2026,burned_area_km2,20317.54,km2,K1,owid_annual_area_burnt,measured,f_sensor_break;f_min_fire_size;f_product_level;f_incomplete_year
CCK,Kokosøyene,country,2012,burned_area_km2,0.0,km2,K1,owid_annual_area_burnt,measured,f_sensor_break;f_min_fire_size;f_product_level;f_zero_no_detection
CCK,Kokosøyene,country,2013,burned_area_km2,0.0,km2,K1,owid_annual_area_burnt,measured,f_sensor_break;f_min_fire_size;f_product_level;f_zero_no_detection
CCK,Kokosøyene,country,2014,burned_area_km2,0.0,km2,K1,owid_annual_area_burnt,measured,f_sensor_break;f_min_fire_size;f_product_level;f_zero_no_detection
CCK,Kokosøyene,country,2015,burned_area_km2,0.0,km2,K1,owid_annual_area_burnt,measured,f_sensor_break;f_min_fire_size;f_product_level;f_zero_no_detection
CCK,Kokosøyene,country,2016,burned_area_km2,0.0,km2,K1,owid_annual_area_burnt,measured,f_sensor_break;f_min_fire_size;f_product_level;f_zero_no_detection
CCK,Kokosøyene,country,2017,burned_area_km2,0.0,km2,K1,owid_annual_area_burnt,measured,f_sensor_break;f_min_fire_size;f_product_level;f_zero_no_detection
CCK,Kokosøyene,country,2018,burned_area_km2,0.0,km2,K1,owid_annual_area_burnt,measured,f_sensor_break;f_min_fire_size;f_product_level;f_zero_no_detection
CCK,Kokosøyene,country,2019,burned_area_km2,0.0,km2,K1,owid_annual_area_burnt,measured,f_sensor_break;f_min_fire_size;f_product_level;f_zero_no_detection
CCK,Kokosøyene,country,2020,burned_area_km2,0.0,km2,K1,owid_annual_area_burnt,measured,f_sensor_break;f_min_fire_size;f_product_level;f_zero_no_detection
CCK,Kokosøyene,country,2021,burned_area_km2,0.0,km2,K1,owid_annual_area_burnt,measured,f_sensor_break;f_min_fire_size;f_product_level;f_zero_no_detection
CCK,Kokosøyene,country,2022,burned_area_km2,0.0,km2,K1,owid_annual_area_burnt,measured,f_sensor_break;f_min_fire_size;f_product_level;f_zero_no_detection
CCK,Kokosøyene,country,2023,burned_area_km2,0.0,km2,K1,owid_annual_area_burnt,measured,f_sensor_break;f_min_fire_size;f_product_level;f_zero_no_detection
CCK,Kokosøyene,country,2024,burned_area_km2,0.0,km2,K1,owid_annual_area_burnt,measured,f_sensor_break;f_min_fire_size;f_product_level;f_zero_no_detection
CCK,Kokosøyene,country,2025,burned_area_km2,0.0,km2,K1,owid_annual_area_burnt,measured,f_sensor_break;f_min_fire_size;f_product_level;f_zero_no_detection
CCK,Kokosøyene,country,2026,burned_area_km2,0.0,km2,K1,owid_annual_area_burnt,measured,f_sensor_break;f_min_fire_size;f_product_level;f_incomplete_year;f_zero_no_detection
CHE,Sveits,country,2012,burned_area_km2,0.0,km2,K1,owid_annual_area_burnt,measured,f_sensor_break;f_min_fire_size;f_product_level;f_zero_no_detection
CHE,Sveits,country,2013,burned_area_km2,0.0,km2,K1,owid_annual_area_burnt,measured,f_sensor_break;f_min_fire_size;f_product_level;f_zero_no_detection
CHE,Sveits,country,2014,burned_area_km2,0.0,km2,K1,owid_annual_area_burnt,measured,f_sensor_break;f_min_fire_size;f_product_level;f_zero_no_detection
CHE,Sveits,country,2015,burned_area_km2,1.62,km2,K1,owid_annual_area_burnt,measured,f_sensor_break;f_min_fire_size;f_product_level
CHE,Sveits,country,2016,burned_area_km2,5.05,km2,K1,owid_annual_area_burnt,measured,f_sensor_break;f_min_fire_size;f_product_level
CHE,Sveits,country,2017,burned_area_km2,2.71,km2,K1,owid_annual_area_burnt,measured,f_sensor_break;f_min_fire_size;f_product_level
CHE,Sveits,country,2018,burned_area_km2,3.21,km2,K1,owid_annual_area_burnt,measured,f_sensor_break;f_min_fire_size;f_product_level
CHE,Sveits,country,2019,burned_area_km2,0.13,km2,K1,owid_annual_area_burnt,measured,f_sensor_break;f_min_fire_size;f_product_level
CHE,Sveits,country,2020,burned_area_km2,1.6,km2,K1,owid_annual_area_burnt,measured,f_sensor_break;f_min_fire_size;f_product_level
CHE,Sveits,country,2021,burned_area_km2,1.0,km2,K1,owid_annual_area_burnt,measured,f_sensor_break;f_min_fire_size;f_product_level
CHE,Sveits,country,2022,burned_area_km2,7.4,km2,K1,owid_annual_area_burnt,measured,f_sensor_break;f_min_fire_size;f_product_level
CHE,Sveits,country,2023,burned_area_km2,3.8,km2,K1,owid_annual_area_burnt,measured,f_sensor_break;f_min_fire_size;f_product_level
CHE,Sveits,country,2024,burned_area_km2,0.0,km2,K1,owid_annual_area_burnt,measured,f_sensor_break;f_min_fire_size;f_product_level;f_zero_no_detection
CHE,Sveits,country,2025,burned_area_km2,0.0,km2,K1,owid_annual_area_burnt,measured,f_sensor_break;f_min_fire_size;f_product_level;f_zero_no_detection
CHE,Sveits,country,2026,burned_area_km2,0.75,km2,K1,owid_annual_area_burnt,measured,f_sensor_break;f_min_fire_size;f_product_level;f_incomplete_year
CHL,Chile,country,2012,burned_area_km2,2758.34,km2,K1,owid_annual_area_burnt,measured,f_sensor_break;f_min_fire_size;f_product_level
CHL,Chile,country,2013,burned_area_km2,2905.42,km2,K1,owid_annual_area_burnt,measured,f_sensor_break;f_min_fire_size;f_product_level
CHL,Chile,country,2014,burned_area_km2,3279.65,km2,K1,owid_annual_area_burnt,measured,f_sensor_break;f_min_fire_size;f_product_level
CHL,Chile,country,2015,burned_area_km2,5123.27,km2,K1,owid_annual_area_burnt,measured,f_sensor_break;f_min_fire_size;f_product_level
CHL,Chile,country,2016,burned_area_km2,3408.82,km2,K1,owid_annual_area_burnt,measured,f_sensor_break;f_min_fire_size;f_product_level
CHL,Chile,country,2017,burned_area_km2,9000.75,km2,K1,owid_annual_area_burnt,measured,f_sensor_break;f_min_fire_size;f_product_level
CHL,Chile,country,2018,burned_area_km2,2787.99,km2,K1,owid_annual_area_burnt,measured,f_sensor_break;f_min_fire_size;f_product_level
CHL,Chile,country,2019,burned_area_km2,3410.81,km2,K1,owid_annual_area_burnt,measured,f_sensor_break;f_min_fire_size;f_product_level
CHL,Chile,country,2020,burned_area_km2,3530.3,km2,K1,owid_annual_area_burnt,measured,f_sensor_break;f_min_fire_size;f_product_level
CHL,Chile,country,2021,burned_area_km2,2978.0,km2,K1,owid_annual_area_burnt,measured,f_sensor_break;f_min_fire_size;f_product_level
CHL,Chile,country,2022,burned_area_km2,4061.53,km2,K1,owid_annual_area_burnt,measured,f_sensor_break;f_min_fire_size;f_product_level
CHL,Chile,country,2023,burned_area_km2,7373.0,km2,K1,owid_annual_area_burnt,measured,f_sensor_break;f_min_fire_size;f_product_level
CHL,Chile,country,2024,burned_area_km2,2303.27,km2,K1,owid_annual_area_burnt,measured,f_sensor_break;f_min_fire_size;f_product_level
CHL,Chile,country,2025,burned_area_km2,2716.32,km2,K1,owid_annual_area_burnt,measured,f_sensor_break;f_min_fire_size;f_product_level
CHL,Chile,country,2026,burned_area_km2,3049.83,km2,K1,owid_annual_area_burnt,measured,f_sensor_break;f_min_fire_size;f_product_level;f_incomplete_year
CHN,Kina,country,2012,burned_area_km2,25542.28,km2,K1,owid_annual_area_burnt,measured,f_sensor_break;f_min_fire_size;f_product_level
CHN,Kina,country,2013,burned_area_km2,35486.27,km2,K1,owid_annual_area_burnt,measured,f_sensor_break;f_min_fire_size;f_product_level
CHN,Kina,country,2014,burned_area_km2,55353.6,km2,K1,owid_annual_area_burnt,measured,f_sensor_break;f_min_fire_size;f_product_level
CHN,Kina,country,2015,burned_area_km2,47166.52,km2,K1,owid_annual_area_burnt,measured,f_sensor_break;f_min_fire_size;f_product_level
CHN,Kina,country,2016,burned_area_km2,26878.53,km2,K1,owid_annual_area_burnt,measured,f_sensor_break;f_min_fire_size;f_product_level
CHN,Kina,country,2017,burned_area_km2,38261.06,km2,K1,owid_annual_area_burnt,measured,f_sensor_break;f_min_fire_size;f_product_level
CHN,Kina,country,2018,burned_area_km2,14437.06,km2,K1,owid_annual_area_burnt,measured,f_sensor_break;f_min_fire_size;f_product_level
CHN,Kina,country,2019,burned_area_km2,26809.05,km2,K1,owid_annual_area_burnt,measured,f_sensor_break;f_min_fire_size;f_product_level
CHN,Kina,country,2020,burned_area_km2,30300.89,km2,K1,owid_annual_area_burnt,measured,f_sensor_break;f_min_fire_size;f_product_level
CHN,Kina,country,2021,burned_area_km2,25668.27,km2,K1,owid_annual_area_burnt,measured,f_sensor_break;f_min_fire_size;f_product_level
CHN,Kina,country,2022,burned_area_km2,25305.14,km2,K1,owid_annual_area_burnt,measured,f_sensor_break;f_min_fire_size;f_product_level
CHN,Kina,country,2023,burned_area_km2,26991.3,km2,K1,owid_annual_area_burnt,measured,f_sensor_break;f_min_fire_size;f_product_level
CHN,Kina,country,2024,burned_area_km2,27172.12,km2,K1,owid_annual_area_burnt,measured,f_sensor_break;f_min_fire_size;f_product_level
CHN,Kina,country,2025,burned_area_km2,29574.61,km2,K1,owid_annual_area_burnt,measured,f_sensor_break;f_min_fire_size;f_product_level
CHN,Kina,country,2026,burned_area_km2,22650.57,km2,K1,owid_annual_area_burnt,measured,f_sensor_break;f_min_fire_size;f_product_level;f_incomplete_year
CIV,Elfenbenskysten,country,2012,burned_area_km2,21958.71,km2,K1,owid_annual_area_burnt,measured,f_sensor_break;f_min_fire_size;f_product_level
CIV,Elfenbenskysten,country,2013,burned_area_km2,37669.9,km2,K1,owid_annual_area_burnt,measured,f_sensor_break;f_min_fire_size;f_product_level
CIV,Elfenbenskysten,country,2014,burned_area_km2,24247.06,km2,K1,owid_annual_area_burnt,measured,f_sensor_break;f_min_fire_size;f_product_level
CIV,Elfenbenskysten,country,2015,burned_area_km2,26334.67,km2,K1,owid_annual_area_burnt,measured,f_sensor_break;f_min_fire_size;f_product_level
CIV,Elfenbenskysten,country,2016,burned_area_km2,28502.11,km2,K1,owid_annual_area_burnt,measured,f_sensor_break;f_min_fire_size;f_product_level
CIV,Elfenbenskysten,country,2017,burned_area_km2,21230.98,km2,K1,owid_annual_area_burnt,measured,f_sensor_break;f_min_fire_size;f_product_level
CIV,Elfenbenskysten,country,2018,burned_area_km2,13735.32,km2,K1,owid_annual_area_burnt,measured,f_sensor_break;f_min_fire_size;f_product_level
CIV,Elfenbenskysten,country,2019,burned_area_km2,16865.97,km2,K1,owid_annual_area_burnt,measured,f_sensor_break;f_min_fire_size;f_product_level
CIV,Elfenbenskysten,country,2020,burned_area_km2,21016.39,km2,K1,owid_annual_area_burnt,measured,f_sensor_break;f_min_fire_size;f_product_level
CIV,Elfenbenskysten,country,2021,burned_area_km2,15885.74,km2,K1,owid_annual_area_burnt,measured,f_sensor_break;f_min_fire_size;f_product_level
CIV,Elfenbenskysten,country,2022,burned_area_km2,17331.52,km2,K1,owid_annual_area_burnt,measured,f_sensor_break;f_min_fire_size;f_product_level
CIV,Elfenbenskysten,country,2023,burned_area_km2,12159.81,km2,K1,owid_annual_area_burnt,measured,f_sensor_break;f_min_fire_size;f_product_level
CIV,Elfenbenskysten,country,2024,burned_area_km2,14958.35,km2,K1,owid_annual_area_burnt,measured,f_sensor_break;f_min_fire_size;f_product_level
CIV,Elfenbenskysten,country,2025,burned_area_km2,7310.11,km2,K1,owid_annual_area_burnt,measured,f_sensor_break;f_min_fire_size;f_product_level
CIV,Elfenbenskysten,country,2026,burned_area_km2,4515.27,km2,K1,owid_annual_area_burnt,measured,f_sensor_break;f_min_fire_size;f_product_level;f_incomplete_year
CMR,Kamerun,country,2012,burned_area_km2,31168.49,km2,K1,owid_annual_area_burnt,measured,f_sensor_break;f_min_fire_size;f_product_level
CMR,Kamerun,country,2013,burned_area_km2,33263.0,km2,K1,owid_annual_area_burnt,measured,f_sensor_break;f_min_fire_size;f_product_level
CMR,Kamerun,country,2014,burned_area_km2,33116.36,km2,K1,owid_annual_area_burnt,measured,f_sensor_break;f_min_fire_size;f_product_level
CMR,Kamerun,country,2015,burned_area_km2,32896.35,km2,K1,owid_annual_area_burnt,measured,f_sensor_break;f_min_fire_size;f_product_level
CMR,Kamerun,country,2016,burned_area_km2,39493.84,km2,K1,owid_annual_area_burnt,measured,f_sensor_break;f_min_fire_size;f_product_level
CMR,Kamerun,country,2017,burned_area_km2,40021.5,km2,K1,owid_annual_area_burnt,measured,f_sensor_break;f_min_fire_size;f_product_level
CMR,Kamerun,country,2018,burned_area_km2,21504.95,km2,K1,owid_annual_area_burnt,measured,f_sensor_break;f_min_fire_size;f_product_level
CMR,Kamerun,country,2019,burned_area_km2,33854.43,km2,K1,owid_annual_area_burnt,measured,f_sensor_break;f_min_fire_size;f_product_level
CMR,Kamerun,country,2020,burned_area_km2,43897.25,km2,K1,owid_annual_area_burnt,measured,f_sensor_break;f_min_fire_size;f_product_level
CMR,Kamerun,country,2021,burned_area_km2,42743.54,km2,K1,owid_annual_area_burnt,measured,f_sensor_break;f_min_fire_size;f_product_level
CMR,Kamerun,country,2022,burned_area_km2,36215.06,km2,K1,owid_annual_area_burnt,measured,f_sensor_break;f_min_fire_size;f_product_level
CMR,Kamerun,country,2023,burned_area_km2,36926.71,km2,K1,owid_annual_area_burnt,measured,f_sensor_break;f_min_fire_size;f_product_level
CMR,Kamerun,country,2024,burned_area_km2,24524.85,km2,K1,owid_annual_area_burnt,measured,f_sensor_break;f_min_fire_size;f_product_level
CMR,Kamerun,country,2025,burned_area_km2,27703.71,km2,K1,owid_annual_area_burnt,measured,f_sensor_break;f_min_fire_size;f_product_level
CMR,Kamerun,country,2026,burned_area_km2,14353.73,km2,K1,owid_annual_area_burnt,measured,f_sensor_break;f_min_fire_size;f_product_level;f_incomplete_year
COD,Kongo-Kinshasa,country,2012,burned_area_km2,385339.6,km2,K1,owid_annual_area_burnt,measured,f_sensor_break;f_min_fire_size;f_product_level
COD,Kongo-Kinshasa,country,2013,burned_area_km2,460381.84,km2,K1,owid_annual_area_burnt,measured,f_sensor_break;f_min_fire_size;f_product_level
COD,Kongo-Kinshasa,country,2014,burned_area_km2,416193.3,km2,K1,owid_annual_area_burnt,measured,f_sensor_break;f_min_fire_size;f_product_level
COD,Kongo-Kinshasa,country,2015,burned_area_km2,472999.1,km2,K1,owid_annual_area_burnt,measured,f_sensor_break;f_min_fire_size;f_product_level
COD,Kongo-Kinshasa,country,2016,burned_area_km2,506372.96,km2,K1,owid_annual_area_burnt,measured,f_sensor_break;f_min_fire_size;f_product_level
COD,Kongo-Kinshasa,country,2017,burned_area_km2,454690.36,km2,K1,owid_annual_area_burnt,measured,f_sensor_break;f_min_fire_size;f_product_level
COD,Kongo-Kinshasa,country,2018,burned_area_km2,421897.84,km2,K1,owid_annual_area_burnt,measured,f_sensor_break;f_min_fire_size;f_product_level
COD,Kongo-Kinshasa,country,2019,burned_area_km2,438039.08,km2,K1,owid_annual_area_burnt,measured,f_sensor_break;f_min_fire_size;f_product_level
COD,Kongo-Kinshasa,country,2020,burned_area_km2,471812.7,km2,K1,owid_annual_area_burnt,measured,f_sensor_break;f_min_fire_size;f_product_level
COD,Kongo-Kinshasa,country,2021,burned_area_km2,415131.04,km2,K1,owid_annual_area_burnt,measured,f_sensor_break;f_min_fire_size;f_product_level
COD,Kongo-Kinshasa,country,2022,burned_area_km2,441662.5,km2,K1,owid_annual_area_burnt,measured,f_sensor_break;f_min_fire_size;f_product_level
COD,Kongo-Kinshasa,country,2023,burned_area_km2,410672.84,km2,K1,owid_annual_area_burnt,measured,f_sensor_break;f_min_fire_size;f_product_level
COD,Kongo-Kinshasa,country,2024,burned_area_km2,375637.84,km2,K1,owid_annual_area_burnt,measured,f_sensor_break;f_min_fire_size;f_product_level
COD,Kongo-Kinshasa,country,2025,burned_area_km2,309098.64,km2,K1,owid_annual_area_burnt,measured,f_sensor_break;f_min_fire_size;f_product_level
COD,Kongo-Kinshasa,country,2026,burned_area_km2,136111.26,km2,K1,owid_annual_area_burnt,measured,f_sensor_break;f_min_fire_size;f_product_level;f_incomplete_year
COG,Kongo-Brazzaville,country,2012,burned_area_km2,17430.76,km2,K1,owid_annual_area_burnt,measured,f_sensor_break;f_min_fire_size;f_product_level
COG,Kongo-Brazzaville,country,2013,burned_area_km2,20188.48,km2,K1,owid_annual_area_burnt,measured,f_sensor_break;f_min_fire_size;f_product_level
COG,Kongo-Brazzaville,country,2014,burned_area_km2,15587.32,km2,K1,owid_annual_area_burnt,measured,f_sensor_break;f_min_fire_size;f_product_level
COG,Kongo-Brazzaville,country,2015,burned_area_km2,18282.66,km2,K1,owid_annual_area_burnt,measured,f_sensor_break;f_min_fire_size;f_product_level
COG,Kongo-Brazzaville,country,2016,burned_area_km2,19194.84,km2,K1,owid_annual_area_burnt,measured,f_sensor_break;f_min_fire_size;f_product_level
COG,Kongo-Brazzaville,country,2017,burned_area_km2,15131.89,km2,K1,owid_annual_area_burnt,measured,f_sensor_break;f_min_fire_size;f_product_level
COG,Kongo-Brazzaville,country,2018,burned_area_km2,17195.46,km2,K1,owid_annual_area_burnt,measured,f_sensor_break;f_min_fire_size;f_product_level
COG,Kongo-Brazzaville,country,2019,burned_area_km2,15712.87,km2,K1,owid_annual_area_burnt,measured,f_sensor_break;f_min_fire_size;f_product_level
COG,Kongo-Brazzaville,country,2020,burned_area_km2,17400.73,km2,K1,owid_annual_area_burnt,measured,f_sensor_break;f_min_fire_size;f_product_level
COG,Kongo-Brazzaville,country,2021,burned_area_km2,13926.72,km2,K1,owid_annual_area_burnt,measured,f_sensor_break;f_min_fire_size;f_product_level
COG,Kongo-Brazzaville,country,2022,burned_area_km2,18153.76,km2,K1,owid_annual_area_burnt,measured,f_sensor_break;f_min_fire_size;f_product_level
COG,Kongo-Brazzaville,country,2023,burned_area_km2,13949.92,km2,K1,owid_annual_area_burnt,measured,f_sensor_break;f_min_fire_size;f_product_level
COG,Kongo-Brazzaville,country,2024,burned_area_km2,18676.94,km2,K1,owid_annual_area_burnt,measured,f_sensor_break;f_min_fire_size;f_product_level
COG,Kongo-Brazzaville,country,2025,burned_area_km2,12601.46,km2,K1,owid_annual_area_burnt,measured,f_sensor_break;f_min_fire_size;f_product_level
COG,Kongo-Brazzaville,country,2026,burned_area_km2,6773.54,km2,K1,owid_annual_area_burnt,measured,f_sensor_break;f_min_fire_size;f_product_level;f_incomplete_year
COK,Cookøyene,country,2012,burned_area_km2,0.0,km2,K1,owid_annual_area_burnt,measured,f_sensor_break;f_min_fire_size;f_product_level;f_zero_no_detection
COK,Cookøyene,country,2013,burned_area_km2,0.0,km2,K1,owid_annual_area_burnt,measured,f_sensor_break;f_min_fire_size;f_product_level;f_zero_no_detection
COK,Cookøyene,country,2014,burned_area_km2,0.0,km2,K1,owid_annual_area_burnt,measured,f_sensor_break;f_min_fire_size;f_product_level;f_zero_no_detection
COK,Cookøyene,country,2015,burned_area_km2,0.0,km2,K1,owid_annual_area_burnt,measured,f_sensor_break;f_min_fire_size;f_product_level;f_zero_no_detection
COK,Cookøyene,country,2016,burned_area_km2,0.0,km2,K1,owid_annual_area_burnt,measured,f_sensor_break;f_min_fire_size;f_product_level;f_zero_no_detection
COK,Cookøyene,country,2017,burned_area_km2,0.0,km2,K1,owid_annual_area_burnt,measured,f_sensor_break;f_min_fire_size;f_product_level;f_zero_no_detection
COK,Cookøyene,country,2018,burned_area_km2,0.0,km2,K1,owid_annual_area_burnt,measured,f_sensor_break;f_min_fire_size;f_product_level;f_zero_no_detection
COK,Cookøyene,country,2019,burned_area_km2,0.0,km2,K1,owid_annual_area_burnt,measured,f_sensor_break;f_min_fire_size;f_product_level;f_zero_no_detection
COK,Cookøyene,country,2020,burned_area_km2,0.0,km2,K1,owid_annual_area_burnt,measured,f_sensor_break;f_min_fire_size;f_product_level;f_zero_no_detection
COK,Cookøyene,country,2021,burned_area_km2,0.0,km2,K1,owid_annual_area_burnt,measured,f_sensor_break;f_min_fire_size;f_product_level;f_zero_no_detection
COK,Cookøyene,country,2022,burned_area_km2,0.0,km2,K1,owid_annual_area_burnt,measured,f_sensor_break;f_min_fire_size;f_product_level;f_zero_no_detection
COK,Cookøyene,country,2023,burned_area_km2,0.0,km2,K1,owid_annual_area_burnt,measured,f_sensor_break;f_min_fire_size;f_product_level;f_zero_no_detection
COK,Cookøyene,country,2024,burned_area_km2,0.0,km2,K1,owid_annual_area_burnt,measured,f_sensor_break;f_min_fire_size;f_product_level;f_zero_no_detection
COK,Cookøyene,country,2025,burned_area_km2,0.0,km2,K1,owid_annual_area_burnt,measured,f_sensor_break;f_min_fire_size;f_product_level;f_zero_no_detection
COK,Cookøyene,country,2026,burned_area_km2,0.0,km2,K1,owid_annual_area_burnt,measured,f_sensor_break;f_min_fire_size;f_product_level;f_incomplete_year;f_zero_no_detection
COL,Colombia,country,2012,burned_area_km2,15970.72,km2,K1,owid_annual_area_burnt,measured,f_sensor_break;f_min_fire_size;f_product_level
COL,Colombia,country,2013,burned_area_km2,20082.98,km2,K1,owid_annual_area_burnt,measured,f_sensor_break;f_min_fire_size;f_product_level
COL,Colombia,country,2014,burned_area_km2,27601.42,km2,K1,owid_annual_area_burnt,measured,f_sensor_break;f_min_fire_size;f_product_level
COL,Colombia,country,2015,burned_area_km2,20182.49,km2,K1,owid_annual_area_burnt,measured,f_sensor_break;f_min_fire_size;f_product_level
COL,Colombia,country,2016,burned_area_km2,29792.67,km2,K1,owid_annual_area_burnt,measured,f_sensor_break;f_min_fire_size;f_product_level
COL,Colombia,country,2017,burned_area_km2,17654.01,km2,K1,owid_annual_area_burnt,measured,f_sensor_break;f_min_fire_size;f_product_level
COL,Colombia,country,2018,burned_area_km2,12186.5,km2,K1,owid_annual_area_burnt,measured,f_sensor_break;f_min_fire_size;f_product_level
COL,Colombia,country,2019,burned_area_km2,24573.93,km2,K1,owid_annual_area_burnt,measured,f_sensor_break;f_min_fire_size;f_product_level
COL,Colombia,country,2020,burned_area_km2,34023.81,km2,K1,owid_annual_area_burnt,measured,f_sensor_break;f_min_fire_size;f_product_level
COL,Colombia,country,2021,burned_area_km2,16976.73,km2,K1,owid_annual_area_burnt,measured,f_sensor_break;f_min_fire_size;f_product_level
COL,Colombia,country,2022,burned_area_km2,28498.22,km2,K1,owid_annual_area_burnt,measured,f_sensor_break;f_min_fire_size;f_product_level
COL,Colombia,country,2023,burned_area_km2,16161.34,km2,K1,owid_annual_area_burnt,measured,f_sensor_break;f_min_fire_size;f_product_level
COL,Colombia,country,2024,burned_area_km2,15562.54,km2,K1,owid_annual_area_burnt,measured,f_sensor_break;f_min_fire_size;f_product_level
COL,Colombia,country,2025,burned_area_km2,12442.69,km2,K1,owid_annual_area_burnt,measured,f_sensor_break;f_min_fire_size;f_product_level
COL,Colombia,country,2026,burned_area_km2,8919.85,km2,K1,owid_annual_area_burnt,measured,f_sensor_break;f_min_fire_size;f_product_level;f_incomplete_year
COM,Komorene,country,2012,burned_area_km2,15.39,km2,K1,owid_annual_area_burnt,measured,f_sensor_break;f_min_fire_size;f_product_level
COM,Komorene,country,2013,burned_area_km2,33.01,km2,K1,owid_annual_area_burnt,measured,f_sensor_break;f_min_fire_size;f_product_level
COM,Komorene,country,2014,burned_area_km2,21.68,km2,K1,owid_annual_area_burnt,measured,f_sensor_break;f_min_fire_size;f_product_level
COM,Komorene,country,2015,burned_area_km2,63.16,km2,K1,owid_annual_area_burnt,measured,f_sensor_break;f_min_fire_size;f_product_level
COM,Komorene,country,2016,burned_area_km2,16.03,km2,K1,owid_annual_area_burnt,measured,f_sensor_break;f_min_fire_size;f_product_level
COM,Komorene,country,2017,burned_area_km2,26.42,km2,K1,owid_annual_area_burnt,measured,f_sensor_break;f_min_fire_size;f_product_level
COM,Komorene,country,2018,burned_area_km2,35.21,km2,K1,owid_annual_area_burnt,measured,f_sensor_break;f_min_fire_size;f_product_level
COM,Komorene,country,2019,burned_area_km2,54.55,km2,K1,owid_annual_area_burnt,measured,f_sensor_break;f_min_fire_size;f_product_level
COM,Komorene,country,2020,burned_area_km2,10.3,km2,K1,owid_annual_area_burnt,measured,f_sensor_break;f_min_fire_size;f_product_level
COM,Komorene,country,2021,burned_area_km2,27.97,km2,K1,owid_annual_area_burnt,measured,f_sensor_break;f_min_fire_size;f_product_level
COM,Komorene,country,2022,burned_area_km2,4.12,km2,K1,owid_annual_area_burnt,measured,f_sensor_break;f_min_fire_size;f_product_level
COM,Komorene,country,2023,burned_area_km2,8.78,km2,K1,owid_annual_area_burnt,measured,f_sensor_break;f_min_fire_size;f_product_level
COM,Komorene,country,2024,burned_area_km2,72.78,km2,K1,owid_annual_area_burnt,measured,f_sensor_break;f_min_fire_size;f_product_level
COM,Komorene,country,2025,burned_area_km2,3.88,km2,K1,owid_annual_area_burnt,measured,f_sensor_break;f_min_fire_size;f_product_level
COM,Komorene,country,2026,burned_area_km2,4.72,km2,K1,owid_annual_area_burnt,measured,f_sensor_break;f_min_fire_size;f_product_level;f_incomplete_year
CPV,Kapp Verde,country,2012,burned_area_km2,1.92,km2,K1,owid_annual_area_burnt,measured,f_sensor_break;f_min_fire_size;f_product_level
CPV,Kapp Verde,country,2013,burned_area_km2,0.0,km2,K1,owid_annual_area_burnt,measured,f_sensor_break;f_min_fire_size;f_product_level;f_zero_no_detection
CPV,Kapp Verde,country,2014,burned_area_km2,118.2,km2,K1,owid_annual_area_burnt,measured,f_sensor_break;f_min_fire_size;f_product_level
CPV,Kapp Verde,country,2015,burned_area_km2,36.12,km2,K1,owid_annual_area_burnt,measured,f_sensor_break;f_min_fire_size;f_product_level
CPV,Kapp Verde,country,2016,burned_area_km2,0.0,km2,K1,owid_annual_area_burnt,measured,f_sensor_break;f_min_fire_size;f_product_level;f_zero_no_detection
CPV,Kapp Verde,country,2017,burned_area_km2,0.0,km2,K1,owid_annual_area_burnt,measured,f_sensor_break;f_min_fire_size;f_product_level;f_zero_no_detection
CPV,Kapp Verde,country,2018,burned_area_km2,2.36,km2,K1,owid_annual_area_burnt,measured,f_sensor_break;f_min_fire_size;f_product_level
CPV,Kapp Verde,country,2019,burned_area_km2,0.0,km2,K1,owid_annual_area_burnt,measured,f_sensor_break;f_min_fire_size;f_product_level;f_zero_no_detection
CPV,Kapp Verde,country,2020,burned_area_km2,0.0,km2,K1,owid_annual_area_burnt,measured,f_sensor_break;f_min_fire_size;f_product_level;f_zero_no_detection
CPV,Kapp Verde,country,2021,burned_area_km2,0.0,km2,K1,owid_annual_area_burnt,measured,f_sensor_break;f_min_fire_size;f_product_level;f_zero_no_detection
CPV,Kapp Verde,country,2022,burned_area_km2,1.69,km2,K1,owid_annual_area_burnt,measured,f_sensor_break;f_min_fire_size;f_product_level
CPV,Kapp Verde,country,2023,burned_area_km2,14.49,km2,K1,owid_annual_area_burnt,measured,f_sensor_break;f_min_fire_size;f_product_level
CPV,Kapp Verde,country,2024,burned_area_km2,0.0,km2,K1,owid_annual_area_burnt,measured,f_sensor_break;f_min_fire_size;f_product_level;f_zero_no_detection
CPV,Kapp Verde,country,2025,burned_area_km2,6.84,km2,K1,owid_annual_area_burnt,measured,f_sensor_break;f_min_fire_size;f_product_level
CPV,Kapp Verde,country,2026,burned_area_km2,3.95,km2,K1,owid_annual_area_burnt,measured,f_sensor_break;f_min_fire_size;f_product_level;f_incomplete_year
CRI,Costa Rica,country,2012,burned_area_km2,931.93,km2,K1,owid_annual_area_burnt,measured,f_sensor_break;f_min_fire_size;f_product_level
CRI,Costa Rica,country,2013,burned_area_km2,1736.09,km2,K1,owid_annual_area_burnt,measured,f_sensor_break;f_min_fire_size;f_product_level
CRI,Costa Rica,country,2014,burned_area_km2,1139.79,km2,K1,owid_annual_area_burnt,measured,f_sensor_break;f_min_fire_size;f_product_level
CRI,Costa Rica,country,2015,burned_area_km2,1303.23,km2,K1,owid_annual_area_burnt,measured,f_sensor_break;f_min_fire_size;f_product_level
CRI,Costa Rica,country,2016,burned_area_km2,1462.48,km2,K1,owid_annual_area_burnt,measured,f_sensor_break;f_min_fire_size;f_product_level
CRI,Costa Rica,country,2017,burned_area_km2,819.68,km2,K1,owid_annual_area_burnt,measured,f_sensor_break;f_min_fire_size;f_product_level
CRI,Costa Rica,country,2018,burned_area_km2,809.97,km2,K1,owid_annual_area_burnt,measured,f_sensor_break;f_min_fire_size;f_product_level
CRI,Costa Rica,country,2019,burned_area_km2,1281.12,km2,K1,owid_annual_area_burnt,measured,f_sensor_break;f_min_fire_size;f_product_level
CRI,Costa Rica,country,2020,burned_area_km2,1117.5,km2,K1,owid_annual_area_burnt,measured,f_sensor_break;f_min_fire_size;f_product_level
CRI,Costa Rica,country,2021,burned_area_km2,396.64,km2,K1,owid_annual_area_burnt,measured,f_sensor_break;f_min_fire_size;f_product_level
CRI,Costa Rica,country,2022,burned_area_km2,1270.76,km2,K1,owid_annual_area_burnt,measured,f_sensor_break;f_min_fire_size;f_product_level
CRI,Costa Rica,country,2023,burned_area_km2,362.95,km2,K1,owid_annual_area_burnt,measured,f_sensor_break;f_min_fire_size;f_product_level
CRI,Costa Rica,country,2024,burned_area_km2,999.95,km2,K1,owid_annual_area_burnt,measured,f_sensor_break;f_min_fire_size;f_product_level
CRI,Costa Rica,country,2025,burned_area_km2,184.46,km2,K1,owid_annual_area_burnt,measured,f_sensor_break;f_min_fire_size;f_product_level
CRI,Costa Rica,country,2026,burned_area_km2,980.35,km2,K1,owid_annual_area_burnt,measured,f_sensor_break;f_min_fire_size;f_product_level;f_incomplete_year
CUB,Cuba,country,2012,burned_area_km2,3484.69,km2,K1,owid_annual_area_burnt,measured,f_sensor_break;f_min_fire_size;f_product_level
CUB,Cuba,country,2013,burned_area_km2,4273.01,km2,K1,owid_annual_area_burnt,measured,f_sensor_break;f_min_fire_size;f_product_level
CUB,Cuba,country,2014,burned_area_km2,2896.74,km2,K1,owid_annual_area_burnt,measured,f_sensor_break;f_min_fire_size;f_product_level
CUB,Cuba,country,2015,burned_area_km2,5442.06,km2,K1,owid_annual_area_burnt,measured,f_sensor_break;f_min_fire_size;f_product_level
CUB,Cuba,country,2016,burned_area_km2,2632.81,km2,K1,owid_annual_area_burnt,measured,f_sensor_break;f_min_fire_size;f_product_level
CUB,Cuba,country,2017,burned_area_km2,5235.64,km2,K1,owid_annual_area_burnt,measured,f_sensor_break;f_min_fire_size;f_product_level
CUB,Cuba,country,2018,burned_area_km2,1678.31,km2,K1,owid_annual_area_burnt,measured,f_sensor_break;f_min_fire_size;f_product_level
CUB,Cuba,country,2019,burned_area_km2,2927.89,km2,K1,owid_annual_area_burnt,measured,f_sensor_break;f_min_fire_size;f_product_level
CUB,Cuba,country,2020,burned_area_km2,7919.04,km2,K1,owid_annual_area_burnt,measured,f_sensor_break;f_min_fire_size;f_product_level
CUB,Cuba,country,2021,burned_area_km2,5206.0,km2,K1,owid_annual_area_burnt,measured,f_sensor_break;f_min_fire_size;f_product_level
CUB,Cuba,country,2022,burned_area_km2,3845.1,km2,K1,owid_annual_area_burnt,measured,f_sensor_break;f_min_fire_size;f_product_level
CUB,Cuba,country,2023,burned_area_km2,7507.52,km2,K1,owid_annual_area_burnt,measured,f_sensor_break;f_min_fire_size;f_product_level
CUB,Cuba,country,2024,burned_area_km2,4271.26,km2,K1,owid_annual_area_burnt,measured,f_sensor_break;f_min_fire_size;f_product_level
CUB,Cuba,country,2025,burned_area_km2,5078.87,km2,K1,owid_annual_area_burnt,measured,f_sensor_break;f_min_fire_size;f_product_level
CUB,Cuba,country,2026,burned_area_km2,1817.21,km2,K1,owid_annual_area_burnt,measured,f_sensor_break;f_min_fire_size;f_product_level;f_incomplete_year
CUW,Curaçao,country,2012,burned_area_km2,4.64,km2,K1,owid_annual_area_burnt,measured,f_sensor_break;f_min_fire_size;f_product_level
CUW,Curaçao,country,2013,burned_area_km2,1.12,km2,K1,owid_annual_area_burnt,measured,f_sensor_break;f_min_fire_size;f_product_level
CUW,Curaçao,country,2014,burned_area_km2,0.0,km2,K1,owid_annual_area_burnt,measured,f_sensor_break;f_min_fire_size;f_product_level;f_zero_no_detection
CUW,Curaçao,country,2015,burned_area_km2,1.71,km2,K1,owid_annual_area_burnt,measured,f_sensor_break;f_min_fire_size;f_product_level
CUW,Curaçao,country,2016,burned_area_km2,0.0,km2,K1,owid_annual_area_burnt,measured,f_sensor_break;f_min_fire_size;f_product_level;f_zero_no_detection
CUW,Curaçao,country,2017,burned_area_km2,0.0,km2,K1,owid_annual_area_burnt,measured,f_sensor_break;f_min_fire_size;f_product_level;f_zero_no_detection
CUW,Curaçao,country,2018,burned_area_km2,0.0,km2,K1,owid_annual_area_burnt,measured,f_sensor_break;f_min_fire_size;f_product_level;f_zero_no_detection
CUW,Curaçao,country,2019,burned_area_km2,0.0,km2,K1,owid_annual_area_burnt,measured,f_sensor_break;f_min_fire_size;f_product_level;f_zero_no_detection
CUW,Curaçao,country,2020,burned_area_km2,0.0,km2,K1,owid_annual_area_burnt,measured,f_sensor_break;f_min_fire_size;f_product_level;f_zero_no_detection
CUW,Curaçao,country,2021,burned_area_km2,0.0,km2,K1,owid_annual_area_burnt,measured,f_sensor_break;f_min_fire_size;f_product_level;f_zero_no_detection
CUW,Curaçao,country,2022,burned_area_km2,0.0,km2,K1,owid_annual_area_burnt,measured,f_sensor_break;f_min_fire_size;f_product_level;f_zero_no_detection
CUW,Curaçao,country,2023,burned_area_km2,0.0,km2,K1,owid_annual_area_burnt,measured,f_sensor_break;f_min_fire_size;f_product_level;f_zero_no_detection
CUW,Curaçao,country,2024,burned_area_km2,0.0,km2,K1,owid_annual_area_burnt,measured,f_sensor_break;f_min_fire_size;f_product_level;f_zero_no_detection
CUW,Curaçao,country,2025,burned_area_km2,0.0,km2,K1,owid_annual_area_burnt,measured,f_sensor_break;f_min_fire_size;f_product_level;f_zero_no_detection
CUW,Curaçao,country,2026,burned_area_km2,0.0,km2,K1,owid_annual_area_burnt,measured,f_sensor_break;f_min_fire_size;f_product_level;f_incomplete_year;f_zero_no_detection
CXR,Christmasøya,country,2012,burned_area_km2,0.0,km2,K1,owid_annual_area_burnt,measured,f_sensor_break;f_min_fire_size;f_product_level;f_zero_no_detection
CXR,Christmasøya,country,2013,burned_area_km2,0.0,km2,K1,owid_annual_area_burnt,measured,f_sensor_break;f_min_fire_size;f_product_level;f_zero_no_detection
CXR,Christmasøya,country,2014,burned_area_km2,0.0,km2,K1,owid_annual_area_burnt,measured,f_sensor_break;f_min_fire_size;f_product_level;f_zero_no_detection
CXR,Christmasøya,country,2015,burned_area_km2,0.0,km2,K1,owid_annual_area_burnt,measured,f_sensor_break;f_min_fire_size;f_product_level;f_zero_no_detection
CXR,Christmasøya,country,2016,burned_area_km2,0.0,km2,K1,owid_annual_area_burnt,measured,f_sensor_break;f_min_fire_size;f_product_level;f_zero_no_detection
CXR,Christmasøya,country,2017,burned_area_km2,0.0,km2,K1,owid_annual_area_burnt,measured,f_sensor_break;f_min_fire_size;f_product_level;f_zero_no_detection
CXR,Christmasøya,country,2018,burned_area_km2,0.0,km2,K1,owid_annual_area_burnt,measured,f_sensor_break;f_min_fire_size;f_product_level;f_zero_no_detection
CXR,Christmasøya,country,2019,burned_area_km2,0.0,km2,K1,owid_annual_area_burnt,measured,f_sensor_break;f_min_fire_size;f_product_level;f_zero_no_detection
CXR,Christmasøya,country,2020,burned_area_km2,0.0,km2,K1,owid_annual_area_burnt,measured,f_sensor_break;f_min_fire_size;f_product_level;f_zero_no_detection
CXR,Christmasøya,country,2021,burned_area_km2,0.0,km2,K1,owid_annual_area_burnt,measured,f_sensor_break;f_min_fire_size;f_product_level;f_zero_no_detection
CXR,Christmasøya,country,2022,burned_area_km2,0.0,km2,K1,owid_annual_area_burnt,measured,f_sensor_break;f_min_fire_size;f_product_level;f_zero_no_detection
CXR,Christmasøya,country,2023,burned_area_km2,0.0,km2,K1,owid_annual_area_burnt,measured,f_sensor_break;f_min_fire_size;f_product_level;f_zero_no_detection
CXR,Christmasøya,country,2024,burned_area_km2,0.0,km2,K1,owid_annual_area_burnt,measured,f_sensor_break;f_min_fire_size;f_product_level;f_zero_no_detection
CXR,Christmasøya,country,2025,burned_area_km2,0.0,km2,K1,owid_annual_area_burnt,measured,f_sensor_break;f_min_fire_size;f_product_level;f_zero_no_detection
CXR,Christmasøya,country,2026,burned_area_km2,0.0,km2,K1,owid_annual_area_burnt,measured,f_sensor_break;f_min_fire_size;f_product_level;f_incomplete_year;f_zero_no_detection
CYM,Caymanøyene,country,2012,burned_area_km2,0.0,km2,K1,owid_annual_area_burnt,measured,f_sensor_break;f_min_fire_size;f_product_level;f_zero_no_detection
CYM,Caymanøyene,country,2013,burned_area_km2,0.0,km2,K1,owid_annual_area_burnt,measured,f_sensor_break;f_min_fire_size;f_product_level;f_zero_no_detection
CYM,Caymanøyene,country,2014,burned_area_km2,0.0,km2,K1,owid_annual_area_burnt,measured,f_sensor_break;f_min_fire_size;f_product_level;f_zero_no_detection
CYM,Caymanøyene,country,2015,burned_area_km2,0.0,km2,K1,owid_annual_area_burnt,measured,f_sensor_break;f_min_fire_size;f_product_level;f_zero_no_detection
CYM,Caymanøyene,country,2016,burned_area_km2,0.0,km2,K1,owid_annual_area_burnt,measured,f_sensor_break;f_min_fire_size;f_product_level;f_zero_no_detection
CYM,Caymanøyene,country,2017,burned_area_km2,0.0,km2,K1,owid_annual_area_burnt,measured,f_sensor_break;f_min_fire_size;f_product_level;f_zero_no_detection
CYM,Caymanøyene,country,2018,burned_area_km2,0.0,km2,K1,owid_annual_area_burnt,measured,f_sensor_break;f_min_fire_size;f_product_level;f_zero_no_detection
CYM,Caymanøyene,country,2019,burned_area_km2,0.0,km2,K1,owid_annual_area_burnt,measured,f_sensor_break;f_min_fire_size;f_product_level;f_zero_no_detection
CYM,Caymanøyene,country,2020,burned_area_km2,0.0,km2,K1,owid_annual_area_burnt,measured,f_sensor_break;f_min_fire_size;f_product_level;f_zero_no_detection
CYM,Caymanøyene,country,2021,burned_area_km2,0.0,km2,K1,owid_annual_area_burnt,measured,f_sensor_break;f_min_fire_size;f_product_level;f_zero_no_detection
CYM,Caymanøyene,country,2022,burned_area_km2,0.0,km2,K1,owid_annual_area_burnt,measured,f_sensor_break;f_min_fire_size;f_product_level;f_zero_no_detection
CYM,Caymanøyene,country,2023,burned_area_km2,1.91,km2,K1,owid_annual_area_burnt,measured,f_sensor_break;f_min_fire_size;f_product_level
CYM,Caymanøyene,country,2024,burned_area_km2,0.0,km2,K1,owid_annual_area_burnt,measured,f_sensor_break;f_min_fire_size;f_product_level;f_zero_no_detection
CYM,Caymanøyene,country,2025,burned_area_km2,0.0,km2,K1,owid_annual_area_burnt,measured,f_sensor_break;f_min_fire_size;f_product_level;f_zero_no_detection
CYM,Caymanøyene,country,2026,burned_area_km2,0.0,km2,K1,owid_annual_area_burnt,measured,f_sensor_break;f_min_fire_size;f_product_level;f_incomplete_year;f_zero_no_detection
CYP,Kypros,country,2012,burned_area_km2,31.37,km2,K1,owid_annual_area_burnt,measured,f_sensor_break;f_min_fire_size;f_product_level
CYP,Kypros,country,2013,burned_area_km2,32.05,km2,K1,owid_annual_area_burnt,measured,f_sensor_break;f_min_fire_size;f_product_level
CYP,Kypros,country,2014,burned_area_km2,2.71,km2,K1,owid_annual_area_burnt,measured,f_sensor_break;f_min_fire_size;f_product_level
CYP,Kypros,country,2015,burned_area_km2,21.14,km2,K1,owid_annual_area_burnt,measured,f_sensor_break;f_min_fire_size;f_product_level
CYP,Kypros,country,2016,burned_area_km2,31.59,km2,K1,owid_annual_area_burnt,measured,f_sensor_break;f_min_fire_size;f_product_level
CYP,Kypros,country,2017,burned_area_km2,5.85,km2,K1,owid_annual_area_burnt,measured,f_sensor_break;f_min_fire_size;f_product_level
CYP,Kypros,country,2018,burned_area_km2,18.23,km2,K1,owid_annual_area_burnt,measured,f_sensor_break;f_min_fire_size;f_product_level
CYP,Kypros,country,2019,burned_area_km2,9.43,km2,K1,owid_annual_area_burnt,measured,f_sensor_break;f_min_fire_size;f_product_level
CYP,Kypros,country,2020,burned_area_km2,23.29,km2,K1,owid_annual_area_burnt,measured,f_sensor_break;f_min_fire_size;f_product_level
CYP,Kypros,country,2021,burned_area_km2,31.52,km2,K1,owid_annual_area_burnt,measured,f_sensor_break;f_min_fire_size;f_product_level
CYP,Kypros,country,2022,burned_area_km2,8.33,km2,K1,owid_annual_area_burnt,measured,f_sensor_break;f_min_fire_size;f_product_level
CYP,Kypros,country,2023,burned_area_km2,9.26,km2,K1,owid_annual_area_burnt,measured,f_sensor_break;f_min_fire_size;f_product_level
CYP,Kypros,country,2024,burned_area_km2,5.5,km2,K1,owid_annual_area_burnt,measured,f_sensor_break;f_min_fire_size;f_product_level
CYP,Kypros,country,2025,burned_area_km2,39.27,km2,K1,owid_annual_area_burnt,measured,f_sensor_break;f_min_fire_size;f_product_level
CYP,Kypros,country,2026,burned_area_km2,0.0,km2,K1,owid_annual_area_burnt,measured,f_sensor_break;f_min_fire_size;f_product_level;f_incomplete_year;f_zero_no_detection
CZE,Tsjekkia,country,2012,burned_area_km2,8.4,km2,K1,owid_annual_area_burnt,measured,f_sensor_break;f_min_fire_size;f_product_level
CZE,Tsjekkia,country,2013,burned_area_km2,1.77,km2,K1,owid_annual_area_burnt,measured,f_sensor_break;f_min_fire_size;f_product_level
CZE,Tsjekkia,country,2014,burned_area_km2,10.1,km2,K1,owid_annual_area_burnt,measured,f_sensor_break;f_min_fire_size;f_product_level
CZE,Tsjekkia,country,2015,burned_area_km2,4.51,km2,K1,owid_annual_area_burnt,measured,f_sensor_break;f_min_fire_size;f_product_level
CZE,Tsjekkia,country,2016,burned_area_km2,1.2,km2,K1,owid_annual_area_burnt,measured,f_sensor_break;f_min_fire_size;f_product_level
CZE,Tsjekkia,country,2017,burned_area_km2,6.16,km2,K1,owid_annual_area_burnt,measured,f_sensor_break;f_min_fire_size;f_product_level
CZE,Tsjekkia,country,2018,burned_area_km2,5.71,km2,K1,owid_annual_area_burnt,measured,f_sensor_break;f_min_fire_size;f_product_level
CZE,Tsjekkia,country,2019,burned_area_km2,1.77,km2,K1,owid_annual_area_burnt,measured,f_sensor_break;f_min_fire_size;f_product_level
CZE,Tsjekkia,country,2020,burned_area_km2,19.95,km2,K1,owid_annual_area_burnt,measured,f_sensor_break;f_min_fire_size;f_product_level
CZE,Tsjekkia,country,2021,burned_area_km2,4.69,km2,K1,owid_annual_area_burnt,measured,f_sensor_break;f_min_fire_size;f_product_level
CZE,Tsjekkia,country,2022,burned_area_km2,1.0,km2,K1,owid_annual_area_burnt,measured,f_sensor_break;f_min_fire_size;f_product_level
CZE,Tsjekkia,country,2023,burned_area_km2,2.83,km2,K1,owid_annual_area_burnt,measured,f_sensor_break;f_min_fire_size;f_product_level
CZE,Tsjekkia,country,2024,burned_area_km2,0.0,km2,K1,owid_annual_area_burnt,measured,f_sensor_break;f_min_fire_size;f_product_level;f_zero_no_detection
CZE,Tsjekkia,country,2025,burned_area_km2,3.52,km2,K1,owid_annual_area_burnt,measured,f_sensor_break;f_min_fire_size;f_product_level
CZE,Tsjekkia,country,2026,burned_area_km2,1.88,km2,K1,owid_annual_area_burnt,measured,f_sensor_break;f_min_fire_size;f_product_level;f_incomplete_year
DEU,Tyskland,country,2012,burned_area_km2,18.88,km2,K1,owid_annual_area_burnt,measured,f_sensor_break;f_min_fire_size;f_product_level
DEU,Tyskland,country,2013,burned_area_km2,22.04,km2,K1,owid_annual_area_burnt,measured,f_sensor_break;f_min_fire_size;f_product_level
DEU,Tyskland,country,2014,burned_area_km2,13.15,km2,K1,owid_annual_area_burnt,measured,f_sensor_break;f_min_fire_size;f_product_level
DEU,Tyskland,country,2015,burned_area_km2,24.15,km2,K1,owid_annual_area_burnt,measured,f_sensor_break;f_min_fire_size;f_product_level
DEU,Tyskland,country,2016,burned_area_km2,19.55,km2,K1,owid_annual_area_burnt,measured,f_sensor_break;f_min_fire_size;f_product_level
DEU,Tyskland,country,2017,burned_area_km2,11.03,km2,K1,owid_annual_area_burnt,measured,f_sensor_break;f_min_fire_size;f_product_level
DEU,Tyskland,country,2018,burned_area_km2,95.22,km2,K1,owid_annual_area_burnt,measured,f_sensor_break;f_min_fire_size;f_product_level
DEU,Tyskland,country,2019,burned_area_km2,62.27,km2,K1,owid_annual_area_burnt,measured,f_sensor_break;f_min_fire_size;f_product_level
DEU,Tyskland,country,2020,burned_area_km2,26.21,km2,K1,owid_annual_area_burnt,measured,f_sensor_break;f_min_fire_size;f_product_level
DEU,Tyskland,country,2021,burned_area_km2,9.48,km2,K1,owid_annual_area_burnt,measured,f_sensor_break;f_min_fire_size;f_product_level
DEU,Tyskland,country,2022,burned_area_km2,104.48,km2,K1,owid_annual_area_burnt,measured,f_sensor_break;f_min_fire_size;f_product_level
DEU,Tyskland,country,2023,burned_area_km2,54.06,km2,K1,owid_annual_area_burnt,measured,f_sensor_break;f_min_fire_size;f_product_level
DEU,Tyskland,country,2024,burned_area_km2,59.07,km2,K1,owid_annual_area_burnt,measured,f_sensor_break;f_min_fire_size;f_product_level
DEU,Tyskland,country,2025,burned_area_km2,105.95,km2,K1,owid_annual_area_burnt,measured,f_sensor_break;f_min_fire_size;f_product_level
DEU,Tyskland,country,2026,burned_area_km2,46.35,km2,K1,owid_annual_area_burnt,measured,f_sensor_break;f_min_fire_size;f_product_level;f_incomplete_year
DJI,Djibouti,country,2012,burned_area_km2,0.0,km2,K1,owid_annual_area_burnt,measured,f_sensor_break;f_min_fire_size;f_product_level;f_zero_no_detection
DJI,Djibouti,country,2013,burned_area_km2,0.0,km2,K1,owid_annual_area_burnt,measured,f_sensor_break;f_min_fire_size;f_product_level;f_zero_no_detection
DJI,Djibouti,country,2014,burned_area_km2,0.0,km2,K1,owid_annual_area_burnt,measured,f_sensor_break;f_min_fire_size;f_product_level;f_zero_no_detection
DJI,Djibouti,country,2015,burned_area_km2,0.0,km2,K1,owid_annual_area_burnt,measured,f_sensor_break;f_min_fire_size;f_product_level;f_zero_no_detection
DJI,Djibouti,country,2016,burned_area_km2,2.4,km2,K1,owid_annual_area_burnt,measured,f_sensor_break;f_min_fire_size;f_product_level
DJI,Djibouti,country,2017,burned_area_km2,2.02,km2,K1,owid_annual_area_burnt,measured,f_sensor_break;f_min_fire_size;f_product_level
DJI,Djibouti,country,2018,burned_area_km2,3.71,km2,K1,owid_annual_area_burnt,measured,f_sensor_break;f_min_fire_size;f_product_level
DJI,Djibouti,country,2019,burned_area_km2,3.4,km2,K1,owid_annual_area_burnt,measured,f_sensor_break;f_min_fire_size;f_product_level
DJI,Djibouti,country,2020,burned_area_km2,4.6,km2,K1,owid_annual_area_burnt,measured,f_sensor_break;f_min_fire_size;f_product_level
DJI,Djibouti,country,2021,burned_area_km2,1.36,km2,K1,owid_annual_area_burnt,measured,f_sensor_break;f_min_fire_size;f_product_level
DJI,Djibouti,country,2022,burned_area_km2,0.0,km2,K1,owid_annual_area_burnt,measured,f_sensor_break;f_min_fire_size;f_product_level;f_zero_no_detection
DJI,Djibouti,country,2023,burned_area_km2,0.0,km2,K1,owid_annual_area_burnt,measured,f_sensor_break;f_min_fire_size;f_product_level;f_zero_no_detection
DJI,Djibouti,country,2024,burned_area_km2,0.0,km2,K1,owid_annual_area_burnt,measured,f_sensor_break;f_min_fire_size;f_product_level;f_zero_no_detection
DJI,Djibouti,country,2025,burned_area_km2,5.21,km2,K1,owid_annual_area_burnt,measured,f_sensor_break;f_min_fire_size;f_product_level
DJI,Djibouti,country,2026,burned_area_km2,2.07,km2,K1,owid_annual_area_burnt,measured,f_sensor_break;f_min_fire_size;f_product_level;f_incomplete_year
DMA,Dominica,country,2012,burned_area_km2,0.0,km2,K1,owid_annual_area_burnt,measured,f_sensor_break;f_min_fire_size;f_product_level;f_zero_no_detection
DMA,Dominica,country,2013,burned_area_km2,0.0,km2,K1,owid_annual_area_burnt,measured,f_sensor_break;f_min_fire_size;f_product_level;f_zero_no_detection
DMA,Dominica,country,2014,burned_area_km2,0.0,km2,K1,owid_annual_area_burnt,measured,f_sensor_break;f_min_fire_size;f_product_level;f_zero_no_detection
DMA,Dominica,country,2015,burned_area_km2,0.0,km2,K1,owid_annual_area_burnt,measured,f_sensor_break;f_min_fire_size;f_product_level;f_zero_no_detection
DMA,Dominica,country,2016,burned_area_km2,0.0,km2,K1,owid_annual_area_burnt,measured,f_sensor_break;f_min_fire_size;f_product_level;f_zero_no_detection
DMA,Dominica,country,2017,burned_area_km2,1.78,km2,K1,owid_annual_area_burnt,measured,f_sensor_break;f_min_fire_size;f_product_level
DMA,Dominica,country,2018,burned_area_km2,0.0,km2,K1,owid_annual_area_burnt,measured,f_sensor_break;f_min_fire_size;f_product_level;f_zero_no_detection
DMA,Dominica,country,2019,burned_area_km2,2.47,km2,K1,owid_annual_area_burnt,measured,f_sensor_break;f_min_fire_size;f_product_level
DMA,Dominica,country,2020,burned_area_km2,1.31,km2,K1,owid_annual_area_burnt,measured,f_sensor_break;f_min_fire_size;f_product_level
DMA,Dominica,country,2021,burned_area_km2,2.07,km2,K1,owid_annual_area_burnt,measured,f_sensor_break;f_min_fire_size;f_product_level
DMA,Dominica,country,2022,burned_area_km2,0.0,km2,K1,owid_annual_area_burnt,measured,f_sensor_break;f_min_fire_size;f_product_level;f_zero_no_detection
DMA,Dominica,country,2023,burned_area_km2,1.98,km2,K1,owid_annual_area_burnt,measured,f_sensor_break;f_min_fire_size;f_product_level
DMA,Dominica,country,2024,burned_area_km2,0.0,km2,K1,owid_annual_area_burnt,measured,f_sensor_break;f_min_fire_size;f_product_level;f_zero_no_detection
DMA,Dominica,country,2025,burned_area_km2,0.0,km2,K1,owid_annual_area_burnt,measured,f_sensor_break;f_min_fire_size;f_product_level;f_zero_no_detection
DMA,Dominica,country,2026,burned_area_km2,0.0,km2,K1,owid_annual_area_burnt,measured,f_sensor_break;f_min_fire_size;f_product_level;f_incomplete_year;f_zero_no_detection
DNK,Danmark,country,2012,burned_area_km2,5.47,km2,K1,owid_annual_area_burnt,measured,f_sensor_break;f_min_fire_size;f_product_level
DNK,Danmark,country,2013,burned_area_km2,2.89,km2,K1,owid_annual_area_burnt,measured,f_sensor_break;f_min_fire_size;f_product_level
DNK,Danmark,country,2014,burned_area_km2,5.23,km2,K1,owid_annual_area_burnt,measured,f_sensor_break;f_min_fire_size;f_product_level
DNK,Danmark,country,2015,burned_area_km2,8.65,km2,K1,owid_annual_area_burnt,measured,f_sensor_break;f_min_fire_size;f_product_level
DNK,Danmark,country,2016,burned_area_km2,0.79,km2,K1,owid_annual_area_burnt,measured,f_sensor_break;f_min_fire_size;f_product_level
DNK,Danmark,country,2017,burned_area_km2,6.74,km2,K1,owid_annual_area_burnt,measured,f_sensor_break;f_min_fire_size;f_product_level
DNK,Danmark,country,2018,burned_area_km2,12.39,km2,K1,owid_annual_area_burnt,measured,f_sensor_break;f_min_fire_size;f_product_level
DNK,Danmark,country,2019,burned_area_km2,0.0,km2,K1,owid_annual_area_burnt,measured,f_sensor_break;f_min_fire_size;f_product_level;f_zero_no_detection
DNK,Danmark,country,2020,burned_area_km2,0.0,km2,K1,owid_annual_area_burnt,measured,f_sensor_break;f_min_fire_size;f_product_level;f_zero_no_detection
DNK,Danmark,country,2021,burned_area_km2,6.45,km2,K1,owid_annual_area_burnt,measured,f_sensor_break;f_min_fire_size;f_product_level
DNK,Danmark,country,2022,burned_area_km2,15.56,km2,K1,owid_annual_area_burnt,measured,f_sensor_break;f_min_fire_size;f_product_level
DNK,Danmark,country,2023,burned_area_km2,9.51,km2,K1,owid_annual_area_burnt,measured,f_sensor_break;f_min_fire_size;f_product_level
DNK,Danmark,country,2024,burned_area_km2,9.05,km2,K1,owid_annual_area_burnt,measured,f_sensor_break;f_min_fire_size;f_product_level
DNK,Danmark,country,2025,burned_area_km2,11.92,km2,K1,owid_annual_area_burnt,measured,f_sensor_break;f_min_fire_size;f_product_level
DNK,Danmark,country,2026,burned_area_km2,11.77,km2,K1,owid_annual_area_burnt,measured,f_sensor_break;f_min_fire_size;f_product_level;f_incomplete_year
DOM,Den dominikanske republikk,country,2012,burned_area_km2,647.47,km2,K1,owid_annual_area_burnt,measured,f_sensor_break;f_min_fire_size;f_product_level
DOM,Den dominikanske republikk,country,2013,burned_area_km2,1120.65,km2,K1,owid_annual_area_burnt,measured,f_sensor_break;f_min_fire_size;f_product_level
DOM,Den dominikanske republikk,country,2014,burned_area_km2,713.42,km2,K1,owid_annual_area_burnt,measured,f_sensor_break;f_min_fire_size;f_product_level
DOM,Den dominikanske republikk,country,2015,burned_area_km2,989.37,km2,K1,owid_annual_area_burnt,measured,f_sensor_break;f_min_fire_size;f_product_level
DOM,Den dominikanske republikk,country,2016,burned_area_km2,300.41,km2,K1,owid_annual_area_burnt,measured,f_sensor_break;f_min_fire_size;f_product_level
DOM,Den dominikanske republikk,country,2017,burned_area_km2,228.81,km2,K1,owid_annual_area_burnt,measured,f_sensor_break;f_min_fire_size;f_product_level
DOM,Den dominikanske republikk,country,2018,burned_area_km2,379.25,km2,K1,owid_annual_area_burnt,measured,f_sensor_break;f_min_fire_size;f_product_level
DOM,Den dominikanske republikk,country,2019,burned_area_km2,540.3,km2,K1,owid_annual_area_burnt,measured,f_sensor_break;f_min_fire_size;f_product_level
DOM,Den dominikanske republikk,country,2020,burned_area_km2,513.6,km2,K1,owid_annual_area_burnt,measured,f_sensor_break;f_min_fire_size;f_product_level
DOM,Den dominikanske republikk,country,2021,burned_area_km2,556.78,km2,K1,owid_annual_area_burnt,measured,f_sensor_break;f_min_fire_size;f_product_level
DOM,Den dominikanske republikk,country,2022,burned_area_km2,532.65,km2,K1,owid_annual_area_burnt,measured,f_sensor_break;f_min_fire_size;f_product_level
DOM,Den dominikanske republikk,country,2023,burned_area_km2,894.66,km2,K1,owid_annual_area_burnt,measured,f_sensor_break;f_min_fire_size;f_product_level
DOM,Den dominikanske republikk,country,2024,burned_area_km2,300.57,km2,K1,owid_annual_area_burnt,measured,f_sensor_break;f_min_fire_size;f_product_level
DOM,Den dominikanske republikk,country,2025,burned_area_km2,323.38,km2,K1,owid_annual_area_burnt,measured,f_sensor_break;f_min_fire_size;f_product_level
DOM,Den dominikanske republikk,country,2026,burned_area_km2,202.33,km2,K1,owid_annual_area_burnt,measured,f_sensor_break;f_min_fire_size;f_product_level;f_incomplete_year
DZA,Algerie,country,2012,burned_area_km2,6311.08,km2,K1,owid_annual_area_burnt,measured,f_sensor_break;f_min_fire_size;f_product_level
DZA,Algerie,country,2013,burned_area_km2,1182.19,km2,K1,owid_annual_area_burnt,measured,f_sensor_break;f_min_fire_size;f_product_level
DZA,Algerie,country,2014,burned_area_km2,2975.48,km2,K1,owid_annual_area_burnt,measured,f_sensor_break;f_min_fire_size;f_product_level
DZA,Algerie,country,2015,burned_area_km2,1238.54,km2,K1,owid_annual_area_burnt,measured,f_sensor_break;f_min_fire_size;f_product_level
DZA,Algerie,country,2016,burned_area_km2,1706.39,km2,K1,owid_annual_area_burnt,measured,f_sensor_break;f_min_fire_size;f_product_level
DZA,Algerie,country,2017,burned_area_km2,2867.97,km2,K1,owid_annual_area_burnt,measured,f_sensor_break;f_min_fire_size;f_product_level
DZA,Algerie,country,2018,burned_area_km2,342.88,km2,K1,owid_annual_area_burnt,measured,f_sensor_break;f_min_fire_size;f_product_level
DZA,Algerie,country,2019,burned_area_km2,1606.22,km2,K1,owid_annual_area_burnt,measured,f_sensor_break;f_min_fire_size;f_product_level
DZA,Algerie,country,2020,burned_area_km2,2746.61,km2,K1,owid_annual_area_burnt,measured,f_sensor_break;f_min_fire_size;f_product_level
DZA,Algerie,country,2021,burned_area_km2,1812.9,km2,K1,owid_annual_area_burnt,measured,f_sensor_break;f_min_fire_size;f_product_level
DZA,Algerie,country,2022,burned_area_km2,950.14,km2,K1,owid_annual_area_burnt,measured,f_sensor_break;f_min_fire_size;f_product_level
DZA,Algerie,country,2023,burned_area_km2,908.86,km2,K1,owid_annual_area_burnt,measured,f_sensor_break;f_min_fire_size;f_product_level
DZA,Algerie,country,2024,burned_area_km2,246.16,km2,K1,owid_annual_area_burnt,measured,f_sensor_break;f_min_fire_size;f_product_level
DZA,Algerie,country,2025,burned_area_km2,389.28,km2,K1,owid_annual_area_burnt,measured,f_sensor_break;f_min_fire_size;f_product_level
DZA,Algerie,country,2026,burned_area_km2,979.85,km2,K1,owid_annual_area_burnt,measured,f_sensor_break;f_min_fire_size;f_product_level;f_incomplete_year
ECU,Ecuador,country,2012,burned_area_km2,2718.12,km2,K1,owid_annual_area_burnt,measured,f_sensor_break;f_min_fire_size;f_product_level
ECU,Ecuador,country,2013,burned_area_km2,2321.42,km2,K1,owid_annual_area_burnt,measured,f_sensor_break;f_min_fire_size;f_product_level
ECU,Ecuador,country,2014,burned_area_km2,1533.18,km2,K1,owid_annual_area_burnt,measured,f_sensor_break;f_min_fire_size;f_product_level
ECU,Ecuador,country,2015,burned_area_km2,1610.09,km2,K1,owid_annual_area_burnt,measured,f_sensor_break;f_min_fire_size;f_product_level
ECU,Ecuador,country,2016,burned_area_km2,3364.76,km2,K1,owid_annual_area_burnt,measured,f_sensor_break;f_min_fire_size;f_product_level
ECU,Ecuador,country,2017,burned_area_km2,1333.5,km2,K1,owid_annual_area_burnt,measured,f_sensor_break;f_min_fire_size;f_product_level
ECU,Ecuador,country,2018,burned_area_km2,1823.0,km2,K1,owid_annual_area_burnt,measured,f_sensor_break;f_min_fire_size;f_product_level
ECU,Ecuador,country,2019,burned_area_km2,2493.91,km2,K1,owid_annual_area_burnt,measured,f_sensor_break;f_min_fire_size;f_product_level
ECU,Ecuador,country,2020,burned_area_km2,3343.85,km2,K1,owid_annual_area_burnt,measured,f_sensor_break;f_min_fire_size;f_product_level
ECU,Ecuador,country,2021,burned_area_km2,1548.46,km2,K1,owid_annual_area_burnt,measured,f_sensor_break;f_min_fire_size;f_product_level
ECU,Ecuador,country,2022,burned_area_km2,3041.19,km2,K1,owid_annual_area_burnt,measured,f_sensor_break;f_min_fire_size;f_product_level
ECU,Ecuador,country,2023,burned_area_km2,931.14,km2,K1,owid_annual_area_burnt,measured,f_sensor_break;f_min_fire_size;f_product_level
ECU,Ecuador,country,2024,burned_area_km2,3007.13,km2,K1,owid_annual_area_burnt,measured,f_sensor_break;f_min_fire_size;f_product_level
ECU,Ecuador,country,2025,burned_area_km2,1327.93,km2,K1,owid_annual_area_burnt,measured,f_sensor_break;f_min_fire_size;f_product_level
ECU,Ecuador,country,2026,burned_area_km2,128.66,km2,K1,owid_annual_area_burnt,measured,f_sensor_break;f_min_fire_size;f_product_level;f_incomplete_year
EGY,Egypt,country,2012,burned_area_km2,123.16,km2,K1,owid_annual_area_burnt,measured,f_sensor_break;f_min_fire_size;f_product_level
EGY,Egypt,country,2013,burned_area_km2,214.82,km2,K1,owid_annual_area_burnt,measured,f_sensor_break;f_min_fire_size;f_product_level
EGY,Egypt,country,2014,burned_area_km2,173.66,km2,K1,owid_annual_area_burnt,measured,f_sensor_break;f_min_fire_size;f_product_level
EGY,Egypt,country,2015,burned_area_km2,146.33,km2,K1,owid_annual_area_burnt,measured,f_sensor_break;f_min_fire_size;f_product_level
EGY,Egypt,country,2016,burned_area_km2,237.69,km2,K1,owid_annual_area_burnt,measured,f_sensor_break;f_min_fire_size;f_product_level
EGY,Egypt,country,2017,burned_area_km2,197.69,km2,K1,owid_annual_area_burnt,measured,f_sensor_break;f_min_fire_size;f_product_level
EGY,Egypt,country,2018,burned_area_km2,113.28,km2,K1,owid_annual_area_burnt,measured,f_sensor_break;f_min_fire_size;f_product_level
EGY,Egypt,country,2019,burned_area_km2,91.17,km2,K1,owid_annual_area_burnt,measured,f_sensor_break;f_min_fire_size;f_product_level
EGY,Egypt,country,2020,burned_area_km2,144.52,km2,K1,owid_annual_area_burnt,measured,f_sensor_break;f_min_fire_size;f_product_level
EGY,Egypt,country,2021,burned_area_km2,171.72,km2,K1,owid_annual_area_burnt,measured,f_sensor_break;f_min_fire_size;f_product_level
EGY,Egypt,country,2022,burned_area_km2,233.75,km2,K1,owid_annual_area_burnt,measured,f_sensor_break;f_min_fire_size;f_product_level
EGY,Egypt,country,2023,burned_area_km2,213.86,km2,K1,owid_annual_area_burnt,measured,f_sensor_break;f_min_fire_size;f_product_level
EGY,Egypt,country,2024,burned_area_km2,134.69,km2,K1,owid_annual_area_burnt,measured,f_sensor_break;f_min_fire_size;f_product_level
EGY,Egypt,country,2025,burned_area_km2,46.81,km2,K1,owid_annual_area_burnt,measured,f_sensor_break;f_min_fire_size;f_product_level
EGY,Egypt,country,2026,burned_area_km2,36.7,km2,K1,owid_annual_area_burnt,measured,f_sensor_break;f_min_fire_size;f_product_level;f_incomplete_year
ERI,Eritrea,country,2012,burned_area_km2,87.18,km2,K1,owid_annual_area_burnt,measured,f_sensor_break;f_min_fire_size;f_product_level
ERI,Eritrea,country,2013,burned_area_km2,98.81,km2,K1,owid_annual_area_burnt,measured,f_sensor_break;f_min_fire_size;f_product_level
ERI,Eritrea,country,2014,burned_area_km2,91.43,km2,K1,owid_annual_area_burnt,measured,f_sensor_break;f_min_fire_size;f_product_level
ERI,Eritrea,country,2015,burned_area_km2,75.75,km2,K1,owid_annual_area_burnt,measured,f_sensor_break;f_min_fire_size;f_product_level
ERI,Eritrea,country,2016,burned_area_km2,37.41,km2,K1,owid_annual_area_burnt,measured,f_sensor_break;f_min_fire_size;f_product_level
ERI,Eritrea,country,2017,burned_area_km2,26.75,km2,K1,owid_annual_area_burnt,measured,f_sensor_break;f_min_fire_size;f_product_level
ERI,Eritrea,country,2018,burned_area_km2,51.97,km2,K1,owid_annual_area_burnt,measured,f_sensor_break;f_min_fire_size;f_product_level
ERI,Eritrea,country,2019,burned_area_km2,216.6,km2,K1,owid_annual_area_burnt,measured,f_sensor_break;f_min_fire_size;f_product_level
ERI,Eritrea,country,2020,burned_area_km2,608.24,km2,K1,owid_annual_area_burnt,measured,f_sensor_break;f_min_fire_size;f_product_level
ERI,Eritrea,country,2021,burned_area_km2,297.96,km2,K1,owid_annual_area_burnt,measured,f_sensor_break;f_min_fire_size;f_product_level
ERI,Eritrea,country,2022,burned_area_km2,217.86,km2,K1,owid_annual_area_burnt,measured,f_sensor_break;f_min_fire_size;f_product_level
ERI,Eritrea,country,2023,burned_area_km2,183.67,km2,K1,owid_annual_area_burnt,measured,f_sensor_break;f_min_fire_size;f_product_level
ERI,Eritrea,country,2024,burned_area_km2,57.07,km2,K1,owid_annual_area_burnt,measured,f_sensor_break;f_min_fire_size;f_product_level
ERI,Eritrea,country,2025,burned_area_km2,289.9,km2,K1,owid_annual_area_burnt,measured,f_sensor_break;f_min_fire_size;f_product_level
ERI,Eritrea,country,2026,burned_area_km2,96.9,km2,K1,owid_annual_area_burnt,measured,f_sensor_break;f_min_fire_size;f_product_level;f_incomplete_year
ESH,Vest-Sahara,country,2012,burned_area_km2,0.0,km2,K1,owid_annual_area_burnt,measured,f_sensor_break;f_min_fire_size;f_product_level;f_zero_no_detection
ESH,Vest-Sahara,country,2013,burned_area_km2,0.0,km2,K1,owid_annual_area_burnt,measured,f_sensor_break;f_min_fire_size;f_product_level;f_zero_no_detection
ESH,Vest-Sahara,country,2014,burned_area_km2,0.0,km2,K1,owid_annual_area_burnt,measured,f_sensor_break;f_min_fire_size;f_product_level;f_zero_no_detection
ESH,Vest-Sahara,country,2015,burned_area_km2,0.0,km2,K1,owid_annual_area_burnt,measured,f_sensor_break;f_min_fire_size;f_product_level;f_zero_no_detection
ESH,Vest-Sahara,country,2016,burned_area_km2,0.0,km2,K1,owid_annual_area_burnt,measured,f_sensor_break;f_min_fire_size;f_product_level;f_zero_no_detection
ESH,Vest-Sahara,country,2017,burned_area_km2,0.0,km2,K1,owid_annual_area_burnt,measured,f_sensor_break;f_min_fire_size;f_product_level;f_zero_no_detection
ESH,Vest-Sahara,country,2018,burned_area_km2,1.45,km2,K1,owid_annual_area_burnt,measured,f_sensor_break;f_min_fire_size;f_product_level
ESH,Vest-Sahara,country,2019,burned_area_km2,0.0,km2,K1,owid_annual_area_burnt,measured,f_sensor_break;f_min_fire_size;f_product_level;f_zero_no_detection
ESH,Vest-Sahara,country,2020,burned_area_km2,2.62,km2,K1,owid_annual_area_burnt,measured,f_sensor_break;f_min_fire_size;f_product_level
ESH,Vest-Sahara,country,2021,burned_area_km2,0.0,km2,K1,owid_annual_area_burnt,measured,f_sensor_break;f_min_fire_size;f_product_level;f_zero_no_detection
ESH,Vest-Sahara,country,2022,burned_area_km2,0.0,km2,K1,owid_annual_area_burnt,measured,f_sensor_break;f_min_fire_size;f_product_level;f_zero_no_detection
ESH,Vest-Sahara,country,2023,burned_area_km2,0.0,km2,K1,owid_annual_area_burnt,measured,f_sensor_break;f_min_fire_size;f_product_level;f_zero_no_detection
ESH,Vest-Sahara,country,2024,burned_area_km2,0.0,km2,K1,owid_annual_area_burnt,measured,f_sensor_break;f_min_fire_size;f_product_level;f_zero_no_detection
ESH,Vest-Sahara,country,2025,burned_area_km2,0.0,km2,K1,owid_annual_area_burnt,measured,f_sensor_break;f_min_fire_size;f_product_level;f_zero_no_detection
ESH,Vest-Sahara,country,2026,burned_area_km2,0.0,km2,K1,owid_annual_area_burnt,measured,f_sensor_break;f_min_fire_size;f_product_level;f_incomplete_year;f_zero_no_detection
ESP,Spania,country,2012,burned_area_km2,2942.95,km2,K1,owid_annual_area_burnt,measured,f_sensor_break;f_min_fire_size;f_product_level
ESP,Spania,country,2013,burned_area_km2,985.06,km2,K1,owid_annual_area_burnt,measured,f_sensor_break;f_min_fire_size;f_product_level
ESP,Spania,country,2014,burned_area_km2,859.01,km2,K1,owid_annual_area_burnt,measured,f_sensor_break;f_min_fire_size;f_product_level
ESP,Spania,country,2015,burned_area_km2,1452.7,km2,K1,owid_annual_area_burnt,measured,f_sensor_break;f_min_fire_size;f_product_level
ESP,Spania,country,2016,burned_area_km2,1167.49,km2,K1,owid_annual_area_burnt,measured,f_sensor_break;f_min_fire_size;f_product_level
ESP,Spania,country,2017,burned_area_km2,2387.54,km2,K1,owid_annual_area_burnt,measured,f_sensor_break;f_min_fire_size;f_product_level
ESP,Spania,country,2018,burned_area_km2,453.36,km2,K1,owid_annual_area_burnt,measured,f_sensor_break;f_min_fire_size;f_product_level
ESP,Spania,country,2019,burned_area_km2,1427.38,km2,K1,owid_annual_area_burnt,measured,f_sensor_break;f_min_fire_size;f_product_level
ESP,Spania,country,2020,burned_area_km2,1053.54,km2,K1,owid_annual_area_burnt,measured,f_sensor_break;f_min_fire_size;f_product_level
ESP,Spania,country,2021,burned_area_km2,1275.33,km2,K1,owid_annual_area_burnt,measured,f_sensor_break;f_min_fire_size;f_product_level
ESP,Spania,country,2022,burned_area_km2,3492.9,km2,K1,owid_annual_area_burnt,measured,f_sensor_break;f_min_fire_size;f_product_level
ESP,Spania,country,2023,burned_area_km2,1406.58,km2,K1,owid_annual_area_burnt,measured,f_sensor_break;f_min_fire_size;f_product_level
ESP,Spania,country,2024,burned_area_km2,559.78,km2,K1,owid_annual_area_burnt,measured,f_sensor_break;f_min_fire_size;f_product_level
ESP,Spania,country,2025,burned_area_km2,3972.53,km2,K1,owid_annual_area_burnt,measured,f_sensor_break;f_min_fire_size;f_product_level
ESP,Spania,country,2026,burned_area_km2,1796.77,km2,K1,owid_annual_area_burnt,measured,f_sensor_break;f_min_fire_size;f_product_level;f_incomplete_year
EST,Estland,country,2012,burned_area_km2,0.0,km2,K1,owid_annual_area_burnt,measured,f_sensor_break;f_min_fire_size;f_product_level;f_zero_no_detection
EST,Estland,country,2013,burned_area_km2,2.96,km2,K1,owid_annual_area_burnt,measured,f_sensor_break;f_min_fire_size;f_product_level
EST,Estland,country,2014,burned_area_km2,2.35,km2,K1,owid_annual_area_burnt,measured,f_sensor_break;f_min_fire_size;f_product_level
EST,Estland,country,2015,burned_area_km2,2.12,km2,K1,owid_annual_area_burnt,measured,f_sensor_break;f_min_fire_size;f_product_level
EST,Estland,country,2016,burned_area_km2,0.04,km2,K1,owid_annual_area_burnt,measured,f_sensor_break;f_min_fire_size;f_product_level
EST,Estland,country,2017,burned_area_km2,0.0,km2,K1,owid_annual_area_burnt,measured,f_sensor_break;f_min_fire_size;f_product_level;f_zero_no_detection
EST,Estland,country,2018,burned_area_km2,12.67,km2,K1,owid_annual_area_burnt,measured,f_sensor_break;f_min_fire_size;f_product_level
EST,Estland,country,2019,burned_area_km2,0.13,km2,K1,owid_annual_area_burnt,measured,f_sensor_break;f_min_fire_size;f_product_level
EST,Estland,country,2020,burned_area_km2,0.0,km2,K1,owid_annual_area_burnt,measured,f_sensor_break;f_min_fire_size;f_product_level;f_zero_no_detection
EST,Estland,country,2021,burned_area_km2,0.0,km2,K1,owid_annual_area_burnt,measured,f_sensor_break;f_min_fire_size;f_product_level;f_zero_no_detection
EST,Estland,country,2022,burned_area_km2,0.04,km2,K1,owid_annual_area_burnt,measured,f_sensor_break;f_min_fire_size;f_product_level
EST,Estland,country,2023,burned_area_km2,4.35,km2,K1,owid_annual_area_burnt,measured,f_sensor_break;f_min_fire_size;f_product_level
EST,Estland,country,2024,burned_area_km2,0.0,km2,K1,owid_annual_area_burnt,measured,f_sensor_break;f_min_fire_size;f_product_level;f_zero_no_detection
EST,Estland,country,2025,burned_area_km2,0.0,km2,K1,owid_annual_area_burnt,measured,f_sensor_break;f_min_fire_size;f_product_level;f_zero_no_detection
EST,Estland,country,2026,burned_area_km2,0.0,km2,K1,owid_annual_area_burnt,measured,f_sensor_break;f_min_fire_size;f_product_level;f_incomplete_year;f_zero_no_detection
ETH,Etiopia,country,2012,burned_area_km2,59657.84,km2,K1,owid_annual_area_burnt,measured,f_sensor_break;f_min_fire_size;f_product_level
ETH,Etiopia,country,2013,burned_area_km2,69854.87,km2,K1,owid_annual_area_burnt,measured,f_sensor_break;f_min_fire_size;f_product_level
ETH,Etiopia,country,2014,burned_area_km2,61412.09,km2,K1,owid_annual_area_burnt,measured,f_sensor_break;f_min_fire_size;f_product_level
ETH,Etiopia,country,2015,burned_area_km2,74424.69,km2,K1,owid_annual_area_burnt,measured,f_sensor_break;f_min_fire_size;f_product_level
ETH,Etiopia,country,2016,burned_area_km2,69853.07,km2,K1,owid_annual_area_burnt,measured,f_sensor_break;f_min_fire_size;f_product_level
ETH,Etiopia,country,2017,burned_area_km2,61263.7,km2,K1,owid_annual_area_burnt,measured,f_sensor_break;f_min_fire_size;f_product_level
ETH,Etiopia,country,2018,burned_area_km2,33894.18,km2,K1,owid_annual_area_burnt,measured,f_sensor_break;f_min_fire_size;f_product_level
ETH,Etiopia,country,2019,burned_area_km2,52242.58,km2,K1,owid_annual_area_burnt,measured,f_sensor_break;f_min_fire_size;f_product_level
ETH,Etiopia,country,2020,burned_area_km2,56193.82,km2,K1,owid_annual_area_burnt,measured,f_sensor_break;f_min_fire_size;f_product_level
ETH,Etiopia,country,2021,burned_area_km2,64972.1,km2,K1,owid_annual_area_burnt,measured,f_sensor_break;f_min_fire_size;f_product_level
ETH,Etiopia,country,2022,burned_area_km2,46658.74,km2,K1,owid_annual_area_burnt,measured,f_sensor_break;f_min_fire_size;f_product_level
ETH,Etiopia,country,2023,burned_area_km2,40104.99,km2,K1,owid_annual_area_burnt,measured,f_sensor_break;f_min_fire_size;f_product_level
ETH,Etiopia,country,2024,burned_area_km2,31815.35,km2,K1,owid_annual_area_burnt,measured,f_sensor_break;f_min_fire_size;f_product_level
ETH,Etiopia,country,2025,burned_area_km2,32128.58,km2,K1,owid_annual_area_burnt,measured,f_sensor_break;f_min_fire_size;f_product_level
ETH,Etiopia,country,2026,burned_area_km2,18511.31,km2,K1,owid_annual_area_burnt,measured,f_sensor_break;f_min_fire_size;f_product_level;f_incomplete_year
EU27,EU (27 land),region,2012,burned_area_km2,15373.59,km2,K1,owid_annual_area_burnt,measured,f_sensor_break;f_min_fire_size;f_product_level
EU27,EU (27 land),region,2013,burned_area_km2,7727.94,km2,K1,owid_annual_area_burnt,measured,f_sensor_break;f_min_fire_size;f_product_level
EU27,EU (27 land),region,2014,burned_area_km2,5883.91,km2,K1,owid_annual_area_burnt,measured,f_sensor_break;f_min_fire_size;f_product_level
EU27,EU (27 land),region,2015,burned_area_km2,7154.45,km2,K1,owid_annual_area_burnt,measured,f_sensor_break;f_min_fire_size;f_product_level
EU27,EU (27 land),region,2016,burned_area_km2,9513.86,km2,K1,owid_annual_area_burnt,measured,f_sensor_break;f_min_fire_size;f_product_level
EU27,EU (27 land),region,2017,burned_area_km2,15025.84,km2,K1,owid_annual_area_burnt,measured,f_sensor_break;f_min_fire_size;f_product_level
EU27,EU (27 land),region,2018,burned_area_km2,5655.62,km2,K1,owid_annual_area_burnt,measured,f_sensor_break;f_min_fire_size;f_product_level
EU27,EU (27 land),region,2019,burned_area_km2,9370.28,km2,K1,owid_annual_area_burnt,measured,f_sensor_break;f_min_fire_size;f_product_level
EU27,EU (27 land),region,2020,burned_area_km2,6487.09,km2,K1,owid_annual_area_burnt,measured,f_sensor_break;f_min_fire_size;f_product_level
EU27,EU (27 land),region,2021,burned_area_km2,8002.16,km2,K1,owid_annual_area_burnt,measured,f_sensor_break;f_min_fire_size;f_product_level
EU27,EU (27 land),region,2022,burned_area_km2,10753.14,km2,K1,owid_annual_area_burnt,measured,f_sensor_break;f_min_fire_size;f_product_level
EU27,EU (27 land),region,2023,burned_area_km2,6472.97,km2,K1,owid_annual_area_burnt,measured,f_sensor_break;f_min_fire_size;f_product_level
EU27,EU (27 land),region,2024,burned_area_km2,4878.77,km2,K1,owid_annual_area_burnt,measured,f_sensor_break;f_min_fire_size;f_product_level
EU27,EU (27 land),region,2025,burned_area_km2,9531.85,km2,K1,owid_annual_area_burnt,measured,f_sensor_break;f_min_fire_size;f_product_level
EU27,EU (27 land),region,2026,burned_area_km2,4355.63,km2,K1,owid_annual_area_burnt,measured,f_sensor_break;f_min_fire_size;f_product_level;f_incomplete_year
EUR,Europa,region,2012,burned_area_km2,281507.62,km2,K1,owid_annual_area_burnt,measured,f_sensor_break;f_min_fire_size;f_product_level
EUR,Europa,region,2013,burned_area_km2,117852.2,km2,K1,owid_annual_area_burnt,measured,f_sensor_break;f_min_fire_size;f_product_level
EUR,Europa,region,2014,burned_area_km2,227883.08,km2,K1,owid_annual_area_burnt,measured,f_sensor_break;f_min_fire_size;f_product_level
EUR,Europa,region,2015,burned_area_km2,173511.2,km2,K1,owid_annual_area_burnt,measured,f_sensor_break;f_min_fire_size;f_product_level
EUR,Europa,region,2016,burned_area_km2,176366.16,km2,K1,owid_annual_area_burnt,measured,f_sensor_break;f_min_fire_size;f_product_level
EUR,Europa,region,2017,burned_area_km2,150632.06,km2,K1,owid_annual_area_burnt,measured,f_sensor_break;f_min_fire_size;f_product_level
EUR,Europa,region,2018,burned_area_km2,159663.84,km2,K1,owid_annual_area_burnt,measured,f_sensor_break;f_min_fire_size;f_product_level
EUR,Europa,region,2019,burned_area_km2,186820.08,km2,K1,owid_annual_area_burnt,measured,f_sensor_break;f_min_fire_size;f_product_level
EUR,Europa,region,2020,burned_area_km2,185014.48,km2,K1,owid_annual_area_burnt,measured,f_sensor_break;f_min_fire_size;f_product_level
EUR,Europa,region,2021,burned_area_km2,188095.18,km2,K1,owid_annual_area_burnt,measured,f_sensor_break;f_min_fire_size;f_product_level
EUR,Europa,region,2022,burned_area_km2,126323.31,km2,K1,owid_annual_area_burnt,measured,f_sensor_break;f_min_fire_size;f_product_level
EUR,Europa,region,2023,burned_area_km2,115241.38,km2,K1,owid_annual_area_burnt,measured,f_sensor_break;f_min_fire_size;f_product_level
EUR,Europa,region,2024,burned_area_km2,139537.12,km2,K1,owid_annual_area_burnt,measured,f_sensor_break;f_min_fire_size;f_product_level
EUR,Europa,region,2025,burned_area_km2,86619.63,km2,K1,owid_annual_area_burnt,measured,f_sensor_break;f_min_fire_size;f_product_level
EUR,Europa,region,2026,burned_area_km2,39924.04,km2,K1,owid_annual_area_burnt,measured,f_sensor_break;f_min_fire_size;f_product_level;f_incomplete_year
EUR_XRU,Europa (uten Russland),region,2012,burned_area_km2,29239.15,km2,K1,owid_annual_area_burnt,measured,f_sensor_break;f_min_fire_size;f_product_level
EUR_XRU,Europa (uten Russland),region,2013,burned_area_km2,14426.68,km2,K1,owid_annual_area_burnt,measured,f_sensor_break;f_min_fire_size;f_product_level
EUR_XRU,Europa (uten Russland),region,2014,burned_area_km2,30612.03,km2,K1,owid_annual_area_burnt,measured,f_sensor_break;f_min_fire_size;f_product_level
EUR_XRU,Europa (uten Russland),region,2015,burned_area_km2,31930.52,km2,K1,owid_annual_area_burnt,measured,f_sensor_break;f_min_fire_size;f_product_level
EUR_XRU,Europa (uten Russland),region,2016,burned_area_km2,22510.84,km2,K1,owid_annual_area_burnt,measured,f_sensor_break;f_min_fire_size;f_product_level
EUR_XRU,Europa (uten Russland),region,2017,burned_area_km2,36432.52,km2,K1,owid_annual_area_burnt,measured,f_sensor_break;f_min_fire_size;f_product_level
EUR_XRU,Europa (uten Russland),region,2018,burned_area_km2,16898.01,km2,K1,owid_annual_area_burnt,measured,f_sensor_break;f_min_fire_size;f_product_level
EUR_XRU,Europa (uten Russland),region,2019,burned_area_km2,24998.43,km2,K1,owid_annual_area_burnt,measured,f_sensor_break;f_min_fire_size;f_product_level
EUR_XRU,Europa (uten Russland),region,2020,burned_area_km2,21006.28,km2,K1,owid_annual_area_burnt,measured,f_sensor_break;f_min_fire_size;f_product_level
EUR_XRU,Europa (uten Russland),region,2021,burned_area_km2,14650.69,km2,K1,owid_annual_area_burnt,measured,f_sensor_break;f_min_fire_size;f_product_level
EUR_XRU,Europa (uten Russland),region,2022,burned_area_km2,20838.73,km2,K1,owid_annual_area_burnt,measured,f_sensor_break;f_min_fire_size;f_product_level
EUR_XRU,Europa (uten Russland),region,2023,burned_area_km2,11994.2,km2,K1,owid_annual_area_burnt,measured,f_sensor_break;f_min_fire_size;f_product_level
EUR_XRU,Europa (uten Russland),region,2024,burned_area_km2,16253.93,km2,K1,owid_annual_area_burnt,measured,f_sensor_break;f_min_fire_size;f_product_level
EUR_XRU,Europa (uten Russland),region,2025,burned_area_km2,16802.73,km2,K1,owid_annual_area_burnt,measured,f_sensor_break;f_min_fire_size;f_product_level
EUR_XRU,Europa (uten Russland),region,2026,burned_area_km2,6573.75,km2,K1,owid_annual_area_burnt,measured,f_sensor_break;f_min_fire_size;f_product_level;f_incomplete_year
FIN,Finland,country,2012,burned_area_km2,8.51,km2,K1,owid_annual_area_burnt,measured,f_sensor_break;f_min_fire_size;f_product_level
FIN,Finland,country,2013,burned_area_km2,21.13,km2,K1,owid_annual_area_burnt,measured,f_sensor_break;f_min_fire_size;f_product_level
FIN,Finland,country,2014,burned_area_km2,5.01,km2,K1,owid_annual_area_burnt,measured,f_sensor_break;f_min_fire_size;f_product_level
FIN,Finland,country,2015,burned_area_km2,5.21,km2,K1,owid_annual_area_burnt,measured,f_sensor_break;f_min_fire_size;f_product_level
FIN,Finland,country,2016,burned_area_km2,8.83,km2,K1,owid_annual_area_burnt,measured,f_sensor_break;f_min_fire_size;f_product_level
FIN,Finland,country,2017,burned_area_km2,6.97,km2,K1,owid_annual_area_burnt,measured,f_sensor_break;f_min_fire_size;f_product_level
FIN,Finland,country,2018,burned_area_km2,28.97,km2,K1,owid_annual_area_burnt,measured,f_sensor_break;f_min_fire_size;f_product_level
FIN,Finland,country,2019,burned_area_km2,4.42,km2,K1,owid_annual_area_burnt,measured,f_sensor_break;f_min_fire_size;f_product_level
FIN,Finland,country,2020,burned_area_km2,12.53,km2,K1,owid_annual_area_burnt,measured,f_sensor_break;f_min_fire_size;f_product_level
FIN,Finland,country,2021,burned_area_km2,20.4,km2,K1,owid_annual_area_burnt,measured,f_sensor_break;f_min_fire_size;f_product_level
FIN,Finland,country,2022,burned_area_km2,9.99,km2,K1,owid_annual_area_burnt,measured,f_sensor_break;f_min_fire_size;f_product_level
FIN,Finland,country,2023,burned_area_km2,10.3,km2,K1,owid_annual_area_burnt,measured,f_sensor_break;f_min_fire_size;f_product_level
FIN,Finland,country,2024,burned_area_km2,18.64,km2,K1,owid_annual_area_burnt,measured,f_sensor_break;f_min_fire_size;f_product_level
FIN,Finland,country,2025,burned_area_km2,5.73,km2,K1,owid_annual_area_burnt,measured,f_sensor_break;f_min_fire_size;f_product_level
FIN,Finland,country,2026,burned_area_km2,3.78,km2,K1,owid_annual_area_burnt,measured,f_sensor_break;f_min_fire_size;f_product_level;f_incomplete_year
FJI,Fiji,country,2012,burned_area_km2,168.83,km2,K1,owid_annual_area_burnt,measured,f_sensor_break;f_min_fire_size;f_product_level
FJI,Fiji,country,2013,burned_area_km2,296.89,km2,K1,owid_annual_area_burnt,measured,f_sensor_break;f_min_fire_size;f_product_level
FJI,Fiji,country,2014,burned_area_km2,968.3,km2,K1,owid_annual_area_burnt,measured,f_sensor_break;f_min_fire_size;f_product_level
FJI,Fiji,country,2015,burned_area_km2,502.4,km2,K1,owid_annual_area_burnt,measured,f_sensor_break;f_min_fire_size;f_product_level
FJI,Fiji,country,2016,burned_area_km2,339.72,km2,K1,owid_annual_area_burnt,measured,f_sensor_break;f_min_fire_size;f_product_level
FJI,Fiji,country,2017,burned_area_km2,474.72,km2,K1,owid_annual_area_burnt,measured,f_sensor_break;f_min_fire_size;f_product_level
FJI,Fiji,country,2018,burned_area_km2,418.83,km2,K1,owid_annual_area_burnt,measured,f_sensor_break;f_min_fire_size;f_product_level
FJI,Fiji,country,2019,burned_area_km2,134.03,km2,K1,owid_annual_area_burnt,measured,f_sensor_break;f_min_fire_size;f_product_level
FJI,Fiji,country,2020,burned_area_km2,204.45,km2,K1,owid_annual_area_burnt,measured,f_sensor_break;f_min_fire_size;f_product_level
FJI,Fiji,country,2021,burned_area_km2,323.45,km2,K1,owid_annual_area_burnt,measured,f_sensor_break;f_min_fire_size;f_product_level
FJI,Fiji,country,2022,burned_area_km2,169.57,km2,K1,owid_annual_area_burnt,measured,f_sensor_break;f_min_fire_size;f_product_level
FJI,Fiji,country,2023,burned_area_km2,272.79,km2,K1,owid_annual_area_burnt,measured,f_sensor_break;f_min_fire_size;f_product_level
FJI,Fiji,country,2024,burned_area_km2,253.29,km2,K1,owid_annual_area_burnt,measured,f_sensor_break;f_min_fire_size;f_product_level
FJI,Fiji,country,2025,burned_area_km2,194.12,km2,K1,owid_annual_area_burnt,measured,f_sensor_break;f_min_fire_size;f_product_level
FJI,Fiji,country,2026,burned_area_km2,18.45,km2,K1,owid_annual_area_burnt,measured,f_sensor_break;f_min_fire_size;f_product_level;f_incomplete_year
FLK,Falklandsøyene,country,2012,burned_area_km2,94.37,km2,K1,owid_annual_area_burnt,measured,f_sensor_break;f_min_fire_size;f_product_level
FLK,Falklandsøyene,country,2013,burned_area_km2,15.18,km2,K1,owid_annual_area_burnt,measured,f_sensor_break;f_min_fire_size;f_product_level
FLK,Falklandsøyene,country,2014,burned_area_km2,2.6,km2,K1,owid_annual_area_burnt,measured,f_sensor_break;f_min_fire_size;f_product_level
FLK,Falklandsøyene,country,2015,burned_area_km2,16.68,km2,K1,owid_annual_area_burnt,measured,f_sensor_break;f_min_fire_size;f_product_level
FLK,Falklandsøyene,country,2016,burned_area_km2,37.46,km2,K1,owid_annual_area_burnt,measured,f_sensor_break;f_min_fire_size;f_product_level
FLK,Falklandsøyene,country,2017,burned_area_km2,20.3,km2,K1,owid_annual_area_burnt,measured,f_sensor_break;f_min_fire_size;f_product_level
FLK,Falklandsøyene,country,2018,burned_area_km2,7.17,km2,K1,owid_annual_area_burnt,measured,f_sensor_break;f_min_fire_size;f_product_level
FLK,Falklandsøyene,country,2019,burned_area_km2,1.36,km2,K1,owid_annual_area_burnt,measured,f_sensor_break;f_min_fire_size;f_product_level
FLK,Falklandsøyene,country,2020,burned_area_km2,1.42,km2,K1,owid_annual_area_burnt,measured,f_sensor_break;f_min_fire_size;f_product_level
FLK,Falklandsøyene,country,2021,burned_area_km2,13.87,km2,K1,owid_annual_area_burnt,measured,f_sensor_break;f_min_fire_size;f_product_level
FLK,Falklandsøyene,country,2022,burned_area_km2,42.14,km2,K1,owid_annual_area_burnt,measured,f_sensor_break;f_min_fire_size;f_product_level
FLK,Falklandsøyene,country,2023,burned_area_km2,10.36,km2,K1,owid_annual_area_burnt,measured,f_sensor_break;f_min_fire_size;f_product_level
FLK,Falklandsøyene,country,2024,burned_area_km2,1.69,km2,K1,owid_annual_area_burnt,measured,f_sensor_break;f_min_fire_size;f_product_level
FLK,Falklandsøyene,country,2025,burned_area_km2,0.0,km2,K1,owid_annual_area_burnt,measured,f_sensor_break;f_min_fire_size;f_product_level;f_zero_no_detection
FLK,Falklandsøyene,country,2026,burned_area_km2,0.0,km2,K1,owid_annual_area_burnt,measured,f_sensor_break;f_min_fire_size;f_product_level;f_incomplete_year;f_zero_no_detection
FRA,Frankrike,country,2012,burned_area_km2,546.79,km2,K1,owid_annual_area_burnt,measured,f_sensor_break;f_min_fire_size;f_product_level
FRA,Frankrike,country,2013,burned_area_km2,123.92,km2,K1,owid_annual_area_burnt,measured,f_sensor_break;f_min_fire_size;f_product_level
FRA,Frankrike,country,2014,burned_area_km2,408.71,km2,K1,owid_annual_area_burnt,measured,f_sensor_break;f_min_fire_size;f_product_level
FRA,Frankrike,country,2015,burned_area_km2,331.6,km2,K1,owid_annual_area_burnt,measured,f_sensor_break;f_min_fire_size;f_product_level
FRA,Frankrike,country,2016,burned_area_km2,300.37,km2,K1,owid_annual_area_burnt,measured,f_sensor_break;f_min_fire_size;f_product_level
FRA,Frankrike,country,2017,burned_area_km2,729.76,km2,K1,owid_annual_area_burnt,measured,f_sensor_break;f_min_fire_size;f_product_level
FRA,Frankrike,country,2018,burned_area_km2,111.0,km2,K1,owid_annual_area_burnt,measured,f_sensor_break;f_min_fire_size;f_product_level
FRA,Frankrike,country,2019,burned_area_km2,924.97,km2,K1,owid_annual_area_burnt,measured,f_sensor_break;f_min_fire_size;f_product_level
FRA,Frankrike,country,2020,burned_area_km2,313.65,km2,K1,owid_annual_area_burnt,measured,f_sensor_break;f_min_fire_size;f_product_level
FRA,Frankrike,country,2021,burned_area_km2,371.18,km2,K1,owid_annual_area_burnt,measured,f_sensor_break;f_min_fire_size;f_product_level
FRA,Frankrike,country,2022,burned_area_km2,962.05,km2,K1,owid_annual_area_burnt,measured,f_sensor_break;f_min_fire_size;f_product_level
FRA,Frankrike,country,2023,burned_area_km2,349.71,km2,K1,owid_annual_area_burnt,measured,f_sensor_break;f_min_fire_size;f_product_level
FRA,Frankrike,country,2024,burned_area_km2,126.44,km2,K1,owid_annual_area_burnt,measured,f_sensor_break;f_min_fire_size;f_product_level
FRA,Frankrike,country,2025,burned_area_km2,282.88,km2,K1,owid_annual_area_burnt,measured,f_sensor_break;f_min_fire_size;f_product_level
FRA,Frankrike,country,2026,burned_area_km2,960.5,km2,K1,owid_annual_area_burnt,measured,f_sensor_break;f_min_fire_size;f_product_level;f_incomplete_year
FRO,Færøyene,country,2012,burned_area_km2,0.0,km2,K1,owid_annual_area_burnt,measured,f_sensor_break;f_min_fire_size;f_product_level;f_zero_no_detection
FRO,Færøyene,country,2013,burned_area_km2,0.0,km2,K1,owid_annual_area_burnt,measured,f_sensor_break;f_min_fire_size;f_product_level;f_zero_no_detection
FRO,Færøyene,country,2014,burned_area_km2,0.0,km2,K1,owid_annual_area_burnt,measured,f_sensor_break;f_min_fire_size;f_product_level;f_zero_no_detection
FRO,Færøyene,country,2015,burned_area_km2,0.0,km2,K1,owid_annual_area_burnt,measured,f_sensor_break;f_min_fire_size;f_product_level;f_zero_no_detection
FRO,Færøyene,country,2016,burned_area_km2,0.0,km2,K1,owid_annual_area_burnt,measured,f_sensor_break;f_min_fire_size;f_product_level;f_zero_no_detection
FRO,Færøyene,country,2017,burned_area_km2,0.0,km2,K1,owid_annual_area_burnt,measured,f_sensor_break;f_min_fire_size;f_product_level;f_zero_no_detection
FRO,Færøyene,country,2018,burned_area_km2,0.0,km2,K1,owid_annual_area_burnt,measured,f_sensor_break;f_min_fire_size;f_product_level;f_zero_no_detection
FRO,Færøyene,country,2019,burned_area_km2,0.0,km2,K1,owid_annual_area_burnt,measured,f_sensor_break;f_min_fire_size;f_product_level;f_zero_no_detection
FRO,Færøyene,country,2020,burned_area_km2,0.0,km2,K1,owid_annual_area_burnt,measured,f_sensor_break;f_min_fire_size;f_product_level;f_zero_no_detection
FRO,Færøyene,country,2021,burned_area_km2,0.0,km2,K1,owid_annual_area_burnt,measured,f_sensor_break;f_min_fire_size;f_product_level;f_zero_no_detection
FRO,Færøyene,country,2022,burned_area_km2,0.0,km2,K1,owid_annual_area_burnt,measured,f_sensor_break;f_min_fire_size;f_product_level;f_zero_no_detection
FRO,Færøyene,country,2023,burned_area_km2,0.0,km2,K1,owid_annual_area_burnt,measured,f_sensor_break;f_min_fire_size;f_product_level;f_zero_no_detection
FRO,Færøyene,country,2024,burned_area_km2,0.0,km2,K1,owid_annual_area_burnt,measured,f_sensor_break;f_min_fire_size;f_product_level;f_zero_no_detection
FRO,Færøyene,country,2025,burned_area_km2,0.0,km2,K1,owid_annual_area_burnt,measured,f_sensor_break;f_min_fire_size;f_product_level;f_zero_no_detection
FRO,Færøyene,country,2026,burned_area_km2,0.0,km2,K1,owid_annual_area_burnt,measured,f_sensor_break;f_min_fire_size;f_product_level;f_incomplete_year;f_zero_no_detection
FSM,Mikronesiaføderasjonen,country,2012,burned_area_km2,0.0,km2,K1,owid_annual_area_burnt,measured,f_sensor_break;f_min_fire_size;f_product_level;f_zero_no_detection
FSM,Mikronesiaføderasjonen,country,2013,burned_area_km2,0.0,km2,K1,owid_annual_area_burnt,measured,f_sensor_break;f_min_fire_size;f_product_level;f_zero_no_detection
FSM,Mikronesiaføderasjonen,country,2014,burned_area_km2,0.0,km2,K1,owid_annual_area_burnt,measured,f_sensor_break;f_min_fire_size;f_product_level;f_zero_no_detection
FSM,Mikronesiaføderasjonen,country,2015,burned_area_km2,0.0,km2,K1,owid_annual_area_burnt,measured,f_sensor_break;f_min_fire_size;f_product_level;f_zero_no_detection
FSM,Mikronesiaføderasjonen,country,2016,burned_area_km2,4.91,km2,K1,owid_annual_area_burnt,measured,f_sensor_break;f_min_fire_size;f_product_level
FSM,Mikronesiaføderasjonen,country,2017,burned_area_km2,0.0,km2,K1,owid_annual_area_burnt,measured,f_sensor_break;f_min_fire_size;f_product_level;f_zero_no_detection
FSM,Mikronesiaføderasjonen,country,2018,burned_area_km2,0.0,km2,K1,owid_annual_area_burnt,measured,f_sensor_break;f_min_fire_size;f_product_level;f_zero_no_detection
FSM,Mikronesiaføderasjonen,country,2019,burned_area_km2,0.0,km2,K1,owid_annual_area_burnt,measured,f_sensor_break;f_min_fire_size;f_product_level;f_zero_no_detection
FSM,Mikronesiaføderasjonen,country,2020,burned_area_km2,0.0,km2,K1,owid_annual_area_burnt,measured,f_sensor_break;f_min_fire_size;f_product_level;f_zero_no_detection
FSM,Mikronesiaføderasjonen,country,2021,burned_area_km2,0.0,km2,K1,owid_annual_area_burnt,measured,f_sensor_break;f_min_fire_size;f_product_level;f_zero_no_detection
FSM,Mikronesiaføderasjonen,country,2022,burned_area_km2,0.0,km2,K1,owid_annual_area_burnt,measured,f_sensor_break;f_min_fire_size;f_product_level;f_zero_no_detection
FSM,Mikronesiaføderasjonen,country,2023,burned_area_km2,0.0,km2,K1,owid_annual_area_burnt,measured,f_sensor_break;f_min_fire_size;f_product_level;f_zero_no_detection
FSM,Mikronesiaføderasjonen,country,2024,burned_area_km2,0.0,km2,K1,owid_annual_area_burnt,measured,f_sensor_break;f_min_fire_size;f_product_level;f_zero_no_detection
FSM,Mikronesiaføderasjonen,country,2025,burned_area_km2,0.0,km2,K1,owid_annual_area_burnt,measured,f_sensor_break;f_min_fire_size;f_product_level;f_zero_no_detection
FSM,Mikronesiaføderasjonen,country,2026,burned_area_km2,0.0,km2,K1,owid_annual_area_burnt,measured,f_sensor_break;f_min_fire_size;f_product_level;f_incomplete_year;f_zero_no_detection
GAB,Gabon,country,2012,burned_area_km2,2440.38,km2,K1,owid_annual_area_burnt,measured,f_sensor_break;f_min_fire_size;f_product_level
GAB,Gabon,country,2013,burned_area_km2,2496.26,km2,K1,owid_annual_area_burnt,measured,f_sensor_break;f_min_fire_size;f_product_level
GAB,Gabon,country,2014,burned_area_km2,1762.76,km2,K1,owid_annual_area_burnt,measured,f_sensor_break;f_min_fire_size;f_product_level
GAB,Gabon,country,2015,burned_area_km2,1895.48,km2,K1,owid_annual_area_burnt,measured,f_sensor_break;f_min_fire_size;f_product_level
GAB,Gabon,country,2016,burned_area_km2,2141.36,km2,K1,owid_annual_area_burnt,measured,f_sensor_break;f_min_fire_size;f_product_level
GAB,Gabon,country,2017,burned_area_km2,1890.2,km2,K1,owid_annual_area_burnt,measured,f_sensor_break;f_min_fire_size;f_product_level
GAB,Gabon,country,2018,burned_area_km2,1922.16,km2,K1,owid_annual_area_burnt,measured,f_sensor_break;f_min_fire_size;f_product_level
GAB,Gabon,country,2019,burned_area_km2,2041.74,km2,K1,owid_annual_area_burnt,measured,f_sensor_break;f_min_fire_size;f_product_level
GAB,Gabon,country,2020,burned_area_km2,2102.04,km2,K1,owid_annual_area_burnt,measured,f_sensor_break;f_min_fire_size;f_product_level
GAB,Gabon,country,2021,burned_area_km2,1552.19,km2,K1,owid_annual_area_burnt,measured,f_sensor_break;f_min_fire_size;f_product_level
GAB,Gabon,country,2022,burned_area_km2,2065.83,km2,K1,owid_annual_area_burnt,measured,f_sensor_break;f_min_fire_size;f_product_level
GAB,Gabon,country,2023,burned_area_km2,1814.49,km2,K1,owid_annual_area_burnt,measured,f_sensor_break;f_min_fire_size;f_product_level
GAB,Gabon,country,2024,burned_area_km2,2063.03,km2,K1,owid_annual_area_burnt,measured,f_sensor_break;f_min_fire_size;f_product_level
GAB,Gabon,country,2025,burned_area_km2,1583.43,km2,K1,owid_annual_area_burnt,measured,f_sensor_break;f_min_fire_size;f_product_level
GAB,Gabon,country,2026,burned_area_km2,1034.19,km2,K1,owid_annual_area_burnt,measured,f_sensor_break;f_min_fire_size;f_product_level;f_incomplete_year
GBR,Storbritannia,country,2012,burned_area_km2,139.71,km2,K1,owid_annual_area_burnt,measured,f_sensor_break;f_min_fire_size;f_product_level
GBR,Storbritannia,country,2013,burned_area_km2,112.63,km2,K1,owid_annual_area_burnt,measured,f_sensor_break;f_min_fire_size;f_product_level
GBR,Storbritannia,country,2014,burned_area_km2,54.15,km2,K1,owid_annual_area_burnt,measured,f_sensor_break;f_min_fire_size;f_product_level
GBR,Storbritannia,country,2015,burned_area_km2,100.05,km2,K1,owid_annual_area_burnt,measured,f_sensor_break;f_min_fire_size;f_product_level
GBR,Storbritannia,country,2016,burned_area_km2,59.09,km2,K1,owid_annual_area_burnt,measured,f_sensor_break;f_min_fire_size;f_product_level
GBR,Storbritannia,country,2017,burned_area_km2,136.17,km2,K1,owid_annual_area_burnt,measured,f_sensor_break;f_min_fire_size;f_product_level
GBR,Storbritannia,country,2018,burned_area_km2,199.99,km2,K1,owid_annual_area_burnt,measured,f_sensor_break;f_min_fire_size;f_product_level
GBR,Storbritannia,country,2019,burned_area_km2,281.0,km2,K1,owid_annual_area_burnt,measured,f_sensor_break;f_min_fire_size;f_product_level
GBR,Storbritannia,country,2020,burned_area_km2,137.53,km2,K1,owid_annual_area_burnt,measured,f_sensor_break;f_min_fire_size;f_product_level
GBR,Storbritannia,country,2021,burned_area_km2,51.69,km2,K1,owid_annual_area_burnt,measured,f_sensor_break;f_min_fire_size;f_product_level
GBR,Storbritannia,country,2022,burned_area_km2,232.15,km2,K1,owid_annual_area_burnt,measured,f_sensor_break;f_min_fire_size;f_product_level
GBR,Storbritannia,country,2023,burned_area_km2,101.0,km2,K1,owid_annual_area_burnt,measured,f_sensor_break;f_min_fire_size;f_product_level
GBR,Storbritannia,country,2024,burned_area_km2,39.12,km2,K1,owid_annual_area_burnt,measured,f_sensor_break;f_min_fire_size;f_product_level
GBR,Storbritannia,country,2025,burned_area_km2,436.29,km2,K1,owid_annual_area_burnt,measured,f_sensor_break;f_min_fire_size;f_product_level
GBR,Storbritannia,country,2026,burned_area_km2,211.82,km2,K1,owid_annual_area_burnt,measured,f_sensor_break;f_min_fire_size;f_product_level;f_incomplete_year
GEO,Georgia,country,2012,burned_area_km2,305.27,km2,K1,owid_annual_area_burnt,measured,f_sensor_break;f_min_fire_size;f_product_level
GEO,Georgia,country,2013,burned_area_km2,267.88,km2,K1,owid_annual_area_burnt,measured,f_sensor_break;f_min_fire_size;f_product_level
GEO,Georgia,country,2014,burned_area_km2,292.22,km2,K1,owid_annual_area_burnt,measured,f_sensor_break;f_min_fire_size;f_product_level
GEO,Georgia,country,2015,burned_area_km2,476.25,km2,K1,owid_annual_area_burnt,measured,f_sensor_break;f_min_fire_size;f_product_level
GEO,Georgia,country,2016,burned_area_km2,416.54,km2,K1,owid_annual_area_burnt,measured,f_sensor_break;f_min_fire_size;f_product_level
GEO,Georgia,country,2017,burned_area_km2,524.34,km2,K1,owid_annual_area_burnt,measured,f_sensor_break;f_min_fire_size;f_product_level
GEO,Georgia,country,2018,burned_area_km2,291.94,km2,K1,owid_annual_area_burnt,measured,f_sensor_break;f_min_fire_size;f_product_level
GEO,Georgia,country,2019,burned_area_km2,614.78,km2,K1,owid_annual_area_burnt,measured,f_sensor_break;f_min_fire_size;f_product_level
GEO,Georgia,country,2020,burned_area_km2,406.1,km2,K1,owid_annual_area_burnt,measured,f_sensor_break;f_min_fire_size;f_product_level
GEO,Georgia,country,2021,burned_area_km2,353.3,km2,K1,owid_annual_area_burnt,measured,f_sensor_break;f_min_fire_size;f_product_level
GEO,Georgia,country,2022,burned_area_km2,232.63,km2,K1,owid_annual_area_burnt,measured,f_sensor_break;f_min_fire_size;f_product_level
GEO,Georgia,country,2023,burned_area_km2,125.9,km2,K1,owid_annual_area_burnt,measured,f_sensor_break;f_min_fire_size;f_product_level
GEO,Georgia,country,2024,burned_area_km2,176.18,km2,K1,owid_annual_area_burnt,measured,f_sensor_break;f_min_fire_size;f_product_level
GEO,Georgia,country,2025,burned_area_km2,432.42,km2,K1,owid_annual_area_burnt,measured,f_sensor_break;f_min_fire_size;f_product_level
GEO,Georgia,country,2026,burned_area_km2,52.7,km2,K1,owid_annual_area_burnt,measured,f_sensor_break;f_min_fire_size;f_product_level;f_incomplete_year
GGY,Guernsey,country,2012,burned_area_km2,0.0,km2,K1,owid_annual_area_burnt,measured,f_sensor_break;f_min_fire_size;f_product_level;f_zero_no_detection
GGY,Guernsey,country,2013,burned_area_km2,0.0,km2,K1,owid_annual_area_burnt,measured,f_sensor_break;f_min_fire_size;f_product_level;f_zero_no_detection
GGY,Guernsey,country,2014,burned_area_km2,0.0,km2,K1,owid_annual_area_burnt,measured,f_sensor_break;f_min_fire_size;f_product_level;f_zero_no_detection
GGY,Guernsey,country,2015,burned_area_km2,0.0,km2,K1,owid_annual_area_burnt,measured,f_sensor_break;f_min_fire_size;f_product_level;f_zero_no_detection
GGY,Guernsey,country,2016,burned_area_km2,0.0,km2,K1,owid_annual_area_burnt,measured,f_sensor_break;f_min_fire_size;f_product_level;f_zero_no_detection
GGY,Guernsey,country,2017,burned_area_km2,0.0,km2,K1,owid_annual_area_burnt,measured,f_sensor_break;f_min_fire_size;f_product_level;f_zero_no_detection
GGY,Guernsey,country,2018,burned_area_km2,0.0,km2,K1,owid_annual_area_burnt,measured,f_sensor_break;f_min_fire_size;f_product_level;f_zero_no_detection
GGY,Guernsey,country,2019,burned_area_km2,0.0,km2,K1,owid_annual_area_burnt,measured,f_sensor_break;f_min_fire_size;f_product_level;f_zero_no_detection
GGY,Guernsey,country,2020,burned_area_km2,0.0,km2,K1,owid_annual_area_burnt,measured,f_sensor_break;f_min_fire_size;f_product_level;f_zero_no_detection
GGY,Guernsey,country,2021,burned_area_km2,0.0,km2,K1,owid_annual_area_burnt,measured,f_sensor_break;f_min_fire_size;f_product_level;f_zero_no_detection
GGY,Guernsey,country,2022,burned_area_km2,0.0,km2,K1,owid_annual_area_burnt,measured,f_sensor_break;f_min_fire_size;f_product_level;f_zero_no_detection
GGY,Guernsey,country,2023,burned_area_km2,0.0,km2,K1,owid_annual_area_burnt,measured,f_sensor_break;f_min_fire_size;f_product_level;f_zero_no_detection
GGY,Guernsey,country,2024,burned_area_km2,0.0,km2,K1,owid_annual_area_burnt,measured,f_sensor_break;f_min_fire_size;f_product_level;f_zero_no_detection
GGY,Guernsey,country,2025,burned_area_km2,0.0,km2,K1,owid_annual_area_burnt,measured,f_sensor_break;f_min_fire_size;f_product_level;f_zero_no_detection
GGY,Guernsey,country,2026,burned_area_km2,0.0,km2,K1,owid_annual_area_burnt,measured,f_sensor_break;f_min_fire_size;f_product_level;f_incomplete_year;f_zero_no_detection
GHA,Ghana,country,2012,burned_area_km2,32779.09,km2,K1,owid_annual_area_burnt,measured,f_sensor_break;f_min_fire_size;f_product_level
GHA,Ghana,country,2013,burned_area_km2,53215.95,km2,K1,owid_annual_area_burnt,measured,f_sensor_break;f_min_fire_size;f_product_level
GHA,Ghana,country,2014,burned_area_km2,49355.53,km2,K1,owid_annual_area_burnt,measured,f_sensor_break;f_min_fire_size;f_product_level
GHA,Ghana,country,2015,burned_area_km2,55233.77,km2,K1,owid_annual_area_burnt,measured,f_sensor_break;f_min_fire_size;f_product_level
GHA,Ghana,country,2016,burned_area_km2,48015.66,km2,K1,owid_annual_area_burnt,measured,f_sensor_break;f_min_fire_size;f_product_level
GHA,Ghana,country,2017,burned_area_km2,56928.2,km2,K1,owid_annual_area_burnt,measured,f_sensor_break;f_min_fire_size;f_product_level
GHA,Ghana,country,2018,burned_area_km2,31477.9,km2,K1,owid_annual_area_burnt,measured,f_sensor_break;f_min_fire_size;f_product_level
GHA,Ghana,country,2019,burned_area_km2,46578.4,km2,K1,owid_annual_area_burnt,measured,f_sensor_break;f_min_fire_size;f_product_level
GHA,Ghana,country,2020,burned_area_km2,60048.3,km2,K1,owid_annual_area_burnt,measured,f_sensor_break;f_min_fire_size;f_product_level
GHA,Ghana,country,2021,burned_area_km2,40450.37,km2,K1,owid_annual_area_burnt,measured,f_sensor_break;f_min_fire_size;f_product_level
GHA,Ghana,country,2022,burned_area_km2,49363.33,km2,K1,owid_annual_area_burnt,measured,f_sensor_break;f_min_fire_size;f_product_level
GHA,Ghana,country,2023,burned_area_km2,35196.51,km2,K1,owid_annual_area_burnt,measured,f_sensor_break;f_min_fire_size;f_product_level
GHA,Ghana,country,2024,burned_area_km2,39429.3,km2,K1,owid_annual_area_burnt,measured,f_sensor_break;f_min_fire_size;f_product_level
GHA,Ghana,country,2025,burned_area_km2,21313.69,km2,K1,owid_annual_area_burnt,measured,f_sensor_break;f_min_fire_size;f_product_level
GHA,Ghana,country,2026,burned_area_km2,17633.95,km2,K1,owid_annual_area_burnt,measured,f_sensor_break;f_min_fire_size;f_product_level;f_incomplete_year
GIB,Gibraltar,country,2012,burned_area_km2,0.0,km2,K1,owid_annual_area_burnt,measured,f_sensor_break;f_min_fire_size;f_product_level;f_zero_no_detection
GIB,Gibraltar,country,2013,burned_area_km2,0.0,km2,K1,owid_annual_area_burnt,measured,f_sensor_break;f_min_fire_size;f_product_level;f_zero_no_detection
GIB,Gibraltar,country,2014,burned_area_km2,0.0,km2,K1,owid_annual_area_burnt,measured,f_sensor_break;f_min_fire_size;f_product_level;f_zero_no_detection
GIB,Gibraltar,country,2015,burned_area_km2,0.0,km2,K1,owid_annual_area_burnt,measured,f_sensor_break;f_min_fire_size;f_product_level;f_zero_no_detection
GIB,Gibraltar,country,2016,burned_area_km2,0.0,km2,K1,owid_annual_area_burnt,measured,f_sensor_break;f_min_fire_size;f_product_level;f_zero_no_detection
GIB,Gibraltar,country,2017,burned_area_km2,0.0,km2,K1,owid_annual_area_burnt,measured,f_sensor_break;f_min_fire_size;f_product_level;f_zero_no_detection
GIB,Gibraltar,country,2018,burned_area_km2,0.0,km2,K1,owid_annual_area_burnt,measured,f_sensor_break;f_min_fire_size;f_product_level;f_zero_no_detection
GIB,Gibraltar,country,2019,burned_area_km2,0.0,km2,K1,owid_annual_area_burnt,measured,f_sensor_break;f_min_fire_size;f_product_level;f_zero_no_detection
GIB,Gibraltar,country,2020,burned_area_km2,0.0,km2,K1,owid_annual_area_burnt,measured,f_sensor_break;f_min_fire_size;f_product_level;f_zero_no_detection
GIB,Gibraltar,country,2021,burned_area_km2,0.0,km2,K1,owid_annual_area_burnt,measured,f_sensor_break;f_min_fire_size;f_product_level;f_zero_no_detection
GIB,Gibraltar,country,2022,burned_area_km2,0.0,km2,K1,owid_annual_area_burnt,measured,f_sensor_break;f_min_fire_size;f_product_level;f_zero_no_detection
GIB,Gibraltar,country,2023,burned_area_km2,0.0,km2,K1,owid_annual_area_burnt,measured,f_sensor_break;f_min_fire_size;f_product_level;f_zero_no_detection
GIB,Gibraltar,country,2024,burned_area_km2,0.0,km2,K1,owid_annual_area_burnt,measured,f_sensor_break;f_min_fire_size;f_product_level;f_zero_no_detection
GIB,Gibraltar,country,2025,burned_area_km2,0.0,km2,K1,owid_annual_area_burnt,measured,f_sensor_break;f_min_fire_size;f_product_level;f_zero_no_detection
GIB,Gibraltar,country,2026,burned_area_km2,0.0,km2,K1,owid_annual_area_burnt,measured,f_sensor_break;f_min_fire_size;f_product_level;f_incomplete_year;f_zero_no_detection
GIN,Guinea,country,2012,burned_area_km2,62208.9,km2,K1,owid_annual_area_burnt,measured,f_sensor_break;f_min_fire_size;f_product_level
GIN,Guinea,country,2013,burned_area_km2,76113.72,km2,K1,owid_annual_area_burnt,measured,f_sensor_break;f_min_fire_size;f_product_level
GIN,Guinea,country,2014,burned_area_km2,82818.19,km2,K1,owid_annual_area_burnt,measured,f_sensor_break;f_min_fire_size;f_product_level
GIN,Guinea,country,2015,burned_area_km2,73763.34,km2,K1,owid_annual_area_burnt,measured,f_sensor_break;f_min_fire_size;f_product_level
GIN,Guinea,country,2016,burned_area_km2,76445.79,km2,K1,owid_annual_area_burnt,measured,f_sensor_break;f_min_fire_size;f_product_level
GIN,Guinea,country,2017,burned_area_km2,77250.26,km2,K1,owid_annual_area_burnt,measured,f_sensor_break;f_min_fire_size;f_product_level
GIN,Guinea,country,2018,burned_area_km2,49621.62,km2,K1,owid_annual_area_burnt,measured,f_sensor_break;f_min_fire_size;f_product_level
GIN,Guinea,country,2019,burned_area_km2,71408.49,km2,K1,owid_annual_area_burnt,measured,f_sensor_break;f_min_fire_size;f_product_level
GIN,Guinea,country,2020,burned_area_km2,69983.78,km2,K1,owid_annual_area_burnt,measured,f_sensor_break;f_min_fire_size;f_product_level
GIN,Guinea,country,2021,burned_area_km2,59905.3,km2,K1,owid_annual_area_burnt,measured,f_sensor_break;f_min_fire_size;f_product_level
GIN,Guinea,country,2022,burned_area_km2,64123.83,km2,K1,owid_annual_area_burnt,measured,f_sensor_break;f_min_fire_size;f_product_level
GIN,Guinea,country,2023,burned_area_km2,57314.48,km2,K1,owid_annual_area_burnt,measured,f_sensor_break;f_min_fire_size;f_product_level
GIN,Guinea,country,2024,burned_area_km2,52236.02,km2,K1,owid_annual_area_burnt,measured,f_sensor_break;f_min_fire_size;f_product_level
GIN,Guinea,country,2025,burned_area_km2,31224.5,km2,K1,owid_annual_area_burnt,measured,f_sensor_break;f_min_fire_size;f_product_level
GIN,Guinea,country,2026,burned_area_km2,32509.92,km2,K1,owid_annual_area_burnt,measured,f_sensor_break;f_min_fire_size;f_product_level;f_incomplete_year
GLP,Guadeloupe,country,2012,burned_area_km2,0.0,km2,K1,owid_annual_area_burnt,measured,f_sensor_break;f_min_fire_size;f_product_level;f_zero_no_detection
GLP,Guadeloupe,country,2013,burned_area_km2,0.0,km2,K1,owid_annual_area_burnt,measured,f_sensor_break;f_min_fire_size;f_product_level;f_zero_no_detection
GLP,Guadeloupe,country,2014,burned_area_km2,3.91,km2,K1,owid_annual_area_burnt,measured,f_sensor_break;f_min_fire_size;f_product_level
GLP,Guadeloupe,country,2015,burned_area_km2,0.0,km2,K1,owid_annual_area_burnt,measured,f_sensor_break;f_min_fire_size;f_product_level;f_zero_no_detection
GLP,Guadeloupe,country,2016,burned_area_km2,0.0,km2,K1,owid_annual_area_burnt,measured,f_sensor_break;f_min_fire_size;f_product_level;f_zero_no_detection
GLP,Guadeloupe,country,2017,burned_area_km2,0.0,km2,K1,owid_annual_area_burnt,measured,f_sensor_break;f_min_fire_size;f_product_level;f_zero_no_detection
GLP,Guadeloupe,country,2018,burned_area_km2,1.88,km2,K1,owid_annual_area_burnt,measured,f_sensor_break;f_min_fire_size;f_product_level
GLP,Guadeloupe,country,2019,burned_area_km2,0.0,km2,K1,owid_annual_area_burnt,measured,f_sensor_break;f_min_fire_size;f_product_level;f_zero_no_detection
GLP,Guadeloupe,country,2020,burned_area_km2,0.0,km2,K1,owid_annual_area_burnt,measured,f_sensor_break;f_min_fire_size;f_product_level;f_zero_no_detection
GLP,Guadeloupe,country,2021,burned_area_km2,0.0,km2,K1,owid_annual_area_burnt,measured,f_sensor_break;f_min_fire_size;f_product_level;f_zero_no_detection
GLP,Guadeloupe,country,2022,burned_area_km2,0.0,km2,K1,owid_annual_area_burnt,measured,f_sensor_break;f_min_fire_size;f_product_level;f_zero_no_detection
GLP,Guadeloupe,country,2023,burned_area_km2,1.85,km2,K1,owid_annual_area_burnt,measured,f_sensor_break;f_min_fire_size;f_product_level
GLP,Guadeloupe,country,2024,burned_area_km2,0.0,km2,K1,owid_annual_area_burnt,measured,f_sensor_break;f_min_fire_size;f_product_level;f_zero_no_detection
GLP,Guadeloupe,country,2025,burned_area_km2,0.0,km2,K1,owid_annual_area_burnt,measured,f_sensor_break;f_min_fire_size;f_product_level;f_zero_no_detection
GLP,Guadeloupe,country,2026,burned_area_km2,3.56,km2,K1,owid_annual_area_burnt,measured,f_sensor_break;f_min_fire_size;f_product_level;f_incomplete_year
GMB,Gambia,country,2012,burned_area_km2,913.56,km2,K1,owid_annual_area_burnt,measured,f_sensor_break;f_min_fire_size;f_product_level
GMB,Gambia,country,2013,burned_area_km2,1080.88,km2,K1,owid_annual_area_burnt,measured,f_sensor_break;f_min_fire_size;f_product_level
GMB,Gambia,country,2014,burned_area_km2,864.22,km2,K1,owid_annual_area_burnt,measured,f_sensor_break;f_min_fire_size;f_product_level
GMB,Gambia,country,2015,burned_area_km2,544.17,km2,K1,owid_annual_area_burnt,measured,f_sensor_break;f_min_fire_size;f_product_level
GMB,Gambia,country,2016,burned_area_km2,1068.9,km2,K1,owid_annual_area_burnt,measured,f_sensor_break;f_min_fire_size;f_product_level
GMB,Gambia,country,2017,burned_area_km2,1201.6,km2,K1,owid_annual_area_burnt,measured,f_sensor_break;f_min_fire_size;f_product_level
GMB,Gambia,country,2018,burned_area_km2,811.38,km2,K1,owid_annual_area_burnt,measured,f_sensor_break;f_min_fire_size;f_product_level
GMB,Gambia,country,2019,burned_area_km2,829.75,km2,K1,owid_annual_area_burnt,measured,f_sensor_break;f_min_fire_size;f_product_level
GMB,Gambia,country,2020,burned_area_km2,1293.42,km2,K1,owid_annual_area_burnt,measured,f_sensor_break;f_min_fire_size;f_product_level
GMB,Gambia,country,2021,burned_area_km2,1198.38,km2,K1,owid_annual_area_burnt,measured,f_sensor_break;f_min_fire_size;f_product_level
GMB,Gambia,country,2022,burned_area_km2,1363.59,km2,K1,owid_annual_area_burnt,measured,f_sensor_break;f_min_fire_size;f_product_level
GMB,Gambia,country,2023,burned_area_km2,1650.12,km2,K1,owid_annual_area_burnt,measured,f_sensor_break;f_min_fire_size;f_product_level
GMB,Gambia,country,2024,burned_area_km2,1293.32,km2,K1,owid_annual_area_burnt,measured,f_sensor_break;f_min_fire_size;f_product_level
GMB,Gambia,country,2025,burned_area_km2,870.31,km2,K1,owid_annual_area_burnt,measured,f_sensor_break;f_min_fire_size;f_product_level
GMB,Gambia,country,2026,burned_area_km2,976.64,km2,K1,owid_annual_area_burnt,measured,f_sensor_break;f_min_fire_size;f_product_level;f_incomplete_year
GNB,Guinea-Bissau,country,2012,burned_area_km2,4627.18,km2,K1,owid_annual_area_burnt,measured,f_sensor_break;f_min_fire_size;f_product_level
GNB,Guinea-Bissau,country,2013,burned_area_km2,4183.58,km2,K1,owid_annual_area_burnt,measured,f_sensor_break;f_min_fire_size;f_product_level
GNB,Guinea-Bissau,country,2014,burned_area_km2,5343.07,km2,K1,owid_annual_area_burnt,measured,f_sensor_break;f_min_fire_size;f_product_level
GNB,Guinea-Bissau,country,2015,burned_area_km2,5375.53,km2,K1,owid_annual_area_burnt,measured,f_sensor_break;f_min_fire_size;f_product_level
GNB,Guinea-Bissau,country,2016,burned_area_km2,4919.63,km2,K1,owid_annual_area_burnt,measured,f_sensor_break;f_min_fire_size;f_product_level
GNB,Guinea-Bissau,country,2017,burned_area_km2,3568.33,km2,K1,owid_annual_area_burnt,measured,f_sensor_break;f_min_fire_size;f_product_level
GNB,Guinea-Bissau,country,2018,burned_area_km2,2984.13,km2,K1,owid_annual_area_burnt,measured,f_sensor_break;f_min_fire_size;f_product_level
GNB,Guinea-Bissau,country,2019,burned_area_km2,4715.45,km2,K1,owid_annual_area_burnt,measured,f_sensor_break;f_min_fire_size;f_product_level
GNB,Guinea-Bissau,country,2020,burned_area_km2,4923.3,km2,K1,owid_annual_area_burnt,measured,f_sensor_break;f_min_fire_size;f_product_level
GNB,Guinea-Bissau,country,2021,burned_area_km2,3414.59,km2,K1,owid_annual_area_burnt,measured,f_sensor_break;f_min_fire_size;f_product_level
GNB,Guinea-Bissau,country,2022,burned_area_km2,3876.8,km2,K1,owid_annual_area_burnt,measured,f_sensor_break;f_min_fire_size;f_product_level
GNB,Guinea-Bissau,country,2023,burned_area_km2,2948.41,km2,K1,owid_annual_area_burnt,measured,f_sensor_break;f_min_fire_size;f_product_level
GNB,Guinea-Bissau,country,2024,burned_area_km2,3215.75,km2,K1,owid_annual_area_burnt,measured,f_sensor_break;f_min_fire_size;f_product_level
GNB,Guinea-Bissau,country,2025,burned_area_km2,1877.78,km2,K1,owid_annual_area_burnt,measured,f_sensor_break;f_min_fire_size;f_product_level
GNB,Guinea-Bissau,country,2026,burned_area_km2,1984.97,km2,K1,owid_annual_area_burnt,measured,f_sensor_break;f_min_fire_size;f_product_level;f_incomplete_year
GNQ,Ekvatorial-Guinea,country,2012,burned_area_km2,13.93,km2,K1,owid_annual_area_burnt,measured,f_sensor_break;f_min_fire_size;f_product_level
GNQ,Ekvatorial-Guinea,country,2013,burned_area_km2,39.17,km2,K1,owid_annual_area_burnt,measured,f_sensor_break;f_min_fire_size;f_product_level
GNQ,Ekvatorial-Guinea,country,2014,burned_area_km2,48.23,km2,K1,owid_annual_area_burnt,measured,f_sensor_break;f_min_fire_size;f_product_level
GNQ,Ekvatorial-Guinea,country,2015,burned_area_km2,88.6,km2,K1,owid_annual_area_burnt,measured,f_sensor_break;f_min_fire_size;f_product_level
GNQ,Ekvatorial-Guinea,country,2016,burned_area_km2,26.2,km2,K1,owid_annual_area_burnt,measured,f_sensor_break;f_min_fire_size;f_product_level
GNQ,Ekvatorial-Guinea,country,2017,burned_area_km2,14.4,km2,K1,owid_annual_area_burnt,measured,f_sensor_break;f_min_fire_size;f_product_level
GNQ,Ekvatorial-Guinea,country,2018,burned_area_km2,15.89,km2,K1,owid_annual_area_burnt,measured,f_sensor_break;f_min_fire_size;f_product_level
GNQ,Ekvatorial-Guinea,country,2019,burned_area_km2,33.47,km2,K1,owid_annual_area_burnt,measured,f_sensor_break;f_min_fire_size;f_product_level
GNQ,Ekvatorial-Guinea,country,2020,burned_area_km2,39.33,km2,K1,owid_annual_area_burnt,measured,f_sensor_break;f_min_fire_size;f_product_level
GNQ,Ekvatorial-Guinea,country,2021,burned_area_km2,34.08,km2,K1,owid_annual_area_burnt,measured,f_sensor_break;f_min_fire_size;f_product_level
GNQ,Ekvatorial-Guinea,country,2022,burned_area_km2,32.66,km2,K1,owid_annual_area_burnt,measured,f_sensor_break;f_min_fire_size;f_product_level
GNQ,Ekvatorial-Guinea,country,2023,burned_area_km2,39.77,km2,K1,owid_annual_area_burnt,measured,f_sensor_break;f_min_fire_size;f_product_level
GNQ,Ekvatorial-Guinea,country,2024,burned_area_km2,36.24,km2,K1,owid_annual_area_burnt,measured,f_sensor_break;f_min_fire_size;f_product_level
GNQ,Ekvatorial-Guinea,country,2025,burned_area_km2,24.61,km2,K1,owid_annual_area_burnt,measured,f_sensor_break;f_min_fire_size;f_product_level
GNQ,Ekvatorial-Guinea,country,2026,burned_area_km2,7.24,km2,K1,owid_annual_area_burnt,measured,f_sensor_break;f_min_fire_size;f_product_level;f_incomplete_year
GRC,Hellas,country,2012,burned_area_km2,1008.09,km2,K1,owid_annual_area_burnt,measured,f_sensor_break;f_min_fire_size;f_product_level
GRC,Hellas,country,2013,burned_area_km2,656.19,km2,K1,owid_annual_area_burnt,measured,f_sensor_break;f_min_fire_size;f_product_level
GRC,Hellas,country,2014,burned_area_km2,525.11,km2,K1,owid_annual_area_burnt,measured,f_sensor_break;f_min_fire_size;f_product_level
GRC,Hellas,country,2015,burned_area_km2,558.8,km2,K1,owid_annual_area_burnt,measured,f_sensor_break;f_min_fire_size;f_product_level
GRC,Hellas,country,2016,burned_area_km2,876.79,km2,K1,owid_annual_area_burnt,measured,f_sensor_break;f_min_fire_size;f_product_level
GRC,Hellas,country,2017,burned_area_km2,509.54,km2,K1,owid_annual_area_burnt,measured,f_sensor_break;f_min_fire_size;f_product_level
GRC,Hellas,country,2018,burned_area_km2,323.85,km2,K1,owid_annual_area_burnt,measured,f_sensor_break;f_min_fire_size;f_product_level
GRC,Hellas,country,2019,burned_area_km2,315.38,km2,K1,owid_annual_area_burnt,measured,f_sensor_break;f_min_fire_size;f_product_level
GRC,Hellas,country,2020,burned_area_km2,348.11,km2,K1,owid_annual_area_burnt,measured,f_sensor_break;f_min_fire_size;f_product_level
GRC,Hellas,country,2021,burned_area_km2,1357.48,km2,K1,owid_annual_area_burnt,measured,f_sensor_break;f_min_fire_size;f_product_level
GRC,Hellas,country,2022,burned_area_km2,435.26,km2,K1,owid_annual_area_burnt,measured,f_sensor_break;f_min_fire_size;f_product_level
GRC,Hellas,country,2023,burned_area_km2,1691.95,km2,K1,owid_annual_area_burnt,measured,f_sensor_break;f_min_fire_size;f_product_level
GRC,Hellas,country,2024,burned_area_km2,484.29,km2,K1,owid_annual_area_burnt,measured,f_sensor_break;f_min_fire_size;f_product_level
GRC,Hellas,country,2025,burned_area_km2,421.89,km2,K1,owid_annual_area_burnt,measured,f_sensor_break;f_min_fire_size;f_product_level
GRC,Hellas,country,2026,burned_area_km2,36.84,km2,K1,owid_annual_area_burnt,measured,f_sensor_break;f_min_fire_size;f_product_level;f_incomplete_year
GRD,Grenada,country,2012,burned_area_km2,0.0,km2,K1,owid_annual_area_burnt,measured,f_sensor_break;f_min_fire_size;f_product_level;f_zero_no_detection
GRD,Grenada,country,2013,burned_area_km2,0.0,km2,K1,owid_annual_area_burnt,measured,f_sensor_break;f_min_fire_size;f_product_level;f_zero_no_detection
GRD,Grenada,country,2014,burned_area_km2,0.0,km2,K1,owid_annual_area_burnt,measured,f_sensor_break;f_min_fire_size;f_product_level;f_zero_no_detection
GRD,Grenada,country,2015,burned_area_km2,0.0,km2,K1,owid_annual_area_burnt,measured,f_sensor_break;f_min_fire_size;f_product_level;f_zero_no_detection
GRD,Grenada,country,2016,burned_area_km2,0.0,km2,K1,owid_annual_area_burnt,measured,f_sensor_break;f_min_fire_size;f_product_level;f_zero_no_detection
GRD,Grenada,country,2017,burned_area_km2,0.0,km2,K1,owid_annual_area_burnt,measured,f_sensor_break;f_min_fire_size;f_product_level;f_zero_no_detection
GRD,Grenada,country,2018,burned_area_km2,0.0,km2,K1,owid_annual_area_burnt,measured,f_sensor_break;f_min_fire_size;f_product_level;f_zero_no_detection
GRD,Grenada,country,2019,burned_area_km2,0.0,km2,K1,owid_annual_area_burnt,measured,f_sensor_break;f_min_fire_size;f_product_level;f_zero_no_detection
GRD,Grenada,country,2020,burned_area_km2,0.0,km2,K1,owid_annual_area_burnt,measured,f_sensor_break;f_min_fire_size;f_product_level;f_zero_no_detection
GRD,Grenada,country,2021,burned_area_km2,0.0,km2,K1,owid_annual_area_burnt,measured,f_sensor_break;f_min_fire_size;f_product_level;f_zero_no_detection
GRD,Grenada,country,2022,burned_area_km2,0.0,km2,K1,owid_annual_area_burnt,measured,f_sensor_break;f_min_fire_size;f_product_level;f_zero_no_detection
GRD,Grenada,country,2023,burned_area_km2,0.0,km2,K1,owid_annual_area_burnt,measured,f_sensor_break;f_min_fire_size;f_product_level;f_zero_no_detection
GRD,Grenada,country,2024,burned_area_km2,0.0,km2,K1,owid_annual_area_burnt,measured,f_sensor_break;f_min_fire_size;f_product_level;f_zero_no_detection
GRD,Grenada,country,2025,burned_area_km2,0.0,km2,K1,owid_annual_area_burnt,measured,f_sensor_break;f_min_fire_size;f_product_level;f_zero_no_detection
GRD,Grenada,country,2026,burned_area_km2,1.59,km2,K1,owid_annual_area_burnt,measured,f_sensor_break;f_min_fire_size;f_product_level;f_incomplete_year
GRL,Grønland,country,2012,burned_area_km2,0.0,km2,K1,owid_annual_area_burnt,measured,f_sensor_break;f_min_fire_size;f_product_level;f_zero_no_detection
GRL,Grønland,country,2013,burned_area_km2,0.0,km2,K1,owid_annual_area_burnt,measured,f_sensor_break;f_min_fire_size;f_product_level;f_zero_no_detection
GRL,Grønland,country,2014,burned_area_km2,1.39,km2,K1,owid_annual_area_burnt,measured,f_sensor_break;f_min_fire_size;f_product_level
GRL,Grønland,country,2015,burned_area_km2,5.06,km2,K1,owid_annual_area_burnt,measured,f_sensor_break;f_min_fire_size;f_product_level
GRL,Grønland,country,2016,burned_area_km2,1.05,km2,K1,owid_annual_area_burnt,measured,f_sensor_break;f_min_fire_size;f_product_level
GRL,Grønland,country,2017,burned_area_km2,37.4,km2,K1,owid_annual_area_burnt,measured,f_sensor_break;f_min_fire_size;f_product_level
GRL,Grønland,country,2018,burned_area_km2,0.0,km2,K1,owid_annual_area_burnt,measured,f_sensor_break;f_min_fire_size;f_product_level;f_zero_no_detection
GRL,Grønland,country,2019,burned_area_km2,19.32,km2,K1,owid_annual_area_burnt,measured,f_sensor_break;f_min_fire_size;f_product_level
GRL,Grønland,country,2020,burned_area_km2,4.75,km2,K1,owid_annual_area_burnt,measured,f_sensor_break;f_min_fire_size;f_product_level
GRL,Grønland,country,2021,burned_area_km2,0.0,km2,K1,owid_annual_area_burnt,measured,f_sensor_break;f_min_fire_size;f_product_level;f_zero_no_detection
GRL,Grønland,country,2022,burned_area_km2,0.0,km2,K1,owid_annual_area_burnt,measured,f_sensor_break;f_min_fire_size;f_product_level;f_zero_no_detection
GRL,Grønland,country,2023,burned_area_km2,0.0,km2,K1,owid_annual_area_burnt,measured,f_sensor_break;f_min_fire_size;f_product_level;f_zero_no_detection
GRL,Grønland,country,2024,burned_area_km2,0.0,km2,K1,owid_annual_area_burnt,measured,f_sensor_break;f_min_fire_size;f_product_level;f_zero_no_detection
GRL,Grønland,country,2025,burned_area_km2,1.27,km2,K1,owid_annual_area_burnt,measured,f_sensor_break;f_min_fire_size;f_product_level
GRL,Grønland,country,2026,burned_area_km2,3.29,km2,K1,owid_annual_area_burnt,measured,f_sensor_break;f_min_fire_size;f_product_level;f_incomplete_year
GTM,Guatemala,country,2012,burned_area_km2,5404.31,km2,K1,owid_annual_area_burnt,measured,f_sensor_break;f_min_fire_size;f_product_level
GTM,Guatemala,country,2013,burned_area_km2,9422.69,km2,K1,owid_annual_area_burnt,measured,f_sensor_break;f_min_fire_size;f_product_level
GTM,Guatemala,country,2014,burned_area_km2,4162.56,km2,K1,owid_annual_area_burnt,measured,f_sensor_break;f_min_fire_size;f_product_level
GTM,Guatemala,country,2015,burned_area_km2,5949.63,km2,K1,owid_annual_area_burnt,measured,f_sensor_break;f_min_fire_size;f_product_level
GTM,Guatemala,country,2016,burned_area_km2,6572.8,km2,K1,owid_annual_area_burnt,measured,f_sensor_break;f_min_fire_size;f_product_level
GTM,Guatemala,country,2017,burned_area_km2,5838.84,km2,K1,owid_annual_area_burnt,measured,f_sensor_break;f_min_fire_size;f_product_level
GTM,Guatemala,country,2018,burned_area_km2,3051.63,km2,K1,owid_annual_area_burnt,measured,f_sensor_break;f_min_fire_size;f_product_level
GTM,Guatemala,country,2019,burned_area_km2,6092.64,km2,K1,owid_annual_area_burnt,measured,f_sensor_break;f_min_fire_size;f_product_level
GTM,Guatemala,country,2020,burned_area_km2,6226.28,km2,K1,owid_annual_area_burnt,measured,f_sensor_break;f_min_fire_size;f_product_level
GTM,Guatemala,country,2021,burned_area_km2,3205.8,km2,K1,owid_annual_area_burnt,measured,f_sensor_break;f_min_fire_size;f_product_level
GTM,Guatemala,country,2022,burned_area_km2,3920.19,km2,K1,owid_annual_area_burnt,measured,f_sensor_break;f_min_fire_size;f_product_level
GTM,Guatemala,country,2023,burned_area_km2,5129.7,km2,K1,owid_annual_area_burnt,measured,f_sensor_break;f_min_fire_size;f_product_level
GTM,Guatemala,country,2024,burned_area_km2,6838.72,km2,K1,owid_annual_area_burnt,measured,f_sensor_break;f_min_fire_size;f_product_level
GTM,Guatemala,country,2025,burned_area_km2,1926.9,km2,K1,owid_annual_area_burnt,measured,f_sensor_break;f_min_fire_size;f_product_level
GTM,Guatemala,country,2026,burned_area_km2,1713.98,km2,K1,owid_annual_area_burnt,measured,f_sensor_break;f_min_fire_size;f_product_level;f_incomplete_year
GUF,Fransk Guyana,country,2012,burned_area_km2,340.88,km2,K1,owid_annual_area_burnt,measured,f_sensor_break;f_min_fire_size;f_product_level
GUF,Fransk Guyana,country,2013,burned_area_km2,137.33,km2,K1,owid_annual_area_burnt,measured,f_sensor_break;f_min_fire_size;f_product_level
GUF,Fransk Guyana,country,2014,burned_area_km2,146.75,km2,K1,owid_annual_area_burnt,measured,f_sensor_break;f_min_fire_size;f_product_level
GUF,Fransk Guyana,country,2015,burned_area_km2,325.65,km2,K1,owid_annual_area_burnt,measured,f_sensor_break;f_min_fire_size;f_product_level
GUF,Fransk Guyana,country,2016,burned_area_km2,428.49,km2,K1,owid_annual_area_burnt,measured,f_sensor_break;f_min_fire_size;f_product_level
GUF,Fransk Guyana,country,2017,burned_area_km2,143.03,km2,K1,owid_annual_area_burnt,measured,f_sensor_break;f_min_fire_size;f_product_level
GUF,Fransk Guyana,country,2018,burned_area_km2,285.95,km2,K1,owid_annual_area_burnt,measured,f_sensor_break;f_min_fire_size;f_product_level
GUF,Fransk Guyana,country,2019,burned_area_km2,161.26,km2,K1,owid_annual_area_burnt,measured,f_sensor_break;f_min_fire_size;f_product_level
GUF,Fransk Guyana,country,2020,burned_area_km2,210.09,km2,K1,owid_annual_area_burnt,measured,f_sensor_break;f_min_fire_size;f_product_level
GUF,Fransk Guyana,country,2021,burned_area_km2,66.61,km2,K1,owid_annual_area_burnt,measured,f_sensor_break;f_min_fire_size;f_product_level
GUF,Fransk Guyana,country,2022,burned_area_km2,94.93,km2,K1,owid_annual_area_burnt,measured,f_sensor_break;f_min_fire_size;f_product_level
GUF,Fransk Guyana,country,2023,burned_area_km2,359.55,km2,K1,owid_annual_area_burnt,measured,f_sensor_break;f_min_fire_size;f_product_level
GUF,Fransk Guyana,country,2024,burned_area_km2,221.34,km2,K1,owid_annual_area_burnt,measured,f_sensor_break;f_min_fire_size;f_product_level
GUF,Fransk Guyana,country,2025,burned_area_km2,202.1,km2,K1,owid_annual_area_burnt,measured,f_sensor_break;f_min_fire_size;f_product_level
GUF,Fransk Guyana,country,2026,burned_area_km2,15.21,km2,K1,owid_annual_area_burnt,measured,f_sensor_break;f_min_fire_size;f_product_level;f_incomplete_year
GUM,Guam,country,2012,burned_area_km2,7.02,km2,K1,owid_annual_area_burnt,measured,f_sensor_break;f_min_fire_size;f_product_level
GUM,Guam,country,2013,burned_area_km2,2.9,km2,K1,owid_annual_area_burnt,measured,f_sensor_break;f_min_fire_size;f_product_level
GUM,Guam,country,2014,burned_area_km2,11.59,km2,K1,owid_annual_area_burnt,measured,f_sensor_break;f_min_fire_size;f_product_level
GUM,Guam,country,2015,burned_area_km2,10.01,km2,K1,owid_annual_area_burnt,measured,f_sensor_break;f_min_fire_size;f_product_level
GUM,Guam,country,2016,burned_area_km2,9.79,km2,K1,owid_annual_area_burnt,measured,f_sensor_break;f_min_fire_size;f_product_level
GUM,Guam,country,2017,burned_area_km2,3.36,km2,K1,owid_annual_area_burnt,measured,f_sensor_break;f_min_fire_size;f_product_level
GUM,Guam,country,2018,burned_area_km2,1.93,km2,K1,owid_annual_area_burnt,measured,f_sensor_break;f_min_fire_size;f_product_level
GUM,Guam,country,2019,burned_area_km2,22.22,km2,K1,owid_annual_area_burnt,measured,f_sensor_break;f_min_fire_size;f_product_level
GUM,Guam,country,2020,burned_area_km2,2.78,km2,K1,owid_annual_area_burnt,measured,f_sensor_break;f_min_fire_size;f_product_level
GUM,Guam,country,2021,burned_area_km2,4.95,km2,K1,owid_annual_area_burnt,measured,f_sensor_break;f_min_fire_size;f_product_level
GUM,Guam,country,2022,burned_area_km2,3.59,km2,K1,owid_annual_area_burnt,measured,f_sensor_break;f_min_fire_size;f_product_level
GUM,Guam,country,2023,burned_area_km2,0.0,km2,K1,owid_annual_area_burnt,measured,f_sensor_break;f_min_fire_size;f_product_level;f_zero_no_detection
GUM,Guam,country,2024,burned_area_km2,3.38,km2,K1,owid_annual_area_burnt,measured,f_sensor_break;f_min_fire_size;f_product_level
GUM,Guam,country,2025,burned_area_km2,4.32,km2,K1,owid_annual_area_burnt,measured,f_sensor_break;f_min_fire_size;f_product_level
GUM,Guam,country,2026,burned_area_km2,0.0,km2,K1,owid_annual_area_burnt,measured,f_sensor_break;f_min_fire_size;f_product_level;f_incomplete_year;f_zero_no_detection
GUY,Guyana,country,2012,burned_area_km2,1252.77,km2,K1,owid_annual_area_burnt,measured,f_sensor_break;f_min_fire_size;f_product_level
GUY,Guyana,country,2013,burned_area_km2,1041.94,km2,K1,owid_annual_area_burnt,measured,f_sensor_break;f_min_fire_size;f_product_level
GUY,Guyana,country,2014,burned_area_km2,1344.62,km2,K1,owid_annual_area_burnt,measured,f_sensor_break;f_min_fire_size;f_product_level
GUY,Guyana,country,2015,burned_area_km2,2207.45,km2,K1,owid_annual_area_burnt,measured,f_sensor_break;f_min_fire_size;f_product_level
GUY,Guyana,country,2016,burned_area_km2,1817.07,km2,K1,owid_annual_area_burnt,measured,f_sensor_break;f_min_fire_size;f_product_level
GUY,Guyana,country,2017,burned_area_km2,1049.8,km2,K1,owid_annual_area_burnt,measured,f_sensor_break;f_min_fire_size;f_product_level
GUY,Guyana,country,2018,burned_area_km2,1158.21,km2,K1,owid_annual_area_burnt,measured,f_sensor_break;f_min_fire_size;f_product_level
GUY,Guyana,country,2019,burned_area_km2,1675.17,km2,K1,owid_annual_area_burnt,measured,f_sensor_break;f_min_fire_size;f_product_level
GUY,Guyana,country,2020,burned_area_km2,1639.08,km2,K1,owid_annual_area_burnt,measured,f_sensor_break;f_min_fire_size;f_product_level
GUY,Guyana,country,2021,burned_area_km2,453.78,km2,K1,owid_annual_area_burnt,measured,f_sensor_break;f_min_fire_size;f_product_level
GUY,Guyana,country,2022,burned_area_km2,463.0,km2,K1,owid_annual_area_burnt,measured,f_sensor_break;f_min_fire_size;f_product_level
GUY,Guyana,country,2023,burned_area_km2,2967.09,km2,K1,owid_annual_area_burnt,measured,f_sensor_break;f_min_fire_size;f_product_level
GUY,Guyana,country,2024,burned_area_km2,4963.95,km2,K1,owid_annual_area_burnt,measured,f_sensor_break;f_min_fire_size;f_product_level
GUY,Guyana,country,2025,burned_area_km2,945.19,km2,K1,owid_annual_area_burnt,measured,f_sensor_break;f_min_fire_size;f_product_level
GUY,Guyana,country,2026,burned_area_km2,386.0,km2,K1,owid_annual_area_burnt,measured,f_sensor_break;f_min_fire_size;f_product_level;f_incomplete_year
HKG,Hongkong,country,2012,burned_area_km2,0.0,km2,K1,owid_annual_area_burnt,measured,f_sensor_break;f_min_fire_size;f_product_level;f_zero_no_detection
HKG,Hongkong,country,2013,burned_area_km2,1.89,km2,K1,owid_annual_area_burnt,measured,f_sensor_break;f_min_fire_size;f_product_level
HKG,Hongkong,country,2014,burned_area_km2,8.69,km2,K1,owid_annual_area_burnt,measured,f_sensor_break;f_min_fire_size;f_product_level
HKG,Hongkong,country,2015,burned_area_km2,3.24,km2,K1,owid_annual_area_burnt,measured,f_sensor_break;f_min_fire_size;f_product_level
HKG,Hongkong,country,2016,burned_area_km2,8.51,km2,K1,owid_annual_area_burnt,measured,f_sensor_break;f_min_fire_size;f_product_level
HKG,Hongkong,country,2017,burned_area_km2,7.82,km2,K1,owid_annual_area_burnt,measured,f_sensor_break;f_min_fire_size;f_product_level
HKG,Hongkong,country,2018,burned_area_km2,8.57,km2,K1,owid_annual_area_burnt,measured,f_sensor_break;f_min_fire_size;f_product_level
HKG,Hongkong,country,2019,burned_area_km2,2.08,km2,K1,owid_annual_area_burnt,measured,f_sensor_break;f_min_fire_size;f_product_level
HKG,Hongkong,country,2020,burned_area_km2,4.14,km2,K1,owid_annual_area_burnt,measured,f_sensor_break;f_min_fire_size;f_product_level
HKG,Hongkong,country,2021,burned_area_km2,12.49,km2,K1,owid_annual_area_burnt,measured,f_sensor_break;f_min_fire_size;f_product_level
HKG,Hongkong,country,2022,burned_area_km2,1.64,km2,K1,owid_annual_area_burnt,measured,f_sensor_break;f_min_fire_size;f_product_level
HKG,Hongkong,country,2023,burned_area_km2,0.0,km2,K1,owid_annual_area_burnt,measured,f_sensor_break;f_min_fire_size;f_product_level;f_zero_no_detection
HKG,Hongkong,country,2024,burned_area_km2,2.46,km2,K1,owid_annual_area_burnt,measured,f_sensor_break;f_min_fire_size;f_product_level
HKG,Hongkong,country,2025,burned_area_km2,8.86,km2,K1,owid_annual_area_burnt,measured,f_sensor_break;f_min_fire_size;f_product_level
HKG,Hongkong,country,2026,burned_area_km2,0.0,km2,K1,owid_annual_area_burnt,measured,f_sensor_break;f_min_fire_size;f_product_level;f_incomplete_year;f_zero_no_detection
HMD,Heard- og McDonaldøyene,country,2012,burned_area_km2,0.0,km2,K1,owid_annual_area_burnt,measured,f_sensor_break;f_min_fire_size;f_product_level;f_zero_no_detection
HMD,Heard- og McDonaldøyene,country,2013,burned_area_km2,0.0,km2,K1,owid_annual_area_burnt,measured,f_sensor_break;f_min_fire_size;f_product_level;f_zero_no_detection
HMD,Heard- og McDonaldøyene,country,2014,burned_area_km2,0.0,km2,K1,owid_annual_area_burnt,measured,f_sensor_break;f_min_fire_size;f_product_level;f_zero_no_detection
HMD,Heard- og McDonaldøyene,country,2015,burned_area_km2,0.0,km2,K1,owid_annual_area_burnt,measured,f_sensor_break;f_min_fire_size;f_product_level;f_zero_no_detection
HMD,Heard- og McDonaldøyene,country,2016,burned_area_km2,0.0,km2,K1,owid_annual_area_burnt,measured,f_sensor_break;f_min_fire_size;f_product_level;f_zero_no_detection
HMD,Heard- og McDonaldøyene,country,2017,burned_area_km2,0.0,km2,K1,owid_annual_area_burnt,measured,f_sensor_break;f_min_fire_size;f_product_level;f_zero_no_detection
HMD,Heard- og McDonaldøyene,country,2018,burned_area_km2,0.0,km2,K1,owid_annual_area_burnt,measured,f_sensor_break;f_min_fire_size;f_product_level;f_zero_no_detection
HMD,Heard- og McDonaldøyene,country,2019,burned_area_km2,0.0,km2,K1,owid_annual_area_burnt,measured,f_sensor_break;f_min_fire_size;f_product_level;f_zero_no_detection
HMD,Heard- og McDonaldøyene,country,2020,burned_area_km2,0.0,km2,K1,owid_annual_area_burnt,measured,f_sensor_break;f_min_fire_size;f_product_level;f_zero_no_detection
HMD,Heard- og McDonaldøyene,country,2021,burned_area_km2,0.0,km2,K1,owid_annual_area_burnt,measured,f_sensor_break;f_min_fire_size;f_product_level;f_zero_no_detection
HMD,Heard- og McDonaldøyene,country,2022,burned_area_km2,0.0,km2,K1,owid_annual_area_burnt,measured,f_sensor_break;f_min_fire_size;f_product_level;f_zero_no_detection
HMD,Heard- og McDonaldøyene,country,2023,burned_area_km2,0.0,km2,K1,owid_annual_area_burnt,measured,f_sensor_break;f_min_fire_size;f_product_level;f_zero_no_detection
HMD,Heard- og McDonaldøyene,country,2024,burned_area_km2,0.0,km2,K1,owid_annual_area_burnt,measured,f_sensor_break;f_min_fire_size;f_product_level;f_zero_no_detection
HMD,Heard- og McDonaldøyene,country,2025,burned_area_km2,0.0,km2,K1,owid_annual_area_burnt,measured,f_sensor_break;f_min_fire_size;f_product_level;f_zero_no_detection
HMD,Heard- og McDonaldøyene,country,2026,burned_area_km2,0.0,km2,K1,owid_annual_area_burnt,measured,f_sensor_break;f_min_fire_size;f_product_level;f_incomplete_year;f_zero_no_detection
HND,Honduras,country,2012,burned_area_km2,2571.55,km2,K1,owid_annual_area_burnt,measured,f_sensor_break;f_min_fire_size;f_product_level
HND,Honduras,country,2013,burned_area_km2,8965.8,km2,K1,owid_annual_area_burnt,measured,f_sensor_break;f_min_fire_size;f_product_level
HND,Honduras,country,2014,burned_area_km2,8032.72,km2,K1,owid_annual_area_burnt,measured,f_sensor_break;f_min_fire_size;f_product_level
HND,Honduras,country,2015,burned_area_km2,7439.4,km2,K1,owid_annual_area_burnt,measured,f_sensor_break;f_min_fire_size;f_product_level
HND,Honduras,country,2016,burned_area_km2,8313.3,km2,K1,owid_annual_area_burnt,measured,f_sensor_break;f_min_fire_size;f_product_level
HND,Honduras,country,2017,burned_area_km2,4783.25,km2,K1,owid_annual_area_burnt,measured,f_sensor_break;f_min_fire_size;f_product_level
HND,Honduras,country,2018,burned_area_km2,7901.42,km2,K1,owid_annual_area_burnt,measured,f_sensor_break;f_min_fire_size;f_product_level
HND,Honduras,country,2019,burned_area_km2,11506.59,km2,K1,owid_annual_area_burnt,measured,f_sensor_break;f_min_fire_size;f_product_level
HND,Honduras,country,2020,burned_area_km2,17544.5,km2,K1,owid_annual_area_burnt,measured,f_sensor_break;f_min_fire_size;f_product_level
HND,Honduras,country,2021,burned_area_km2,3578.19,km2,K1,owid_annual_area_burnt,measured,f_sensor_break;f_min_fire_size;f_product_level
HND,Honduras,country,2022,burned_area_km2,5178.89,km2,K1,owid_annual_area_burnt,measured,f_sensor_break;f_min_fire_size;f_product_level
HND,Honduras,country,2023,burned_area_km2,13472.57,km2,K1,owid_annual_area_burnt,measured,f_sensor_break;f_min_fire_size;f_product_level
HND,Honduras,country,2024,burned_area_km2,9580.91,km2,K1,owid_annual_area_burnt,measured,f_sensor_break;f_min_fire_size;f_product_level
HND,Honduras,country,2025,burned_area_km2,1324.64,km2,K1,owid_annual_area_burnt,measured,f_sensor_break;f_min_fire_size;f_product_level
HND,Honduras,country,2026,burned_area_km2,3208.84,km2,K1,owid_annual_area_burnt,measured,f_sensor_break;f_min_fire_size;f_product_level;f_incomplete_year
HRV,Kroatia,country,2012,burned_area_km2,632.27,km2,K1,owid_annual_area_burnt,measured,f_sensor_break;f_min_fire_size;f_product_level
HRV,Kroatia,country,2013,burned_area_km2,48.86,km2,K1,owid_annual_area_burnt,measured,f_sensor_break;f_min_fire_size;f_product_level
HRV,Kroatia,country,2014,burned_area_km2,49.71,km2,K1,owid_annual_area_burnt,measured,f_sensor_break;f_min_fire_size;f_product_level
HRV,Kroatia,country,2015,burned_area_km2,183.23,km2,K1,owid_annual_area_burnt,measured,f_sensor_break;f_min_fire_size;f_product_level
HRV,Kroatia,country,2016,burned_area_km2,165.03,km2,K1,owid_annual_area_burnt,measured,f_sensor_break;f_min_fire_size;f_product_level
HRV,Kroatia,country,2017,burned_area_km2,876.22,km2,K1,owid_annual_area_burnt,measured,f_sensor_break;f_min_fire_size;f_product_level
HRV,Kroatia,country,2018,burned_area_km2,63.43,km2,K1,owid_annual_area_burnt,measured,f_sensor_break;f_min_fire_size;f_product_level
HRV,Kroatia,country,2019,burned_area_km2,220.09,km2,K1,owid_annual_area_burnt,measured,f_sensor_break;f_min_fire_size;f_product_level
HRV,Kroatia,country,2020,burned_area_km2,219.81,km2,K1,owid_annual_area_burnt,measured,f_sensor_break;f_min_fire_size;f_product_level
HRV,Kroatia,country,2021,burned_area_km2,100.57,km2,K1,owid_annual_area_burnt,measured,f_sensor_break;f_min_fire_size;f_product_level
HRV,Kroatia,country,2022,burned_area_km2,412.88,km2,K1,owid_annual_area_burnt,measured,f_sensor_break;f_min_fire_size;f_product_level
HRV,Kroatia,country,2023,burned_area_km2,23.28,km2,K1,owid_annual_area_burnt,measured,f_sensor_break;f_min_fire_size;f_product_level
HRV,Kroatia,country,2024,burned_area_km2,108.21,km2,K1,owid_annual_area_burnt,measured,f_sensor_break;f_min_fire_size;f_product_level
HRV,Kroatia,country,2025,burned_area_km2,31.32,km2,K1,owid_annual_area_burnt,measured,f_sensor_break;f_min_fire_size;f_product_level
HRV,Kroatia,country,2026,burned_area_km2,21.07,km2,K1,owid_annual_area_burnt,measured,f_sensor_break;f_min_fire_size;f_product_level;f_incomplete_year
HTI,Haiti,country,2012,burned_area_km2,158.02,km2,K1,owid_annual_area_burnt,measured,f_sensor_break;f_min_fire_size;f_product_level
HTI,Haiti,country,2013,burned_area_km2,223.81,km2,K1,owid_annual_area_burnt,measured,f_sensor_break;f_min_fire_size;f_product_level
HTI,Haiti,country,2014,burned_area_km2,101.65,km2,K1,owid_annual_area_burnt,measured,f_sensor_break;f_min_fire_size;f_product_level
HTI,Haiti,country,2015,burned_area_km2,162.77,km2,K1,owid_annual_area_burnt,measured,f_sensor_break;f_min_fire_size;f_product_level
HTI,Haiti,country,2016,burned_area_km2,74.48,km2,K1,owid_annual_area_burnt,measured,f_sensor_break;f_min_fire_size;f_product_level
HTI,Haiti,country,2017,burned_area_km2,101.94,km2,K1,owid_annual_area_burnt,measured,f_sensor_break;f_min_fire_size;f_product_level
HTI,Haiti,country,2018,burned_area_km2,98.36,km2,K1,owid_annual_area_burnt,measured,f_sensor_break;f_min_fire_size;f_product_level
HTI,Haiti,country,2019,burned_area_km2,152.44,km2,K1,owid_annual_area_burnt,measured,f_sensor_break;f_min_fire_size;f_product_level
HTI,Haiti,country,2020,burned_area_km2,211.96,km2,K1,owid_annual_area_burnt,measured,f_sensor_break;f_min_fire_size;f_product_level
HTI,Haiti,country,2021,burned_area_km2,155.51,km2,K1,owid_annual_area_burnt,measured,f_sensor_break;f_min_fire_size;f_product_level
HTI,Haiti,country,2022,burned_area_km2,112.31,km2,K1,owid_annual_area_burnt,measured,f_sensor_break;f_min_fire_size;f_product_level
HTI,Haiti,country,2023,burned_area_km2,233.07,km2,K1,owid_annual_area_burnt,measured,f_sensor_break;f_min_fire_size;f_product_level
HTI,Haiti,country,2024,burned_area_km2,75.58,km2,K1,owid_annual_area_burnt,measured,f_sensor_break;f_min_fire_size;f_product_level
HTI,Haiti,country,2025,burned_area_km2,86.71,km2,K1,owid_annual_area_burnt,measured,f_sensor_break;f_min_fire_size;f_product_level
HTI,Haiti,country,2026,burned_area_km2,52.98,km2,K1,owid_annual_area_burnt,measured,f_sensor_break;f_min_fire_size;f_product_level;f_incomplete_year
HUN,Ungarn,country,2012,burned_area_km2,271.34,km2,K1,owid_annual_area_burnt,measured,f_sensor_break;f_min_fire_size;f_product_level
HUN,Ungarn,country,2013,burned_area_km2,60.26,km2,K1,owid_annual_area_burnt,measured,f_sensor_break;f_min_fire_size;f_product_level
HUN,Ungarn,country,2014,burned_area_km2,74.16,km2,K1,owid_annual_area_burnt,measured,f_sensor_break;f_min_fire_size;f_product_level
HUN,Ungarn,country,2015,burned_area_km2,68.34,km2,K1,owid_annual_area_burnt,measured,f_sensor_break;f_min_fire_size;f_product_level
HUN,Ungarn,country,2016,burned_area_km2,22.26,km2,K1,owid_annual_area_burnt,measured,f_sensor_break;f_min_fire_size;f_product_level
HUN,Ungarn,country,2017,burned_area_km2,58.15,km2,K1,owid_annual_area_burnt,measured,f_sensor_break;f_min_fire_size;f_product_level
HUN,Ungarn,country,2018,burned_area_km2,65.51,km2,K1,owid_annual_area_burnt,measured,f_sensor_break;f_min_fire_size;f_product_level
HUN,Ungarn,country,2019,burned_area_km2,82.55,km2,K1,owid_annual_area_burnt,measured,f_sensor_break;f_min_fire_size;f_product_level
HUN,Ungarn,country,2020,burned_area_km2,74.48,km2,K1,owid_annual_area_burnt,measured,f_sensor_break;f_min_fire_size;f_product_level
HUN,Ungarn,country,2021,burned_area_km2,61.36,km2,K1,owid_annual_area_burnt,measured,f_sensor_break;f_min_fire_size;f_product_level
HUN,Ungarn,country,2022,burned_area_km2,223.67,km2,K1,owid_annual_area_burnt,measured,f_sensor_break;f_min_fire_size;f_product_level
HUN,Ungarn,country,2023,burned_area_km2,16.54,km2,K1,owid_annual_area_burnt,measured,f_sensor_break;f_min_fire_size;f_product_level
HUN,Ungarn,country,2024,burned_area_km2,59.2,km2,K1,owid_annual_area_burnt,measured,f_sensor_break;f_min_fire_size;f_product_level
HUN,Ungarn,country,2025,burned_area_km2,34.0,km2,K1,owid_annual_area_burnt,measured,f_sensor_break;f_min_fire_size;f_product_level
HUN,Ungarn,country,2026,burned_area_km2,38.72,km2,K1,owid_annual_area_burnt,measured,f_sensor_break;f_min_fire_size;f_product_level;f_incomplete_year
IDN,Indonesia,country,2012,burned_area_km2,48759.9,km2,K1,owid_annual_area_burnt,measured,f_sensor_break;f_min_fire_size;f_product_level
IDN,Indonesia,country,2013,burned_area_km2,36550.89,km2,K1,owid_annual_area_burnt,measured,f_sensor_break;f_min_fire_size;f_product_level
IDN,Indonesia,country,2014,burned_area_km2,83215.95,km2,K1,owid_annual_area_burnt,measured,f_sensor_break;f_min_fire_size;f_product_level
IDN,Indonesia,country,2015,burned_area_km2,141012.36,km2,K1,owid_annual_area_burnt,measured,f_sensor_break;f_min_fire_size;f_product_level
IDN,Indonesia,country,2016,burned_area_km2,14153.18,km2,K1,owid_annual_area_burnt,measured,f_sensor_break;f_min_fire_size;f_product_level
IDN,Indonesia,country,2017,burned_area_km2,9678.66,km2,K1,owid_annual_area_burnt,measured,f_sensor_break;f_min_fire_size;f_product_level
IDN,Indonesia,country,2018,burned_area_km2,29307.34,km2,K1,owid_annual_area_burnt,measured,f_sensor_break;f_min_fire_size;f_product_level
IDN,Indonesia,country,2019,burned_area_km2,62697.36,km2,K1,owid_annual_area_burnt,measured,f_sensor_break;f_min_fire_size;f_product_level
IDN,Indonesia,country,2020,burned_area_km2,9032.65,km2,K1,owid_annual_area_burnt,measured,f_sensor_break;f_min_fire_size;f_product_level
IDN,Indonesia,country,2021,burned_area_km2,6153.63,km2,K1,owid_annual_area_burnt,measured,f_sensor_break;f_min_fire_size;f_product_level
IDN,Indonesia,country,2022,burned_area_km2,5855.54,km2,K1,owid_annual_area_burnt,measured,f_sensor_break;f_min_fire_size;f_product_level
IDN,Indonesia,country,2023,burned_area_km2,35580.59,km2,K1,owid_annual_area_burnt,measured,f_sensor_break;f_min_fire_size;f_product_level
IDN,Indonesia,country,2024,burned_area_km2,9715.48,km2,K1,owid_annual_area_burnt,measured,f_sensor_break;f_min_fire_size;f_product_level
IDN,Indonesia,country,2025,burned_area_km2,7934.01,km2,K1,owid_annual_area_burnt,measured,f_sensor_break;f_min_fire_size;f_product_level
IDN,Indonesia,country,2026,burned_area_km2,4883.65,km2,K1,owid_annual_area_burnt,measured,f_sensor_break;f_min_fire_size;f_product_level;f_incomplete_year
IMN,Man,country,2012,burned_area_km2,0.0,km2,K1,owid_annual_area_burnt,measured,f_sensor_break;f_min_fire_size;f_product_level;f_zero_no_detection
IMN,Man,country,2013,burned_area_km2,0.0,km2,K1,owid_annual_area_burnt,measured,f_sensor_break;f_min_fire_size;f_product_level;f_zero_no_detection
IMN,Man,country,2014,burned_area_km2,0.0,km2,K1,owid_annual_area_burnt,measured,f_sensor_break;f_min_fire_size;f_product_level;f_zero_no_detection
IMN,Man,country,2015,burned_area_km2,0.0,km2,K1,owid_annual_area_burnt,measured,f_sensor_break;f_min_fire_size;f_product_level;f_zero_no_detection
IMN,Man,country,2016,burned_area_km2,0.0,km2,K1,owid_annual_area_burnt,measured,f_sensor_break;f_min_fire_size;f_product_level;f_zero_no_detection
IMN,Man,country,2017,burned_area_km2,0.0,km2,K1,owid_annual_area_burnt,measured,f_sensor_break;f_min_fire_size;f_product_level;f_zero_no_detection
IMN,Man,country,2018,burned_area_km2,0.0,km2,K1,owid_annual_area_burnt,measured,f_sensor_break;f_min_fire_size;f_product_level;f_zero_no_detection
IMN,Man,country,2019,burned_area_km2,0.0,km2,K1,owid_annual_area_burnt,measured,f_sensor_break;f_min_fire_size;f_product_level;f_zero_no_detection
IMN,Man,country,2020,burned_area_km2,0.0,km2,K1,owid_annual_area_burnt,measured,f_sensor_break;f_min_fire_size;f_product_level;f_zero_no_detection
IMN,Man,country,2021,burned_area_km2,0.0,km2,K1,owid_annual_area_burnt,measured,f_sensor_break;f_min_fire_size;f_product_level;f_zero_no_detection
IMN,Man,country,2022,burned_area_km2,0.0,km2,K1,owid_annual_area_burnt,measured,f_sensor_break;f_min_fire_size;f_product_level;f_zero_no_detection
IMN,Man,country,2023,burned_area_km2,0.0,km2,K1,owid_annual_area_burnt,measured,f_sensor_break;f_min_fire_size;f_product_level;f_zero_no_detection
IMN,Man,country,2024,burned_area_km2,0.0,km2,K1,owid_annual_area_burnt,measured,f_sensor_break;f_min_fire_size;f_product_level;f_zero_no_detection
IMN,Man,country,2025,burned_area_km2,0.0,km2,K1,owid_annual_area_burnt,measured,f_sensor_break;f_min_fire_size;f_product_level;f_zero_no_detection
IMN,Man,country,2026,burned_area_km2,0.0,km2,K1,owid_annual_area_burnt,measured,f_sensor_break;f_min_fire_size;f_product_level;f_incomplete_year;f_zero_no_detection
IND,India,country,2012,burned_area_km2,80201.69,km2,K1,owid_annual_area_burnt,measured,f_sensor_break;f_min_fire_size;f_product_level
IND,India,country,2013,burned_area_km2,56210.49,km2,K1,owid_annual_area_burnt,measured,f_sensor_break;f_min_fire_size;f_product_level
IND,India,country,2014,burned_area_km2,64680.19,km2,K1,owid_annual_area_burnt,measured,f_sensor_break;f_min_fire_size;f_product_level
IND,India,country,2015,burned_area_km2,52958.46,km2,K1,owid_annual_area_burnt,measured,f_sensor_break;f_min_fire_size;f_product_level
IND,India,country,2016,burned_area_km2,86222.44,km2,K1,owid_annual_area_burnt,measured,f_sensor_break;f_min_fire_size;f_product_level
IND,India,country,2017,burned_area_km2,70653.25,km2,K1,owid_annual_area_burnt,measured,f_sensor_break;f_min_fire_size;f_product_level
IND,India,country,2018,burned_area_km2,64816.85,km2,K1,owid_annual_area_burnt,measured,f_sensor_break;f_min_fire_size;f_product_level
IND,India,country,2019,burned_area_km2,61637.53,km2,K1,owid_annual_area_burnt,measured,f_sensor_break;f_min_fire_size;f_product_level
IND,India,country,2020,burned_area_km2,53484.53,km2,K1,owid_annual_area_burnt,measured,f_sensor_break;f_min_fire_size;f_product_level
IND,India,country,2021,burned_area_km2,115054.98,km2,K1,owid_annual_area_burnt,measured,f_sensor_break;f_min_fire_size;f_product_level
IND,India,country,2022,burned_area_km2,76122.13,km2,K1,owid_annual_area_burnt,measured,f_sensor_break;f_min_fire_size;f_product_level
IND,India,country,2023,burned_area_km2,52987.15,km2,K1,owid_annual_area_burnt,measured,f_sensor_break;f_min_fire_size;f_product_level
IND,India,country,2024,burned_area_km2,38524.55,km2,K1,owid_annual_area_burnt,measured,f_sensor_break;f_min_fire_size;f_product_level
IND,India,country,2025,burned_area_km2,46847.88,km2,K1,owid_annual_area_burnt,measured,f_sensor_break;f_min_fire_size;f_product_level
IND,India,country,2026,burned_area_km2,40297.04,km2,K1,owid_annual_area_burnt,measured,f_sensor_break;f_min_fire_size;f_product_level;f_incomplete_year
IOT,Det britiske territorium i Indiahavet,country,2012,burned_area_km2,0.0,km2,K1,owid_annual_area_burnt,measured,f_sensor_break;f_min_fire_size;f_product_level;f_zero_no_detection
IOT,Det britiske territorium i Indiahavet,country,2013,burned_area_km2,0.0,km2,K1,owid_annual_area_burnt,measured,f_sensor_break;f_min_fire_size;f_product_level;f_zero_no_detection
IOT,Det britiske territorium i Indiahavet,country,2014,burned_area_km2,0.0,km2,K1,owid_annual_area_burnt,measured,f_sensor_break;f_min_fire_size;f_product_level;f_zero_no_detection
IOT,Det britiske territorium i Indiahavet,country,2015,burned_area_km2,0.0,km2,K1,owid_annual_area_burnt,measured,f_sensor_break;f_min_fire_size;f_product_level;f_zero_no_detection
IOT,Det britiske territorium i Indiahavet,country,2016,burned_area_km2,0.0,km2,K1,owid_annual_area_burnt,measured,f_sensor_break;f_min_fire_size;f_product_level;f_zero_no_detection
IOT,Det britiske territorium i Indiahavet,country,2017,burned_area_km2,0.0,km2,K1,owid_annual_area_burnt,measured,f_sensor_break;f_min_fire_size;f_product_level;f_zero_no_detection
IOT,Det britiske territorium i Indiahavet,country,2018,burned_area_km2,0.0,km2,K1,owid_annual_area_burnt,measured,f_sensor_break;f_min_fire_size;f_product_level;f_zero_no_detection
IOT,Det britiske territorium i Indiahavet,country,2019,burned_area_km2,0.0,km2,K1,owid_annual_area_burnt,measured,f_sensor_break;f_min_fire_size;f_product_level;f_zero_no_detection
IOT,Det britiske territorium i Indiahavet,country,2020,burned_area_km2,0.0,km2,K1,owid_annual_area_burnt,measured,f_sensor_break;f_min_fire_size;f_product_level;f_zero_no_detection
IOT,Det britiske territorium i Indiahavet,country,2021,burned_area_km2,0.0,km2,K1,owid_annual_area_burnt,measured,f_sensor_break;f_min_fire_size;f_product_level;f_zero_no_detection
IOT,Det britiske territorium i Indiahavet,country,2022,burned_area_km2,0.0,km2,K1,owid_annual_area_burnt,measured,f_sensor_break;f_min_fire_size;f_product_level;f_zero_no_detection
IOT,Det britiske territorium i Indiahavet,country,2023,burned_area_km2,0.0,km2,K1,owid_annual_area_burnt,measured,f_sensor_break;f_min_fire_size;f_product_level;f_zero_no_detection
IOT,Det britiske territorium i Indiahavet,country,2024,burned_area_km2,0.0,km2,K1,owid_annual_area_burnt,measured,f_sensor_break;f_min_fire_size;f_product_level;f_zero_no_detection
IOT,Det britiske territorium i Indiahavet,country,2025,burned_area_km2,0.0,km2,K1,owid_annual_area_burnt,measured,f_sensor_break;f_min_fire_size;f_product_level;f_zero_no_detection
IOT,Det britiske territorium i Indiahavet,country,2026,burned_area_km2,0.0,km2,K1,owid_annual_area_burnt,measured,f_sensor_break;f_min_fire_size;f_product_level;f_incomplete_year;f_zero_no_detection
IRL,Irland,country,2012,burned_area_km2,31.06,km2,K1,owid_annual_area_burnt,measured,f_sensor_break;f_min_fire_size;f_product_level
IRL,Irland,country,2013,burned_area_km2,69.74,km2,K1,owid_annual_area_burnt,measured,f_sensor_break;f_min_fire_size;f_product_level
IRL,Irland,country,2014,burned_area_km2,10.78,km2,K1,owid_annual_area_burnt,measured,f_sensor_break;f_min_fire_size;f_product_level
IRL,Irland,country,2015,burned_area_km2,172.5,km2,K1,owid_annual_area_burnt,measured,f_sensor_break;f_min_fire_size;f_product_level
IRL,Irland,country,2016,burned_area_km2,25.64,km2,K1,owid_annual_area_burnt,measured,f_sensor_break;f_min_fire_size;f_product_level
IRL,Irland,country,2017,burned_area_km2,95.11,km2,K1,owid_annual_area_burnt,measured,f_sensor_break;f_min_fire_size;f_product_level
IRL,Irland,country,2018,burned_area_km2,43.05,km2,K1,owid_annual_area_burnt,measured,f_sensor_break;f_min_fire_size;f_product_level
IRL,Irland,country,2019,burned_area_km2,30.96,km2,K1,owid_annual_area_burnt,measured,f_sensor_break;f_min_fire_size;f_product_level
IRL,Irland,country,2020,burned_area_km2,39.01,km2,K1,owid_annual_area_burnt,measured,f_sensor_break;f_min_fire_size;f_product_level
IRL,Irland,country,2021,burned_area_km2,37.17,km2,K1,owid_annual_area_burnt,measured,f_sensor_break;f_min_fire_size;f_product_level
IRL,Irland,country,2022,burned_area_km2,39.87,km2,K1,owid_annual_area_burnt,measured,f_sensor_break;f_min_fire_size;f_product_level
IRL,Irland,country,2023,burned_area_km2,13.32,km2,K1,owid_annual_area_burnt,measured,f_sensor_break;f_min_fire_size;f_product_level
IRL,Irland,country,2024,burned_area_km2,2.08,km2,K1,owid_annual_area_burnt,measured,f_sensor_break;f_min_fire_size;f_product_level
IRL,Irland,country,2025,burned_area_km2,65.43,km2,K1,owid_annual_area_burnt,measured,f_sensor_break;f_min_fire_size;f_product_level
IRL,Irland,country,2026,burned_area_km2,54.98,km2,K1,owid_annual_area_burnt,measured,f_sensor_break;f_min_fire_size;f_product_level;f_incomplete_year
IRN,Iran,country,2012,burned_area_km2,3622.11,km2,K1,owid_annual_area_burnt,measured,f_sensor_break;f_min_fire_size;f_product_level
IRN,Iran,country,2013,burned_area_km2,3888.25,km2,K1,owid_annual_area_burnt,measured,f_sensor_break;f_min_fire_size;f_product_level
IRN,Iran,country,2014,burned_area_km2,4290.16,km2,K1,owid_annual_area_burnt,measured,f_sensor_break;f_min_fire_size;f_product_level
IRN,Iran,country,2015,burned_area_km2,3862.03,km2,K1,owid_annual_area_burnt,measured,f_sensor_break;f_min_fire_size;f_product_level
IRN,Iran,country,2016,burned_area_km2,5219.03,km2,K1,owid_annual_area_burnt,measured,f_sensor_break;f_min_fire_size;f_product_level
IRN,Iran,country,2017,burned_area_km2,4884.28,km2,K1,owid_annual_area_burnt,measured,f_sensor_break;f_min_fire_size;f_product_level
IRN,Iran,country,2018,burned_area_km2,3941.55,km2,K1,owid_annual_area_burnt,measured,f_sensor_break;f_min_fire_size;f_product_level
IRN,Iran,country,2019,burned_area_km2,4820.62,km2,K1,owid_annual_area_burnt,measured,f_sensor_break;f_min_fire_size;f_product_level
IRN,Iran,country,2020,burned_area_km2,5062.42,km2,K1,owid_annual_area_burnt,measured,f_sensor_break;f_min_fire_size;f_product_level
IRN,Iran,country,2021,burned_area_km2,4731.92,km2,K1,owid_annual_area_burnt,measured,f_sensor_break;f_min_fire_size;f_product_level
IRN,Iran,country,2022,burned_area_km2,4063.7,km2,K1,owid_annual_area_burnt,measured,f_sensor_break;f_min_fire_size;f_product_level
IRN,Iran,country,2023,burned_area_km2,3582.74,km2,K1,owid_annual_area_burnt,measured,f_sensor_break;f_min_fire_size;f_product_level
IRN,Iran,country,2024,burned_area_km2,4498.6,km2,K1,owid_annual_area_burnt,measured,f_sensor_break;f_min_fire_size;f_product_level
IRN,Iran,country,2025,burned_area_km2,3862.4,km2,K1,owid_annual_area_burnt,measured,f_sensor_break;f_min_fire_size;f_product_level
IRN,Iran,country,2026,burned_area_km2,1194.92,km2,K1,owid_annual_area_burnt,measured,f_sensor_break;f_min_fire_size;f_product_level;f_incomplete_year
IRQ,Irak,country,2012,burned_area_km2,2097.63,km2,K1,owid_annual_area_burnt,measured,f_sensor_break;f_min_fire_size;f_product_level
IRQ,Irak,country,2013,burned_area_km2,1986.79,km2,K1,owid_annual_area_burnt,measured,f_sensor_break;f_min_fire_size;f_product_level
IRQ,Irak,country,2014,burned_area_km2,2898.17,km2,K1,owid_annual_area_burnt,measured,f_sensor_break;f_min_fire_size;f_product_level
IRQ,Irak,country,2015,burned_area_km2,4888.02,km2,K1,owid_annual_area_burnt,measured,f_sensor_break;f_min_fire_size;f_product_level
IRQ,Irak,country,2016,burned_area_km2,4410.51,km2,K1,owid_annual_area_burnt,measured,f_sensor_break;f_min_fire_size;f_product_level
IRQ,Irak,country,2017,burned_area_km2,2719.73,km2,K1,owid_annual_area_burnt,measured,f_sensor_break;f_min_fire_size;f_product_level
IRQ,Irak,country,2018,burned_area_km2,3537.72,km2,K1,owid_annual_area_burnt,measured,f_sensor_break;f_min_fire_size;f_product_level
IRQ,Irak,country,2019,burned_area_km2,7783.27,km2,K1,owid_annual_area_burnt,measured,f_sensor_break;f_min_fire_size;f_product_level
IRQ,Irak,country,2020,burned_area_km2,5566.46,km2,K1,owid_annual_area_burnt,measured,f_sensor_break;f_min_fire_size;f_product_level
IRQ,Irak,country,2021,burned_area_km2,4047.95,km2,K1,owid_annual_area_burnt,measured,f_sensor_break;f_min_fire_size;f_product_level
IRQ,Irak,country,2022,burned_area_km2,3025.93,km2,K1,owid_annual_area_burnt,measured,f_sensor_break;f_min_fire_size;f_product_level
IRQ,Irak,country,2023,burned_area_km2,2551.05,km2,K1,owid_annual_area_burnt,measured,f_sensor_break;f_min_fire_size;f_product_level
IRQ,Irak,country,2024,burned_area_km2,2623.14,km2,K1,owid_annual_area_burnt,measured,f_sensor_break;f_min_fire_size;f_product_level
IRQ,Irak,country,2025,burned_area_km2,2113.18,km2,K1,owid_annual_area_burnt,measured,f_sensor_break;f_min_fire_size;f_product_level
IRQ,Irak,country,2026,burned_area_km2,658.26,km2,K1,owid_annual_area_burnt,measured,f_sensor_break;f_min_fire_size;f_product_level;f_incomplete_year
ISL,Island,country,2012,burned_area_km2,0.58,km2,K1,owid_annual_area_burnt,measured,f_sensor_break;f_min_fire_size;f_product_level
ISL,Island,country,2013,burned_area_km2,2.47,km2,K1,owid_annual_area_burnt,measured,f_sensor_break;f_min_fire_size;f_product_level
ISL,Island,country,2014,burned_area_km2,251.45,km2,K1,owid_annual_area_burnt,measured,f_sensor_break;f_min_fire_size;f_product_level
ISL,Island,country,2015,burned_area_km2,24.99,km2,K1,owid_annual_area_burnt,measured,f_sensor_break;f_min_fire_size;f_product_level
ISL,Island,country,2016,burned_area_km2,0.71,km2,K1,owid_annual_area_burnt,measured,f_sensor_break;f_min_fire_size;f_product_level
ISL,Island,country,2017,burned_area_km2,0.0,km2,K1,owid_annual_area_burnt,measured,f_sensor_break;f_min_fire_size;f_product_level;f_zero_no_detection
ISL,Island,country,2018,burned_area_km2,2.43,km2,K1,owid_annual_area_burnt,measured,f_sensor_break;f_min_fire_size;f_product_level
ISL,Island,country,2019,burned_area_km2,1.98,km2,K1,owid_annual_area_burnt,measured,f_sensor_break;f_min_fire_size;f_product_level
ISL,Island,country,2020,burned_area_km2,6.06,km2,K1,owid_annual_area_burnt,measured,f_sensor_break;f_min_fire_size;f_product_level
ISL,Island,country,2021,burned_area_km2,301.88,km2,K1,owid_annual_area_burnt,measured,f_sensor_break;f_min_fire_size;f_product_level
ISL,Island,country,2022,burned_area_km2,46.81,km2,K1,owid_annual_area_burnt,measured,f_sensor_break;f_min_fire_size;f_product_level
ISL,Island,country,2023,burned_area_km2,105.0,km2,K1,owid_annual_area_burnt,measured,f_sensor_break;f_min_fire_size;f_product_level
ISL,Island,country,2024,burned_area_km2,461.71,km2,K1,owid_annual_area_burnt,measured,f_sensor_break;f_min_fire_size;f_product_level
ISL,Island,country,2025,burned_area_km2,31.73,km2,K1,owid_annual_area_burnt,measured,f_sensor_break;f_min_fire_size;f_product_level
ISL,Island,country,2026,burned_area_km2,0.0,km2,K1,owid_annual_area_burnt,measured,f_sensor_break;f_min_fire_size;f_product_level;f_incomplete_year;f_zero_no_detection
ISR,Israel,country,2012,burned_area_km2,34.52,km2,K1,owid_annual_area_burnt,measured,f_sensor_break;f_min_fire_size;f_product_level
ISR,Israel,country,2013,burned_area_km2,104.88,km2,K1,owid_annual_area_burnt,measured,f_sensor_break;f_min_fire_size;f_product_level
ISR,Israel,country,2014,burned_area_km2,32.93,km2,K1,owid_annual_area_burnt,measured,f_sensor_break;f_min_fire_size;f_product_level
ISR,Israel,country,2015,burned_area_km2,73.52,km2,K1,owid_annual_area_burnt,measured,f_sensor_break;f_min_fire_size;f_product_level
ISR,Israel,country,2016,burned_area_km2,75.18,km2,K1,owid_annual_area_burnt,measured,f_sensor_break;f_min_fire_size;f_product_level
ISR,Israel,country,2017,burned_area_km2,30.94,km2,K1,owid_annual_area_burnt,measured,f_sensor_break;f_min_fire_size;f_product_level
ISR,Israel,country,2018,burned_area_km2,29.29,km2,K1,owid_annual_area_burnt,measured,f_sensor_break;f_min_fire_size;f_product_level
ISR,Israel,country,2019,burned_area_km2,75.68,km2,K1,owid_annual_area_burnt,measured,f_sensor_break;f_min_fire_size;f_product_level
ISR,Israel,country,2020,burned_area_km2,72.6,km2,K1,owid_annual_area_burnt,measured,f_sensor_break;f_min_fire_size;f_product_level
ISR,Israel,country,2021,burned_area_km2,99.15,km2,K1,owid_annual_area_burnt,measured,f_sensor_break;f_min_fire_size;f_product_level
ISR,Israel,country,2022,burned_area_km2,38.64,km2,K1,owid_annual_area_burnt,measured,f_sensor_break;f_min_fire_size;f_product_level
ISR,Israel,country,2023,burned_area_km2,42.76,km2,K1,owid_annual_area_burnt,measured,f_sensor_break;f_min_fire_size;f_product_level
ISR,Israel,country,2024,burned_area_km2,105.6,km2,K1,owid_annual_area_burnt,measured,f_sensor_break;f_min_fire_size;f_product_level
ISR,Israel,country,2025,burned_area_km2,11.88,km2,K1,owid_annual_area_burnt,measured,f_sensor_break;f_min_fire_size;f_product_level
ISR,Israel,country,2026,burned_area_km2,1.81,km2,K1,owid_annual_area_burnt,measured,f_sensor_break;f_min_fire_size;f_product_level;f_incomplete_year
ITA,Italia,country,2012,burned_area_km2,2833.2,km2,K1,owid_annual_area_burnt,measured,f_sensor_break;f_min_fire_size;f_product_level
ITA,Italia,country,2013,burned_area_km2,923.3,km2,K1,owid_annual_area_burnt,measured,f_sensor_break;f_min_fire_size;f_product_level
ITA,Italia,country,2014,burned_area_km2,1067.17,km2,K1,owid_annual_area_burnt,measured,f_sensor_break;f_min_fire_size;f_product_level
ITA,Italia,country,2015,burned_area_km2,1075.17,km2,K1,owid_annual_area_burnt,measured,f_sensor_break;f_min_fire_size;f_product_level
ITA,Italia,country,2016,burned_area_km2,1168.9,km2,K1,owid_annual_area_burnt,measured,f_sensor_break;f_min_fire_size;f_product_level
ITA,Italia,country,2017,burned_area_km2,3420.84,km2,K1,owid_annual_area_burnt,measured,f_sensor_break;f_min_fire_size;f_product_level
ITA,Italia,country,2018,burned_area_km2,612.79,km2,K1,owid_annual_area_burnt,measured,f_sensor_break;f_min_fire_size;f_product_level
ITA,Italia,country,2019,burned_area_km2,1157.69,km2,K1,owid_annual_area_burnt,measured,f_sensor_break;f_min_fire_size;f_product_level
ITA,Italia,country,2020,burned_area_km2,1080.44,km2,K1,owid_annual_area_burnt,measured,f_sensor_break;f_min_fire_size;f_product_level
ITA,Italia,country,2021,burned_area_km2,2476.22,km2,K1,owid_annual_area_burnt,measured,f_sensor_break;f_min_fire_size;f_product_level
ITA,Italia,country,2022,burned_area_km2,1367.24,km2,K1,owid_annual_area_burnt,measured,f_sensor_break;f_min_fire_size;f_product_level
ITA,Italia,country,2023,burned_area_km2,1720.82,km2,K1,owid_annual_area_burnt,measured,f_sensor_break;f_min_fire_size;f_product_level
ITA,Italia,country,2024,burned_area_km2,746.02,km2,K1,owid_annual_area_burnt,measured,f_sensor_break;f_min_fire_size;f_product_level
ITA,Italia,country,2025,burned_area_km2,1280.23,km2,K1,owid_annual_area_burnt,measured,f_sensor_break;f_min_fire_size;f_product_level
ITA,Italia,country,2026,burned_area_km2,690.5,km2,K1,owid_annual_area_burnt,measured,f_sensor_break;f_min_fire_size;f_product_level;f_incomplete_year
JAM,Jamaica,country,2012,burned_area_km2,63.08,km2,K1,owid_annual_area_burnt,measured,f_sensor_break;f_min_fire_size;f_product_level
JAM,Jamaica,country,2013,burned_area_km2,92.48,km2,K1,owid_annual_area_burnt,measured,f_sensor_break;f_min_fire_size;f_product_level
JAM,Jamaica,country,2014,burned_area_km2,100.25,km2,K1,owid_annual_area_burnt,measured,f_sensor_break;f_min_fire_size;f_product_level
JAM,Jamaica,country,2015,burned_area_km2,177.99,km2,K1,owid_annual_area_burnt,measured,f_sensor_break;f_min_fire_size;f_product_level
JAM,Jamaica,country,2016,burned_area_km2,26.84,km2,K1,owid_annual_area_burnt,measured,f_sensor_break;f_min_fire_size;f_product_level
JAM,Jamaica,country,2017,burned_area_km2,92.1,km2,K1,owid_annual_area_burnt,measured,f_sensor_break;f_min_fire_size;f_product_level
JAM,Jamaica,country,2018,burned_area_km2,81.25,km2,K1,owid_annual_area_burnt,measured,f_sensor_break;f_min_fire_size;f_product_level
JAM,Jamaica,country,2019,burned_area_km2,76.59,km2,K1,owid_annual_area_burnt,measured,f_sensor_break;f_min_fire_size;f_product_level
JAM,Jamaica,country,2020,burned_area_km2,96.22,km2,K1,owid_annual_area_burnt,measured,f_sensor_break;f_min_fire_size;f_product_level
JAM,Jamaica,country,2021,burned_area_km2,42.61,km2,K1,owid_annual_area_burnt,measured,f_sensor_break;f_min_fire_size;f_product_level
JAM,Jamaica,country,2022,burned_area_km2,43.46,km2,K1,owid_annual_area_burnt,measured,f_sensor_break;f_min_fire_size;f_product_level
JAM,Jamaica,country,2023,burned_area_km2,103.9,km2,K1,owid_annual_area_burnt,measured,f_sensor_break;f_min_fire_size;f_product_level
JAM,Jamaica,country,2024,burned_area_km2,60.36,km2,K1,owid_annual_area_burnt,measured,f_sensor_break;f_min_fire_size;f_product_level
JAM,Jamaica,country,2025,burned_area_km2,22.76,km2,K1,owid_annual_area_burnt,measured,f_sensor_break;f_min_fire_size;f_product_level
JAM,Jamaica,country,2026,burned_area_km2,18.86,km2,K1,owid_annual_area_burnt,measured,f_sensor_break;f_min_fire_size;f_product_level;f_incomplete_year
JEY,Jersey,country,2012,burned_area_km2,0.0,km2,K1,owid_annual_area_burnt,measured,f_sensor_break;f_min_fire_size;f_product_level;f_zero_no_detection
JEY,Jersey,country,2013,burned_area_km2,0.0,km2,K1,owid_annual_area_burnt,measured,f_sensor_break;f_min_fire_size;f_product_level;f_zero_no_detection
JEY,Jersey,country,2014,burned_area_km2,0.0,km2,K1,owid_annual_area_burnt,measured,f_sensor_break;f_min_fire_size;f_product_level;f_zero_no_detection
JEY,Jersey,country,2015,burned_area_km2,0.0,km2,K1,owid_annual_area_burnt,measured,f_sensor_break;f_min_fire_size;f_product_level;f_zero_no_detection
JEY,Jersey,country,2016,burned_area_km2,0.0,km2,K1,owid_annual_area_burnt,measured,f_sensor_break;f_min_fire_size;f_product_level;f_zero_no_detection
JEY,Jersey,country,2017,burned_area_km2,0.0,km2,K1,owid_annual_area_burnt,measured,f_sensor_break;f_min_fire_size;f_product_level;f_zero_no_detection
JEY,Jersey,country,2018,burned_area_km2,0.0,km2,K1,owid_annual_area_burnt,measured,f_sensor_break;f_min_fire_size;f_product_level;f_zero_no_detection
JEY,Jersey,country,2019,burned_area_km2,0.0,km2,K1,owid_annual_area_burnt,measured,f_sensor_break;f_min_fire_size;f_product_level;f_zero_no_detection
JEY,Jersey,country,2020,burned_area_km2,0.0,km2,K1,owid_annual_area_burnt,measured,f_sensor_break;f_min_fire_size;f_product_level;f_zero_no_detection
JEY,Jersey,country,2021,burned_area_km2,0.0,km2,K1,owid_annual_area_burnt,measured,f_sensor_break;f_min_fire_size;f_product_level;f_zero_no_detection
JEY,Jersey,country,2022,burned_area_km2,0.0,km2,K1,owid_annual_area_burnt,measured,f_sensor_break;f_min_fire_size;f_product_level;f_zero_no_detection
JEY,Jersey,country,2023,burned_area_km2,0.0,km2,K1,owid_annual_area_burnt,measured,f_sensor_break;f_min_fire_size;f_product_level;f_zero_no_detection
JEY,Jersey,country,2024,burned_area_km2,0.0,km2,K1,owid_annual_area_burnt,measured,f_sensor_break;f_min_fire_size;f_product_level;f_zero_no_detection
JEY,Jersey,country,2025,burned_area_km2,0.0,km2,K1,owid_annual_area_burnt,measured,f_sensor_break;f_min_fire_size;f_product_level;f_zero_no_detection
JEY,Jersey,country,2026,burned_area_km2,0.0,km2,K1,owid_annual_area_burnt,measured,f_sensor_break;f_min_fire_size;f_product_level;f_incomplete_year;f_zero_no_detection
JOR,Jordan,country,2012,burned_area_km2,0.0,km2,K1,owid_annual_area_burnt,measured,f_sensor_break;f_min_fire_size;f_product_level;f_zero_no_detection
JOR,Jordan,country,2013,burned_area_km2,4.13,km2,K1,owid_annual_area_burnt,measured,f_sensor_break;f_min_fire_size;f_product_level
JOR,Jordan,country,2014,burned_area_km2,0.0,km2,K1,owid_annual_area_burnt,measured,f_sensor_break;f_min_fire_size;f_product_level;f_zero_no_detection
JOR,Jordan,country,2015,burned_area_km2,13.33,km2,K1,owid_annual_area_burnt,measured,f_sensor_break;f_min_fire_size;f_product_level
JOR,Jordan,country,2016,burned_area_km2,2.96,km2,K1,owid_annual_area_burnt,measured,f_sensor_break;f_min_fire_size;f_product_level
JOR,Jordan,country,2017,burned_area_km2,6.92,km2,K1,owid_annual_area_burnt,measured,f_sensor_break;f_min_fire_size;f_product_level
JOR,Jordan,country,2018,burned_area_km2,1.75,km2,K1,owid_annual_area_burnt,measured,f_sensor_break;f_min_fire_size;f_product_level
JOR,Jordan,country,2019,burned_area_km2,3.66,km2,K1,owid_annual_area_burnt,measured,f_sensor_break;f_min_fire_size;f_product_level
JOR,Jordan,country,2020,burned_area_km2,18.4,km2,K1,owid_annual_area_burnt,measured,f_sensor_break;f_min_fire_size;f_product_level
JOR,Jordan,country,2021,burned_area_km2,6.35,km2,K1,owid_annual_area_burnt,measured,f_sensor_break;f_min_fire_size;f_product_level
JOR,Jordan,country,2022,burned_area_km2,8.61,km2,K1,owid_annual_area_burnt,measured,f_sensor_break;f_min_fire_size;f_product_level
JOR,Jordan,country,2023,burned_area_km2,2.69,km2,K1,owid_annual_area_burnt,measured,f_sensor_break;f_min_fire_size;f_product_level
JOR,Jordan,country,2024,burned_area_km2,4.94,km2,K1,owid_annual_area_burnt,measured,f_sensor_break;f_min_fire_size;f_product_level
JOR,Jordan,country,2025,burned_area_km2,1.68,km2,K1,owid_annual_area_burnt,measured,f_sensor_break;f_min_fire_size;f_product_level
JOR,Jordan,country,2026,burned_area_km2,2.66,km2,K1,owid_annual_area_burnt,measured,f_sensor_break;f_min_fire_size;f_product_level;f_incomplete_year
JPN,Japan,country,2012,burned_area_km2,46.56,km2,K1,owid_annual_area_burnt,measured,f_sensor_break;f_min_fire_size;f_product_level
JPN,Japan,country,2013,burned_area_km2,83.39,km2,K1,owid_annual_area_burnt,measured,f_sensor_break;f_min_fire_size;f_product_level
JPN,Japan,country,2014,burned_area_km2,163.22,km2,K1,owid_annual_area_burnt,measured,f_sensor_break;f_min_fire_size;f_product_level
JPN,Japan,country,2015,burned_area_km2,166.38,km2,K1,owid_annual_area_burnt,measured,f_sensor_break;f_min_fire_size;f_product_level
JPN,Japan,country,2016,burned_area_km2,71.06,km2,K1,owid_annual_area_burnt,measured,f_sensor_break;f_min_fire_size;f_product_level
JPN,Japan,country,2017,burned_area_km2,47.02,km2,K1,owid_annual_area_burnt,measured,f_sensor_break;f_min_fire_size;f_product_level
JPN,Japan,country,2018,burned_area_km2,173.44,km2,K1,owid_annual_area_burnt,measured,f_sensor_break;f_min_fire_size;f_product_level
JPN,Japan,country,2019,burned_area_km2,124.9,km2,K1,owid_annual_area_burnt,measured,f_sensor_break;f_min_fire_size;f_product_level
JPN,Japan,country,2020,burned_area_km2,165.43,km2,K1,owid_annual_area_burnt,measured,f_sensor_break;f_min_fire_size;f_product_level
JPN,Japan,country,2021,burned_area_km2,60.62,km2,K1,owid_annual_area_burnt,measured,f_sensor_break;f_min_fire_size;f_product_level
JPN,Japan,country,2022,burned_area_km2,184.56,km2,K1,owid_annual_area_burnt,measured,f_sensor_break;f_min_fire_size;f_product_level
JPN,Japan,country,2023,burned_area_km2,85.5,km2,K1,owid_annual_area_burnt,measured,f_sensor_break;f_min_fire_size;f_product_level
JPN,Japan,country,2024,burned_area_km2,74.3,km2,K1,owid_annual_area_burnt,measured,f_sensor_break;f_min_fire_size;f_product_level
JPN,Japan,country,2025,burned_area_km2,149.21,km2,K1,owid_annual_area_burnt,measured,f_sensor_break;f_min_fire_size;f_product_level
JPN,Japan,country,2026,burned_area_km2,148.44,km2,K1,owid_annual_area_burnt,measured,f_sensor_break;f_min_fire_size;f_product_level;f_incomplete_year
KAZ,Kasakhstan,country,2012,burned_area_km2,40389.32,km2,K1,owid_annual_area_burnt,measured,f_sensor_break;f_min_fire_size;f_product_level
KAZ,Kasakhstan,country,2013,burned_area_km2,10491.47,km2,K1,owid_annual_area_burnt,measured,f_sensor_break;f_min_fire_size;f_product_level
KAZ,Kasakhstan,country,2014,burned_area_km2,30050.37,km2,K1,owid_annual_area_burnt,measured,f_sensor_break;f_min_fire_size;f_product_level
KAZ,Kasakhstan,country,2015,burned_area_km2,33427.6,km2,K1,owid_annual_area_burnt,measured,f_sensor_break;f_min_fire_size;f_product_level
KAZ,Kasakhstan,country,2016,burned_area_km2,14944.35,km2,K1,owid_annual_area_burnt,measured,f_sensor_break;f_min_fire_size;f_product_level
KAZ,Kasakhstan,country,2017,burned_area_km2,62383.61,km2,K1,owid_annual_area_burnt,measured,f_sensor_break;f_min_fire_size;f_product_level
KAZ,Kasakhstan,country,2018,burned_area_km2,23229.06,km2,K1,owid_annual_area_burnt,measured,f_sensor_break;f_min_fire_size;f_product_level
KAZ,Kasakhstan,country,2019,burned_area_km2,41264.5,km2,K1,owid_annual_area_burnt,measured,f_sensor_break;f_min_fire_size;f_product_level
KAZ,Kasakhstan,country,2020,burned_area_km2,25544.82,km2,K1,owid_annual_area_burnt,measured,f_sensor_break;f_min_fire_size;f_product_level
KAZ,Kasakhstan,country,2021,burned_area_km2,23132.71,km2,K1,owid_annual_area_burnt,measured,f_sensor_break;f_min_fire_size;f_product_level
KAZ,Kasakhstan,country,2022,burned_area_km2,14882.05,km2,K1,owid_annual_area_burnt,measured,f_sensor_break;f_min_fire_size;f_product_level
KAZ,Kasakhstan,country,2023,burned_area_km2,7679.29,km2,K1,owid_annual_area_burnt,measured,f_sensor_break;f_min_fire_size;f_product_level
KAZ,Kasakhstan,country,2024,burned_area_km2,2675.39,km2,K1,owid_annual_area_burnt,measured,f_sensor_break;f_min_fire_size;f_product_level
KAZ,Kasakhstan,country,2025,burned_area_km2,6123.87,km2,K1,owid_annual_area_burnt,measured,f_sensor_break;f_min_fire_size;f_product_level
KAZ,Kasakhstan,country,2026,burned_area_km2,4295.2,km2,K1,owid_annual_area_burnt,measured,f_sensor_break;f_min_fire_size;f_product_level;f_incomplete_year
KEN,Kenya,country,2012,burned_area_km2,7493.86,km2,K1,owid_annual_area_burnt,measured,f_sensor_break;f_min_fire_size;f_product_level
KEN,Kenya,country,2013,burned_area_km2,3841.95,km2,K1,owid_annual_area_burnt,measured,f_sensor_break;f_min_fire_size;f_product_level
KEN,Kenya,country,2014,burned_area_km2,2545.13,km2,K1,owid_annual_area_burnt,measured,f_sensor_break;f_min_fire_size;f_product_level
KEN,Kenya,country,2015,burned_area_km2,3667.28,km2,K1,owid_annual_area_burnt,measured,f_sensor_break;f_min_fire_size;f_product_level
KEN,Kenya,country,2016,burned_area_km2,2436.9,km2,K1,owid_annual_area_burnt,measured,f_sensor_break;f_min_fire_size;f_product_level
KEN,Kenya,country,2017,burned_area_km2,1615.87,km2,K1,owid_annual_area_burnt,measured,f_sensor_break;f_min_fire_size;f_product_level
KEN,Kenya,country,2018,burned_area_km2,1252.44,km2,K1,owid_annual_area_burnt,measured,f_sensor_break;f_min_fire_size;f_product_level
KEN,Kenya,country,2019,burned_area_km2,3341.2,km2,K1,owid_annual_area_burnt,measured,f_sensor_break;f_min_fire_size;f_product_level
KEN,Kenya,country,2020,burned_area_km2,4310.6,km2,K1,owid_annual_area_burnt,measured,f_sensor_break;f_min_fire_size;f_product_level
KEN,Kenya,country,2021,burned_area_km2,3735.53,km2,K1,owid_annual_area_burnt,measured,f_sensor_break;f_min_fire_size;f_product_level
KEN,Kenya,country,2022,burned_area_km2,1318.39,km2,K1,owid_annual_area_burnt,measured,f_sensor_break;f_min_fire_size;f_product_level
KEN,Kenya,country,2023,burned_area_km2,1311.39,km2,K1,owid_annual_area_burnt,measured,f_sensor_break;f_min_fire_size;f_product_level
KEN,Kenya,country,2024,burned_area_km2,2089.52,km2,K1,owid_annual_area_burnt,measured,f_sensor_break;f_min_fire_size;f_product_level
KEN,Kenya,country,2025,burned_area_km2,2685.88,km2,K1,owid_annual_area_burnt,measured,f_sensor_break;f_min_fire_size;f_product_level
KEN,Kenya,country,2026,burned_area_km2,624.59,km2,K1,owid_annual_area_burnt,measured,f_sensor_break;f_min_fire_size;f_product_level;f_incomplete_year
KGZ,Kirgisistan,country,2012,burned_area_km2,190.67,km2,K1,owid_annual_area_burnt,measured,f_sensor_break;f_min_fire_size;f_product_level
KGZ,Kirgisistan,country,2013,burned_area_km2,124.97,km2,K1,owid_annual_area_burnt,measured,f_sensor_break;f_min_fire_size;f_product_level
KGZ,Kirgisistan,country,2014,burned_area_km2,132.99,km2,K1,owid_annual_area_burnt,measured,f_sensor_break;f_min_fire_size;f_product_level
KGZ,Kirgisistan,country,2015,burned_area_km2,66.66,km2,K1,owid_annual_area_burnt,measured,f_sensor_break;f_min_fire_size;f_product_level
KGZ,Kirgisistan,country,2016,burned_area_km2,100.77,km2,K1,owid_annual_area_burnt,measured,f_sensor_break;f_min_fire_size;f_product_level
KGZ,Kirgisistan,country,2017,burned_area_km2,137.33,km2,K1,owid_annual_area_burnt,measured,f_sensor_break;f_min_fire_size;f_product_level
KGZ,Kirgisistan,country,2018,burned_area_km2,174.16,km2,K1,owid_annual_area_burnt,measured,f_sensor_break;f_min_fire_size;f_product_level
KGZ,Kirgisistan,country,2019,burned_area_km2,146.45,km2,K1,owid_annual_area_burnt,measured,f_sensor_break;f_min_fire_size;f_product_level
KGZ,Kirgisistan,country,2020,burned_area_km2,84.4,km2,K1,owid_annual_area_burnt,measured,f_sensor_break;f_min_fire_size;f_product_level
KGZ,Kirgisistan,country,2021,burned_area_km2,75.25,km2,K1,owid_annual_area_burnt,measured,f_sensor_break;f_min_fire_size;f_product_level
KGZ,Kirgisistan,country,2022,burned_area_km2,52.18,km2,K1,owid_annual_area_burnt,measured,f_sensor_break;f_min_fire_size;f_product_level
KGZ,Kirgisistan,country,2023,burned_area_km2,26.93,km2,K1,owid_annual_area_burnt,measured,f_sensor_break;f_min_fire_size;f_product_level
KGZ,Kirgisistan,country,2024,burned_area_km2,18.28,km2,K1,owid_annual_area_burnt,measured,f_sensor_break;f_min_fire_size;f_product_level
KGZ,Kirgisistan,country,2025,burned_area_km2,69.36,km2,K1,owid_annual_area_burnt,measured,f_sensor_break;f_min_fire_size;f_product_level
KGZ,Kirgisistan,country,2026,burned_area_km2,6.61,km2,K1,owid_annual_area_burnt,measured,f_sensor_break;f_min_fire_size;f_product_level;f_incomplete_year
KHM,Kambodsja,country,2012,burned_area_km2,22272.2,km2,K1,owid_annual_area_burnt,measured,f_sensor_break;f_min_fire_size;f_product_level
KHM,Kambodsja,country,2013,burned_area_km2,42045.47,km2,K1,owid_annual_area_burnt,measured,f_sensor_break;f_min_fire_size;f_product_level
KHM,Kambodsja,country,2014,burned_area_km2,36499.87,km2,K1,owid_annual_area_burnt,measured,f_sensor_break;f_min_fire_size;f_product_level
KHM,Kambodsja,country,2015,burned_area_km2,45920.0,km2,K1,owid_annual_area_burnt,measured,f_sensor_break;f_min_fire_size;f_product_level
KHM,Kambodsja,country,2016,burned_area_km2,45699.04,km2,K1,owid_annual_area_burnt,measured,f_sensor_break;f_min_fire_size;f_product_level
KHM,Kambodsja,country,2017,burned_area_km2,26574.36,km2,K1,owid_annual_area_burnt,measured,f_sensor_break;f_min_fire_size;f_product_level
KHM,Kambodsja,country,2018,burned_area_km2,16688.5,km2,K1,owid_annual_area_burnt,measured,f_sensor_break;f_min_fire_size;f_product_level
KHM,Kambodsja,country,2019,burned_area_km2,35406.6,km2,K1,owid_annual_area_burnt,measured,f_sensor_break;f_min_fire_size;f_product_level
KHM,Kambodsja,country,2020,burned_area_km2,40766.9,km2,K1,owid_annual_area_burnt,measured,f_sensor_break;f_min_fire_size;f_product_level
KHM,Kambodsja,country,2021,burned_area_km2,33254.37,km2,K1,owid_annual_area_burnt,measured,f_sensor_break;f_min_fire_size;f_product_level
KHM,Kambodsja,country,2022,burned_area_km2,19895.72,km2,K1,owid_annual_area_burnt,measured,f_sensor_break;f_min_fire_size;f_product_level
KHM,Kambodsja,country,2023,burned_area_km2,19708.01,km2,K1,owid_annual_area_burnt,measured,f_sensor_break;f_min_fire_size;f_product_level
KHM,Kambodsja,country,2024,burned_area_km2,23880.45,km2,K1,owid_annual_area_burnt,measured,f_sensor_break;f_min_fire_size;f_product_level
KHM,Kambodsja,country,2025,burned_area_km2,15897.67,km2,K1,owid_annual_area_burnt,measured,f_sensor_break;f_min_fire_size;f_product_level
KHM,Kambodsja,country,2026,burned_area_km2,15253.12,km2,K1,owid_annual_area_burnt,measured,f_sensor_break;f_min_fire_size;f_product_level;f_incomplete_year
KIR,Kiribati,country,2012,burned_area_km2,0.0,km2,K1,owid_annual_area_burnt,measured,f_sensor_break;f_min_fire_size;f_product_level;f_zero_no_detection
KIR,Kiribati,country,2013,burned_area_km2,0.0,km2,K1,owid_annual_area_burnt,measured,f_sensor_break;f_min_fire_size;f_product_level;f_zero_no_detection
KIR,Kiribati,country,2014,burned_area_km2,0.0,km2,K1,owid_annual_area_burnt,measured,f_sensor_break;f_min_fire_size;f_product_level;f_zero_no_detection
KIR,Kiribati,country,2015,burned_area_km2,0.0,km2,K1,owid_annual_area_burnt,measured,f_sensor_break;f_min_fire_size;f_product_level;f_zero_no_detection
KIR,Kiribati,country,2016,burned_area_km2,0.0,km2,K1,owid_annual_area_burnt,measured,f_sensor_break;f_min_fire_size;f_product_level;f_zero_no_detection
KIR,Kiribati,country,2017,burned_area_km2,0.0,km2,K1,owid_annual_area_burnt,measured,f_sensor_break;f_min_fire_size;f_product_level;f_zero_no_detection
KIR,Kiribati,country,2018,burned_area_km2,0.0,km2,K1,owid_annual_area_burnt,measured,f_sensor_break;f_min_fire_size;f_product_level;f_zero_no_detection
KIR,Kiribati,country,2019,burned_area_km2,0.0,km2,K1,owid_annual_area_burnt,measured,f_sensor_break;f_min_fire_size;f_product_level;f_zero_no_detection
KIR,Kiribati,country,2020,burned_area_km2,0.0,km2,K1,owid_annual_area_burnt,measured,f_sensor_break;f_min_fire_size;f_product_level;f_zero_no_detection
KIR,Kiribati,country,2021,burned_area_km2,0.0,km2,K1,owid_annual_area_burnt,measured,f_sensor_break;f_min_fire_size;f_product_level;f_zero_no_detection
KIR,Kiribati,country,2022,burned_area_km2,0.0,km2,K1,owid_annual_area_burnt,measured,f_sensor_break;f_min_fire_size;f_product_level;f_zero_no_detection
KIR,Kiribati,country,2023,burned_area_km2,0.0,km2,K1,owid_annual_area_burnt,measured,f_sensor_break;f_min_fire_size;f_product_level;f_zero_no_detection
KIR,Kiribati,country,2024,burned_area_km2,0.0,km2,K1,owid_annual_area_burnt,measured,f_sensor_break;f_min_fire_size;f_product_level;f_zero_no_detection
KIR,Kiribati,country,2025,burned_area_km2,0.0,km2,K1,owid_annual_area_burnt,measured,f_sensor_break;f_min_fire_size;f_product_level;f_zero_no_detection
KIR,Kiribati,country,2026,burned_area_km2,0.0,km2,K1,owid_annual_area_burnt,measured,f_sensor_break;f_min_fire_size;f_product_level;f_incomplete_year;f_zero_no_detection
KNA,St. Kitts og Nevis,country,2012,burned_area_km2,0.0,km2,K1,owid_annual_area_burnt,measured,f_sensor_break;f_min_fire_size;f_product_level;f_zero_no_detection
KNA,St. Kitts og Nevis,country,2013,burned_area_km2,2.02,km2,K1,owid_annual_area_burnt,measured,f_sensor_break;f_min_fire_size;f_product_level
KNA,St. Kitts og Nevis,country,2014,burned_area_km2,5.8,km2,K1,owid_annual_area_burnt,measured,f_sensor_break;f_min_fire_size;f_product_level
KNA,St. Kitts og Nevis,country,2015,burned_area_km2,2.0,km2,K1,owid_annual_area_burnt,measured,f_sensor_break;f_min_fire_size;f_product_level
KNA,St. Kitts og Nevis,country,2016,burned_area_km2,0.0,km2,K1,owid_annual_area_burnt,measured,f_sensor_break;f_min_fire_size;f_product_level;f_zero_no_detection
KNA,St. Kitts og Nevis,country,2017,burned_area_km2,3.15,km2,K1,owid_annual_area_burnt,measured,f_sensor_break;f_min_fire_size;f_product_level
KNA,St. Kitts og Nevis,country,2018,burned_area_km2,5.16,km2,K1,owid_annual_area_burnt,measured,f_sensor_break;f_min_fire_size;f_product_level
KNA,St. Kitts og Nevis,country,2019,burned_area_km2,5.85,km2,K1,owid_annual_area_burnt,measured,f_sensor_break;f_min_fire_size;f_product_level
KNA,St. Kitts og Nevis,country,2020,burned_area_km2,1.7,km2,K1,owid_annual_area_burnt,measured,f_sensor_break;f_min_fire_size;f_product_level
KNA,St. Kitts og Nevis,country,2021,burned_area_km2,0.0,km2,K1,owid_annual_area_burnt,measured,f_sensor_break;f_min_fire_size;f_product_level;f_zero_no_detection
KNA,St. Kitts og Nevis,country,2022,burned_area_km2,5.13,km2,K1,owid_annual_area_burnt,measured,f_sensor_break;f_min_fire_size;f_product_level
KNA,St. Kitts og Nevis,country,2023,burned_area_km2,0.0,km2,K1,owid_annual_area_burnt,measured,f_sensor_break;f_min_fire_size;f_product_level;f_zero_no_detection
KNA,St. Kitts og Nevis,country,2024,burned_area_km2,0.0,km2,K1,owid_annual_area_burnt,measured,f_sensor_break;f_min_fire_size;f_product_level;f_zero_no_detection
KNA,St. Kitts og Nevis,country,2025,burned_area_km2,0.0,km2,K1,owid_annual_area_burnt,measured,f_sensor_break;f_min_fire_size;f_product_level;f_zero_no_detection
KNA,St. Kitts og Nevis,country,2026,burned_area_km2,0.0,km2,K1,owid_annual_area_burnt,measured,f_sensor_break;f_min_fire_size;f_product_level;f_incomplete_year;f_zero_no_detection
KOR,Sør-Korea,country,2012,burned_area_km2,10.89,km2,K1,owid_annual_area_burnt,measured,f_sensor_break;f_min_fire_size;f_product_level
KOR,Sør-Korea,country,2013,burned_area_km2,37.73,km2,K1,owid_annual_area_burnt,measured,f_sensor_break;f_min_fire_size;f_product_level
KOR,Sør-Korea,country,2014,burned_area_km2,75.48,km2,K1,owid_annual_area_burnt,measured,f_sensor_break;f_min_fire_size;f_product_level
KOR,Sør-Korea,country,2015,burned_area_km2,70.5,km2,K1,owid_annual_area_burnt,measured,f_sensor_break;f_min_fire_size;f_product_level
KOR,Sør-Korea,country,2016,burned_area_km2,39.43,km2,K1,owid_annual_area_burnt,measured,f_sensor_break;f_min_fire_size;f_product_level
KOR,Sør-Korea,country,2017,burned_area_km2,85.83,km2,K1,owid_annual_area_burnt,measured,f_sensor_break;f_min_fire_size;f_product_level
KOR,Sør-Korea,country,2018,burned_area_km2,33.78,km2,K1,owid_annual_area_burnt,measured,f_sensor_break;f_min_fire_size;f_product_level
KOR,Sør-Korea,country,2019,burned_area_km2,66.06,km2,K1,owid_annual_area_burnt,measured,f_sensor_break;f_min_fire_size;f_product_level
KOR,Sør-Korea,country,2020,burned_area_km2,78.69,km2,K1,owid_annual_area_burnt,measured,f_sensor_break;f_min_fire_size;f_product_level
KOR,Sør-Korea,country,2021,burned_area_km2,14.76,km2,K1,owid_annual_area_burnt,measured,f_sensor_break;f_min_fire_size;f_product_level
KOR,Sør-Korea,country,2022,burned_area_km2,355.02,km2,K1,owid_annual_area_burnt,measured,f_sensor_break;f_min_fire_size;f_product_level
KOR,Sør-Korea,country,2023,burned_area_km2,53.61,km2,K1,owid_annual_area_burnt,measured,f_sensor_break;f_min_fire_size;f_product_level
KOR,Sør-Korea,country,2024,burned_area_km2,0.48,km2,K1,owid_annual_area_burnt,measured,f_sensor_break;f_min_fire_size;f_product_level
KOR,Sør-Korea,country,2025,burned_area_km2,697.61,km2,K1,owid_annual_area_burnt,measured,f_sensor_break;f_min_fire_size;f_product_level
KOR,Sør-Korea,country,2026,burned_area_km2,26.59,km2,K1,owid_annual_area_burnt,measured,f_sensor_break;f_min_fire_size;f_product_level;f_incomplete_year
KWT,Kuwait,country,2012,burned_area_km2,9.45,km2,K1,owid_annual_area_burnt,measured,f_sensor_break;f_min_fire_size;f_product_level
KWT,Kuwait,country,2013,burned_area_km2,1.74,km2,K1,owid_annual_area_burnt,measured,f_sensor_break;f_min_fire_size;f_product_level
KWT,Kuwait,country,2014,burned_area_km2,12.43,km2,K1,owid_annual_area_burnt,measured,f_sensor_break;f_min_fire_size;f_product_level
KWT,Kuwait,country,2015,burned_area_km2,8.84,km2,K1,owid_annual_area_burnt,measured,f_sensor_break;f_min_fire_size;f_product_level
KWT,Kuwait,country,2016,burned_area_km2,31.9,km2,K1,owid_annual_area_burnt,measured,f_sensor_break;f_min_fire_size;f_product_level
KWT,Kuwait,country,2017,burned_area_km2,10.64,km2,K1,owid_annual_area_burnt,measured,f_sensor_break;f_min_fire_size;f_product_level
KWT,Kuwait,country,2018,burned_area_km2,6.23,km2,K1,owid_annual_area_burnt,measured,f_sensor_break;f_min_fire_size;f_product_level
KWT,Kuwait,country,2019,burned_area_km2,27.68,km2,K1,owid_annual_area_burnt,measured,f_sensor_break;f_min_fire_size;f_product_level
KWT,Kuwait,country,2020,burned_area_km2,11.13,km2,K1,owid_annual_area_burnt,measured,f_sensor_break;f_min_fire_size;f_product_level
KWT,Kuwait,country,2021,burned_area_km2,6.0,km2,K1,owid_annual_area_burnt,measured,f_sensor_break;f_min_fire_size;f_product_level
KWT,Kuwait,country,2022,burned_area_km2,8.01,km2,K1,owid_annual_area_burnt,measured,f_sensor_break;f_min_fire_size;f_product_level
KWT,Kuwait,country,2023,burned_area_km2,0.0,km2,K1,owid_annual_area_burnt,measured,f_sensor_break;f_min_fire_size;f_product_level;f_zero_no_detection
KWT,Kuwait,country,2024,burned_area_km2,0.0,km2,K1,owid_annual_area_burnt,measured,f_sensor_break;f_min_fire_size;f_product_level;f_zero_no_detection
KWT,Kuwait,country,2025,burned_area_km2,0.0,km2,K1,owid_annual_area_burnt,measured,f_sensor_break;f_min_fire_size;f_product_level;f_zero_no_detection
KWT,Kuwait,country,2026,burned_area_km2,1.43,km2,K1,owid_annual_area_burnt,measured,f_sensor_break;f_min_fire_size;f_product_level;f_incomplete_year
LAO,Laos,country,2012,burned_area_km2,35293.19,km2,K1,owid_annual_area_burnt,measured,f_sensor_break;f_min_fire_size;f_product_level
LAO,Laos,country,2013,burned_area_km2,36376.27,km2,K1,owid_annual_area_burnt,measured,f_sensor_break;f_min_fire_size;f_product_level
LAO,Laos,country,2014,burned_area_km2,39758.53,km2,K1,owid_annual_area_burnt,measured,f_sensor_break;f_min_fire_size;f_product_level
LAO,Laos,country,2015,burned_area_km2,41924.79,km2,K1,owid_annual_area_burnt,measured,f_sensor_break;f_min_fire_size;f_product_level
LAO,Laos,country,2016,burned_area_km2,40137.61,km2,K1,owid_annual_area_burnt,measured,f_sensor_break;f_min_fire_size;f_product_level
LAO,Laos,country,2017,burned_area_km2,27415.68,km2,K1,owid_annual_area_burnt,measured,f_sensor_break;f_min_fire_size;f_product_level
LAO,Laos,country,2018,burned_area_km2,24189.9,km2,K1,owid_annual_area_burnt,measured,f_sensor_break;f_min_fire_size;f_product_level
LAO,Laos,country,2019,burned_area_km2,44277.65,km2,K1,owid_annual_area_burnt,measured,f_sensor_break;f_min_fire_size;f_product_level
LAO,Laos,country,2020,burned_area_km2,46603.81,km2,K1,owid_annual_area_burnt,measured,f_sensor_break;f_min_fire_size;f_product_level
LAO,Laos,country,2021,burned_area_km2,31511.14,km2,K1,owid_annual_area_burnt,measured,f_sensor_break;f_min_fire_size;f_product_level
LAO,Laos,country,2022,burned_area_km2,31331.71,km2,K1,owid_annual_area_burnt,measured,f_sensor_break;f_min_fire_size;f_product_level
LAO,Laos,country,2023,burned_area_km2,66157.75,km2,K1,owid_annual_area_burnt,measured,f_sensor_break;f_min_fire_size;f_product_level
LAO,Laos,country,2024,burned_area_km2,32112.83,km2,K1,owid_annual_area_burnt,measured,f_sensor_break;f_min_fire_size;f_product_level
LAO,Laos,country,2025,burned_area_km2,19690.0,km2,K1,owid_annual_area_burnt,measured,f_sensor_break;f_min_fire_size;f_product_level
LAO,Laos,country,2026,burned_area_km2,26413.21,km2,K1,owid_annual_area_burnt,measured,f_sensor_break;f_min_fire_size;f_product_level;f_incomplete_year
LBN,Libanon,country,2012,burned_area_km2,8.64,km2,K1,owid_annual_area_burnt,measured,f_sensor_break;f_min_fire_size;f_product_level
LBN,Libanon,country,2013,burned_area_km2,40.34,km2,K1,owid_annual_area_burnt,measured,f_sensor_break;f_min_fire_size;f_product_level
LBN,Libanon,country,2014,burned_area_km2,4.39,km2,K1,owid_annual_area_burnt,measured,f_sensor_break;f_min_fire_size;f_product_level
LBN,Libanon,country,2015,burned_area_km2,11.62,km2,K1,owid_annual_area_burnt,measured,f_sensor_break;f_min_fire_size;f_product_level
LBN,Libanon,country,2016,burned_area_km2,29.19,km2,K1,owid_annual_area_burnt,measured,f_sensor_break;f_min_fire_size;f_product_level
LBN,Libanon,country,2017,burned_area_km2,21.52,km2,K1,owid_annual_area_burnt,measured,f_sensor_break;f_min_fire_size;f_product_level
LBN,Libanon,country,2018,burned_area_km2,4.72,km2,K1,owid_annual_area_burnt,measured,f_sensor_break;f_min_fire_size;f_product_level
LBN,Libanon,country,2019,burned_area_km2,20.23,km2,K1,owid_annual_area_burnt,measured,f_sensor_break;f_min_fire_size;f_product_level
LBN,Libanon,country,2020,burned_area_km2,53.14,km2,K1,owid_annual_area_burnt,measured,f_sensor_break;f_min_fire_size;f_product_level
LBN,Libanon,country,2021,burned_area_km2,61.71,km2,K1,owid_annual_area_burnt,measured,f_sensor_break;f_min_fire_size;f_product_level
LBN,Libanon,country,2022,burned_area_km2,13.75,km2,K1,owid_annual_area_burnt,measured,f_sensor_break;f_min_fire_size;f_product_level
LBN,Libanon,country,2023,burned_area_km2,28.63,km2,K1,owid_annual_area_burnt,measured,f_sensor_break;f_min_fire_size;f_product_level
LBN,Libanon,country,2024,burned_area_km2,58.48,km2,K1,owid_annual_area_burnt,measured,f_sensor_break;f_min_fire_size;f_product_level
LBN,Libanon,country,2025,burned_area_km2,14.8,km2,K1,owid_annual_area_burnt,measured,f_sensor_break;f_min_fire_size;f_product_level
LBN,Libanon,country,2026,burned_area_km2,1.86,km2,K1,owid_annual_area_burnt,measured,f_sensor_break;f_min_fire_size;f_product_level;f_incomplete_year
LBR,Liberia,country,2012,burned_area_km2,7897.13,km2,K1,owid_annual_area_burnt,measured,f_sensor_break;f_min_fire_size;f_product_level
LBR,Liberia,country,2013,burned_area_km2,4151.36,km2,K1,owid_annual_area_burnt,measured,f_sensor_break;f_min_fire_size;f_product_level
LBR,Liberia,country,2014,burned_area_km2,6770.51,km2,K1,owid_annual_area_burnt,measured,f_sensor_break;f_min_fire_size;f_product_level
LBR,Liberia,country,2015,burned_area_km2,13883.9,km2,K1,owid_annual_area_burnt,measured,f_sensor_break;f_min_fire_size;f_product_level
LBR,Liberia,country,2016,burned_area_km2,6357.94,km2,K1,owid_annual_area_burnt,measured,f_sensor_break;f_min_fire_size;f_product_level
LBR,Liberia,country,2017,burned_area_km2,6461.02,km2,K1,owid_annual_area_burnt,measured,f_sensor_break;f_min_fire_size;f_product_level
LBR,Liberia,country,2018,burned_area_km2,3670.9,km2,K1,owid_annual_area_burnt,measured,f_sensor_break;f_min_fire_size;f_product_level
LBR,Liberia,country,2019,burned_area_km2,8756.98,km2,K1,owid_annual_area_burnt,measured,f_sensor_break;f_min_fire_size;f_product_level
LBR,Liberia,country,2020,burned_area_km2,5457.77,km2,K1,owid_annual_area_burnt,measured,f_sensor_break;f_min_fire_size;f_product_level
LBR,Liberia,country,2021,burned_area_km2,3594.43,km2,K1,owid_annual_area_burnt,measured,f_sensor_break;f_min_fire_size;f_product_level
LBR,Liberia,country,2022,burned_area_km2,6075.24,km2,K1,owid_annual_area_burnt,measured,f_sensor_break;f_min_fire_size;f_product_level
LBR,Liberia,country,2023,burned_area_km2,5393.18,km2,K1,owid_annual_area_burnt,measured,f_sensor_break;f_min_fire_size;f_product_level
LBR,Liberia,country,2024,burned_area_km2,3625.32,km2,K1,owid_annual_area_burnt,measured,f_sensor_break;f_min_fire_size;f_product_level
LBR,Liberia,country,2025,burned_area_km2,3233.16,km2,K1,owid_annual_area_burnt,measured,f_sensor_break;f_min_fire_size;f_product_level
LBR,Liberia,country,2026,burned_area_km2,1704.28,km2,K1,owid_annual_area_burnt,measured,f_sensor_break;f_min_fire_size;f_product_level;f_incomplete_year
LBY,Libya,country,2012,burned_area_km2,48.89,km2,K1,owid_annual_area_burnt,measured,f_sensor_break;f_min_fire_size;f_product_level
LBY,Libya,country,2013,burned_area_km2,51.56,km2,K1,owid_annual_area_burnt,measured,f_sensor_break;f_min_fire_size;f_product_level
LBY,Libya,country,2014,burned_area_km2,30.45,km2,K1,owid_annual_area_burnt,measured,f_sensor_break;f_min_fire_size;f_product_level
LBY,Libya,country,2015,burned_area_km2,40.83,km2,K1,owid_annual_area_burnt,measured,f_sensor_break;f_min_fire_size;f_product_level
LBY,Libya,country,2016,burned_area_km2,24.28,km2,K1,owid_annual_area_burnt,measured,f_sensor_break;f_min_fire_size;f_product_level
LBY,Libya,country,2017,burned_area_km2,46.22,km2,K1,owid_annual_area_burnt,measured,f_sensor_break;f_min_fire_size;f_product_level
LBY,Libya,country,2018,burned_area_km2,52.89,km2,K1,owid_annual_area_burnt,measured,f_sensor_break;f_min_fire_size;f_product_level
LBY,Libya,country,2019,burned_area_km2,42.6,km2,K1,owid_annual_area_burnt,measured,f_sensor_break;f_min_fire_size;f_product_level
LBY,Libya,country,2020,burned_area_km2,75.32,km2,K1,owid_annual_area_burnt,measured,f_sensor_break;f_min_fire_size;f_product_level
LBY,Libya,country,2021,burned_area_km2,33.66,km2,K1,owid_annual_area_burnt,measured,f_sensor_break;f_min_fire_size;f_product_level
LBY,Libya,country,2022,burned_area_km2,41.25,km2,K1,owid_annual_area_burnt,measured,f_sensor_break;f_min_fire_size;f_product_level
LBY,Libya,country,2023,burned_area_km2,23.91,km2,K1,owid_annual_area_burnt,measured,f_sensor_break;f_min_fire_size;f_product_level
LBY,Libya,country,2024,burned_area_km2,21.32,km2,K1,owid_annual_area_burnt,measured,f_sensor_break;f_min_fire_size;f_product_level
LBY,Libya,country,2025,burned_area_km2,13.71,km2,K1,owid_annual_area_burnt,measured,f_sensor_break;f_min_fire_size;f_product_level
LBY,Libya,country,2026,burned_area_km2,1.15,km2,K1,owid_annual_area_burnt,measured,f_sensor_break;f_min_fire_size;f_product_level;f_incomplete_year
LCA,St. Lucia,country,2012,burned_area_km2,0.0,km2,K1,owid_annual_area_burnt,measured,f_sensor_break;f_min_fire_size;f_product_level;f_zero_no_detection
LCA,St. Lucia,country,2013,burned_area_km2,0.0,km2,K1,owid_annual_area_burnt,measured,f_sensor_break;f_min_fire_size;f_product_level;f_zero_no_detection
LCA,St. Lucia,country,2014,burned_area_km2,0.0,km2,K1,owid_annual_area_burnt,measured,f_sensor_break;f_min_fire_size;f_product_level;f_zero_no_detection
LCA,St. Lucia,country,2015,burned_area_km2,2.35,km2,K1,owid_annual_area_burnt,measured,f_sensor_break;f_min_fire_size;f_product_level
LCA,St. Lucia,country,2016,burned_area_km2,0.0,km2,K1,owid_annual_area_burnt,measured,f_sensor_break;f_min_fire_size;f_product_level;f_zero_no_detection
LCA,St. Lucia,country,2017,burned_area_km2,0.0,km2,K1,owid_annual_area_burnt,measured,f_sensor_break;f_min_fire_size;f_product_level;f_zero_no_detection
LCA,St. Lucia,country,2018,burned_area_km2,0.0,km2,K1,owid_annual_area_burnt,measured,f_sensor_break;f_min_fire_size;f_product_level;f_zero_no_detection
LCA,St. Lucia,country,2019,burned_area_km2,0.0,km2,K1,owid_annual_area_burnt,measured,f_sensor_break;f_min_fire_size;f_product_level;f_zero_no_detection
LCA,St. Lucia,country,2020,burned_area_km2,1.77,km2,K1,owid_annual_area_burnt,measured,f_sensor_break;f_min_fire_size;f_product_level
LCA,St. Lucia,country,2021,burned_area_km2,0.0,km2,K1,owid_annual_area_burnt,measured,f_sensor_break;f_min_fire_size;f_product_level;f_zero_no_detection
LCA,St. Lucia,country,2022,burned_area_km2,0.0,km2,K1,owid_annual_area_burnt,measured,f_sensor_break;f_min_fire_size;f_product_level;f_zero_no_detection
LCA,St. Lucia,country,2023,burned_area_km2,0.0,km2,K1,owid_annual_area_burnt,measured,f_sensor_break;f_min_fire_size;f_product_level;f_zero_no_detection
LCA,St. Lucia,country,2024,burned_area_km2,0.0,km2,K1,owid_annual_area_burnt,measured,f_sensor_break;f_min_fire_size;f_product_level;f_zero_no_detection
LCA,St. Lucia,country,2025,burned_area_km2,0.0,km2,K1,owid_annual_area_burnt,measured,f_sensor_break;f_min_fire_size;f_product_level;f_zero_no_detection
LCA,St. Lucia,country,2026,burned_area_km2,0.0,km2,K1,owid_annual_area_burnt,measured,f_sensor_break;f_min_fire_size;f_product_level;f_incomplete_year;f_zero_no_detection
LIE,Liechtenstein,country,2012,burned_area_km2,0.0,km2,K1,owid_annual_area_burnt,measured,f_sensor_break;f_min_fire_size;f_product_level;f_zero_no_detection
LIE,Liechtenstein,country,2013,burned_area_km2,0.0,km2,K1,owid_annual_area_burnt,measured,f_sensor_break;f_min_fire_size;f_product_level;f_zero_no_detection
LIE,Liechtenstein,country,2014,burned_area_km2,0.0,km2,K1,owid_annual_area_burnt,measured,f_sensor_break;f_min_fire_size;f_product_level;f_zero_no_detection
LIE,Liechtenstein,country,2015,burned_area_km2,0.0,km2,K1,owid_annual_area_burnt,measured,f_sensor_break;f_min_fire_size;f_product_level;f_zero_no_detection
LIE,Liechtenstein,country,2016,burned_area_km2,0.0,km2,K1,owid_annual_area_burnt,measured,f_sensor_break;f_min_fire_size;f_product_level;f_zero_no_detection
LIE,Liechtenstein,country,2017,burned_area_km2,0.0,km2,K1,owid_annual_area_burnt,measured,f_sensor_break;f_min_fire_size;f_product_level;f_zero_no_detection
LIE,Liechtenstein,country,2018,burned_area_km2,0.0,km2,K1,owid_annual_area_burnt,measured,f_sensor_break;f_min_fire_size;f_product_level;f_zero_no_detection
LIE,Liechtenstein,country,2019,burned_area_km2,0.0,km2,K1,owid_annual_area_burnt,measured,f_sensor_break;f_min_fire_size;f_product_level;f_zero_no_detection
LIE,Liechtenstein,country,2020,burned_area_km2,0.0,km2,K1,owid_annual_area_burnt,measured,f_sensor_break;f_min_fire_size;f_product_level;f_zero_no_detection
LIE,Liechtenstein,country,2021,burned_area_km2,0.0,km2,K1,owid_annual_area_burnt,measured,f_sensor_break;f_min_fire_size;f_product_level;f_zero_no_detection
LIE,Liechtenstein,country,2022,burned_area_km2,0.0,km2,K1,owid_annual_area_burnt,measured,f_sensor_break;f_min_fire_size;f_product_level;f_zero_no_detection
LIE,Liechtenstein,country,2023,burned_area_km2,0.0,km2,K1,owid_annual_area_burnt,measured,f_sensor_break;f_min_fire_size;f_product_level;f_zero_no_detection
LIE,Liechtenstein,country,2024,burned_area_km2,0.0,km2,K1,owid_annual_area_burnt,measured,f_sensor_break;f_min_fire_size;f_product_level;f_zero_no_detection
LIE,Liechtenstein,country,2025,burned_area_km2,0.0,km2,K1,owid_annual_area_burnt,measured,f_sensor_break;f_min_fire_size;f_product_level;f_zero_no_detection
LIE,Liechtenstein,country,2026,burned_area_km2,0.0,km2,K1,owid_annual_area_burnt,measured,f_sensor_break;f_min_fire_size;f_product_level;f_incomplete_year;f_zero_no_detection
LKA,Sri Lanka,country,2012,burned_area_km2,881.77,km2,K1,owid_annual_area_burnt,measured,f_sensor_break;f_min_fire_size;f_product_level
LKA,Sri Lanka,country,2013,burned_area_km2,763.88,km2,K1,owid_annual_area_burnt,measured,f_sensor_break;f_min_fire_size;f_product_level
LKA,Sri Lanka,country,2014,burned_area_km2,711.29,km2,K1,owid_annual_area_burnt,measured,f_sensor_break;f_min_fire_size;f_product_level
LKA,Sri Lanka,country,2015,burned_area_km2,287.39,km2,K1,owid_annual_area_burnt,measured,f_sensor_break;f_min_fire_size;f_product_level
LKA,Sri Lanka,country,2016,burned_area_km2,663.89,km2,K1,owid_annual_area_burnt,measured,f_sensor_break;f_min_fire_size;f_product_level
LKA,Sri Lanka,country,2017,burned_area_km2,261.27,km2,K1,owid_annual_area_burnt,measured,f_sensor_break;f_min_fire_size;f_product_level
LKA,Sri Lanka,country,2018,burned_area_km2,451.05,km2,K1,owid_annual_area_burnt,measured,f_sensor_break;f_min_fire_size;f_product_level
LKA,Sri Lanka,country,2019,burned_area_km2,469.93,km2,K1,owid_annual_area_burnt,measured,f_sensor_break;f_min_fire_size;f_product_level
LKA,Sri Lanka,country,2020,burned_area_km2,333.78,km2,K1,owid_annual_area_burnt,measured,f_sensor_break;f_min_fire_size;f_product_level
LKA,Sri Lanka,country,2021,burned_area_km2,166.99,km2,K1,owid_annual_area_burnt,measured,f_sensor_break;f_min_fire_size;f_product_level
LKA,Sri Lanka,country,2022,burned_area_km2,257.75,km2,K1,owid_annual_area_burnt,measured,f_sensor_break;f_min_fire_size;f_product_level
LKA,Sri Lanka,country,2023,burned_area_km2,422.41,km2,K1,owid_annual_area_burnt,measured,f_sensor_break;f_min_fire_size;f_product_level
LKA,Sri Lanka,country,2024,burned_area_km2,129.83,km2,K1,owid_annual_area_burnt,measured,f_sensor_break;f_min_fire_size;f_product_level
LKA,Sri Lanka,country,2025,burned_area_km2,182.85,km2,K1,owid_annual_area_burnt,measured,f_sensor_break;f_min_fire_size;f_product_level
LKA,Sri Lanka,country,2026,burned_area_km2,54.81,km2,K1,owid_annual_area_burnt,measured,f_sensor_break;f_min_fire_size;f_product_level;f_incomplete_year
LSO,Lesotho,country,2012,burned_area_km2,57.74,km2,K1,owid_annual_area_burnt,measured,f_sensor_break;f_min_fire_size;f_product_level
LSO,Lesotho,country,2013,burned_area_km2,654.27,km2,K1,owid_annual_area_burnt,measured,f_sensor_break;f_min_fire_size;f_product_level
LSO,Lesotho,country,2014,burned_area_km2,599.46,km2,K1,owid_annual_area_burnt,measured,f_sensor_break;f_min_fire_size;f_product_level
LSO,Lesotho,country,2015,burned_area_km2,186.51,km2,K1,owid_annual_area_burnt,measured,f_sensor_break;f_min_fire_size;f_product_level
LSO,Lesotho,country,2016,burned_area_km2,46.29,km2,K1,owid_annual_area_burnt,measured,f_sensor_break;f_min_fire_size;f_product_level
LSO,Lesotho,country,2017,burned_area_km2,218.34,km2,K1,owid_annual_area_burnt,measured,f_sensor_break;f_min_fire_size;f_product_level
LSO,Lesotho,country,2018,burned_area_km2,92.58,km2,K1,owid_annual_area_burnt,measured,f_sensor_break;f_min_fire_size;f_product_level
LSO,Lesotho,country,2019,burned_area_km2,574.94,km2,K1,owid_annual_area_burnt,measured,f_sensor_break;f_min_fire_size;f_product_level
LSO,Lesotho,country,2020,burned_area_km2,171.22,km2,K1,owid_annual_area_burnt,measured,f_sensor_break;f_min_fire_size;f_product_level
LSO,Lesotho,country,2021,burned_area_km2,248.8,km2,K1,owid_annual_area_burnt,measured,f_sensor_break;f_min_fire_size;f_product_level
LSO,Lesotho,country,2022,burned_area_km2,243.95,km2,K1,owid_annual_area_burnt,measured,f_sensor_break;f_min_fire_size;f_product_level
LSO,Lesotho,country,2023,burned_area_km2,408.5,km2,K1,owid_annual_area_burnt,measured,f_sensor_break;f_min_fire_size;f_product_level
LSO,Lesotho,country,2024,burned_area_km2,546.35,km2,K1,owid_annual_area_burnt,measured,f_sensor_break;f_min_fire_size;f_product_level
LSO,Lesotho,country,2025,burned_area_km2,41.57,km2,K1,owid_annual_area_burnt,measured,f_sensor_break;f_min_fire_size;f_product_level
LSO,Lesotho,country,2026,burned_area_km2,9.71,km2,K1,owid_annual_area_burnt,measured,f_sensor_break;f_min_fire_size;f_product_level;f_incomplete_year
LTU,Litauen,country,2012,burned_area_km2,13.47,km2,K1,owid_annual_area_burnt,measured,f_sensor_break;f_min_fire_size;f_product_level
LTU,Litauen,country,2013,burned_area_km2,6.79,km2,K1,owid_annual_area_burnt,measured,f_sensor_break;f_min_fire_size;f_product_level
LTU,Litauen,country,2014,burned_area_km2,12.82,km2,K1,owid_annual_area_burnt,measured,f_sensor_break;f_min_fire_size;f_product_level
LTU,Litauen,country,2015,burned_area_km2,11.34,km2,K1,owid_annual_area_burnt,measured,f_sensor_break;f_min_fire_size;f_product_level
LTU,Litauen,country,2016,burned_area_km2,1.12,km2,K1,owid_annual_area_burnt,measured,f_sensor_break;f_min_fire_size;f_product_level
LTU,Litauen,country,2017,burned_area_km2,3.82,km2,K1,owid_annual_area_burnt,measured,f_sensor_break;f_min_fire_size;f_product_level
LTU,Litauen,country,2018,burned_area_km2,8.22,km2,K1,owid_annual_area_burnt,measured,f_sensor_break;f_min_fire_size;f_product_level
LTU,Litauen,country,2019,burned_area_km2,14.27,km2,K1,owid_annual_area_burnt,measured,f_sensor_break;f_min_fire_size;f_product_level
LTU,Litauen,country,2020,burned_area_km2,6.46,km2,K1,owid_annual_area_burnt,measured,f_sensor_break;f_min_fire_size;f_product_level
LTU,Litauen,country,2021,burned_area_km2,5.33,km2,K1,owid_annual_area_burnt,measured,f_sensor_break;f_min_fire_size;f_product_level
LTU,Litauen,country,2022,burned_area_km2,1.19,km2,K1,owid_annual_area_burnt,measured,f_sensor_break;f_min_fire_size;f_product_level
LTU,Litauen,country,2023,burned_area_km2,7.56,km2,K1,owid_annual_area_burnt,measured,f_sensor_break;f_min_fire_size;f_product_level
LTU,Litauen,country,2024,burned_area_km2,2.23,km2,K1,owid_annual_area_burnt,measured,f_sensor_break;f_min_fire_size;f_product_level
LTU,Litauen,country,2025,burned_area_km2,3.28,km2,K1,owid_annual_area_burnt,measured,f_sensor_break;f_min_fire_size;f_product_level
LTU,Litauen,country,2026,burned_area_km2,4.64,km2,K1,owid_annual_area_burnt,measured,f_sensor_break;f_min_fire_size;f_product_level;f_incomplete_year
LUX,Luxembourg,country,2012,burned_area_km2,0.0,km2,K1,owid_annual_area_burnt,measured,f_sensor_break;f_min_fire_size;f_product_level;f_zero_no_detection
LUX,Luxembourg,country,2013,burned_area_km2,0.0,km2,K1,owid_annual_area_burnt,measured,f_sensor_break;f_min_fire_size;f_product_level;f_zero_no_detection
LUX,Luxembourg,country,2014,burned_area_km2,0.0,km2,K1,owid_annual_area_burnt,measured,f_sensor_break;f_min_fire_size;f_product_level;f_zero_no_detection
LUX,Luxembourg,country,2015,burned_area_km2,0.0,km2,K1,owid_annual_area_burnt,measured,f_sensor_break;f_min_fire_size;f_product_level;f_zero_no_detection
LUX,Luxembourg,country,2016,burned_area_km2,0.0,km2,K1,owid_annual_area_burnt,measured,f_sensor_break;f_min_fire_size;f_product_level;f_zero_no_detection
LUX,Luxembourg,country,2017,burned_area_km2,0.0,km2,K1,owid_annual_area_burnt,measured,f_sensor_break;f_min_fire_size;f_product_level;f_zero_no_detection
LUX,Luxembourg,country,2018,burned_area_km2,0.0,km2,K1,owid_annual_area_burnt,measured,f_sensor_break;f_min_fire_size;f_product_level;f_zero_no_detection
LUX,Luxembourg,country,2019,burned_area_km2,0.0,km2,K1,owid_annual_area_burnt,measured,f_sensor_break;f_min_fire_size;f_product_level;f_zero_no_detection
LUX,Luxembourg,country,2020,burned_area_km2,0.0,km2,K1,owid_annual_area_burnt,measured,f_sensor_break;f_min_fire_size;f_product_level;f_zero_no_detection
LUX,Luxembourg,country,2021,burned_area_km2,0.0,km2,K1,owid_annual_area_burnt,measured,f_sensor_break;f_min_fire_size;f_product_level;f_zero_no_detection
LUX,Luxembourg,country,2022,burned_area_km2,0.0,km2,K1,owid_annual_area_burnt,measured,f_sensor_break;f_min_fire_size;f_product_level;f_zero_no_detection
LUX,Luxembourg,country,2023,burned_area_km2,0.0,km2,K1,owid_annual_area_burnt,measured,f_sensor_break;f_min_fire_size;f_product_level;f_zero_no_detection
LUX,Luxembourg,country,2024,burned_area_km2,0.0,km2,K1,owid_annual_area_burnt,measured,f_sensor_break;f_min_fire_size;f_product_level;f_zero_no_detection
LUX,Luxembourg,country,2025,burned_area_km2,0.0,km2,K1,owid_annual_area_burnt,measured,f_sensor_break;f_min_fire_size;f_product_level;f_zero_no_detection
LUX,Luxembourg,country,2026,burned_area_km2,0.0,km2,K1,owid_annual_area_burnt,measured,f_sensor_break;f_min_fire_size;f_product_level;f_incomplete_year;f_zero_no_detection
LVA,Latvia,country,2012,burned_area_km2,4.16,km2,K1,owid_annual_area_burnt,measured,f_sensor_break;f_min_fire_size;f_product_level
LVA,Latvia,country,2013,burned_area_km2,1.56,km2,K1,owid_annual_area_burnt,measured,f_sensor_break;f_min_fire_size;f_product_level
LVA,Latvia,country,2014,burned_area_km2,12.2,km2,K1,owid_annual_area_burnt,measured,f_sensor_break;f_min_fire_size;f_product_level
LVA,Latvia,country,2015,burned_area_km2,7.19,km2,K1,owid_annual_area_burnt,measured,f_sensor_break;f_min_fire_size;f_product_level
LVA,Latvia,country,2016,burned_area_km2,5.65,km2,K1,owid_annual_area_burnt,measured,f_sensor_break;f_min_fire_size;f_product_level
LVA,Latvia,country,2017,burned_area_km2,4.48,km2,K1,owid_annual_area_burnt,measured,f_sensor_break;f_min_fire_size;f_product_level
LVA,Latvia,country,2018,burned_area_km2,45.94,km2,K1,owid_annual_area_burnt,measured,f_sensor_break;f_min_fire_size;f_product_level
LVA,Latvia,country,2019,burned_area_km2,18.47,km2,K1,owid_annual_area_burnt,measured,f_sensor_break;f_min_fire_size;f_product_level
LVA,Latvia,country,2020,burned_area_km2,6.21,km2,K1,owid_annual_area_burnt,measured,f_sensor_break;f_min_fire_size;f_product_level
LVA,Latvia,country,2021,burned_area_km2,4.76,km2,K1,owid_annual_area_burnt,measured,f_sensor_break;f_min_fire_size;f_product_level
LVA,Latvia,country,2022,burned_area_km2,10.09,km2,K1,owid_annual_area_burnt,measured,f_sensor_break;f_min_fire_size;f_product_level
LVA,Latvia,country,2023,burned_area_km2,3.38,km2,K1,owid_annual_area_burnt,measured,f_sensor_break;f_min_fire_size;f_product_level
LVA,Latvia,country,2024,burned_area_km2,0.0,km2,K1,owid_annual_area_burnt,measured,f_sensor_break;f_min_fire_size;f_product_level;f_zero_no_detection
LVA,Latvia,country,2025,burned_area_km2,0.0,km2,K1,owid_annual_area_burnt,measured,f_sensor_break;f_min_fire_size;f_product_level;f_zero_no_detection
LVA,Latvia,country,2026,burned_area_km2,5.23,km2,K1,owid_annual_area_burnt,measured,f_sensor_break;f_min_fire_size;f_product_level;f_incomplete_year
MAC,Macao,country,2012,burned_area_km2,0.0,km2,K1,owid_annual_area_burnt,measured,f_sensor_break;f_min_fire_size;f_product_level;f_zero_no_detection
MAC,Macao,country,2013,burned_area_km2,0.0,km2,K1,owid_annual_area_burnt,measured,f_sensor_break;f_min_fire_size;f_product_level;f_zero_no_detection
MAC,Macao,country,2014,burned_area_km2,0.0,km2,K1,owid_annual_area_burnt,measured,f_sensor_break;f_min_fire_size;f_product_level;f_zero_no_detection
MAC,Macao,country,2015,burned_area_km2,0.0,km2,K1,owid_annual_area_burnt,measured,f_sensor_break;f_min_fire_size;f_product_level;f_zero_no_detection
MAC,Macao,country,2016,burned_area_km2,0.0,km2,K1,owid_annual_area_burnt,measured,f_sensor_break;f_min_fire_size;f_product_level;f_zero_no_detection
MAC,Macao,country,2017,burned_area_km2,0.0,km2,K1,owid_annual_area_burnt,measured,f_sensor_break;f_min_fire_size;f_product_level;f_zero_no_detection
MAC,Macao,country,2018,burned_area_km2,0.0,km2,K1,owid_annual_area_burnt,measured,f_sensor_break;f_min_fire_size;f_product_level;f_zero_no_detection
MAC,Macao,country,2019,burned_area_km2,0.0,km2,K1,owid_annual_area_burnt,measured,f_sensor_break;f_min_fire_size;f_product_level;f_zero_no_detection
MAC,Macao,country,2020,burned_area_km2,0.0,km2,K1,owid_annual_area_burnt,measured,f_sensor_break;f_min_fire_size;f_product_level;f_zero_no_detection
MAC,Macao,country,2021,burned_area_km2,0.0,km2,K1,owid_annual_area_burnt,measured,f_sensor_break;f_min_fire_size;f_product_level;f_zero_no_detection
MAC,Macao,country,2022,burned_area_km2,0.0,km2,K1,owid_annual_area_burnt,measured,f_sensor_break;f_min_fire_size;f_product_level;f_zero_no_detection
MAC,Macao,country,2023,burned_area_km2,0.0,km2,K1,owid_annual_area_burnt,measured,f_sensor_break;f_min_fire_size;f_product_level;f_zero_no_detection
MAC,Macao,country,2024,burned_area_km2,0.0,km2,K1,owid_annual_area_burnt,measured,f_sensor_break;f_min_fire_size;f_product_level;f_zero_no_detection
MAC,Macao,country,2025,burned_area_km2,0.0,km2,K1,owid_annual_area_burnt,measured,f_sensor_break;f_min_fire_size;f_product_level;f_zero_no_detection
MAC,Macao,country,2026,burned_area_km2,0.0,km2,K1,owid_annual_area_burnt,measured,f_sensor_break;f_min_fire_size;f_product_level;f_incomplete_year;f_zero_no_detection
MAF,Saint-Martin (FR),country,2012,burned_area_km2,0.0,km2,K1,owid_annual_area_burnt,measured,f_sensor_break;f_min_fire_size;f_product_level;f_zero_no_detection
MAF,Saint-Martin (FR),country,2013,burned_area_km2,0.0,km2,K1,owid_annual_area_burnt,measured,f_sensor_break;f_min_fire_size;f_product_level;f_zero_no_detection
MAF,Saint-Martin (FR),country,2014,burned_area_km2,0.0,km2,K1,owid_annual_area_burnt,measured,f_sensor_break;f_min_fire_size;f_product_level;f_zero_no_detection
MAF,Saint-Martin (FR),country,2015,burned_area_km2,0.0,km2,K1,owid_annual_area_burnt,measured,f_sensor_break;f_min_fire_size;f_product_level;f_zero_no_detection
MAF,Saint-Martin (FR),country,2016,burned_area_km2,0.0,km2,K1,owid_annual_area_burnt,measured,f_sensor_break;f_min_fire_size;f_product_level;f_zero_no_detection
MAF,Saint-Martin (FR),country,2017,burned_area_km2,0.0,km2,K1,owid_annual_area_burnt,measured,f_sensor_break;f_min_fire_size;f_product_level;f_zero_no_detection
MAF,Saint-Martin (FR),country,2018,burned_area_km2,0.0,km2,K1,owid_annual_area_burnt,measured,f_sensor_break;f_min_fire_size;f_product_level;f_zero_no_detection
MAF,Saint-Martin (FR),country,2019,burned_area_km2,0.0,km2,K1,owid_annual_area_burnt,measured,f_sensor_break;f_min_fire_size;f_product_level;f_zero_no_detection
MAF,Saint-Martin (FR),country,2020,burned_area_km2,0.0,km2,K1,owid_annual_area_burnt,measured,f_sensor_break;f_min_fire_size;f_product_level;f_zero_no_detection
MAF,Saint-Martin (FR),country,2021,burned_area_km2,0.0,km2,K1,owid_annual_area_burnt,measured,f_sensor_break;f_min_fire_size;f_product_level;f_zero_no_detection
MAF,Saint-Martin (FR),country,2022,burned_area_km2,0.0,km2,K1,owid_annual_area_burnt,measured,f_sensor_break;f_min_fire_size;f_product_level;f_zero_no_detection
MAF,Saint-Martin (FR),country,2023,burned_area_km2,0.0,km2,K1,owid_annual_area_burnt,measured,f_sensor_break;f_min_fire_size;f_product_level;f_zero_no_detection
MAF,Saint-Martin (FR),country,2024,burned_area_km2,0.0,km2,K1,owid_annual_area_burnt,measured,f_sensor_break;f_min_fire_size;f_product_level;f_zero_no_detection
MAF,Saint-Martin (FR),country,2025,burned_area_km2,0.0,km2,K1,owid_annual_area_burnt,measured,f_sensor_break;f_min_fire_size;f_product_level;f_zero_no_detection
MAF,Saint-Martin (FR),country,2026,burned_area_km2,0.0,km2,K1,owid_annual_area_burnt,measured,f_sensor_break;f_min_fire_size;f_product_level;f_incomplete_year;f_zero_no_detection
MAR,Marokko,country,2012,burned_area_km2,239.17,km2,K1,owid_annual_area_burnt,measured,f_sensor_break;f_min_fire_size;f_product_level
MAR,Marokko,country,2013,burned_area_km2,96.85,km2,K1,owid_annual_area_burnt,measured,f_sensor_break;f_min_fire_size;f_product_level
MAR,Marokko,country,2014,burned_area_km2,85.26,km2,K1,owid_annual_area_burnt,measured,f_sensor_break;f_min_fire_size;f_product_level
MAR,Marokko,country,2015,burned_area_km2,62.59,km2,K1,owid_annual_area_burnt,measured,f_sensor_break;f_min_fire_size;f_product_level
MAR,Marokko,country,2016,burned_area_km2,145.89,km2,K1,owid_annual_area_burnt,measured,f_sensor_break;f_min_fire_size;f_product_level
MAR,Marokko,country,2017,burned_area_km2,122.47,km2,K1,owid_annual_area_burnt,measured,f_sensor_break;f_min_fire_size;f_product_level
MAR,Marokko,country,2018,burned_area_km2,101.49,km2,K1,owid_annual_area_burnt,measured,f_sensor_break;f_min_fire_size;f_product_level
MAR,Marokko,country,2019,burned_area_km2,155.52,km2,K1,owid_annual_area_burnt,measured,f_sensor_break;f_min_fire_size;f_product_level
MAR,Marokko,country,2020,burned_area_km2,175.59,km2,K1,owid_annual_area_burnt,measured,f_sensor_break;f_min_fire_size;f_product_level
MAR,Marokko,country,2021,burned_area_km2,129.07,km2,K1,owid_annual_area_burnt,measured,f_sensor_break;f_min_fire_size;f_product_level
MAR,Marokko,country,2022,burned_area_km2,451.11,km2,K1,owid_annual_area_burnt,measured,f_sensor_break;f_min_fire_size;f_product_level
MAR,Marokko,country,2023,burned_area_km2,212.69,km2,K1,owid_annual_area_burnt,measured,f_sensor_break;f_min_fire_size;f_product_level
MAR,Marokko,country,2024,burned_area_km2,43.14,km2,K1,owid_annual_area_burnt,measured,f_sensor_break;f_min_fire_size;f_product_level
MAR,Marokko,country,2025,burned_area_km2,56.52,km2,K1,owid_annual_area_burnt,measured,f_sensor_break;f_min_fire_size;f_product_level
MAR,Marokko,country,2026,burned_area_km2,37.35,km2,K1,owid_annual_area_burnt,measured,f_sensor_break;f_min_fire_size;f_product_level;f_incomplete_year
MCO,Monaco,country,2012,burned_area_km2,0.0,km2,K1,owid_annual_area_burnt,measured,f_sensor_break;f_min_fire_size;f_product_level;f_zero_no_detection
MCO,Monaco,country,2013,burned_area_km2,0.0,km2,K1,owid_annual_area_burnt,measured,f_sensor_break;f_min_fire_size;f_product_level;f_zero_no_detection
MCO,Monaco,country,2014,burned_area_km2,0.0,km2,K1,owid_annual_area_burnt,measured,f_sensor_break;f_min_fire_size;f_product_level;f_zero_no_detection
MCO,Monaco,country,2015,burned_area_km2,0.0,km2,K1,owid_annual_area_burnt,measured,f_sensor_break;f_min_fire_size;f_product_level;f_zero_no_detection
MCO,Monaco,country,2016,burned_area_km2,0.0,km2,K1,owid_annual_area_burnt,measured,f_sensor_break;f_min_fire_size;f_product_level;f_zero_no_detection
MCO,Monaco,country,2017,burned_area_km2,0.0,km2,K1,owid_annual_area_burnt,measured,f_sensor_break;f_min_fire_size;f_product_level;f_zero_no_detection
MCO,Monaco,country,2018,burned_area_km2,0.0,km2,K1,owid_annual_area_burnt,measured,f_sensor_break;f_min_fire_size;f_product_level;f_zero_no_detection
MCO,Monaco,country,2019,burned_area_km2,0.0,km2,K1,owid_annual_area_burnt,measured,f_sensor_break;f_min_fire_size;f_product_level;f_zero_no_detection
MCO,Monaco,country,2020,burned_area_km2,0.0,km2,K1,owid_annual_area_burnt,measured,f_sensor_break;f_min_fire_size;f_product_level;f_zero_no_detection
MCO,Monaco,country,2021,burned_area_km2,0.0,km2,K1,owid_annual_area_burnt,measured,f_sensor_break;f_min_fire_size;f_product_level;f_zero_no_detection
MCO,Monaco,country,2022,burned_area_km2,0.0,km2,K1,owid_annual_area_burnt,measured,f_sensor_break;f_min_fire_size;f_product_level;f_zero_no_detection
MCO,Monaco,country,2023,burned_area_km2,0.0,km2,K1,owid_annual_area_burnt,measured,f_sensor_break;f_min_fire_size;f_product_level;f_zero_no_detection
MCO,Monaco,country,2024,burned_area_km2,0.0,km2,K1,owid_annual_area_burnt,measured,f_sensor_break;f_min_fire_size;f_product_level;f_zero_no_detection
MCO,Monaco,country,2025,burned_area_km2,0.0,km2,K1,owid_annual_area_burnt,measured,f_sensor_break;f_min_fire_size;f_product_level;f_zero_no_detection
MCO,Monaco,country,2026,burned_area_km2,0.0,km2,K1,owid_annual_area_burnt,measured,f_sensor_break;f_min_fire_size;f_product_level;f_incomplete_year;f_zero_no_detection
MDA,Moldova,country,2012,burned_area_km2,118.73,km2,K1,owid_annual_area_burnt,measured,f_sensor_break;f_min_fire_size;f_product_level
MDA,Moldova,country,2013,burned_area_km2,273.57,km2,K1,owid_annual_area_burnt,measured,f_sensor_break;f_min_fire_size;f_product_level
MDA,Moldova,country,2014,burned_area_km2,597.31,km2,K1,owid_annual_area_burnt,measured,f_sensor_break;f_min_fire_size;f_product_level
MDA,Moldova,country,2015,burned_area_km2,343.27,km2,K1,owid_annual_area_burnt,measured,f_sensor_break;f_min_fire_size;f_product_level
MDA,Moldova,country,2016,burned_area_km2,508.27,km2,K1,owid_annual_area_burnt,measured,f_sensor_break;f_min_fire_size;f_product_level
MDA,Moldova,country,2017,burned_area_km2,298.22,km2,K1,owid_annual_area_burnt,measured,f_sensor_break;f_min_fire_size;f_product_level
MDA,Moldova,country,2018,burned_area_km2,202.41,km2,K1,owid_annual_area_burnt,measured,f_sensor_break;f_min_fire_size;f_product_level
MDA,Moldova,country,2019,burned_area_km2,128.08,km2,K1,owid_annual_area_burnt,measured,f_sensor_break;f_min_fire_size;f_product_level
MDA,Moldova,country,2020,burned_area_km2,106.61,km2,K1,owid_annual_area_burnt,measured,f_sensor_break;f_min_fire_size;f_product_level
MDA,Moldova,country,2021,burned_area_km2,191.29,km2,K1,owid_annual_area_burnt,measured,f_sensor_break;f_min_fire_size;f_product_level
MDA,Moldova,country,2022,burned_area_km2,317.45,km2,K1,owid_annual_area_burnt,measured,f_sensor_break;f_min_fire_size;f_product_level
MDA,Moldova,country,2023,burned_area_km2,62.53,km2,K1,owid_annual_area_burnt,measured,f_sensor_break;f_min_fire_size;f_product_level
MDA,Moldova,country,2024,burned_area_km2,22.77,km2,K1,owid_annual_area_burnt,measured,f_sensor_break;f_min_fire_size;f_product_level
MDA,Moldova,country,2025,burned_area_km2,22.71,km2,K1,owid_annual_area_burnt,measured,f_sensor_break;f_min_fire_size;f_product_level
MDA,Moldova,country,2026,burned_area_km2,7.22,km2,K1,owid_annual_area_burnt,measured,f_sensor_break;f_min_fire_size;f_product_level;f_incomplete_year
MDG,Madagaskar,country,2012,burned_area_km2,49716.85,km2,K1,owid_annual_area_burnt,measured,f_sensor_break;f_min_fire_size;f_product_level
MDG,Madagaskar,country,2013,burned_area_km2,62425.91,km2,K1,owid_annual_area_burnt,measured,f_sensor_break;f_min_fire_size;f_product_level
MDG,Madagaskar,country,2014,burned_area_km2,48753.94,km2,K1,owid_annual_area_burnt,measured,f_sensor_break;f_min_fire_size;f_product_level
MDG,Madagaskar,country,2015,burned_area_km2,50097.44,km2,K1,owid_annual_area_burnt,measured,f_sensor_break;f_min_fire_size;f_product_level
MDG,Madagaskar,country,2016,burned_area_km2,63597.45,km2,K1,owid_annual_area_burnt,measured,f_sensor_break;f_min_fire_size;f_product_level
MDG,Madagaskar,country,2017,burned_area_km2,47280.02,km2,K1,owid_annual_area_burnt,measured,f_sensor_break;f_min_fire_size;f_product_level
MDG,Madagaskar,country,2018,burned_area_km2,53723.83,km2,K1,owid_annual_area_burnt,measured,f_sensor_break;f_min_fire_size;f_product_level
MDG,Madagaskar,country,2019,burned_area_km2,45232.23,km2,K1,owid_annual_area_burnt,measured,f_sensor_break;f_min_fire_size;f_product_level
MDG,Madagaskar,country,2020,burned_area_km2,55233.63,km2,K1,owid_annual_area_burnt,measured,f_sensor_break;f_min_fire_size;f_product_level
MDG,Madagaskar,country,2021,burned_area_km2,44636.22,km2,K1,owid_annual_area_burnt,measured,f_sensor_break;f_min_fire_size;f_product_level
MDG,Madagaskar,country,2022,burned_area_km2,40873.76,km2,K1,owid_annual_area_burnt,measured,f_sensor_break;f_min_fire_size;f_product_level
MDG,Madagaskar,country,2023,burned_area_km2,40893.63,km2,K1,owid_annual_area_burnt,measured,f_sensor_break;f_min_fire_size;f_product_level
MDG,Madagaskar,country,2024,burned_area_km2,38482.3,km2,K1,owid_annual_area_burnt,measured,f_sensor_break;f_min_fire_size;f_product_level
MDG,Madagaskar,country,2025,burned_area_km2,26441.32,km2,K1,owid_annual_area_burnt,measured,f_sensor_break;f_min_fire_size;f_product_level
MDG,Madagaskar,country,2026,burned_area_km2,6870.86,km2,K1,owid_annual_area_burnt,measured,f_sensor_break;f_min_fire_size;f_product_level;f_incomplete_year
MDV,Maldivene,country,2012,burned_area_km2,0.0,km2,K1,owid_annual_area_burnt,measured,f_sensor_break;f_min_fire_size;f_product_level;f_zero_no_detection
MDV,Maldivene,country,2013,burned_area_km2,0.0,km2,K1,owid_annual_area_burnt,measured,f_sensor_break;f_min_fire_size;f_product_level;f_zero_no_detection
MDV,Maldivene,country,2014,burned_area_km2,0.0,km2,K1,owid_annual_area_burnt,measured,f_sensor_break;f_min_fire_size;f_product_level;f_zero_no_detection
MDV,Maldivene,country,2015,burned_area_km2,0.0,km2,K1,owid_annual_area_burnt,measured,f_sensor_break;f_min_fire_size;f_product_level;f_zero_no_detection
MDV,Maldivene,country,2016,burned_area_km2,0.0,km2,K1,owid_annual_area_burnt,measured,f_sensor_break;f_min_fire_size;f_product_level;f_zero_no_detection
MDV,Maldivene,country,2017,burned_area_km2,0.0,km2,K1,owid_annual_area_burnt,measured,f_sensor_break;f_min_fire_size;f_product_level;f_zero_no_detection
MDV,Maldivene,country,2018,burned_area_km2,0.0,km2,K1,owid_annual_area_burnt,measured,f_sensor_break;f_min_fire_size;f_product_level;f_zero_no_detection
MDV,Maldivene,country,2019,burned_area_km2,0.0,km2,K1,owid_annual_area_burnt,measured,f_sensor_break;f_min_fire_size;f_product_level;f_zero_no_detection
MDV,Maldivene,country,2020,burned_area_km2,0.0,km2,K1,owid_annual_area_burnt,measured,f_sensor_break;f_min_fire_size;f_product_level;f_zero_no_detection
MDV,Maldivene,country,2021,burned_area_km2,0.0,km2,K1,owid_annual_area_burnt,measured,f_sensor_break;f_min_fire_size;f_product_level;f_zero_no_detection
MDV,Maldivene,country,2022,burned_area_km2,0.0,km2,K1,owid_annual_area_burnt,measured,f_sensor_break;f_min_fire_size;f_product_level;f_zero_no_detection
MDV,Maldivene,country,2023,burned_area_km2,0.0,km2,K1,owid_annual_area_burnt,measured,f_sensor_break;f_min_fire_size;f_product_level;f_zero_no_detection
MDV,Maldivene,country,2024,burned_area_km2,0.0,km2,K1,owid_annual_area_burnt,measured,f_sensor_break;f_min_fire_size;f_product_level;f_zero_no_detection
MDV,Maldivene,country,2025,burned_area_km2,0.0,km2,K1,owid_annual_area_burnt,measured,f_sensor_break;f_min_fire_size;f_product_level;f_zero_no_detection
MDV,Maldivene,country,2026,burned_area_km2,0.0,km2,K1,owid_annual_area_burnt,measured,f_sensor_break;f_min_fire_size;f_product_level;f_incomplete_year;f_zero_no_detection
MEX,Mexico,country,2012,burned_area_km2,46682.63,km2,K1,owid_annual_area_burnt,measured,f_sensor_break;f_min_fire_size;f_product_level
MEX,Mexico,country,2013,burned_area_km2,58498.11,km2,K1,owid_annual_area_burnt,measured,f_sensor_break;f_min_fire_size;f_product_level
MEX,Mexico,country,2014,burned_area_km2,20266.53,km2,K1,owid_annual_area_burnt,measured,f_sensor_break;f_min_fire_size;f_product_level
MEX,Mexico,country,2015,burned_area_km2,30939.3,km2,K1,owid_annual_area_burnt,measured,f_sensor_break;f_min_fire_size;f_product_level
MEX,Mexico,country,2016,burned_area_km2,43104.62,km2,K1,owid_annual_area_burnt,measured,f_sensor_break;f_min_fire_size;f_product_level
MEX,Mexico,country,2017,burned_area_km2,61443.31,km2,K1,owid_annual_area_burnt,measured,f_sensor_break;f_min_fire_size;f_product_level
MEX,Mexico,country,2018,burned_area_km2,38910.19,km2,K1,owid_annual_area_burnt,measured,f_sensor_break;f_min_fire_size;f_product_level
MEX,Mexico,country,2019,burned_area_km2,61718.06,km2,K1,owid_annual_area_burnt,measured,f_sensor_break;f_min_fire_size;f_product_level
MEX,Mexico,country,2020,burned_area_km2,43402.81,km2,K1,owid_annual_area_burnt,measured,f_sensor_break;f_min_fire_size;f_product_level
MEX,Mexico,country,2021,burned_area_km2,44531.51,km2,K1,owid_annual_area_burnt,measured,f_sensor_break;f_min_fire_size;f_product_level
MEX,Mexico,country,2022,burned_area_km2,44074.18,km2,K1,owid_annual_area_burnt,measured,f_sensor_break;f_min_fire_size;f_product_level
MEX,Mexico,country,2023,burned_area_km2,45386.3,km2,K1,owid_annual_area_burnt,measured,f_sensor_break;f_min_fire_size;f_product_level
MEX,Mexico,country,2024,burned_area_km2,40125.79,km2,K1,owid_annual_area_burnt,measured,f_sensor_break;f_min_fire_size;f_product_level
MEX,Mexico,country,2025,burned_area_km2,24850.28,km2,K1,owid_annual_area_burnt,measured,f_sensor_break;f_min_fire_size;f_product_level
MEX,Mexico,country,2026,burned_area_km2,12648.23,km2,K1,owid_annual_area_burnt,measured,f_sensor_break;f_min_fire_size;f_product_level;f_incomplete_year
MHL,Marshalløyene,country,2012,burned_area_km2,0.0,km2,K1,owid_annual_area_burnt,measured,f_sensor_break;f_min_fire_size;f_product_level;f_zero_no_detection
MHL,Marshalløyene,country,2013,burned_area_km2,0.0,km2,K1,owid_annual_area_burnt,measured,f_sensor_break;f_min_fire_size;f_product_level;f_zero_no_detection
MHL,Marshalløyene,country,2014,burned_area_km2,0.0,km2,K1,owid_annual_area_burnt,measured,f_sensor_break;f_min_fire_size;f_product_level;f_zero_no_detection
MHL,Marshalløyene,country,2015,burned_area_km2,0.0,km2,K1,owid_annual_area_burnt,measured,f_sensor_break;f_min_fire_size;f_product_level;f_zero_no_detection
MHL,Marshalløyene,country,2016,burned_area_km2,0.0,km2,K1,owid_annual_area_burnt,measured,f_sensor_break;f_min_fire_size;f_product_level;f_zero_no_detection
MHL,Marshalløyene,country,2017,burned_area_km2,0.0,km2,K1,owid_annual_area_burnt,measured,f_sensor_break;f_min_fire_size;f_product_level;f_zero_no_detection
MHL,Marshalløyene,country,2018,burned_area_km2,0.0,km2,K1,owid_annual_area_burnt,measured,f_sensor_break;f_min_fire_size;f_product_level;f_zero_no_detection
MHL,Marshalløyene,country,2019,burned_area_km2,0.0,km2,K1,owid_annual_area_burnt,measured,f_sensor_break;f_min_fire_size;f_product_level;f_zero_no_detection
MHL,Marshalløyene,country,2020,burned_area_km2,0.0,km2,K1,owid_annual_area_burnt,measured,f_sensor_break;f_min_fire_size;f_product_level;f_zero_no_detection
MHL,Marshalløyene,country,2021,burned_area_km2,0.0,km2,K1,owid_annual_area_burnt,measured,f_sensor_break;f_min_fire_size;f_product_level;f_zero_no_detection
MHL,Marshalløyene,country,2022,burned_area_km2,0.0,km2,K1,owid_annual_area_burnt,measured,f_sensor_break;f_min_fire_size;f_product_level;f_zero_no_detection
MHL,Marshalløyene,country,2023,burned_area_km2,0.0,km2,K1,owid_annual_area_burnt,measured,f_sensor_break;f_min_fire_size;f_product_level;f_zero_no_detection
MHL,Marshalløyene,country,2024,burned_area_km2,0.0,km2,K1,owid_annual_area_burnt,measured,f_sensor_break;f_min_fire_size;f_product_level;f_zero_no_detection
MHL,Marshalløyene,country,2025,burned_area_km2,0.0,km2,K1,owid_annual_area_burnt,measured,f_sensor_break;f_min_fire_size;f_product_level;f_zero_no_detection
MHL,Marshalløyene,country,2026,burned_area_km2,0.0,km2,K1,owid_annual_area_burnt,measured,f_sensor_break;f_min_fire_size;f_product_level;f_incomplete_year;f_zero_no_detection
MKD,Nord-Makedonia,country,2012,burned_area_km2,527.13,km2,K1,owid_annual_area_burnt,measured,f_sensor_break;f_min_fire_size;f_product_level
MKD,Nord-Makedonia,country,2013,burned_area_km2,221.24,km2,K1,owid_annual_area_burnt,measured,f_sensor_break;f_min_fire_size;f_product_level
MKD,Nord-Makedonia,country,2014,burned_area_km2,91.35,km2,K1,owid_annual_area_burnt,measured,f_sensor_break;f_min_fire_size;f_product_level
MKD,Nord-Makedonia,country,2015,burned_area_km2,243.41,km2,K1,owid_annual_area_burnt,measured,f_sensor_break;f_min_fire_size;f_product_level
MKD,Nord-Makedonia,country,2016,burned_area_km2,130.32,km2,K1,owid_annual_area_burnt,measured,f_sensor_break;f_min_fire_size;f_product_level
MKD,Nord-Makedonia,country,2017,burned_area_km2,498.52,km2,K1,owid_annual_area_burnt,measured,f_sensor_break;f_min_fire_size;f_product_level
MKD,Nord-Makedonia,country,2018,burned_area_km2,163.42,km2,K1,owid_annual_area_burnt,measured,f_sensor_break;f_min_fire_size;f_product_level
MKD,Nord-Makedonia,country,2019,burned_area_km2,546.65,km2,K1,owid_annual_area_burnt,measured,f_sensor_break;f_min_fire_size;f_product_level
MKD,Nord-Makedonia,country,2020,burned_area_km2,96.91,km2,K1,owid_annual_area_burnt,measured,f_sensor_break;f_min_fire_size;f_product_level
MKD,Nord-Makedonia,country,2021,burned_area_km2,267.74,km2,K1,owid_annual_area_burnt,measured,f_sensor_break;f_min_fire_size;f_product_level
MKD,Nord-Makedonia,country,2022,burned_area_km2,108.12,km2,K1,owid_annual_area_burnt,measured,f_sensor_break;f_min_fire_size;f_product_level
MKD,Nord-Makedonia,country,2023,burned_area_km2,219.22,km2,K1,owid_annual_area_burnt,measured,f_sensor_break;f_min_fire_size;f_product_level
MKD,Nord-Makedonia,country,2024,burned_area_km2,847.15,km2,K1,owid_annual_area_burnt,measured,f_sensor_break;f_min_fire_size;f_product_level
MKD,Nord-Makedonia,country,2025,burned_area_km2,319.14,km2,K1,owid_annual_area_burnt,measured,f_sensor_break;f_min_fire_size;f_product_level
MKD,Nord-Makedonia,country,2026,burned_area_km2,22.58,km2,K1,owid_annual_area_burnt,measured,f_sensor_break;f_min_fire_size;f_product_level;f_incomplete_year
MLI,Mali,country,2012,burned_area_km2,28110.34,km2,K1,owid_annual_area_burnt,measured,f_sensor_break;f_min_fire_size;f_product_level
MLI,Mali,country,2013,burned_area_km2,38045.39,km2,K1,owid_annual_area_burnt,measured,f_sensor_break;f_min_fire_size;f_product_level
MLI,Mali,country,2014,burned_area_km2,32911.85,km2,K1,owid_annual_area_burnt,measured,f_sensor_break;f_min_fire_size;f_product_level
MLI,Mali,country,2015,burned_area_km2,30095.91,km2,K1,owid_annual_area_burnt,measured,f_sensor_break;f_min_fire_size;f_product_level
MLI,Mali,country,2016,burned_area_km2,38356.33,km2,K1,owid_annual_area_burnt,measured,f_sensor_break;f_min_fire_size;f_product_level
MLI,Mali,country,2017,burned_area_km2,38133.11,km2,K1,owid_annual_area_burnt,measured,f_sensor_break;f_min_fire_size;f_product_level
MLI,Mali,country,2018,burned_area_km2,16944.18,km2,K1,owid_annual_area_burnt,measured,f_sensor_break;f_min_fire_size;f_product_level
MLI,Mali,country,2019,burned_area_km2,31048.32,km2,K1,owid_annual_area_burnt,measured,f_sensor_break;f_min_fire_size;f_product_level
MLI,Mali,country,2020,burned_area_km2,39028.54,km2,K1,owid_annual_area_burnt,measured,f_sensor_break;f_min_fire_size;f_product_level
MLI,Mali,country,2021,burned_area_km2,40929.96,km2,K1,owid_annual_area_burnt,measured,f_sensor_break;f_min_fire_size;f_product_level
MLI,Mali,country,2022,burned_area_km2,37483.63,km2,K1,owid_annual_area_burnt,measured,f_sensor_break;f_min_fire_size;f_product_level
MLI,Mali,country,2023,burned_area_km2,40587.51,km2,K1,owid_annual_area_burnt,measured,f_sensor_break;f_min_fire_size;f_product_level
MLI,Mali,country,2024,burned_area_km2,35848.07,km2,K1,owid_annual_area_burnt,measured,f_sensor_break;f_min_fire_size;f_product_level
MLI,Mali,country,2025,burned_area_km2,34123.31,km2,K1,owid_annual_area_burnt,measured,f_sensor_break;f_min_fire_size;f_product_level
MLI,Mali,country,2026,burned_area_km2,14906.98,km2,K1,owid_annual_area_burnt,measured,f_sensor_break;f_min_fire_size;f_product_level;f_incomplete_year
MLT,Malta,country,2012,burned_area_km2,0.0,km2,K1,owid_annual_area_burnt,measured,f_sensor_break;f_min_fire_size;f_product_level;f_zero_no_detection
MLT,Malta,country,2013,burned_area_km2,0.0,km2,K1,owid_annual_area_burnt,measured,f_sensor_break;f_min_fire_size;f_product_level;f_zero_no_detection
MLT,Malta,country,2014,burned_area_km2,0.0,km2,K1,owid_annual_area_burnt,measured,f_sensor_break;f_min_fire_size;f_product_level;f_zero_no_detection
MLT,Malta,country,2015,burned_area_km2,0.0,km2,K1,owid_annual_area_burnt,measured,f_sensor_break;f_min_fire_size;f_product_level;f_zero_no_detection
MLT,Malta,country,2016,burned_area_km2,0.0,km2,K1,owid_annual_area_burnt,measured,f_sensor_break;f_min_fire_size;f_product_level;f_zero_no_detection
MLT,Malta,country,2017,burned_area_km2,0.0,km2,K1,owid_annual_area_burnt,measured,f_sensor_break;f_min_fire_size;f_product_level;f_zero_no_detection
MLT,Malta,country,2018,burned_area_km2,0.0,km2,K1,owid_annual_area_burnt,measured,f_sensor_break;f_min_fire_size;f_product_level;f_zero_no_detection
MLT,Malta,country,2019,burned_area_km2,0.0,km2,K1,owid_annual_area_burnt,measured,f_sensor_break;f_min_fire_size;f_product_level;f_zero_no_detection
MLT,Malta,country,2020,burned_area_km2,1.74,km2,K1,owid_annual_area_burnt,measured,f_sensor_break;f_min_fire_size;f_product_level
MLT,Malta,country,2021,burned_area_km2,0.0,km2,K1,owid_annual_area_burnt,measured,f_sensor_break;f_min_fire_size;f_product_level;f_zero_no_detection
MLT,Malta,country,2022,burned_area_km2,0.0,km2,K1,owid_annual_area_burnt,measured,f_sensor_break;f_min_fire_size;f_product_level;f_zero_no_detection
MLT,Malta,country,2023,burned_area_km2,0.0,km2,K1,owid_annual_area_burnt,measured,f_sensor_break;f_min_fire_size;f_product_level;f_zero_no_detection
MLT,Malta,country,2024,burned_area_km2,0.0,km2,K1,owid_annual_area_burnt,measured,f_sensor_break;f_min_fire_size;f_product_level;f_zero_no_detection
MLT,Malta,country,2025,burned_area_km2,0.0,km2,K1,owid_annual_area_burnt,measured,f_sensor_break;f_min_fire_size;f_product_level;f_zero_no_detection
MLT,Malta,country,2026,burned_area_km2,0.0,km2,K1,owid_annual_area_burnt,measured,f_sensor_break;f_min_fire_size;f_product_level;f_incomplete_year;f_zero_no_detection
MMR,Myanmar,country,2012,burned_area_km2,79759.21,km2,K1,owid_annual_area_burnt,measured,f_sensor_break;f_min_fire_size;f_product_level
MMR,Myanmar,country,2013,burned_area_km2,81071.11,km2,K1,owid_annual_area_burnt,measured,f_sensor_break;f_min_fire_size;f_product_level
MMR,Myanmar,country,2014,burned_area_km2,82200.71,km2,K1,owid_annual_area_burnt,measured,f_sensor_break;f_min_fire_size;f_product_level
MMR,Myanmar,country,2015,burned_area_km2,69023.61,km2,K1,owid_annual_area_burnt,measured,f_sensor_break;f_min_fire_size;f_product_level
MMR,Myanmar,country,2016,burned_area_km2,62428.87,km2,K1,owid_annual_area_burnt,measured,f_sensor_break;f_min_fire_size;f_product_level
MMR,Myanmar,country,2017,burned_area_km2,54051.92,km2,K1,owid_annual_area_burnt,measured,f_sensor_break;f_min_fire_size;f_product_level
MMR,Myanmar,country,2018,burned_area_km2,37010.37,km2,K1,owid_annual_area_burnt,measured,f_sensor_break;f_min_fire_size;f_product_level
MMR,Myanmar,country,2019,burned_area_km2,69400.46,km2,K1,owid_annual_area_burnt,measured,f_sensor_break;f_min_fire_size;f_product_level
MMR,Myanmar,country,2020,burned_area_km2,81610.84,km2,K1,owid_annual_area_burnt,measured,f_sensor_break;f_min_fire_size;f_product_level
MMR,Myanmar,country,2021,burned_area_km2,69886.83,km2,K1,owid_annual_area_burnt,measured,f_sensor_break;f_min_fire_size;f_product_level
MMR,Myanmar,country,2022,burned_area_km2,44123.37,km2,K1,owid_annual_area_burnt,measured,f_sensor_break;f_min_fire_size;f_product_level
MMR,Myanmar,country,2023,burned_area_km2,79576.98,km2,K1,owid_annual_area_burnt,measured,f_sensor_break;f_min_fire_size;f_product_level
MMR,Myanmar,country,2024,burned_area_km2,53223.92,km2,K1,owid_annual_area_burnt,measured,f_sensor_break;f_min_fire_size;f_product_level
MMR,Myanmar,country,2025,burned_area_km2,47425.66,km2,K1,owid_annual_area_burnt,measured,f_sensor_break;f_min_fire_size;f_product_level
MMR,Myanmar,country,2026,burned_area_km2,43257.02,km2,K1,owid_annual_area_burnt,measured,f_sensor_break;f_min_fire_size;f_product_level;f_incomplete_year
MNE,Montenegro,country,2012,burned_area_km2,959.84,km2,K1,owid_annual_area_burnt,measured,f_sensor_break;f_min_fire_size;f_product_level
MNE,Montenegro,country,2013,burned_area_km2,55.98,km2,K1,owid_annual_area_burnt,measured,f_sensor_break;f_min_fire_size;f_product_level
MNE,Montenegro,country,2014,burned_area_km2,16.94,km2,K1,owid_annual_area_burnt,measured,f_sensor_break;f_min_fire_size;f_product_level
MNE,Montenegro,country,2015,burned_area_km2,404.21,km2,K1,owid_annual_area_burnt,measured,f_sensor_break;f_min_fire_size;f_product_level
MNE,Montenegro,country,2016,burned_area_km2,143.68,km2,K1,owid_annual_area_burnt,measured,f_sensor_break;f_min_fire_size;f_product_level
MNE,Montenegro,country,2017,burned_area_km2,939.65,km2,K1,owid_annual_area_burnt,measured,f_sensor_break;f_min_fire_size;f_product_level
MNE,Montenegro,country,2018,burned_area_km2,71.95,km2,K1,owid_annual_area_burnt,measured,f_sensor_break;f_min_fire_size;f_product_level
MNE,Montenegro,country,2019,burned_area_km2,203.36,km2,K1,owid_annual_area_burnt,measured,f_sensor_break;f_min_fire_size;f_product_level
MNE,Montenegro,country,2020,burned_area_km2,401.76,km2,K1,owid_annual_area_burnt,measured,f_sensor_break;f_min_fire_size;f_product_level
MNE,Montenegro,country,2021,burned_area_km2,596.66,km2,K1,owid_annual_area_burnt,measured,f_sensor_break;f_min_fire_size;f_product_level
MNE,Montenegro,country,2022,burned_area_km2,318.73,km2,K1,owid_annual_area_burnt,measured,f_sensor_break;f_min_fire_size;f_product_level
MNE,Montenegro,country,2023,burned_area_km2,0.0,km2,K1,owid_annual_area_burnt,measured,f_sensor_break;f_min_fire_size;f_product_level;f_zero_no_detection
MNE,Montenegro,country,2024,burned_area_km2,221.16,km2,K1,owid_annual_area_burnt,measured,f_sensor_break;f_min_fire_size;f_product_level
MNE,Montenegro,country,2025,burned_area_km2,271.58,km2,K1,owid_annual_area_burnt,measured,f_sensor_break;f_min_fire_size;f_product_level
MNE,Montenegro,country,2026,burned_area_km2,54.45,km2,K1,owid_annual_area_burnt,measured,f_sensor_break;f_min_fire_size;f_product_level;f_incomplete_year
MNG,Mongolia,country,2012,burned_area_km2,8360.11,km2,K1,owid_annual_area_burnt,measured,f_sensor_break;f_min_fire_size;f_product_level
MNG,Mongolia,country,2013,burned_area_km2,2172.77,km2,K1,owid_annual_area_burnt,measured,f_sensor_break;f_min_fire_size;f_product_level
MNG,Mongolia,country,2014,burned_area_km2,3609.56,km2,K1,owid_annual_area_burnt,measured,f_sensor_break;f_min_fire_size;f_product_level
MNG,Mongolia,country,2015,burned_area_km2,8972.81,km2,K1,owid_annual_area_burnt,measured,f_sensor_break;f_min_fire_size;f_product_level
MNG,Mongolia,country,2016,burned_area_km2,1693.99,km2,K1,owid_annual_area_burnt,measured,f_sensor_break;f_min_fire_size;f_product_level
MNG,Mongolia,country,2017,burned_area_km2,2745.93,km2,K1,owid_annual_area_burnt,measured,f_sensor_break;f_min_fire_size;f_product_level
MNG,Mongolia,country,2018,burned_area_km2,584.95,km2,K1,owid_annual_area_burnt,measured,f_sensor_break;f_min_fire_size;f_product_level
MNG,Mongolia,country,2019,burned_area_km2,912.37,km2,K1,owid_annual_area_burnt,measured,f_sensor_break;f_min_fire_size;f_product_level
MNG,Mongolia,country,2020,burned_area_km2,226.04,km2,K1,owid_annual_area_burnt,measured,f_sensor_break;f_min_fire_size;f_product_level
MNG,Mongolia,country,2021,burned_area_km2,298.05,km2,K1,owid_annual_area_burnt,measured,f_sensor_break;f_min_fire_size;f_product_level
MNG,Mongolia,country,2022,burned_area_km2,1905.12,km2,K1,owid_annual_area_burnt,measured,f_sensor_break;f_min_fire_size;f_product_level
MNG,Mongolia,country,2023,burned_area_km2,2172.91,km2,K1,owid_annual_area_burnt,measured,f_sensor_break;f_min_fire_size;f_product_level
MNG,Mongolia,country,2024,burned_area_km2,431.07,km2,K1,owid_annual_area_burnt,measured,f_sensor_break;f_min_fire_size;f_product_level
MNG,Mongolia,country,2025,burned_area_km2,1421.01,km2,K1,owid_annual_area_burnt,measured,f_sensor_break;f_min_fire_size;f_product_level
MNG,Mongolia,country,2026,burned_area_km2,604.47,km2,K1,owid_annual_area_burnt,measured,f_sensor_break;f_min_fire_size;f_product_level;f_incomplete_year
MNP,Nord-Marianene,country,2012,burned_area_km2,5.87,km2,K1,owid_annual_area_burnt,measured,f_sensor_break;f_min_fire_size;f_product_level
MNP,Nord-Marianene,country,2013,burned_area_km2,5.57,km2,K1,owid_annual_area_burnt,measured,f_sensor_break;f_min_fire_size;f_product_level
MNP,Nord-Marianene,country,2014,burned_area_km2,0.0,km2,K1,owid_annual_area_burnt,measured,f_sensor_break;f_min_fire_size;f_product_level;f_zero_no_detection
MNP,Nord-Marianene,country,2015,burned_area_km2,0.0,km2,K1,owid_annual_area_burnt,measured,f_sensor_break;f_min_fire_size;f_product_level;f_zero_no_detection
MNP,Nord-Marianene,country,2016,burned_area_km2,8.34,km2,K1,owid_annual_area_burnt,measured,f_sensor_break;f_min_fire_size;f_product_level
MNP,Nord-Marianene,country,2017,burned_area_km2,3.55,km2,K1,owid_annual_area_burnt,measured,f_sensor_break;f_min_fire_size;f_product_level
MNP,Nord-Marianene,country,2018,burned_area_km2,6.58,km2,K1,owid_annual_area_burnt,measured,f_sensor_break;f_min_fire_size;f_product_level
MNP,Nord-Marianene,country,2019,burned_area_km2,11.36,km2,K1,owid_annual_area_burnt,measured,f_sensor_break;f_min_fire_size;f_product_level
MNP,Nord-Marianene,country,2020,burned_area_km2,3.54,km2,K1,owid_annual_area_burnt,measured,f_sensor_break;f_min_fire_size;f_product_level
MNP,Nord-Marianene,country,2021,burned_area_km2,5.18,km2,K1,owid_annual_area_burnt,measured,f_sensor_break;f_min_fire_size;f_product_level
MNP,Nord-Marianene,country,2022,burned_area_km2,0.0,km2,K1,owid_annual_area_burnt,measured,f_sensor_break;f_min_fire_size;f_product_level;f_zero_no_detection
MNP,Nord-Marianene,country,2023,burned_area_km2,2.02,km2,K1,owid_annual_area_burnt,measured,f_sensor_break;f_min_fire_size;f_product_level
MNP,Nord-Marianene,country,2024,burned_area_km2,2.66,km2,K1,owid_annual_area_burnt,measured,f_sensor_break;f_min_fire_size;f_product_level
MNP,Nord-Marianene,country,2025,burned_area_km2,0.0,km2,K1,owid_annual_area_burnt,measured,f_sensor_break;f_min_fire_size;f_product_level;f_zero_no_detection
MNP,Nord-Marianene,country,2026,burned_area_km2,0.0,km2,K1,owid_annual_area_burnt,measured,f_sensor_break;f_min_fire_size;f_product_level;f_incomplete_year;f_zero_no_detection
MOZ,Mosambik,country,2012,burned_area_km2,192971.28,km2,K1,owid_annual_area_burnt,measured,f_sensor_break;f_min_fire_size;f_product_level
MOZ,Mosambik,country,2013,burned_area_km2,195603.6,km2,K1,owid_annual_area_burnt,measured,f_sensor_break;f_min_fire_size;f_product_level
MOZ,Mosambik,country,2014,burned_area_km2,203898.76,km2,K1,owid_annual_area_burnt,measured,f_sensor_break;f_min_fire_size;f_product_level
MOZ,Mosambik,country,2015,burned_area_km2,197283.72,km2,K1,owid_annual_area_burnt,measured,f_sensor_break;f_min_fire_size;f_product_level
MOZ,Mosambik,country,2016,burned_area_km2,173603.42,km2,K1,owid_annual_area_burnt,measured,f_sensor_break;f_min_fire_size;f_product_level
MOZ,Mosambik,country,2017,burned_area_km2,175257.36,km2,K1,owid_annual_area_burnt,measured,f_sensor_break;f_min_fire_size;f_product_level
MOZ,Mosambik,country,2018,burned_area_km2,187858.48,km2,K1,owid_annual_area_burnt,measured,f_sensor_break;f_min_fire_size;f_product_level
MOZ,Mosambik,country,2019,burned_area_km2,194124.0,km2,K1,owid_annual_area_burnt,measured,f_sensor_break;f_min_fire_size;f_product_level
MOZ,Mosambik,country,2020,burned_area_km2,173131.8,km2,K1,owid_annual_area_burnt,measured,f_sensor_break;f_min_fire_size;f_product_level
MOZ,Mosambik,country,2021,burned_area_km2,185305.6,km2,K1,owid_annual_area_burnt,measured,f_sensor_break;f_min_fire_size;f_product_level
MOZ,Mosambik,country,2022,burned_area_km2,164508.78,km2,K1,owid_annual_area_burnt,measured,f_sensor_break;f_min_fire_size;f_product_level
MOZ,Mosambik,country,2023,burned_area_km2,166387.7,km2,K1,owid_annual_area_burnt,measured,f_sensor_break;f_min_fire_size;f_product_level
MOZ,Mosambik,country,2024,burned_area_km2,140039.07,km2,K1,owid_annual_area_burnt,measured,f_sensor_break;f_min_fire_size;f_product_level
MOZ,Mosambik,country,2025,burned_area_km2,115153.41,km2,K1,owid_annual_area_burnt,measured,f_sensor_break;f_min_fire_size;f_product_level
MOZ,Mosambik,country,2026,burned_area_km2,7870.66,km2,K1,owid_annual_area_burnt,measured,f_sensor_break;f_min_fire_size;f_product_level;f_incomplete_year
MRT,Mauritania,country,2012,burned_area_km2,902.08,km2,K1,owid_annual_area_burnt,measured,f_sensor_break;f_min_fire_size;f_product_level
MRT,Mauritania,country,2013,burned_area_km2,871.22,km2,K1,owid_annual_area_burnt,measured,f_sensor_break;f_min_fire_size;f_product_level
MRT,Mauritania,country,2014,burned_area_km2,283.88,km2,K1,owid_annual_area_burnt,measured,f_sensor_break;f_min_fire_size;f_product_level
MRT,Mauritania,country,2015,burned_area_km2,168.67,km2,K1,owid_annual_area_burnt,measured,f_sensor_break;f_min_fire_size;f_product_level
MRT,Mauritania,country,2016,burned_area_km2,608.5,km2,K1,owid_annual_area_burnt,measured,f_sensor_break;f_min_fire_size;f_product_level
MRT,Mauritania,country,2017,burned_area_km2,385.06,km2,K1,owid_annual_area_burnt,measured,f_sensor_break;f_min_fire_size;f_product_level
MRT,Mauritania,country,2018,burned_area_km2,125.06,km2,K1,owid_annual_area_burnt,measured,f_sensor_break;f_min_fire_size;f_product_level
MRT,Mauritania,country,2019,burned_area_km2,410.63,km2,K1,owid_annual_area_burnt,measured,f_sensor_break;f_min_fire_size;f_product_level
MRT,Mauritania,country,2020,burned_area_km2,535.88,km2,K1,owid_annual_area_burnt,measured,f_sensor_break;f_min_fire_size;f_product_level
MRT,Mauritania,country,2021,burned_area_km2,1065.67,km2,K1,owid_annual_area_burnt,measured,f_sensor_break;f_min_fire_size;f_product_level
MRT,Mauritania,country,2022,burned_area_km2,724.04,km2,K1,owid_annual_area_burnt,measured,f_sensor_break;f_min_fire_size;f_product_level
MRT,Mauritania,country,2023,burned_area_km2,1186.66,km2,K1,owid_annual_area_burnt,measured,f_sensor_break;f_min_fire_size;f_product_level
MRT,Mauritania,country,2024,burned_area_km2,749.82,km2,K1,owid_annual_area_burnt,measured,f_sensor_break;f_min_fire_size;f_product_level
MRT,Mauritania,country,2025,burned_area_km2,1274.63,km2,K1,owid_annual_area_burnt,measured,f_sensor_break;f_min_fire_size;f_product_level
MRT,Mauritania,country,2026,burned_area_km2,526.64,km2,K1,owid_annual_area_burnt,measured,f_sensor_break;f_min_fire_size;f_product_level;f_incomplete_year
MSR,Montserrat,country,2012,burned_area_km2,0.0,km2,K1,owid_annual_area_burnt,measured,f_sensor_break;f_min_fire_size;f_product_level;f_zero_no_detection
MSR,Montserrat,country,2013,burned_area_km2,0.0,km2,K1,owid_annual_area_burnt,measured,f_sensor_break;f_min_fire_size;f_product_level;f_zero_no_detection
MSR,Montserrat,country,2014,burned_area_km2,0.0,km2,K1,owid_annual_area_burnt,measured,f_sensor_break;f_min_fire_size;f_product_level;f_zero_no_detection
MSR,Montserrat,country,2015,burned_area_km2,0.0,km2,K1,owid_annual_area_burnt,measured,f_sensor_break;f_min_fire_size;f_product_level;f_zero_no_detection
MSR,Montserrat,country,2016,burned_area_km2,0.0,km2,K1,owid_annual_area_burnt,measured,f_sensor_break;f_min_fire_size;f_product_level;f_zero_no_detection
MSR,Montserrat,country,2017,burned_area_km2,0.0,km2,K1,owid_annual_area_burnt,measured,f_sensor_break;f_min_fire_size;f_product_level;f_zero_no_detection
MSR,Montserrat,country,2018,burned_area_km2,0.0,km2,K1,owid_annual_area_burnt,measured,f_sensor_break;f_min_fire_size;f_product_level;f_zero_no_detection
MSR,Montserrat,country,2019,burned_area_km2,0.0,km2,K1,owid_annual_area_burnt,measured,f_sensor_break;f_min_fire_size;f_product_level;f_zero_no_detection
MSR,Montserrat,country,2020,burned_area_km2,3.01,km2,K1,owid_annual_area_burnt,measured,f_sensor_break;f_min_fire_size;f_product_level
MSR,Montserrat,country,2021,burned_area_km2,0.0,km2,K1,owid_annual_area_burnt,measured,f_sensor_break;f_min_fire_size;f_product_level;f_zero_no_detection
MSR,Montserrat,country,2022,burned_area_km2,0.0,km2,K1,owid_annual_area_burnt,measured,f_sensor_break;f_min_fire_size;f_product_level;f_zero_no_detection
MSR,Montserrat,country,2023,burned_area_km2,0.0,km2,K1,owid_annual_area_burnt,measured,f_sensor_break;f_min_fire_size;f_product_level;f_zero_no_detection
MSR,Montserrat,country,2024,burned_area_km2,0.0,km2,K1,owid_annual_area_burnt,measured,f_sensor_break;f_min_fire_size;f_product_level;f_zero_no_detection
MSR,Montserrat,country,2025,burned_area_km2,0.0,km2,K1,owid_annual_area_burnt,measured,f_sensor_break;f_min_fire_size;f_product_level;f_zero_no_detection
MSR,Montserrat,country,2026,burned_area_km2,0.0,km2,K1,owid_annual_area_burnt,measured,f_sensor_break;f_min_fire_size;f_product_level;f_incomplete_year;f_zero_no_detection
MTQ,Martinique,country,2012,burned_area_km2,0.0,km2,K1,owid_annual_area_burnt,measured,f_sensor_break;f_min_fire_size;f_product_level;f_zero_no_detection
MTQ,Martinique,country,2013,burned_area_km2,0.0,km2,K1,owid_annual_area_burnt,measured,f_sensor_break;f_min_fire_size;f_product_level;f_zero_no_detection
MTQ,Martinique,country,2014,burned_area_km2,0.0,km2,K1,owid_annual_area_burnt,measured,f_sensor_break;f_min_fire_size;f_product_level;f_zero_no_detection
MTQ,Martinique,country,2015,burned_area_km2,0.0,km2,K1,owid_annual_area_burnt,measured,f_sensor_break;f_min_fire_size;f_product_level;f_zero_no_detection
MTQ,Martinique,country,2016,burned_area_km2,0.0,km2,K1,owid_annual_area_burnt,measured,f_sensor_break;f_min_fire_size;f_product_level;f_zero_no_detection
MTQ,Martinique,country,2017,burned_area_km2,0.0,km2,K1,owid_annual_area_burnt,measured,f_sensor_break;f_min_fire_size;f_product_level;f_zero_no_detection
MTQ,Martinique,country,2018,burned_area_km2,0.0,km2,K1,owid_annual_area_burnt,measured,f_sensor_break;f_min_fire_size;f_product_level;f_zero_no_detection
MTQ,Martinique,country,2019,burned_area_km2,1.81,km2,K1,owid_annual_area_burnt,measured,f_sensor_break;f_min_fire_size;f_product_level
MTQ,Martinique,country,2020,burned_area_km2,0.0,km2,K1,owid_annual_area_burnt,measured,f_sensor_break;f_min_fire_size;f_product_level;f_zero_no_detection
MTQ,Martinique,country,2021,burned_area_km2,3.84,km2,K1,owid_annual_area_burnt,measured,f_sensor_break;f_min_fire_size;f_product_level
MTQ,Martinique,country,2022,burned_area_km2,0.0,km2,K1,owid_annual_area_burnt,measured,f_sensor_break;f_min_fire_size;f_product_level;f_zero_no_detection
MTQ,Martinique,country,2023,burned_area_km2,0.0,km2,K1,owid_annual_area_burnt,measured,f_sensor_break;f_min_fire_size;f_product_level;f_zero_no_detection
MTQ,Martinique,country,2024,burned_area_km2,0.0,km2,K1,owid_annual_area_burnt,measured,f_sensor_break;f_min_fire_size;f_product_level;f_zero_no_detection
MTQ,Martinique,country,2025,burned_area_km2,1.24,km2,K1,owid_annual_area_burnt,measured,f_sensor_break;f_min_fire_size;f_product_level
MTQ,Martinique,country,2026,burned_area_km2,0.0,km2,K1,owid_annual_area_burnt,measured,f_sensor_break;f_min_fire_size;f_product_level;f_incomplete_year;f_zero_no_detection
MUS,Mauritius,country,2012,burned_area_km2,7.96,km2,K1,owid_annual_area_burnt,measured,f_sensor_break;f_min_fire_size;f_product_level
MUS,Mauritius,country,2013,burned_area_km2,6.19,km2,K1,owid_annual_area_burnt,measured,f_sensor_break;f_min_fire_size;f_product_level
MUS,Mauritius,country,2014,burned_area_km2,17.63,km2,K1,owid_annual_area_burnt,measured,f_sensor_break;f_min_fire_size;f_product_level
MUS,Mauritius,country,2015,burned_area_km2,0.0,km2,K1,owid_annual_area_burnt,measured,f_sensor_break;f_min_fire_size;f_product_level;f_zero_no_detection
MUS,Mauritius,country,2016,burned_area_km2,7.66,km2,K1,owid_annual_area_burnt,measured,f_sensor_break;f_min_fire_size;f_product_level
MUS,Mauritius,country,2017,burned_area_km2,7.2,km2,K1,owid_annual_area_burnt,measured,f_sensor_break;f_min_fire_size;f_product_level
MUS,Mauritius,country,2018,burned_area_km2,4.61,km2,K1,owid_annual_area_burnt,measured,f_sensor_break;f_min_fire_size;f_product_level
MUS,Mauritius,country,2019,burned_area_km2,7.32,km2,K1,owid_annual_area_burnt,measured,f_sensor_break;f_min_fire_size;f_product_level
MUS,Mauritius,country,2020,burned_area_km2,9.09,km2,K1,owid_annual_area_burnt,measured,f_sensor_break;f_min_fire_size;f_product_level
MUS,Mauritius,country,2021,burned_area_km2,1.97,km2,K1,owid_annual_area_burnt,measured,f_sensor_break;f_min_fire_size;f_product_level
MUS,Mauritius,country,2022,burned_area_km2,8.09,km2,K1,owid_annual_area_burnt,measured,f_sensor_break;f_min_fire_size;f_product_level
MUS,Mauritius,country,2023,burned_area_km2,0.0,km2,K1,owid_annual_area_burnt,measured,f_sensor_break;f_min_fire_size;f_product_level;f_zero_no_detection
MUS,Mauritius,country,2024,burned_area_km2,14.59,km2,K1,owid_annual_area_burnt,measured,f_sensor_break;f_min_fire_size;f_product_level
MUS,Mauritius,country,2025,burned_area_km2,0.0,km2,K1,owid_annual_area_burnt,measured,f_sensor_break;f_min_fire_size;f_product_level;f_zero_no_detection
MUS,Mauritius,country,2026,burned_area_km2,0.0,km2,K1,owid_annual_area_burnt,measured,f_sensor_break;f_min_fire_size;f_product_level;f_incomplete_year;f_zero_no_detection
MWI,Malawi,country,2012,burned_area_km2,12045.88,km2,K1,owid_annual_area_burnt,measured,f_sensor_break;f_min_fire_size;f_product_level
MWI,Malawi,country,2013,burned_area_km2,10806.11,km2,K1,owid_annual_area_burnt,measured,f_sensor_break;f_min_fire_size;f_product_level
MWI,Malawi,country,2014,burned_area_km2,9417.33,km2,K1,owid_annual_area_burnt,measured,f_sensor_break;f_min_fire_size;f_product_level
MWI,Malawi,country,2015,burned_area_km2,9767.28,km2,K1,owid_annual_area_burnt,measured,f_sensor_break;f_min_fire_size;f_product_level
MWI,Malawi,country,2016,burned_area_km2,10732.22,km2,K1,owid_annual_area_burnt,measured,f_sensor_break;f_min_fire_size;f_product_level
MWI,Malawi,country,2017,burned_area_km2,8034.34,km2,K1,owid_annual_area_burnt,measured,f_sensor_break;f_min_fire_size;f_product_level
MWI,Malawi,country,2018,burned_area_km2,9300.12,km2,K1,owid_annual_area_burnt,measured,f_sensor_break;f_min_fire_size;f_product_level
MWI,Malawi,country,2019,burned_area_km2,8800.3,km2,K1,owid_annual_area_burnt,measured,f_sensor_break;f_min_fire_size;f_product_level
MWI,Malawi,country,2020,burned_area_km2,9164.75,km2,K1,owid_annual_area_burnt,measured,f_sensor_break;f_min_fire_size;f_product_level
MWI,Malawi,country,2021,burned_area_km2,8094.51,km2,K1,owid_annual_area_burnt,measured,f_sensor_break;f_min_fire_size;f_product_level
MWI,Malawi,country,2022,burned_area_km2,7193.24,km2,K1,owid_annual_area_burnt,measured,f_sensor_break;f_min_fire_size;f_product_level
MWI,Malawi,country,2023,burned_area_km2,6631.85,km2,K1,owid_annual_area_burnt,measured,f_sensor_break;f_min_fire_size;f_product_level
MWI,Malawi,country,2024,burned_area_km2,5664.88,km2,K1,owid_annual_area_burnt,measured,f_sensor_break;f_min_fire_size;f_product_level
MWI,Malawi,country,2025,burned_area_km2,4896.43,km2,K1,owid_annual_area_burnt,measured,f_sensor_break;f_min_fire_size;f_product_level
MWI,Malawi,country,2026,burned_area_km2,576.4,km2,K1,owid_annual_area_burnt,measured,f_sensor_break;f_min_fire_size;f_product_level;f_incomplete_year
MYS,Malaysia,country,2012,burned_area_km2,2631.11,km2,K1,owid_annual_area_burnt,measured,f_sensor_break;f_min_fire_size;f_product_level
MYS,Malaysia,country,2013,burned_area_km2,2169.5,km2,K1,owid_annual_area_burnt,measured,f_sensor_break;f_min_fire_size;f_product_level
MYS,Malaysia,country,2014,burned_area_km2,4526.15,km2,K1,owid_annual_area_burnt,measured,f_sensor_break;f_min_fire_size;f_product_level
MYS,Malaysia,country,2015,burned_area_km2,2872.24,km2,K1,owid_annual_area_burnt,measured,f_sensor_break;f_min_fire_size;f_product_level
MYS,Malaysia,country,2016,burned_area_km2,3164.99,km2,K1,owid_annual_area_burnt,measured,f_sensor_break;f_min_fire_size;f_product_level
MYS,Malaysia,country,2017,burned_area_km2,443.43,km2,K1,owid_annual_area_burnt,measured,f_sensor_break;f_min_fire_size;f_product_level
MYS,Malaysia,country,2018,burned_area_km2,1254.35,km2,K1,owid_annual_area_burnt,measured,f_sensor_break;f_min_fire_size;f_product_level
MYS,Malaysia,country,2019,burned_area_km2,1975.52,km2,K1,owid_annual_area_burnt,measured,f_sensor_break;f_min_fire_size;f_product_level
MYS,Malaysia,country,2020,burned_area_km2,684.32,km2,K1,owid_annual_area_burnt,measured,f_sensor_break;f_min_fire_size;f_product_level
MYS,Malaysia,country,2021,burned_area_km2,467.15,km2,K1,owid_annual_area_burnt,measured,f_sensor_break;f_min_fire_size;f_product_level
MYS,Malaysia,country,2022,burned_area_km2,234.51,km2,K1,owid_annual_area_burnt,measured,f_sensor_break;f_min_fire_size;f_product_level
MYS,Malaysia,country,2023,burned_area_km2,412.33,km2,K1,owid_annual_area_burnt,measured,f_sensor_break;f_min_fire_size;f_product_level
MYS,Malaysia,country,2024,burned_area_km2,1068.89,km2,K1,owid_annual_area_burnt,measured,f_sensor_break;f_min_fire_size;f_product_level
MYS,Malaysia,country,2025,burned_area_km2,377.02,km2,K1,owid_annual_area_burnt,measured,f_sensor_break;f_min_fire_size;f_product_level
MYS,Malaysia,country,2026,burned_area_km2,470.01,km2,K1,owid_annual_area_burnt,measured,f_sensor_break;f_min_fire_size;f_product_level;f_incomplete_year
MYT,Mayotte,country,2012,burned_area_km2,0.0,km2,K1,owid_annual_area_burnt,measured,f_sensor_break;f_min_fire_size;f_product_level;f_zero_no_detection
MYT,Mayotte,country,2013,burned_area_km2,2.68,km2,K1,owid_annual_area_burnt,measured,f_sensor_break;f_min_fire_size;f_product_level
MYT,Mayotte,country,2014,burned_area_km2,0.0,km2,K1,owid_annual_area_burnt,measured,f_sensor_break;f_min_fire_size;f_product_level;f_zero_no_detection
MYT,Mayotte,country,2015,burned_area_km2,0.0,km2,K1,owid_annual_area_burnt,measured,f_sensor_break;f_min_fire_size;f_product_level;f_zero_no_detection
MYT,Mayotte,country,2016,burned_area_km2,1.69,km2,K1,owid_annual_area_burnt,measured,f_sensor_break;f_min_fire_size;f_product_level
MYT,Mayotte,country,2017,burned_area_km2,0.0,km2,K1,owid_annual_area_burnt,measured,f_sensor_break;f_min_fire_size;f_product_level;f_zero_no_detection
MYT,Mayotte,country,2018,burned_area_km2,0.0,km2,K1,owid_annual_area_burnt,measured,f_sensor_break;f_min_fire_size;f_product_level;f_zero_no_detection
MYT,Mayotte,country,2019,burned_area_km2,0.0,km2,K1,owid_annual_area_burnt,measured,f_sensor_break;f_min_fire_size;f_product_level;f_zero_no_detection
MYT,Mayotte,country,2020,burned_area_km2,0.0,km2,K1,owid_annual_area_burnt,measured,f_sensor_break;f_min_fire_size;f_product_level;f_zero_no_detection
MYT,Mayotte,country,2021,burned_area_km2,0.0,km2,K1,owid_annual_area_burnt,measured,f_sensor_break;f_min_fire_size;f_product_level;f_zero_no_detection
MYT,Mayotte,country,2022,burned_area_km2,0.0,km2,K1,owid_annual_area_burnt,measured,f_sensor_break;f_min_fire_size;f_product_level;f_zero_no_detection
MYT,Mayotte,country,2023,burned_area_km2,0.0,km2,K1,owid_annual_area_burnt,measured,f_sensor_break;f_min_fire_size;f_product_level;f_zero_no_detection
MYT,Mayotte,country,2024,burned_area_km2,0.0,km2,K1,owid_annual_area_burnt,measured,f_sensor_break;f_min_fire_size;f_product_level;f_zero_no_detection
MYT,Mayotte,country,2025,burned_area_km2,4.63,km2,K1,owid_annual_area_burnt,measured,f_sensor_break;f_min_fire_size;f_product_level
MYT,Mayotte,country,2026,burned_area_km2,0.0,km2,K1,owid_annual_area_burnt,measured,f_sensor_break;f_min_fire_size;f_product_level;f_incomplete_year;f_zero_no_detection
NAC,Nord-Amerika,region,2012,burned_area_km2,146349.28,km2,K1,owid_annual_area_burnt,measured,f_sensor_break;f_min_fire_size;f_product_level
NAC,Nord-Amerika,region,2013,burned_area_km2,179395.12,km2,K1,owid_annual_area_burnt,measured,f_sensor_break;f_min_fire_size;f_product_level
NAC,Nord-Amerika,region,2014,burned_area_km2,136689.97,km2,K1,owid_annual_area_burnt,measured,f_sensor_break;f_min_fire_size;f_product_level
NAC,Nord-Amerika,region,2015,burned_area_km2,167801.56,km2,K1,owid_annual_area_burnt,measured,f_sensor_break;f_min_fire_size;f_product_level
NAC,Nord-Amerika,region,2016,burned_area_km2,144134.11,km2,K1,owid_annual_area_burnt,measured,f_sensor_break;f_min_fire_size;f_product_level
NAC,Nord-Amerika,region,2017,burned_area_km2,194672.96,km2,K1,owid_annual_area_burnt,measured,f_sensor_break;f_min_fire_size;f_product_level
NAC,Nord-Amerika,region,2018,burned_area_km2,144168.69,km2,K1,owid_annual_area_burnt,measured,f_sensor_break;f_min_fire_size;f_product_level
NAC,Nord-Amerika,region,2019,burned_area_km2,167418.84,km2,K1,owid_annual_area_burnt,measured,f_sensor_break;f_min_fire_size;f_product_level
NAC,Nord-Amerika,region,2020,burned_area_km2,166333.57,km2,K1,owid_annual_area_burnt,measured,f_sensor_break;f_min_fire_size;f_product_level
NAC,Nord-Amerika,region,2021,burned_area_km2,174908.76,km2,K1,owid_annual_area_burnt,measured,f_sensor_break;f_min_fire_size;f_product_level
NAC,Nord-Amerika,region,2022,burned_area_km2,147201.68,km2,K1,owid_annual_area_burnt,measured,f_sensor_break;f_min_fire_size;f_product_level
NAC,Nord-Amerika,region,2023,burned_area_km2,267496.76,km2,K1,owid_annual_area_burnt,measured,f_sensor_break;f_min_fire_size;f_product_level
NAC,Nord-Amerika,region,2024,burned_area_km2,166914.29,km2,K1,owid_annual_area_burnt,measured,f_sensor_break;f_min_fire_size;f_product_level
NAC,Nord-Amerika,region,2025,burned_area_km2,142597.19,km2,K1,owid_annual_area_burnt,measured,f_sensor_break;f_min_fire_size;f_product_level
NAC,Nord-Amerika,region,2026,burned_area_km2,68049.05,km2,K1,owid_annual_area_burnt,measured,f_sensor_break;f_min_fire_size;f_product_level;f_incomplete_year
NAM,Namibia,country,2012,burned_area_km2,50121.76,km2,K1,owid_annual_area_burnt,measured,f_sensor_break;f_min_fire_size;f_product_level
NAM,Namibia,country,2013,burned_area_km2,21932.09,km2,K1,owid_annual_area_burnt,measured,f_sensor_break;f_min_fire_size;f_product_level
NAM,Namibia,country,2014,burned_area_km2,14787.03,km2,K1,owid_annual_area_burnt,measured,f_sensor_break;f_min_fire_size;f_product_level
NAM,Namibia,country,2015,burned_area_km2,16627.36,km2,K1,owid_annual_area_burnt,measured,f_sensor_break;f_min_fire_size;f_product_level
NAM,Namibia,country,2016,burned_area_km2,13947.99,km2,K1,owid_annual_area_burnt,measured,f_sensor_break;f_min_fire_size;f_product_level
NAM,Namibia,country,2017,burned_area_km2,17189.28,km2,K1,owid_annual_area_burnt,measured,f_sensor_break;f_min_fire_size;f_product_level
NAM,Namibia,country,2018,burned_area_km2,11386.3,km2,K1,owid_annual_area_burnt,measured,f_sensor_break;f_min_fire_size;f_product_level
NAM,Namibia,country,2019,burned_area_km2,6932.53,km2,K1,owid_annual_area_burnt,measured,f_sensor_break;f_min_fire_size;f_product_level
NAM,Namibia,country,2020,burned_area_km2,19271.15,km2,K1,owid_annual_area_burnt,measured,f_sensor_break;f_min_fire_size;f_product_level
NAM,Namibia,country,2021,burned_area_km2,21456.79,km2,K1,owid_annual_area_burnt,measured,f_sensor_break;f_min_fire_size;f_product_level
NAM,Namibia,country,2022,burned_area_km2,16419.63,km2,K1,owid_annual_area_burnt,measured,f_sensor_break;f_min_fire_size;f_product_level
NAM,Namibia,country,2023,burned_area_km2,16995.89,km2,K1,owid_annual_area_burnt,measured,f_sensor_break;f_min_fire_size;f_product_level
NAM,Namibia,country,2024,burned_area_km2,6534.86,km2,K1,owid_annual_area_burnt,measured,f_sensor_break;f_min_fire_size;f_product_level
NAM,Namibia,country,2025,burned_area_km2,8288.71,km2,K1,owid_annual_area_burnt,measured,f_sensor_break;f_min_fire_size;f_product_level
NAM,Namibia,country,2026,burned_area_km2,1450.11,km2,K1,owid_annual_area_burnt,measured,f_sensor_break;f_min_fire_size;f_product_level;f_incomplete_year
NCL,Ny-Caledonia,country,2012,burned_area_km2,21.94,km2,K1,owid_annual_area_burnt,measured,f_sensor_break;f_min_fire_size;f_product_level
NCL,Ny-Caledonia,country,2013,burned_area_km2,118.16,km2,K1,owid_annual_area_burnt,measured,f_sensor_break;f_min_fire_size;f_product_level
NCL,Ny-Caledonia,country,2014,burned_area_km2,208.4,km2,K1,owid_annual_area_burnt,measured,f_sensor_break;f_min_fire_size;f_product_level
NCL,Ny-Caledonia,country,2015,burned_area_km2,156.92,km2,K1,owid_annual_area_burnt,measured,f_sensor_break;f_min_fire_size;f_product_level
NCL,Ny-Caledonia,country,2016,burned_area_km2,229.94,km2,K1,owid_annual_area_burnt,measured,f_sensor_break;f_min_fire_size;f_product_level
NCL,Ny-Caledonia,country,2017,burned_area_km2,492.5,km2,K1,owid_annual_area_burnt,measured,f_sensor_break;f_min_fire_size;f_product_level
NCL,Ny-Caledonia,country,2018,burned_area_km2,87.28,km2,K1,owid_annual_area_burnt,measured,f_sensor_break;f_min_fire_size;f_product_level
NCL,Ny-Caledonia,country,2019,burned_area_km2,562.09,km2,K1,owid_annual_area_burnt,measured,f_sensor_break;f_min_fire_size;f_product_level
NCL,Ny-Caledonia,country,2020,burned_area_km2,87.34,km2,K1,owid_annual_area_burnt,measured,f_sensor_break;f_min_fire_size;f_product_level
NCL,Ny-Caledonia,country,2021,burned_area_km2,223.33,km2,K1,owid_annual_area_burnt,measured,f_sensor_break;f_min_fire_size;f_product_level
NCL,Ny-Caledonia,country,2022,burned_area_km2,44.89,km2,K1,owid_annual_area_burnt,measured,f_sensor_break;f_min_fire_size;f_product_level
NCL,Ny-Caledonia,country,2023,burned_area_km2,261.28,km2,K1,owid_annual_area_burnt,measured,f_sensor_break;f_min_fire_size;f_product_level
NCL,Ny-Caledonia,country,2024,burned_area_km2,231.65,km2,K1,owid_annual_area_burnt,measured,f_sensor_break;f_min_fire_size;f_product_level
NCL,Ny-Caledonia,country,2025,burned_area_km2,47.36,km2,K1,owid_annual_area_burnt,measured,f_sensor_break;f_min_fire_size;f_product_level
NCL,Ny-Caledonia,country,2026,burned_area_km2,13.73,km2,K1,owid_annual_area_burnt,measured,f_sensor_break;f_min_fire_size;f_product_level;f_incomplete_year
NER,Niger,country,2012,burned_area_km2,1496.67,km2,K1,owid_annual_area_burnt,measured,f_sensor_break;f_min_fire_size;f_product_level
NER,Niger,country,2013,burned_area_km2,1261.94,km2,K1,owid_annual_area_burnt,measured,f_sensor_break;f_min_fire_size;f_product_level
NER,Niger,country,2014,burned_area_km2,1174.82,km2,K1,owid_annual_area_burnt,measured,f_sensor_break;f_min_fire_size;f_product_level
NER,Niger,country,2015,burned_area_km2,1026.51,km2,K1,owid_annual_area_burnt,measured,f_sensor_break;f_min_fire_size;f_product_level
NER,Niger,country,2016,burned_area_km2,1785.85,km2,K1,owid_annual_area_burnt,measured,f_sensor_break;f_min_fire_size;f_product_level
NER,Niger,country,2017,burned_area_km2,1456.79,km2,K1,owid_annual_area_burnt,measured,f_sensor_break;f_min_fire_size;f_product_level
NER,Niger,country,2018,burned_area_km2,1075.11,km2,K1,owid_annual_area_burnt,measured,f_sensor_break;f_min_fire_size;f_product_level
NER,Niger,country,2019,burned_area_km2,1586.65,km2,K1,owid_annual_area_burnt,measured,f_sensor_break;f_min_fire_size;f_product_level
NER,Niger,country,2020,burned_area_km2,1769.02,km2,K1,owid_annual_area_burnt,measured,f_sensor_break;f_min_fire_size;f_product_level
NER,Niger,country,2021,burned_area_km2,2952.52,km2,K1,owid_annual_area_burnt,measured,f_sensor_break;f_min_fire_size;f_product_level
NER,Niger,country,2022,burned_area_km2,2280.14,km2,K1,owid_annual_area_burnt,measured,f_sensor_break;f_min_fire_size;f_product_level
NER,Niger,country,2023,burned_area_km2,1984.99,km2,K1,owid_annual_area_burnt,measured,f_sensor_break;f_min_fire_size;f_product_level
NER,Niger,country,2024,burned_area_km2,3414.39,km2,K1,owid_annual_area_burnt,measured,f_sensor_break;f_min_fire_size;f_product_level
NER,Niger,country,2025,burned_area_km2,4288.18,km2,K1,owid_annual_area_burnt,measured,f_sensor_break;f_min_fire_size;f_product_level
NER,Niger,country,2026,burned_area_km2,870.0,km2,K1,owid_annual_area_burnt,measured,f_sensor_break;f_min_fire_size;f_product_level;f_incomplete_year
NFK,Norfolkøya,country,2012,burned_area_km2,0.0,km2,K1,owid_annual_area_burnt,measured,f_sensor_break;f_min_fire_size;f_product_level;f_zero_no_detection
NFK,Norfolkøya,country,2013,burned_area_km2,0.0,km2,K1,owid_annual_area_burnt,measured,f_sensor_break;f_min_fire_size;f_product_level;f_zero_no_detection
NFK,Norfolkøya,country,2014,burned_area_km2,0.0,km2,K1,owid_annual_area_burnt,measured,f_sensor_break;f_min_fire_size;f_product_level;f_zero_no_detection
NFK,Norfolkøya,country,2015,burned_area_km2,0.0,km2,K1,owid_annual_area_burnt,measured,f_sensor_break;f_min_fire_size;f_product_level;f_zero_no_detection
NFK,Norfolkøya,country,2016,burned_area_km2,0.0,km2,K1,owid_annual_area_burnt,measured,f_sensor_break;f_min_fire_size;f_product_level;f_zero_no_detection
NFK,Norfolkøya,country,2017,burned_area_km2,0.0,km2,K1,owid_annual_area_burnt,measured,f_sensor_break;f_min_fire_size;f_product_level;f_zero_no_detection
NFK,Norfolkøya,country,2018,burned_area_km2,0.0,km2,K1,owid_annual_area_burnt,measured,f_sensor_break;f_min_fire_size;f_product_level;f_zero_no_detection
NFK,Norfolkøya,country,2019,burned_area_km2,0.0,km2,K1,owid_annual_area_burnt,measured,f_sensor_break;f_min_fire_size;f_product_level;f_zero_no_detection
NFK,Norfolkøya,country,2020,burned_area_km2,0.0,km2,K1,owid_annual_area_burnt,measured,f_sensor_break;f_min_fire_size;f_product_level;f_zero_no_detection
NFK,Norfolkøya,country,2021,burned_area_km2,0.0,km2,K1,owid_annual_area_burnt,measured,f_sensor_break;f_min_fire_size;f_product_level;f_zero_no_detection
NFK,Norfolkøya,country,2022,burned_area_km2,0.0,km2,K1,owid_annual_area_burnt,measured,f_sensor_break;f_min_fire_size;f_product_level;f_zero_no_detection
NFK,Norfolkøya,country,2023,burned_area_km2,0.0,km2,K1,owid_annual_area_burnt,measured,f_sensor_break;f_min_fire_size;f_product_level;f_zero_no_detection
NFK,Norfolkøya,country,2024,burned_area_km2,0.0,km2,K1,owid_annual_area_burnt,measured,f_sensor_break;f_min_fire_size;f_product_level;f_zero_no_detection
NFK,Norfolkøya,country,2025,burned_area_km2,0.0,km2,K1,owid_annual_area_burnt,measured,f_sensor_break;f_min_fire_size;f_product_level;f_zero_no_detection
NFK,Norfolkøya,country,2026,burned_area_km2,0.0,km2,K1,owid_annual_area_burnt,measured,f_sensor_break;f_min_fire_size;f_product_level;f_incomplete_year;f_zero_no_detection
NGA,Nigeria,country,2012,burned_area_km2,38767.71,km2,K1,owid_annual_area_burnt,measured,f_sensor_break;f_min_fire_size;f_product_level
NGA,Nigeria,country,2013,burned_area_km2,53145.66,km2,K1,owid_annual_area_burnt,measured,f_sensor_break;f_min_fire_size;f_product_level
NGA,Nigeria,country,2014,burned_area_km2,56430.45,km2,K1,owid_annual_area_burnt,measured,f_sensor_break;f_min_fire_size;f_product_level
NGA,Nigeria,country,2015,burned_area_km2,64523.05,km2,K1,owid_annual_area_burnt,measured,f_sensor_break;f_min_fire_size;f_product_level
NGA,Nigeria,country,2016,burned_area_km2,76097.52,km2,K1,owid_annual_area_burnt,measured,f_sensor_break;f_min_fire_size;f_product_level
NGA,Nigeria,country,2017,burned_area_km2,69853.82,km2,K1,owid_annual_area_burnt,measured,f_sensor_break;f_min_fire_size;f_product_level
NGA,Nigeria,country,2018,burned_area_km2,49808.8,km2,K1,owid_annual_area_burnt,measured,f_sensor_break;f_min_fire_size;f_product_level
NGA,Nigeria,country,2019,burned_area_km2,58400.63,km2,K1,owid_annual_area_burnt,measured,f_sensor_break;f_min_fire_size;f_product_level
NGA,Nigeria,country,2020,burned_area_km2,69177.65,km2,K1,owid_annual_area_burnt,measured,f_sensor_break;f_min_fire_size;f_product_level
NGA,Nigeria,country,2021,burned_area_km2,74950.98,km2,K1,owid_annual_area_burnt,measured,f_sensor_break;f_min_fire_size;f_product_level
NGA,Nigeria,country,2022,burned_area_km2,72593.97,km2,K1,owid_annual_area_burnt,measured,f_sensor_break;f_min_fire_size;f_product_level
NGA,Nigeria,country,2023,burned_area_km2,62578.96,km2,K1,owid_annual_area_burnt,measured,f_sensor_break;f_min_fire_size;f_product_level
NGA,Nigeria,country,2024,burned_area_km2,54794.7,km2,K1,owid_annual_area_burnt,measured,f_sensor_break;f_min_fire_size;f_product_level
NGA,Nigeria,country,2025,burned_area_km2,48020.92,km2,K1,owid_annual_area_burnt,measured,f_sensor_break;f_min_fire_size;f_product_level
NGA,Nigeria,country,2026,burned_area_km2,28072.0,km2,K1,owid_annual_area_burnt,measured,f_sensor_break;f_min_fire_size;f_product_level;f_incomplete_year
NIC,Nicaragua,country,2012,burned_area_km2,2378.99,km2,K1,owid_annual_area_burnt,measured,f_sensor_break;f_min_fire_size;f_product_level
NIC,Nicaragua,country,2013,burned_area_km2,5866.14,km2,K1,owid_annual_area_burnt,measured,f_sensor_break;f_min_fire_size;f_product_level
NIC,Nicaragua,country,2014,burned_area_km2,5561.11,km2,K1,owid_annual_area_burnt,measured,f_sensor_break;f_min_fire_size;f_product_level
NIC,Nicaragua,country,2015,burned_area_km2,3431.73,km2,K1,owid_annual_area_burnt,measured,f_sensor_break;f_min_fire_size;f_product_level
NIC,Nicaragua,country,2016,burned_area_km2,5777.57,km2,K1,owid_annual_area_burnt,measured,f_sensor_break;f_min_fire_size;f_product_level
NIC,Nicaragua,country,2017,burned_area_km2,2586.16,km2,K1,owid_annual_area_burnt,measured,f_sensor_break;f_min_fire_size;f_product_level
NIC,Nicaragua,country,2018,burned_area_km2,4392.24,km2,K1,owid_annual_area_burnt,measured,f_sensor_break;f_min_fire_size;f_product_level
NIC,Nicaragua,country,2019,burned_area_km2,5952.79,km2,K1,owid_annual_area_burnt,measured,f_sensor_break;f_min_fire_size;f_product_level
NIC,Nicaragua,country,2020,burned_area_km2,6194.65,km2,K1,owid_annual_area_burnt,measured,f_sensor_break;f_min_fire_size;f_product_level
NIC,Nicaragua,country,2021,burned_area_km2,2248.86,km2,K1,owid_annual_area_burnt,measured,f_sensor_break;f_min_fire_size;f_product_level
NIC,Nicaragua,country,2022,burned_area_km2,2862.44,km2,K1,owid_annual_area_burnt,measured,f_sensor_break;f_min_fire_size;f_product_level
NIC,Nicaragua,country,2023,burned_area_km2,7868.89,km2,K1,owid_annual_area_burnt,measured,f_sensor_break;f_min_fire_size;f_product_level
NIC,Nicaragua,country,2024,burned_area_km2,6681.06,km2,K1,owid_annual_area_burnt,measured,f_sensor_break;f_min_fire_size;f_product_level
NIC,Nicaragua,country,2025,burned_area_km2,1421.6,km2,K1,owid_annual_area_burnt,measured,f_sensor_break;f_min_fire_size;f_product_level
NIC,Nicaragua,country,2026,burned_area_km2,2053.06,km2,K1,owid_annual_area_burnt,measured,f_sensor_break;f_min_fire_size;f_product_level;f_incomplete_year
NIU,Niue,country,2012,burned_area_km2,0.0,km2,K1,owid_annual_area_burnt,measured,f_sensor_break;f_min_fire_size;f_product_level;f_zero_no_detection
NIU,Niue,country,2013,burned_area_km2,0.0,km2,K1,owid_annual_area_burnt,measured,f_sensor_break;f_min_fire_size;f_product_level;f_zero_no_detection
NIU,Niue,country,2014,burned_area_km2,0.0,km2,K1,owid_annual_area_burnt,measured,f_sensor_break;f_min_fire_size;f_product_level;f_zero_no_detection
NIU,Niue,country,2015,burned_area_km2,0.0,km2,K1,owid_annual_area_burnt,measured,f_sensor_break;f_min_fire_size;f_product_level;f_zero_no_detection
NIU,Niue,country,2016,burned_area_km2,0.0,km2,K1,owid_annual_area_burnt,measured,f_sensor_break;f_min_fire_size;f_product_level;f_zero_no_detection
NIU,Niue,country,2017,burned_area_km2,0.0,km2,K1,owid_annual_area_burnt,measured,f_sensor_break;f_min_fire_size;f_product_level;f_zero_no_detection
NIU,Niue,country,2018,burned_area_km2,0.0,km2,K1,owid_annual_area_burnt,measured,f_sensor_break;f_min_fire_size;f_product_level;f_zero_no_detection
NIU,Niue,country,2019,burned_area_km2,0.0,km2,K1,owid_annual_area_burnt,measured,f_sensor_break;f_min_fire_size;f_product_level;f_zero_no_detection
NIU,Niue,country,2020,burned_area_km2,0.0,km2,K1,owid_annual_area_burnt,measured,f_sensor_break;f_min_fire_size;f_product_level;f_zero_no_detection
NIU,Niue,country,2021,burned_area_km2,0.0,km2,K1,owid_annual_area_burnt,measured,f_sensor_break;f_min_fire_size;f_product_level;f_zero_no_detection
NIU,Niue,country,2022,burned_area_km2,0.0,km2,K1,owid_annual_area_burnt,measured,f_sensor_break;f_min_fire_size;f_product_level;f_zero_no_detection
NIU,Niue,country,2023,burned_area_km2,0.0,km2,K1,owid_annual_area_burnt,measured,f_sensor_break;f_min_fire_size;f_product_level;f_zero_no_detection
NIU,Niue,country,2024,burned_area_km2,0.0,km2,K1,owid_annual_area_burnt,measured,f_sensor_break;f_min_fire_size;f_product_level;f_zero_no_detection
NIU,Niue,country,2025,burned_area_km2,0.0,km2,K1,owid_annual_area_burnt,measured,f_sensor_break;f_min_fire_size;f_product_level;f_zero_no_detection
NIU,Niue,country,2026,burned_area_km2,0.0,km2,K1,owid_annual_area_burnt,measured,f_sensor_break;f_min_fire_size;f_product_level;f_incomplete_year;f_zero_no_detection
NLD,Nederland,country,2012,burned_area_km2,0.0,km2,K1,owid_annual_area_burnt,measured,f_sensor_break;f_min_fire_size;f_product_level;f_zero_no_detection
NLD,Nederland,country,2013,burned_area_km2,5.91,km2,K1,owid_annual_area_burnt,measured,f_sensor_break;f_min_fire_size;f_product_level
NLD,Nederland,country,2014,burned_area_km2,10.91,km2,K1,owid_annual_area_burnt,measured,f_sensor_break;f_min_fire_size;f_product_level
NLD,Nederland,country,2015,burned_area_km2,2.78,km2,K1,owid_annual_area_burnt,measured,f_sensor_break;f_min_fire_size;f_product_level
NLD,Nederland,country,2016,burned_area_km2,0.0,km2,K1,owid_annual_area_burnt,measured,f_sensor_break;f_min_fire_size;f_product_level;f_zero_no_detection
NLD,Nederland,country,2017,burned_area_km2,0.0,km2,K1,owid_annual_area_burnt,measured,f_sensor_break;f_min_fire_size;f_product_level;f_zero_no_detection
NLD,Nederland,country,2018,burned_area_km2,5.49,km2,K1,owid_annual_area_burnt,measured,f_sensor_break;f_min_fire_size;f_product_level
NLD,Nederland,country,2019,burned_area_km2,4.29,km2,K1,owid_annual_area_burnt,measured,f_sensor_break;f_min_fire_size;f_product_level
NLD,Nederland,country,2020,burned_area_km2,13.07,km2,K1,owid_annual_area_burnt,measured,f_sensor_break;f_min_fire_size;f_product_level
NLD,Nederland,country,2021,burned_area_km2,1.05,km2,K1,owid_annual_area_burnt,measured,f_sensor_break;f_min_fire_size;f_product_level
NLD,Nederland,country,2022,burned_area_km2,5.25,km2,K1,owid_annual_area_burnt,measured,f_sensor_break;f_min_fire_size;f_product_level
NLD,Nederland,country,2023,burned_area_km2,6.96,km2,K1,owid_annual_area_burnt,measured,f_sensor_break;f_min_fire_size;f_product_level
NLD,Nederland,country,2024,burned_area_km2,2.24,km2,K1,owid_annual_area_burnt,measured,f_sensor_break;f_min_fire_size;f_product_level
NLD,Nederland,country,2025,burned_area_km2,0.0,km2,K1,owid_annual_area_burnt,measured,f_sensor_break;f_min_fire_size;f_product_level;f_zero_no_detection
NLD,Nederland,country,2026,burned_area_km2,16.77,km2,K1,owid_annual_area_burnt,measured,f_sensor_break;f_min_fire_size;f_product_level;f_incomplete_year
NONISO_AKD,Akrotiri og Dhekelia,country,2012,burned_area_km2,0.06,km2,K1,owid_annual_area_burnt,measured,f_sensor_break;f_min_fire_size;f_product_level
NONISO_AKD,Akrotiri og Dhekelia,country,2013,burned_area_km2,0.0,km2,K1,owid_annual_area_burnt,measured,f_sensor_break;f_min_fire_size;f_product_level;f_zero_no_detection
NONISO_AKD,Akrotiri og Dhekelia,country,2014,burned_area_km2,0.0,km2,K1,owid_annual_area_burnt,measured,f_sensor_break;f_min_fire_size;f_product_level;f_zero_no_detection
NONISO_AKD,Akrotiri og Dhekelia,country,2015,burned_area_km2,0.0,km2,K1,owid_annual_area_burnt,measured,f_sensor_break;f_min_fire_size;f_product_level;f_zero_no_detection
NONISO_AKD,Akrotiri og Dhekelia,country,2016,burned_area_km2,3.28,km2,K1,owid_annual_area_burnt,measured,f_sensor_break;f_min_fire_size;f_product_level
NONISO_AKD,Akrotiri og Dhekelia,country,2017,burned_area_km2,0.0,km2,K1,owid_annual_area_burnt,measured,f_sensor_break;f_min_fire_size;f_product_level;f_zero_no_detection
NONISO_AKD,Akrotiri og Dhekelia,country,2018,burned_area_km2,1.05,km2,K1,owid_annual_area_burnt,measured,f_sensor_break;f_min_fire_size;f_product_level
NONISO_AKD,Akrotiri og Dhekelia,country,2019,burned_area_km2,2.09,km2,K1,owid_annual_area_burnt,measured,f_sensor_break;f_min_fire_size;f_product_level
NONISO_AKD,Akrotiri og Dhekelia,country,2020,burned_area_km2,0.0,km2,K1,owid_annual_area_burnt,measured,f_sensor_break;f_min_fire_size;f_product_level;f_zero_no_detection
NONISO_AKD,Akrotiri og Dhekelia,country,2021,burned_area_km2,0.0,km2,K1,owid_annual_area_burnt,measured,f_sensor_break;f_min_fire_size;f_product_level;f_zero_no_detection
NONISO_AKD,Akrotiri og Dhekelia,country,2022,burned_area_km2,0.53,km2,K1,owid_annual_area_burnt,measured,f_sensor_break;f_min_fire_size;f_product_level
NONISO_AKD,Akrotiri og Dhekelia,country,2023,burned_area_km2,0.0,km2,K1,owid_annual_area_burnt,measured,f_sensor_break;f_min_fire_size;f_product_level;f_zero_no_detection
NONISO_AKD,Akrotiri og Dhekelia,country,2024,burned_area_km2,1.3,km2,K1,owid_annual_area_burnt,measured,f_sensor_break;f_min_fire_size;f_product_level
NONISO_AKD,Akrotiri og Dhekelia,country,2025,burned_area_km2,0.68,km2,K1,owid_annual_area_burnt,measured,f_sensor_break;f_min_fire_size;f_product_level
NONISO_AKD,Akrotiri og Dhekelia,country,2026,burned_area_km2,0.0,km2,K1,owid_annual_area_burnt,measured,f_sensor_break;f_min_fire_size;f_product_level;f_incomplete_year;f_zero_no_detection
NONISO_CYN,Nord-Kypros,country,2012,burned_area_km2,19.71,km2,K1,owid_annual_area_burnt,measured,f_sensor_break;f_min_fire_size;f_product_level
NONISO_CYN,Nord-Kypros,country,2013,burned_area_km2,3.17,km2,K1,owid_annual_area_burnt,measured,f_sensor_break;f_min_fire_size;f_product_level
NONISO_CYN,Nord-Kypros,country,2014,burned_area_km2,1.5,km2,K1,owid_annual_area_burnt,measured,f_sensor_break;f_min_fire_size;f_product_level
NONISO_CYN,Nord-Kypros,country,2015,burned_area_km2,0.0,km2,K1,owid_annual_area_burnt,measured,f_sensor_break;f_min_fire_size;f_product_level;f_zero_no_detection
NONISO_CYN,Nord-Kypros,country,2016,burned_area_km2,0.0,km2,K1,owid_annual_area_burnt,measured,f_sensor_break;f_min_fire_size;f_product_level;f_zero_no_detection
NONISO_CYN,Nord-Kypros,country,2017,burned_area_km2,3.7,km2,K1,owid_annual_area_burnt,measured,f_sensor_break;f_min_fire_size;f_product_level
NONISO_CYN,Nord-Kypros,country,2018,burned_area_km2,0.11,km2,K1,owid_annual_area_burnt,measured,f_sensor_break;f_min_fire_size;f_product_level
NONISO_CYN,Nord-Kypros,country,2019,burned_area_km2,0.0,km2,K1,owid_annual_area_burnt,measured,f_sensor_break;f_min_fire_size;f_product_level;f_zero_no_detection
NONISO_CYN,Nord-Kypros,country,2020,burned_area_km2,13.15,km2,K1,owid_annual_area_burnt,measured,f_sensor_break;f_min_fire_size;f_product_level
NONISO_CYN,Nord-Kypros,country,2021,burned_area_km2,3.36,km2,K1,owid_annual_area_burnt,measured,f_sensor_break;f_min_fire_size;f_product_level
NONISO_CYN,Nord-Kypros,country,2022,burned_area_km2,27.47,km2,K1,owid_annual_area_burnt,measured,f_sensor_break;f_min_fire_size;f_product_level
NONISO_CYN,Nord-Kypros,country,2023,burned_area_km2,1.72,km2,K1,owid_annual_area_burnt,measured,f_sensor_break;f_min_fire_size;f_product_level
NONISO_CYN,Nord-Kypros,country,2024,burned_area_km2,2.18,km2,K1,owid_annual_area_burnt,measured,f_sensor_break;f_min_fire_size;f_product_level
NONISO_CYN,Nord-Kypros,country,2025,burned_area_km2,2.11,km2,K1,owid_annual_area_burnt,measured,f_sensor_break;f_min_fire_size;f_product_level
NONISO_CYN,Nord-Kypros,country,2026,burned_area_km2,0.0,km2,K1,owid_annual_area_burnt,measured,f_sensor_break;f_min_fire_size;f_product_level;f_incomplete_year;f_zero_no_detection
NOR,Norge,country,2012,burned_area_km2,5.1,km2,K1,owid_annual_area_burnt,measured,f_sensor_break;f_min_fire_size;f_product_level
NOR,Norge,country,2013,burned_area_km2,12.75,km2,K1,owid_annual_area_burnt,measured,f_sensor_break;f_min_fire_size;f_product_level
NOR,Norge,country,2014,burned_area_km2,17.62,km2,K1,owid_annual_area_burnt,measured,f_sensor_break;f_min_fire_size;f_product_level
NOR,Norge,country,2015,burned_area_km2,3.73,km2,K1,owid_annual_area_burnt,measured,f_sensor_break;f_min_fire_size;f_product_level
NOR,Norge,country,2016,burned_area_km2,2.35,km2,K1,owid_annual_area_burnt,measured,f_sensor_break;f_min_fire_size;f_product_level
NOR,Norge,country,2017,burned_area_km2,7.72,km2,K1,owid_annual_area_burnt,measured,f_sensor_break;f_min_fire_size;f_product_level
NOR,Norge,country,2018,burned_area_km2,12.79,km2,K1,owid_annual_area_burnt,measured,f_sensor_break;f_min_fire_size;f_product_level
NOR,Norge,country,2019,burned_area_km2,23.83,km2,K1,owid_annual_area_burnt,measured,f_sensor_break;f_min_fire_size;f_product_level
NOR,Norge,country,2020,burned_area_km2,6.39,km2,K1,owid_annual_area_burnt,measured,f_sensor_break;f_min_fire_size;f_product_level
NOR,Norge,country,2021,burned_area_km2,4.31,km2,K1,owid_annual_area_burnt,measured,f_sensor_break;f_min_fire_size;f_product_level
NOR,Norge,country,2022,burned_area_km2,7.98,km2,K1,owid_annual_area_burnt,measured,f_sensor_break;f_min_fire_size;f_product_level
NOR,Norge,country,2023,burned_area_km2,4.01,km2,K1,owid_annual_area_burnt,measured,f_sensor_break;f_min_fire_size;f_product_level
NOR,Norge,country,2024,burned_area_km2,2.94,km2,K1,owid_annual_area_burnt,measured,f_sensor_break;f_min_fire_size;f_product_level
NOR,Norge,country,2025,burned_area_km2,8.62,km2,K1,owid_annual_area_burnt,measured,f_sensor_break;f_min_fire_size;f_product_level
NOR,Norge,country,2026,burned_area_km2,9.71,km2,K1,owid_annual_area_burnt,measured,f_sensor_break;f_min_fire_size;f_product_level;f_incomplete_year
NPL,Nepal,country,2012,burned_area_km2,6497.88,km2,K1,owid_annual_area_burnt,measured,f_sensor_break;f_min_fire_size;f_product_level
NPL,Nepal,country,2013,burned_area_km2,4613.57,km2,K1,owid_annual_area_burnt,measured,f_sensor_break;f_min_fire_size;f_product_level
NPL,Nepal,country,2014,burned_area_km2,7376.01,km2,K1,owid_annual_area_burnt,measured,f_sensor_break;f_min_fire_size;f_product_level
NPL,Nepal,country,2015,burned_area_km2,1497.4,km2,K1,owid_annual_area_burnt,measured,f_sensor_break;f_min_fire_size;f_product_level
NPL,Nepal,country,2016,burned_area_km2,14424.85,km2,K1,owid_annual_area_burnt,measured,f_sensor_break;f_min_fire_size;f_product_level
NPL,Nepal,country,2017,burned_area_km2,3814.42,km2,K1,owid_annual_area_burnt,measured,f_sensor_break;f_min_fire_size;f_product_level
NPL,Nepal,country,2018,burned_area_km2,4190.88,km2,K1,owid_annual_area_burnt,measured,f_sensor_break;f_min_fire_size;f_product_level
NPL,Nepal,country,2019,burned_area_km2,7120.24,km2,K1,owid_annual_area_burnt,measured,f_sensor_break;f_min_fire_size;f_product_level
NPL,Nepal,country,2020,burned_area_km2,1583.07,km2,K1,owid_annual_area_burnt,measured,f_sensor_break;f_min_fire_size;f_product_level
NPL,Nepal,country,2021,burned_area_km2,13748.37,km2,K1,owid_annual_area_burnt,measured,f_sensor_break;f_min_fire_size;f_product_level
NPL,Nepal,country,2022,burned_area_km2,4120.52,km2,K1,owid_annual_area_burnt,measured,f_sensor_break;f_min_fire_size;f_product_level
NPL,Nepal,country,2023,burned_area_km2,6335.77,km2,K1,owid_annual_area_burnt,measured,f_sensor_break;f_min_fire_size;f_product_level
NPL,Nepal,country,2024,burned_area_km2,5139.4,km2,K1,owid_annual_area_burnt,measured,f_sensor_break;f_min_fire_size;f_product_level
NPL,Nepal,country,2025,burned_area_km2,1886.1,km2,K1,owid_annual_area_burnt,measured,f_sensor_break;f_min_fire_size;f_product_level
NPL,Nepal,country,2026,burned_area_km2,1562.15,km2,K1,owid_annual_area_burnt,measured,f_sensor_break;f_min_fire_size;f_product_level;f_incomplete_year
NRU,Nauru,country,2012,burned_area_km2,0.0,km2,K1,owid_annual_area_burnt,measured,f_sensor_break;f_min_fire_size;f_product_level;f_zero_no_detection
NRU,Nauru,country,2013,burned_area_km2,0.0,km2,K1,owid_annual_area_burnt,measured,f_sensor_break;f_min_fire_size;f_product_level;f_zero_no_detection
NRU,Nauru,country,2014,burned_area_km2,0.0,km2,K1,owid_annual_area_burnt,measured,f_sensor_break;f_min_fire_size;f_product_level;f_zero_no_detection
NRU,Nauru,country,2015,burned_area_km2,0.0,km2,K1,owid_annual_area_burnt,measured,f_sensor_break;f_min_fire_size;f_product_level;f_zero_no_detection
NRU,Nauru,country,2016,burned_area_km2,0.0,km2,K1,owid_annual_area_burnt,measured,f_sensor_break;f_min_fire_size;f_product_level;f_zero_no_detection
NRU,Nauru,country,2017,burned_area_km2,0.0,km2,K1,owid_annual_area_burnt,measured,f_sensor_break;f_min_fire_size;f_product_level;f_zero_no_detection
NRU,Nauru,country,2018,burned_area_km2,0.0,km2,K1,owid_annual_area_burnt,measured,f_sensor_break;f_min_fire_size;f_product_level;f_zero_no_detection
NRU,Nauru,country,2019,burned_area_km2,0.0,km2,K1,owid_annual_area_burnt,measured,f_sensor_break;f_min_fire_size;f_product_level;f_zero_no_detection
NRU,Nauru,country,2020,burned_area_km2,0.0,km2,K1,owid_annual_area_burnt,measured,f_sensor_break;f_min_fire_size;f_product_level;f_zero_no_detection
NRU,Nauru,country,2021,burned_area_km2,0.0,km2,K1,owid_annual_area_burnt,measured,f_sensor_break;f_min_fire_size;f_product_level;f_zero_no_detection
NRU,Nauru,country,2022,burned_area_km2,0.0,km2,K1,owid_annual_area_burnt,measured,f_sensor_break;f_min_fire_size;f_product_level;f_zero_no_detection
NRU,Nauru,country,2023,burned_area_km2,0.0,km2,K1,owid_annual_area_burnt,measured,f_sensor_break;f_min_fire_size;f_product_level;f_zero_no_detection
NRU,Nauru,country,2024,burned_area_km2,0.0,km2,K1,owid_annual_area_burnt,measured,f_sensor_break;f_min_fire_size;f_product_level;f_zero_no_detection
NRU,Nauru,country,2025,burned_area_km2,0.0,km2,K1,owid_annual_area_burnt,measured,f_sensor_break;f_min_fire_size;f_product_level;f_zero_no_detection
NRU,Nauru,country,2026,burned_area_km2,0.0,km2,K1,owid_annual_area_burnt,measured,f_sensor_break;f_min_fire_size;f_product_level;f_incomplete_year;f_zero_no_detection
NZL,New Zealand,country,2012,burned_area_km2,394.33,km2,K1,owid_annual_area_burnt,measured,f_sensor_break;f_min_fire_size;f_product_level
NZL,New Zealand,country,2013,burned_area_km2,458.58,km2,K1,owid_annual_area_burnt,measured,f_sensor_break;f_min_fire_size;f_product_level
NZL,New Zealand,country,2014,burned_area_km2,485.95,km2,K1,owid_annual_area_burnt,measured,f_sensor_break;f_min_fire_size;f_product_level
NZL,New Zealand,country,2015,burned_area_km2,478.22,km2,K1,owid_annual_area_burnt,measured,f_sensor_break;f_min_fire_size;f_product_level
NZL,New Zealand,country,2016,burned_area_km2,363.27,km2,K1,owid_annual_area_burnt,measured,f_sensor_break;f_min_fire_size;f_product_level
NZL,New Zealand,country,2017,burned_area_km2,328.15,km2,K1,owid_annual_area_burnt,measured,f_sensor_break;f_min_fire_size;f_product_level
NZL,New Zealand,country,2018,burned_area_km2,264.27,km2,K1,owid_annual_area_burnt,measured,f_sensor_break;f_min_fire_size;f_product_level
NZL,New Zealand,country,2019,burned_area_km2,505.93,km2,K1,owid_annual_area_burnt,measured,f_sensor_break;f_min_fire_size;f_product_level
NZL,New Zealand,country,2020,burned_area_km2,379.65,km2,K1,owid_annual_area_burnt,measured,f_sensor_break;f_min_fire_size;f_product_level
NZL,New Zealand,country,2021,burned_area_km2,357.46,km2,K1,owid_annual_area_burnt,measured,f_sensor_break;f_min_fire_size;f_product_level
NZL,New Zealand,country,2022,burned_area_km2,323.55,km2,K1,owid_annual_area_burnt,measured,f_sensor_break;f_min_fire_size;f_product_level
NZL,New Zealand,country,2023,burned_area_km2,217.84,km2,K1,owid_annual_area_burnt,measured,f_sensor_break;f_min_fire_size;f_product_level
NZL,New Zealand,country,2024,burned_area_km2,194.87,km2,K1,owid_annual_area_burnt,measured,f_sensor_break;f_min_fire_size;f_product_level
NZL,New Zealand,country,2025,burned_area_km2,288.68,km2,K1,owid_annual_area_burnt,measured,f_sensor_break;f_min_fire_size;f_product_level
NZL,New Zealand,country,2026,burned_area_km2,158.86,km2,K1,owid_annual_area_burnt,measured,f_sensor_break;f_min_fire_size;f_product_level;f_incomplete_year
OCE,Oseania,region,2012,burned_area_km2,657889.5,km2,K1,owid_annual_area_burnt,measured,f_sensor_break;f_min_fire_size;f_product_level
OCE,Oseania,region,2013,burned_area_km2,267382.0,km2,K1,owid_annual_area_burnt,measured,f_sensor_break;f_min_fire_size;f_product_level
OCE,Oseania,region,2014,burned_area_km2,367378.28,km2,K1,owid_annual_area_burnt,measured,f_sensor_break;f_min_fire_size;f_product_level
OCE,Oseania,region,2015,burned_area_km2,362878.9,km2,K1,owid_annual_area_burnt,measured,f_sensor_break;f_min_fire_size;f_product_level
OCE,Oseania,region,2016,burned_area_km2,232557.82,km2,K1,owid_annual_area_burnt,measured,f_sensor_break;f_min_fire_size;f_product_level
OCE,Oseania,region,2017,burned_area_km2,385433.5,km2,K1,owid_annual_area_burnt,measured,f_sensor_break;f_min_fire_size;f_product_level
OCE,Oseania,region,2018,burned_area_km2,376040.0,km2,K1,owid_annual_area_burnt,measured,f_sensor_break;f_min_fire_size;f_product_level
OCE,Oseania,region,2019,burned_area_km2,370205.3,km2,K1,owid_annual_area_burnt,measured,f_sensor_break;f_min_fire_size;f_product_level
OCE,Oseania,region,2020,burned_area_km2,190240.48,km2,K1,owid_annual_area_burnt,measured,f_sensor_break;f_min_fire_size;f_product_level
OCE,Oseania,region,2021,burned_area_km2,253692.32,km2,K1,owid_annual_area_burnt,measured,f_sensor_break;f_min_fire_size;f_product_level
OCE,Oseania,region,2022,burned_area_km2,268920.6,km2,K1,owid_annual_area_burnt,measured,f_sensor_break;f_min_fire_size;f_product_level
OCE,Oseania,region,2023,burned_area_km2,551611.24,km2,K1,owid_annual_area_burnt,measured,f_sensor_break;f_min_fire_size;f_product_level
OCE,Oseania,region,2024,burned_area_km2,306564.3,km2,K1,owid_annual_area_burnt,measured,f_sensor_break;f_min_fire_size;f_product_level
OCE,Oseania,region,2025,burned_area_km2,359181.5,km2,K1,owid_annual_area_burnt,measured,f_sensor_break;f_min_fire_size;f_product_level
OCE,Oseania,region,2026,burned_area_km2,120617.14,km2,K1,owid_annual_area_burnt,measured,f_sensor_break;f_min_fire_size;f_product_level;f_incomplete_year
OMN,Oman,country,2012,burned_area_km2,7.42,km2,K1,owid_annual_area_burnt,measured,f_sensor_break;f_min_fire_size;f_product_level
OMN,Oman,country,2013,burned_area_km2,2.4,km2,K1,owid_annual_area_burnt,measured,f_sensor_break;f_min_fire_size;f_product_level
OMN,Oman,country,2014,burned_area_km2,5.04,km2,K1,owid_annual_area_burnt,measured,f_sensor_break;f_min_fire_size;f_product_level
OMN,Oman,country,2015,burned_area_km2,5.52,km2,K1,owid_annual_area_burnt,measured,f_sensor_break;f_min_fire_size;f_product_level
OMN,Oman,country,2016,burned_area_km2,5.99,km2,K1,owid_annual_area_burnt,measured,f_sensor_break;f_min_fire_size;f_product_level
OMN,Oman,country,2017,burned_area_km2,12.39,km2,K1,owid_annual_area_burnt,measured,f_sensor_break;f_min_fire_size;f_product_level
OMN,Oman,country,2018,burned_area_km2,3.84,km2,K1,owid_annual_area_burnt,measured,f_sensor_break;f_min_fire_size;f_product_level
OMN,Oman,country,2019,burned_area_km2,6.35,km2,K1,owid_annual_area_burnt,measured,f_sensor_break;f_min_fire_size;f_product_level
OMN,Oman,country,2020,burned_area_km2,10.12,km2,K1,owid_annual_area_burnt,measured,f_sensor_break;f_min_fire_size;f_product_level
OMN,Oman,country,2021,burned_area_km2,39.4,km2,K1,owid_annual_area_burnt,measured,f_sensor_break;f_min_fire_size;f_product_level
OMN,Oman,country,2022,burned_area_km2,15.09,km2,K1,owid_annual_area_burnt,measured,f_sensor_break;f_min_fire_size;f_product_level
OMN,Oman,country,2023,burned_area_km2,0.0,km2,K1,owid_annual_area_burnt,measured,f_sensor_break;f_min_fire_size;f_product_level;f_zero_no_detection
OMN,Oman,country,2024,burned_area_km2,0.0,km2,K1,owid_annual_area_burnt,measured,f_sensor_break;f_min_fire_size;f_product_level;f_zero_no_detection
OMN,Oman,country,2025,burned_area_km2,1.97,km2,K1,owid_annual_area_burnt,measured,f_sensor_break;f_min_fire_size;f_product_level
OMN,Oman,country,2026,burned_area_km2,2.2,km2,K1,owid_annual_area_burnt,measured,f_sensor_break;f_min_fire_size;f_product_level;f_incomplete_year
PAK,Pakistan,country,2012,burned_area_km2,3020.85,km2,K1,owid_annual_area_burnt,measured,f_sensor_break;f_min_fire_size;f_product_level
PAK,Pakistan,country,2013,burned_area_km2,1886.23,km2,K1,owid_annual_area_burnt,measured,f_sensor_break;f_min_fire_size;f_product_level
PAK,Pakistan,country,2014,burned_area_km2,2255.18,km2,K1,owid_annual_area_burnt,measured,f_sensor_break;f_min_fire_size;f_product_level
PAK,Pakistan,country,2015,burned_area_km2,1502.17,km2,K1,owid_annual_area_burnt,measured,f_sensor_break;f_min_fire_size;f_product_level
PAK,Pakistan,country,2016,burned_area_km2,3632.6,km2,K1,owid_annual_area_burnt,measured,f_sensor_break;f_min_fire_size;f_product_level
PAK,Pakistan,country,2017,burned_area_km2,3098.6,km2,K1,owid_annual_area_burnt,measured,f_sensor_break;f_min_fire_size;f_product_level
PAK,Pakistan,country,2018,burned_area_km2,2971.92,km2,K1,owid_annual_area_burnt,measured,f_sensor_break;f_min_fire_size;f_product_level
PAK,Pakistan,country,2019,burned_area_km2,2011.11,km2,K1,owid_annual_area_burnt,measured,f_sensor_break;f_min_fire_size;f_product_level
PAK,Pakistan,country,2020,burned_area_km2,2021.46,km2,K1,owid_annual_area_burnt,measured,f_sensor_break;f_min_fire_size;f_product_level
PAK,Pakistan,country,2021,burned_area_km2,3670.14,km2,K1,owid_annual_area_burnt,measured,f_sensor_break;f_min_fire_size;f_product_level
PAK,Pakistan,country,2022,burned_area_km2,3657.02,km2,K1,owid_annual_area_burnt,measured,f_sensor_break;f_min_fire_size;f_product_level
PAK,Pakistan,country,2023,burned_area_km2,1389.27,km2,K1,owid_annual_area_burnt,measured,f_sensor_break;f_min_fire_size;f_product_level
PAK,Pakistan,country,2024,burned_area_km2,2111.45,km2,K1,owid_annual_area_burnt,measured,f_sensor_break;f_min_fire_size;f_product_level
PAK,Pakistan,country,2025,burned_area_km2,2179.54,km2,K1,owid_annual_area_burnt,measured,f_sensor_break;f_min_fire_size;f_product_level
PAK,Pakistan,country,2026,burned_area_km2,804.85,km2,K1,owid_annual_area_burnt,measured,f_sensor_break;f_min_fire_size;f_product_level;f_incomplete_year
PAN,Panama,country,2012,burned_area_km2,1133.84,km2,K1,owid_annual_area_burnt,measured,f_sensor_break;f_min_fire_size;f_product_level
PAN,Panama,country,2013,burned_area_km2,986.62,km2,K1,owid_annual_area_burnt,measured,f_sensor_break;f_min_fire_size;f_product_level
PAN,Panama,country,2014,burned_area_km2,1192.18,km2,K1,owid_annual_area_burnt,measured,f_sensor_break;f_min_fire_size;f_product_level
PAN,Panama,country,2015,burned_area_km2,1883.09,km2,K1,owid_annual_area_burnt,measured,f_sensor_break;f_min_fire_size;f_product_level
PAN,Panama,country,2016,burned_area_km2,2313.04,km2,K1,owid_annual_area_burnt,measured,f_sensor_break;f_min_fire_size;f_product_level
PAN,Panama,country,2017,burned_area_km2,917.84,km2,K1,owid_annual_area_burnt,measured,f_sensor_break;f_min_fire_size;f_product_level
PAN,Panama,country,2018,burned_area_km2,586.99,km2,K1,owid_annual_area_burnt,measured,f_sensor_break;f_min_fire_size;f_product_level
PAN,Panama,country,2019,burned_area_km2,2656.11,km2,K1,owid_annual_area_burnt,measured,f_sensor_break;f_min_fire_size;f_product_level
PAN,Panama,country,2020,burned_area_km2,1565.66,km2,K1,owid_annual_area_burnt,measured,f_sensor_break;f_min_fire_size;f_product_level
PAN,Panama,country,2021,burned_area_km2,699.98,km2,K1,owid_annual_area_burnt,measured,f_sensor_break;f_min_fire_size;f_product_level
PAN,Panama,country,2022,burned_area_km2,752.15,km2,K1,owid_annual_area_burnt,measured,f_sensor_break;f_min_fire_size;f_product_level
PAN,Panama,country,2023,burned_area_km2,1398.13,km2,K1,owid_annual_area_burnt,measured,f_sensor_break;f_min_fire_size;f_product_level
PAN,Panama,country,2024,burned_area_km2,645.3,km2,K1,owid_annual_area_burnt,measured,f_sensor_break;f_min_fire_size;f_product_level
PAN,Panama,country,2025,burned_area_km2,148.95,km2,K1,owid_annual_area_burnt,measured,f_sensor_break;f_min_fire_size;f_product_level
PAN,Panama,country,2026,burned_area_km2,438.89,km2,K1,owid_annual_area_burnt,measured,f_sensor_break;f_min_fire_size;f_product_level;f_incomplete_year
PCN,Pitcairn,country,2012,burned_area_km2,0.0,km2,K1,owid_annual_area_burnt,measured,f_sensor_break;f_min_fire_size;f_product_level;f_zero_no_detection
PCN,Pitcairn,country,2013,burned_area_km2,0.0,km2,K1,owid_annual_area_burnt,measured,f_sensor_break;f_min_fire_size;f_product_level;f_zero_no_detection
PCN,Pitcairn,country,2014,burned_area_km2,0.0,km2,K1,owid_annual_area_burnt,measured,f_sensor_break;f_min_fire_size;f_product_level;f_zero_no_detection
PCN,Pitcairn,country,2015,burned_area_km2,0.0,km2,K1,owid_annual_area_burnt,measured,f_sensor_break;f_min_fire_size;f_product_level;f_zero_no_detection
PCN,Pitcairn,country,2016,burned_area_km2,0.0,km2,K1,owid_annual_area_burnt,measured,f_sensor_break;f_min_fire_size;f_product_level;f_zero_no_detection
PCN,Pitcairn,country,2017,burned_area_km2,0.0,km2,K1,owid_annual_area_burnt,measured,f_sensor_break;f_min_fire_size;f_product_level;f_zero_no_detection
PCN,Pitcairn,country,2018,burned_area_km2,0.0,km2,K1,owid_annual_area_burnt,measured,f_sensor_break;f_min_fire_size;f_product_level;f_zero_no_detection
PCN,Pitcairn,country,2019,burned_area_km2,0.0,km2,K1,owid_annual_area_burnt,measured,f_sensor_break;f_min_fire_size;f_product_level;f_zero_no_detection
PCN,Pitcairn,country,2020,burned_area_km2,0.0,km2,K1,owid_annual_area_burnt,measured,f_sensor_break;f_min_fire_size;f_product_level;f_zero_no_detection
PCN,Pitcairn,country,2021,burned_area_km2,0.0,km2,K1,owid_annual_area_burnt,measured,f_sensor_break;f_min_fire_size;f_product_level;f_zero_no_detection
PCN,Pitcairn,country,2022,burned_area_km2,0.0,km2,K1,owid_annual_area_burnt,measured,f_sensor_break;f_min_fire_size;f_product_level;f_zero_no_detection
PCN,Pitcairn,country,2023,burned_area_km2,0.0,km2,K1,owid_annual_area_burnt,measured,f_sensor_break;f_min_fire_size;f_product_level;f_zero_no_detection
PCN,Pitcairn,country,2024,burned_area_km2,0.0,km2,K1,owid_annual_area_burnt,measured,f_sensor_break;f_min_fire_size;f_product_level;f_zero_no_detection
PCN,Pitcairn,country,2025,burned_area_km2,0.0,km2,K1,owid_annual_area_burnt,measured,f_sensor_break;f_min_fire_size;f_product_level;f_zero_no_detection
PCN,Pitcairn,country,2026,burned_area_km2,0.0,km2,K1,owid_annual_area_burnt,measured,f_sensor_break;f_min_fire_size;f_product_level;f_incomplete_year;f_zero_no_detection
PER,Peru,country,2012,burned_area_km2,11939.32,km2,K1,owid_annual_area_burnt,measured,f_sensor_break;f_min_fire_size;f_product_level
PER,Peru,country,2013,burned_area_km2,8185.29,km2,K1,owid_annual_area_burnt,measured,f_sensor_break;f_min_fire_size;f_product_level
PER,Peru,country,2014,burned_area_km2,6577.58,km2,K1,owid_annual_area_burnt,measured,f_sensor_break;f_min_fire_size;f_product_level
PER,Peru,country,2015,burned_area_km2,9084.8,km2,K1,owid_annual_area_burnt,measured,f_sensor_break;f_min_fire_size;f_product_level
PER,Peru,country,2016,burned_area_km2,12818.56,km2,K1,owid_annual_area_burnt,measured,f_sensor_break;f_min_fire_size;f_product_level
PER,Peru,country,2017,burned_area_km2,6377.91,km2,K1,owid_annual_area_burnt,measured,f_sensor_break;f_min_fire_size;f_product_level
PER,Peru,country,2018,burned_area_km2,8001.15,km2,K1,owid_annual_area_burnt,measured,f_sensor_break;f_min_fire_size;f_product_level
PER,Peru,country,2019,burned_area_km2,11258.97,km2,K1,owid_annual_area_burnt,measured,f_sensor_break;f_min_fire_size;f_product_level
PER,Peru,country,2020,burned_area_km2,12528.17,km2,K1,owid_annual_area_burnt,measured,f_sensor_break;f_min_fire_size;f_product_level
PER,Peru,country,2021,burned_area_km2,8234.66,km2,K1,owid_annual_area_burnt,measured,f_sensor_break;f_min_fire_size;f_product_level
PER,Peru,country,2022,burned_area_km2,12827.46,km2,K1,owid_annual_area_burnt,measured,f_sensor_break;f_min_fire_size;f_product_level
PER,Peru,country,2023,burned_area_km2,6122.4,km2,K1,owid_annual_area_burnt,measured,f_sensor_break;f_min_fire_size;f_product_level
PER,Peru,country,2024,burned_area_km2,11386.51,km2,K1,owid_annual_area_burnt,measured,f_sensor_break;f_min_fire_size;f_product_level
PER,Peru,country,2025,burned_area_km2,3685.21,km2,K1,owid_annual_area_burnt,measured,f_sensor_break;f_min_fire_size;f_product_level
PER,Peru,country,2026,burned_area_km2,452.06,km2,K1,owid_annual_area_burnt,measured,f_sensor_break;f_min_fire_size;f_product_level;f_incomplete_year
PHL,Filippinene,country,2012,burned_area_km2,1362.99,km2,K1,owid_annual_area_burnt,measured,f_sensor_break;f_min_fire_size;f_product_level
PHL,Filippinene,country,2013,burned_area_km2,1848.61,km2,K1,owid_annual_area_burnt,measured,f_sensor_break;f_min_fire_size;f_product_level
PHL,Filippinene,country,2014,burned_area_km2,2759.81,km2,K1,owid_annual_area_burnt,measured,f_sensor_break;f_min_fire_size;f_product_level
PHL,Filippinene,country,2015,burned_area_km2,4146.7,km2,K1,owid_annual_area_burnt,measured,f_sensor_break;f_min_fire_size;f_product_level
PHL,Filippinene,country,2016,burned_area_km2,4706.91,km2,K1,owid_annual_area_burnt,measured,f_sensor_break;f_min_fire_size;f_product_level
PHL,Filippinene,country,2017,burned_area_km2,1701.99,km2,K1,owid_annual_area_burnt,measured,f_sensor_break;f_min_fire_size;f_product_level
PHL,Filippinene,country,2018,burned_area_km2,1753.1,km2,K1,owid_annual_area_burnt,measured,f_sensor_break;f_min_fire_size;f_product_level
PHL,Filippinene,country,2019,burned_area_km2,4222.42,km2,K1,owid_annual_area_burnt,measured,f_sensor_break;f_min_fire_size;f_product_level
PHL,Filippinene,country,2020,burned_area_km2,3310.58,km2,K1,owid_annual_area_burnt,measured,f_sensor_break;f_min_fire_size;f_product_level
PHL,Filippinene,country,2021,burned_area_km2,1405.25,km2,K1,owid_annual_area_burnt,measured,f_sensor_break;f_min_fire_size;f_product_level
PHL,Filippinene,country,2022,burned_area_km2,1205.17,km2,K1,owid_annual_area_burnt,measured,f_sensor_break;f_min_fire_size;f_product_level
PHL,Filippinene,country,2023,burned_area_km2,2054.26,km2,K1,owid_annual_area_burnt,measured,f_sensor_break;f_min_fire_size;f_product_level
PHL,Filippinene,country,2024,burned_area_km2,2746.83,km2,K1,owid_annual_area_burnt,measured,f_sensor_break;f_min_fire_size;f_product_level
PHL,Filippinene,country,2025,burned_area_km2,598.16,km2,K1,owid_annual_area_burnt,measured,f_sensor_break;f_min_fire_size;f_product_level
PHL,Filippinene,country,2026,burned_area_km2,2371.68,km2,K1,owid_annual_area_burnt,measured,f_sensor_break;f_min_fire_size;f_product_level;f_incomplete_year
PLW,Palau,country,2012,burned_area_km2,0.0,km2,K1,owid_annual_area_burnt,measured,f_sensor_break;f_min_fire_size;f_product_level;f_zero_no_detection
PLW,Palau,country,2013,burned_area_km2,1.7,km2,K1,owid_annual_area_burnt,measured,f_sensor_break;f_min_fire_size;f_product_level
PLW,Palau,country,2014,burned_area_km2,0.0,km2,K1,owid_annual_area_burnt,measured,f_sensor_break;f_min_fire_size;f_product_level;f_zero_no_detection
PLW,Palau,country,2015,burned_area_km2,0.0,km2,K1,owid_annual_area_burnt,measured,f_sensor_break;f_min_fire_size;f_product_level;f_zero_no_detection
PLW,Palau,country,2016,burned_area_km2,0.0,km2,K1,owid_annual_area_burnt,measured,f_sensor_break;f_min_fire_size;f_product_level;f_zero_no_detection
PLW,Palau,country,2017,burned_area_km2,0.0,km2,K1,owid_annual_area_burnt,measured,f_sensor_break;f_min_fire_size;f_product_level;f_zero_no_detection
PLW,Palau,country,2018,burned_area_km2,1.73,km2,K1,owid_annual_area_burnt,measured,f_sensor_break;f_min_fire_size;f_product_level
PLW,Palau,country,2019,burned_area_km2,0.0,km2,K1,owid_annual_area_burnt,measured,f_sensor_break;f_min_fire_size;f_product_level;f_zero_no_detection
PLW,Palau,country,2020,burned_area_km2,1.88,km2,K1,owid_annual_area_burnt,measured,f_sensor_break;f_min_fire_size;f_product_level
PLW,Palau,country,2021,burned_area_km2,0.0,km2,K1,owid_annual_area_burnt,measured,f_sensor_break;f_min_fire_size;f_product_level;f_zero_no_detection
PLW,Palau,country,2022,burned_area_km2,0.0,km2,K1,owid_annual_area_burnt,measured,f_sensor_break;f_min_fire_size;f_product_level;f_zero_no_detection
PLW,Palau,country,2023,burned_area_km2,0.0,km2,K1,owid_annual_area_burnt,measured,f_sensor_break;f_min_fire_size;f_product_level;f_zero_no_detection
PLW,Palau,country,2024,burned_area_km2,0.0,km2,K1,owid_annual_area_burnt,measured,f_sensor_break;f_min_fire_size;f_product_level;f_zero_no_detection
PLW,Palau,country,2025,burned_area_km2,1.87,km2,K1,owid_annual_area_burnt,measured,f_sensor_break;f_min_fire_size;f_product_level
PLW,Palau,country,2026,burned_area_km2,0.0,km2,K1,owid_annual_area_burnt,measured,f_sensor_break;f_min_fire_size;f_product_level;f_incomplete_year;f_zero_no_detection
PNG,Papua Ny-Guinea,country,2012,burned_area_km2,4000.87,km2,K1,owid_annual_area_burnt,measured,f_sensor_break;f_min_fire_size;f_product_level
PNG,Papua Ny-Guinea,country,2013,burned_area_km2,3782.94,km2,K1,owid_annual_area_burnt,measured,f_sensor_break;f_min_fire_size;f_product_level
PNG,Papua Ny-Guinea,country,2014,burned_area_km2,6220.42,km2,K1,owid_annual_area_burnt,measured,f_sensor_break;f_min_fire_size;f_product_level
PNG,Papua Ny-Guinea,country,2015,burned_area_km2,21626.47,km2,K1,owid_annual_area_burnt,measured,f_sensor_break;f_min_fire_size;f_product_level
PNG,Papua Ny-Guinea,country,2016,burned_area_km2,2920.83,km2,K1,owid_annual_area_burnt,measured,f_sensor_break;f_min_fire_size;f_product_level
PNG,Papua Ny-Guinea,country,2017,burned_area_km2,4037.61,km2,K1,owid_annual_area_burnt,measured,f_sensor_break;f_min_fire_size;f_product_level
PNG,Papua Ny-Guinea,country,2018,burned_area_km2,7926.59,km2,K1,owid_annual_area_burnt,measured,f_sensor_break;f_min_fire_size;f_product_level
PNG,Papua Ny-Guinea,country,2019,burned_area_km2,4844.5,km2,K1,owid_annual_area_burnt,measured,f_sensor_break;f_min_fire_size;f_product_level
PNG,Papua Ny-Guinea,country,2020,burned_area_km2,2592.37,km2,K1,owid_annual_area_burnt,measured,f_sensor_break;f_min_fire_size;f_product_level
PNG,Papua Ny-Guinea,country,2021,burned_area_km2,3095.8,km2,K1,owid_annual_area_burnt,measured,f_sensor_break;f_min_fire_size;f_product_level
PNG,Papua Ny-Guinea,country,2022,burned_area_km2,4852.45,km2,K1,owid_annual_area_burnt,measured,f_sensor_break;f_min_fire_size;f_product_level
PNG,Papua Ny-Guinea,country,2023,burned_area_km2,6506.24,km2,K1,owid_annual_area_burnt,measured,f_sensor_break;f_min_fire_size;f_product_level
PNG,Papua Ny-Guinea,country,2024,burned_area_km2,2623.71,km2,K1,owid_annual_area_burnt,measured,f_sensor_break;f_min_fire_size;f_product_level
PNG,Papua Ny-Guinea,country,2025,burned_area_km2,1731.19,km2,K1,owid_annual_area_burnt,measured,f_sensor_break;f_min_fire_size;f_product_level
PNG,Papua Ny-Guinea,country,2026,burned_area_km2,2284.4,km2,K1,owid_annual_area_burnt,measured,f_sensor_break;f_min_fire_size;f_product_level;f_incomplete_year
POL,Polen,country,2012,burned_area_km2,57.52,km2,K1,owid_annual_area_burnt,measured,f_sensor_break;f_min_fire_size;f_product_level
POL,Polen,country,2013,burned_area_km2,12.6,km2,K1,owid_annual_area_burnt,measured,f_sensor_break;f_min_fire_size;f_product_level
POL,Polen,country,2014,burned_area_km2,46.71,km2,K1,owid_annual_area_burnt,measured,f_sensor_break;f_min_fire_size;f_product_level
POL,Polen,country,2015,burned_area_km2,65.67,km2,K1,owid_annual_area_burnt,measured,f_sensor_break;f_min_fire_size;f_product_level
POL,Polen,country,2016,burned_area_km2,32.04,km2,K1,owid_annual_area_burnt,measured,f_sensor_break;f_min_fire_size;f_product_level
POL,Polen,country,2017,burned_area_km2,10.67,km2,K1,owid_annual_area_burnt,measured,f_sensor_break;f_min_fire_size;f_product_level
POL,Polen,country,2018,burned_area_km2,38.8,km2,K1,owid_annual_area_burnt,measured,f_sensor_break;f_min_fire_size;f_product_level
POL,Polen,country,2019,burned_area_km2,51.21,km2,K1,owid_annual_area_burnt,measured,f_sensor_break;f_min_fire_size;f_product_level
POL,Polen,country,2020,burned_area_km2,99.56,km2,K1,owid_annual_area_burnt,measured,f_sensor_break;f_min_fire_size;f_product_level
POL,Polen,country,2021,burned_area_km2,13.87,km2,K1,owid_annual_area_burnt,measured,f_sensor_break;f_min_fire_size;f_product_level
POL,Polen,country,2022,burned_area_km2,38.64,km2,K1,owid_annual_area_burnt,measured,f_sensor_break;f_min_fire_size;f_product_level
POL,Polen,country,2023,burned_area_km2,11.43,km2,K1,owid_annual_area_burnt,measured,f_sensor_break;f_min_fire_size;f_product_level
POL,Polen,country,2024,burned_area_km2,17.28,km2,K1,owid_annual_area_burnt,measured,f_sensor_break;f_min_fire_size;f_product_level
POL,Polen,country,2025,burned_area_km2,15.71,km2,K1,owid_annual_area_burnt,measured,f_sensor_break;f_min_fire_size;f_product_level
POL,Polen,country,2026,burned_area_km2,31.62,km2,K1,owid_annual_area_burnt,measured,f_sensor_break;f_min_fire_size;f_product_level;f_incomplete_year
PRI,Puerto Rico,country,2012,burned_area_km2,19.94,km2,K1,owid_annual_area_burnt,measured,f_sensor_break;f_min_fire_size;f_product_level
PRI,Puerto Rico,country,2013,burned_area_km2,36.39,km2,K1,owid_annual_area_burnt,measured,f_sensor_break;f_min_fire_size;f_product_level
PRI,Puerto Rico,country,2014,burned_area_km2,19.55,km2,K1,owid_annual_area_burnt,measured,f_sensor_break;f_min_fire_size;f_product_level
PRI,Puerto Rico,country,2015,burned_area_km2,15.28,km2,K1,owid_annual_area_burnt,measured,f_sensor_break;f_min_fire_size;f_product_level
PRI,Puerto Rico,country,2016,burned_area_km2,13.29,km2,K1,owid_annual_area_burnt,measured,f_sensor_break;f_min_fire_size;f_product_level
PRI,Puerto Rico,country,2017,burned_area_km2,10.28,km2,K1,owid_annual_area_burnt,measured,f_sensor_break;f_min_fire_size;f_product_level
PRI,Puerto Rico,country,2018,burned_area_km2,15.09,km2,K1,owid_annual_area_burnt,measured,f_sensor_break;f_min_fire_size;f_product_level
PRI,Puerto Rico,country,2019,burned_area_km2,25.17,km2,K1,owid_annual_area_burnt,measured,f_sensor_break;f_min_fire_size;f_product_level
PRI,Puerto Rico,country,2020,burned_area_km2,0.0,km2,K1,owid_annual_area_burnt,measured,f_sensor_break;f_min_fire_size;f_product_level;f_zero_no_detection
PRI,Puerto Rico,country,2021,burned_area_km2,8.27,km2,K1,owid_annual_area_burnt,measured,f_sensor_break;f_min_fire_size;f_product_level
PRI,Puerto Rico,country,2022,burned_area_km2,13.77,km2,K1,owid_annual_area_burnt,measured,f_sensor_break;f_min_fire_size;f_product_level
PRI,Puerto Rico,country,2023,burned_area_km2,5.23,km2,K1,owid_annual_area_burnt,measured,f_sensor_break;f_min_fire_size;f_product_level
PRI,Puerto Rico,country,2024,burned_area_km2,12.6,km2,K1,owid_annual_area_burnt,measured,f_sensor_break;f_min_fire_size;f_product_level
PRI,Puerto Rico,country,2025,burned_area_km2,5.36,km2,K1,owid_annual_area_burnt,measured,f_sensor_break;f_min_fire_size;f_product_level
PRI,Puerto Rico,country,2026,burned_area_km2,2.29,km2,K1,owid_annual_area_burnt,measured,f_sensor_break;f_min_fire_size;f_product_level;f_incomplete_year
PRK,Nord-Korea,country,2012,burned_area_km2,583.69,km2,K1,owid_annual_area_burnt,measured,f_sensor_break;f_min_fire_size;f_product_level
PRK,Nord-Korea,country,2013,burned_area_km2,545.9,km2,K1,owid_annual_area_burnt,measured,f_sensor_break;f_min_fire_size;f_product_level
PRK,Nord-Korea,country,2014,burned_area_km2,3990.92,km2,K1,owid_annual_area_burnt,measured,f_sensor_break;f_min_fire_size;f_product_level
PRK,Nord-Korea,country,2015,burned_area_km2,1625.98,km2,K1,owid_annual_area_burnt,measured,f_sensor_break;f_min_fire_size;f_product_level
PRK,Nord-Korea,country,2016,burned_area_km2,247.67,km2,K1,owid_annual_area_burnt,measured,f_sensor_break;f_min_fire_size;f_product_level
PRK,Nord-Korea,country,2017,burned_area_km2,660.97,km2,K1,owid_annual_area_burnt,measured,f_sensor_break;f_min_fire_size;f_product_level
PRK,Nord-Korea,country,2018,burned_area_km2,436.11,km2,K1,owid_annual_area_burnt,measured,f_sensor_break;f_min_fire_size;f_product_level
PRK,Nord-Korea,country,2019,burned_area_km2,915.43,km2,K1,owid_annual_area_burnt,measured,f_sensor_break;f_min_fire_size;f_product_level
PRK,Nord-Korea,country,2020,burned_area_km2,267.04,km2,K1,owid_annual_area_burnt,measured,f_sensor_break;f_min_fire_size;f_product_level
PRK,Nord-Korea,country,2021,burned_area_km2,60.45,km2,K1,owid_annual_area_burnt,measured,f_sensor_break;f_min_fire_size;f_product_level
PRK,Nord-Korea,country,2022,burned_area_km2,170.74,km2,K1,owid_annual_area_burnt,measured,f_sensor_break;f_min_fire_size;f_product_level
PRK,Nord-Korea,country,2023,burned_area_km2,86.07,km2,K1,owid_annual_area_burnt,measured,f_sensor_break;f_min_fire_size;f_product_level
PRK,Nord-Korea,country,2024,burned_area_km2,238.5,km2,K1,owid_annual_area_burnt,measured,f_sensor_break;f_min_fire_size;f_product_level
PRK,Nord-Korea,country,2025,burned_area_km2,50.9,km2,K1,owid_annual_area_burnt,measured,f_sensor_break;f_min_fire_size;f_product_level
PRK,Nord-Korea,country,2026,burned_area_km2,135.09,km2,K1,owid_annual_area_burnt,measured,f_sensor_break;f_min_fire_size;f_product_level;f_incomplete_year
PRT,Portugal,country,2012,burned_area_km2,1411.78,km2,K1,owid_annual_area_burnt,measured,f_sensor_break;f_min_fire_size;f_product_level
PRT,Portugal,country,2013,burned_area_km2,1855.26,km2,K1,owid_annual_area_burnt,measured,f_sensor_break;f_min_fire_size;f_product_level
PRT,Portugal,country,2014,burned_area_km2,234.12,km2,K1,owid_annual_area_burnt,measured,f_sensor_break;f_min_fire_size;f_product_level
PRT,Portugal,country,2015,burned_area_km2,802.61,km2,K1,owid_annual_area_burnt,measured,f_sensor_break;f_min_fire_size;f_product_level
PRT,Portugal,country,2016,burned_area_km2,2082.57,km2,K1,owid_annual_area_burnt,measured,f_sensor_break;f_min_fire_size;f_product_level
PRT,Portugal,country,2017,burned_area_km2,3506.71,km2,K1,owid_annual_area_burnt,measured,f_sensor_break;f_min_fire_size;f_product_level
PRT,Portugal,country,2018,burned_area_km2,443.35,km2,K1,owid_annual_area_burnt,measured,f_sensor_break;f_min_fire_size;f_product_level
PRT,Portugal,country,2019,burned_area_km2,489.29,km2,K1,owid_annual_area_burnt,measured,f_sensor_break;f_min_fire_size;f_product_level
PRT,Portugal,country,2020,burned_area_km2,604.85,km2,K1,owid_annual_area_burnt,measured,f_sensor_break;f_min_fire_size;f_product_level
PRT,Portugal,country,2021,burned_area_km2,369.51,km2,K1,owid_annual_area_burnt,measured,f_sensor_break;f_min_fire_size;f_product_level
PRT,Portugal,country,2022,burned_area_km2,941.98,km2,K1,owid_annual_area_burnt,measured,f_sensor_break;f_min_fire_size;f_product_level
PRT,Portugal,country,2023,burned_area_km2,392.85,km2,K1,owid_annual_area_burnt,measured,f_sensor_break;f_min_fire_size;f_product_level
PRT,Portugal,country,2024,burned_area_km2,1579.85,km2,K1,owid_annual_area_burnt,measured,f_sensor_break;f_min_fire_size;f_product_level
PRT,Portugal,country,2025,burned_area_km2,2115.51,km2,K1,owid_annual_area_burnt,measured,f_sensor_break;f_min_fire_size;f_product_level
PRT,Portugal,country,2026,burned_area_km2,405.99,km2,K1,owid_annual_area_burnt,measured,f_sensor_break;f_min_fire_size;f_product_level;f_incomplete_year
PRY,Paraguay,country,2012,burned_area_km2,25259.05,km2,K1,owid_annual_area_burnt,measured,f_sensor_break;f_min_fire_size;f_product_level
PRY,Paraguay,country,2013,burned_area_km2,39438.15,km2,K1,owid_annual_area_burnt,measured,f_sensor_break;f_min_fire_size;f_product_level
PRY,Paraguay,country,2014,burned_area_km2,23061.32,km2,K1,owid_annual_area_burnt,measured,f_sensor_break;f_min_fire_size;f_product_level
PRY,Paraguay,country,2015,burned_area_km2,21283.28,km2,K1,owid_annual_area_burnt,measured,f_sensor_break;f_min_fire_size;f_product_level
PRY,Paraguay,country,2016,burned_area_km2,30118.39,km2,K1,owid_annual_area_burnt,measured,f_sensor_break;f_min_fire_size;f_product_level
PRY,Paraguay,country,2017,burned_area_km2,38980.53,km2,K1,owid_annual_area_burnt,measured,f_sensor_break;f_min_fire_size;f_product_level
PRY,Paraguay,country,2018,burned_area_km2,21600.08,km2,K1,owid_annual_area_burnt,measured,f_sensor_break;f_min_fire_size;f_product_level
PRY,Paraguay,country,2019,burned_area_km2,33779.98,km2,K1,owid_annual_area_burnt,measured,f_sensor_break;f_min_fire_size;f_product_level
PRY,Paraguay,country,2020,burned_area_km2,59973.64,km2,K1,owid_annual_area_burnt,measured,f_sensor_break;f_min_fire_size;f_product_level
PRY,Paraguay,country,2021,burned_area_km2,37933.9,km2,K1,owid_annual_area_burnt,measured,f_sensor_break;f_min_fire_size;f_product_level
PRY,Paraguay,country,2022,burned_area_km2,28466.55,km2,K1,owid_annual_area_burnt,measured,f_sensor_break;f_min_fire_size;f_product_level
PRY,Paraguay,country,2023,burned_area_km2,27468.07,km2,K1,owid_annual_area_burnt,measured,f_sensor_break;f_min_fire_size;f_product_level
PRY,Paraguay,country,2024,burned_area_km2,26584.48,km2,K1,owid_annual_area_burnt,measured,f_sensor_break;f_min_fire_size;f_product_level
PRY,Paraguay,country,2025,burned_area_km2,12423.41,km2,K1,owid_annual_area_burnt,measured,f_sensor_break;f_min_fire_size;f_product_level
PRY,Paraguay,country,2026,burned_area_km2,4056.69,km2,K1,owid_annual_area_burnt,measured,f_sensor_break;f_min_fire_size;f_product_level;f_incomplete_year
PSE,Palestina,country,2012,burned_area_km2,0.97,km2,K1,owid_annual_area_burnt,measured,f_sensor_break;f_min_fire_size;f_product_level
PSE,Palestina,country,2013,burned_area_km2,17.53,km2,K1,owid_annual_area_burnt,measured,f_sensor_break;f_min_fire_size;f_product_level
PSE,Palestina,country,2014,burned_area_km2,0.03,km2,K1,owid_annual_area_burnt,measured,f_sensor_break;f_min_fire_size;f_product_level
PSE,Palestina,country,2015,burned_area_km2,30.03,km2,K1,owid_annual_area_burnt,measured,f_sensor_break;f_min_fire_size;f_product_level
PSE,Palestina,country,2016,burned_area_km2,30.75,km2,K1,owid_annual_area_burnt,measured,f_sensor_break;f_min_fire_size;f_product_level
PSE,Palestina,country,2017,burned_area_km2,2.37,km2,K1,owid_annual_area_burnt,measured,f_sensor_break;f_min_fire_size;f_product_level
PSE,Palestina,country,2018,burned_area_km2,0.0,km2,K1,owid_annual_area_burnt,measured,f_sensor_break;f_min_fire_size;f_product_level;f_zero_no_detection
PSE,Palestina,country,2019,burned_area_km2,23.99,km2,K1,owid_annual_area_burnt,measured,f_sensor_break;f_min_fire_size;f_product_level
PSE,Palestina,country,2020,burned_area_km2,38.17,km2,K1,owid_annual_area_burnt,measured,f_sensor_break;f_min_fire_size;f_product_level
PSE,Palestina,country,2021,burned_area_km2,33.55,km2,K1,owid_annual_area_burnt,measured,f_sensor_break;f_min_fire_size;f_product_level
PSE,Palestina,country,2022,burned_area_km2,6.94,km2,K1,owid_annual_area_burnt,measured,f_sensor_break;f_min_fire_size;f_product_level
PSE,Palestina,country,2023,burned_area_km2,7.89,km2,K1,owid_annual_area_burnt,measured,f_sensor_break;f_min_fire_size;f_product_level
PSE,Palestina,country,2024,burned_area_km2,16.37,km2,K1,owid_annual_area_burnt,measured,f_sensor_break;f_min_fire_size;f_product_level
PSE,Palestina,country,2025,burned_area_km2,9.25,km2,K1,owid_annual_area_burnt,measured,f_sensor_break;f_min_fire_size;f_product_level
PSE,Palestina,country,2026,burned_area_km2,2.14,km2,K1,owid_annual_area_burnt,measured,f_sensor_break;f_min_fire_size;f_product_level;f_incomplete_year
PYF,Fransk Polynesia,country,2012,burned_area_km2,0.0,km2,K1,owid_annual_area_burnt,measured,f_sensor_break;f_min_fire_size;f_product_level;f_zero_no_detection
PYF,Fransk Polynesia,country,2013,burned_area_km2,0.0,km2,K1,owid_annual_area_burnt,measured,f_sensor_break;f_min_fire_size;f_product_level;f_zero_no_detection
PYF,Fransk Polynesia,country,2014,burned_area_km2,0.0,km2,K1,owid_annual_area_burnt,measured,f_sensor_break;f_min_fire_size;f_product_level;f_zero_no_detection
PYF,Fransk Polynesia,country,2015,burned_area_km2,0.0,km2,K1,owid_annual_area_burnt,measured,f_sensor_break;f_min_fire_size;f_product_level;f_zero_no_detection
PYF,Fransk Polynesia,country,2016,burned_area_km2,0.0,km2,K1,owid_annual_area_burnt,measured,f_sensor_break;f_min_fire_size;f_product_level;f_zero_no_detection
PYF,Fransk Polynesia,country,2017,burned_area_km2,0.0,km2,K1,owid_annual_area_burnt,measured,f_sensor_break;f_min_fire_size;f_product_level;f_zero_no_detection
PYF,Fransk Polynesia,country,2018,burned_area_km2,0.0,km2,K1,owid_annual_area_burnt,measured,f_sensor_break;f_min_fire_size;f_product_level;f_zero_no_detection
PYF,Fransk Polynesia,country,2019,burned_area_km2,0.0,km2,K1,owid_annual_area_burnt,measured,f_sensor_break;f_min_fire_size;f_product_level;f_zero_no_detection
PYF,Fransk Polynesia,country,2020,burned_area_km2,0.0,km2,K1,owid_annual_area_burnt,measured,f_sensor_break;f_min_fire_size;f_product_level;f_zero_no_detection
PYF,Fransk Polynesia,country,2021,burned_area_km2,0.0,km2,K1,owid_annual_area_burnt,measured,f_sensor_break;f_min_fire_size;f_product_level;f_zero_no_detection
PYF,Fransk Polynesia,country,2022,burned_area_km2,0.0,km2,K1,owid_annual_area_burnt,measured,f_sensor_break;f_min_fire_size;f_product_level;f_zero_no_detection
PYF,Fransk Polynesia,country,2023,burned_area_km2,0.0,km2,K1,owid_annual_area_burnt,measured,f_sensor_break;f_min_fire_size;f_product_level;f_zero_no_detection
PYF,Fransk Polynesia,country,2024,burned_area_km2,0.0,km2,K1,owid_annual_area_burnt,measured,f_sensor_break;f_min_fire_size;f_product_level;f_zero_no_detection
PYF,Fransk Polynesia,country,2025,burned_area_km2,0.0,km2,K1,owid_annual_area_burnt,measured,f_sensor_break;f_min_fire_size;f_product_level;f_zero_no_detection
PYF,Fransk Polynesia,country,2026,burned_area_km2,0.0,km2,K1,owid_annual_area_burnt,measured,f_sensor_break;f_min_fire_size;f_product_level;f_incomplete_year;f_zero_no_detection
QAT,Qatar,country,2012,burned_area_km2,9.42,km2,K1,owid_annual_area_burnt,measured,f_sensor_break;f_min_fire_size;f_product_level
QAT,Qatar,country,2013,burned_area_km2,12.12,km2,K1,owid_annual_area_burnt,measured,f_sensor_break;f_min_fire_size;f_product_level
QAT,Qatar,country,2014,burned_area_km2,21.59,km2,K1,owid_annual_area_burnt,measured,f_sensor_break;f_min_fire_size;f_product_level
QAT,Qatar,country,2015,burned_area_km2,19.89,km2,K1,owid_annual_area_burnt,measured,f_sensor_break;f_min_fire_size;f_product_level
QAT,Qatar,country,2016,burned_area_km2,24.69,km2,K1,owid_annual_area_burnt,measured,f_sensor_break;f_min_fire_size;f_product_level
QAT,Qatar,country,2017,burned_area_km2,14.54,km2,K1,owid_annual_area_burnt,measured,f_sensor_break;f_min_fire_size;f_product_level
QAT,Qatar,country,2018,burned_area_km2,10.83,km2,K1,owid_annual_area_burnt,measured,f_sensor_break;f_min_fire_size;f_product_level
QAT,Qatar,country,2019,burned_area_km2,20.61,km2,K1,owid_annual_area_burnt,measured,f_sensor_break;f_min_fire_size;f_product_level
QAT,Qatar,country,2020,burned_area_km2,3.33,km2,K1,owid_annual_area_burnt,measured,f_sensor_break;f_min_fire_size;f_product_level
QAT,Qatar,country,2021,burned_area_km2,0.0,km2,K1,owid_annual_area_burnt,measured,f_sensor_break;f_min_fire_size;f_product_level;f_zero_no_detection
QAT,Qatar,country,2022,burned_area_km2,0.0,km2,K1,owid_annual_area_burnt,measured,f_sensor_break;f_min_fire_size;f_product_level;f_zero_no_detection
QAT,Qatar,country,2023,burned_area_km2,0.0,km2,K1,owid_annual_area_burnt,measured,f_sensor_break;f_min_fire_size;f_product_level;f_zero_no_detection
QAT,Qatar,country,2024,burned_area_km2,0.0,km2,K1,owid_annual_area_burnt,measured,f_sensor_break;f_min_fire_size;f_product_level;f_zero_no_detection
QAT,Qatar,country,2025,burned_area_km2,0.0,km2,K1,owid_annual_area_burnt,measured,f_sensor_break;f_min_fire_size;f_product_level;f_zero_no_detection
QAT,Qatar,country,2026,burned_area_km2,0.0,km2,K1,owid_annual_area_burnt,measured,f_sensor_break;f_min_fire_size;f_product_level;f_incomplete_year;f_zero_no_detection
REU,Réunion,country,2012,burned_area_km2,0.0,km2,K1,owid_annual_area_burnt,measured,f_sensor_break;f_min_fire_size;f_product_level;f_zero_no_detection
REU,Réunion,country,2013,burned_area_km2,2.88,km2,K1,owid_annual_area_burnt,measured,f_sensor_break;f_min_fire_size;f_product_level
REU,Réunion,country,2014,burned_area_km2,8.33,km2,K1,owid_annual_area_burnt,measured,f_sensor_break;f_min_fire_size;f_product_level
REU,Réunion,country,2015,burned_area_km2,106.02,km2,K1,owid_annual_area_burnt,measured,f_sensor_break;f_min_fire_size;f_product_level
REU,Réunion,country,2016,burned_area_km2,38.32,km2,K1,owid_annual_area_burnt,measured,f_sensor_break;f_min_fire_size;f_product_level
REU,Réunion,country,2017,burned_area_km2,96.59,km2,K1,owid_annual_area_burnt,measured,f_sensor_break;f_min_fire_size;f_product_level
REU,Réunion,country,2018,burned_area_km2,72.37,km2,K1,owid_annual_area_burnt,measured,f_sensor_break;f_min_fire_size;f_product_level
REU,Réunion,country,2019,burned_area_km2,103.26,km2,K1,owid_annual_area_burnt,measured,f_sensor_break;f_min_fire_size;f_product_level
REU,Réunion,country,2020,burned_area_km2,85.61,km2,K1,owid_annual_area_burnt,measured,f_sensor_break;f_min_fire_size;f_product_level
REU,Réunion,country,2021,burned_area_km2,105.46,km2,K1,owid_annual_area_burnt,measured,f_sensor_break;f_min_fire_size;f_product_level
REU,Réunion,country,2022,burned_area_km2,110.16,km2,K1,owid_annual_area_burnt,measured,f_sensor_break;f_min_fire_size;f_product_level
REU,Réunion,country,2023,burned_area_km2,36.38,km2,K1,owid_annual_area_burnt,measured,f_sensor_break;f_min_fire_size;f_product_level
REU,Réunion,country,2024,burned_area_km2,2.04,km2,K1,owid_annual_area_burnt,measured,f_sensor_break;f_min_fire_size;f_product_level
REU,Réunion,country,2025,burned_area_km2,0.0,km2,K1,owid_annual_area_burnt,measured,f_sensor_break;f_min_fire_size;f_product_level;f_zero_no_detection
REU,Réunion,country,2026,burned_area_km2,54.75,km2,K1,owid_annual_area_burnt,measured,f_sensor_break;f_min_fire_size;f_product_level;f_incomplete_year
ROU,Romania,country,2012,burned_area_km2,3296.81,km2,K1,owid_annual_area_burnt,measured,f_sensor_break;f_min_fire_size;f_product_level
ROU,Romania,country,2013,burned_area_km2,1686.9,km2,K1,owid_annual_area_burnt,measured,f_sensor_break;f_min_fire_size;f_product_level
ROU,Romania,country,2014,burned_area_km2,1682.59,km2,K1,owid_annual_area_burnt,measured,f_sensor_break;f_min_fire_size;f_product_level
ROU,Romania,country,2015,burned_area_km2,1532.82,km2,K1,owid_annual_area_burnt,measured,f_sensor_break;f_min_fire_size;f_product_level
ROU,Romania,country,2016,burned_area_km2,2241.03,km2,K1,owid_annual_area_burnt,measured,f_sensor_break;f_min_fire_size;f_product_level
ROU,Romania,country,2017,burned_area_km2,1938.48,km2,K1,owid_annual_area_burnt,measured,f_sensor_break;f_min_fire_size;f_product_level
ROU,Romania,country,2018,burned_area_km2,1666.71,km2,K1,owid_annual_area_burnt,measured,f_sensor_break;f_min_fire_size;f_product_level
ROU,Romania,country,2019,burned_area_km2,2464.63,km2,K1,owid_annual_area_burnt,measured,f_sensor_break;f_min_fire_size;f_product_level
ROU,Romania,country,2020,burned_area_km2,1990.56,km2,K1,owid_annual_area_burnt,measured,f_sensor_break;f_min_fire_size;f_product_level
ROU,Romania,country,2021,burned_area_km2,1484.39,km2,K1,owid_annual_area_burnt,measured,f_sensor_break;f_min_fire_size;f_product_level
ROU,Romania,country,2022,burned_area_km2,2126.18,km2,K1,owid_annual_area_burnt,measured,f_sensor_break;f_min_fire_size;f_product_level
ROU,Romania,country,2023,burned_area_km2,403.79,km2,K1,owid_annual_area_burnt,measured,f_sensor_break;f_min_fire_size;f_product_level
ROU,Romania,country,2024,burned_area_km2,594.0,km2,K1,owid_annual_area_burnt,measured,f_sensor_break;f_min_fire_size;f_product_level
ROU,Romania,country,2025,burned_area_km2,844.0,km2,K1,owid_annual_area_burnt,measured,f_sensor_break;f_min_fire_size;f_product_level
ROU,Romania,country,2026,burned_area_km2,161.73,km2,K1,owid_annual_area_burnt,measured,f_sensor_break;f_min_fire_size;f_product_level;f_incomplete_year
RUS,Russland,country,2012,burned_area_km2,252268.48,km2,K1,owid_annual_area_burnt,measured,f_sensor_break;f_min_fire_size;f_product_level
RUS,Russland,country,2013,burned_area_km2,103425.52,km2,K1,owid_annual_area_burnt,measured,f_sensor_break;f_min_fire_size;f_product_level
RUS,Russland,country,2014,burned_area_km2,197271.04,km2,K1,owid_annual_area_burnt,measured,f_sensor_break;f_min_fire_size;f_product_level
RUS,Russland,country,2015,burned_area_km2,141580.67,km2,K1,owid_annual_area_burnt,measured,f_sensor_break;f_min_fire_size;f_product_level
RUS,Russland,country,2016,burned_area_km2,153855.33,km2,K1,owid_annual_area_burnt,measured,f_sensor_break;f_min_fire_size;f_product_level
RUS,Russland,country,2017,burned_area_km2,114199.54,km2,K1,owid_annual_area_burnt,measured,f_sensor_break;f_min_fire_size;f_product_level
RUS,Russland,country,2018,burned_area_km2,142765.83,km2,K1,owid_annual_area_burnt,measured,f_sensor_break;f_min_fire_size;f_product_level
RUS,Russland,country,2019,burned_area_km2,161821.66,km2,K1,owid_annual_area_burnt,measured,f_sensor_break;f_min_fire_size;f_product_level
RUS,Russland,country,2020,burned_area_km2,164008.21,km2,K1,owid_annual_area_burnt,measured,f_sensor_break;f_min_fire_size;f_product_level
RUS,Russland,country,2021,burned_area_km2,173444.48,km2,K1,owid_annual_area_burnt,measured,f_sensor_break;f_min_fire_size;f_product_level
RUS,Russland,country,2022,burned_area_km2,105484.58,km2,K1,owid_annual_area_burnt,measured,f_sensor_break;f_min_fire_size;f_product_level
RUS,Russland,country,2023,burned_area_km2,103247.18,km2,K1,owid_annual_area_burnt,measured,f_sensor_break;f_min_fire_size;f_product_level
RUS,Russland,country,2024,burned_area_km2,123283.19,km2,K1,owid_annual_area_burnt,measured,f_sensor_break;f_min_fire_size;f_product_level
RUS,Russland,country,2025,burned_area_km2,69816.9,km2,K1,owid_annual_area_burnt,measured,f_sensor_break;f_min_fire_size;f_product_level
RUS,Russland,country,2026,burned_area_km2,33350.29,km2,K1,owid_annual_area_burnt,measured,f_sensor_break;f_min_fire_size;f_product_level;f_incomplete_year
RWA,Rwanda,country,2012,burned_area_km2,227.57,km2,K1,owid_annual_area_burnt,measured,f_sensor_break;f_min_fire_size;f_product_level
RWA,Rwanda,country,2013,burned_area_km2,478.91,km2,K1,owid_annual_area_burnt,measured,f_sensor_break;f_min_fire_size;f_product_level
RWA,Rwanda,country,2014,burned_area_km2,169.52,km2,K1,owid_annual_area_burnt,measured,f_sensor_break;f_min_fire_size;f_product_level
RWA,Rwanda,country,2015,burned_area_km2,463.33,km2,K1,owid_annual_area_burnt,measured,f_sensor_break;f_min_fire_size;f_product_level
RWA,Rwanda,country,2016,burned_area_km2,423.46,km2,K1,owid_annual_area_burnt,measured,f_sensor_break;f_min_fire_size;f_product_level
RWA,Rwanda,country,2017,burned_area_km2,233.72,km2,K1,owid_annual_area_burnt,measured,f_sensor_break;f_min_fire_size;f_product_level
RWA,Rwanda,country,2018,burned_area_km2,166.67,km2,K1,owid_annual_area_burnt,measured,f_sensor_break;f_min_fire_size;f_product_level
RWA,Rwanda,country,2019,burned_area_km2,256.65,km2,K1,owid_annual_area_burnt,measured,f_sensor_break;f_min_fire_size;f_product_level
RWA,Rwanda,country,2020,burned_area_km2,241.22,km2,K1,owid_annual_area_burnt,measured,f_sensor_break;f_min_fire_size;f_product_level
RWA,Rwanda,country,2021,burned_area_km2,196.81,km2,K1,owid_annual_area_burnt,measured,f_sensor_break;f_min_fire_size;f_product_level
RWA,Rwanda,country,2022,burned_area_km2,243.13,km2,K1,owid_annual_area_burnt,measured,f_sensor_break;f_min_fire_size;f_product_level
RWA,Rwanda,country,2023,burned_area_km2,134.23,km2,K1,owid_annual_area_burnt,measured,f_sensor_break;f_min_fire_size;f_product_level
RWA,Rwanda,country,2024,burned_area_km2,166.29,km2,K1,owid_annual_area_burnt,measured,f_sensor_break;f_min_fire_size;f_product_level
RWA,Rwanda,country,2025,burned_area_km2,70.89,km2,K1,owid_annual_area_burnt,measured,f_sensor_break;f_min_fire_size;f_product_level
RWA,Rwanda,country,2026,burned_area_km2,76.15,km2,K1,owid_annual_area_burnt,measured,f_sensor_break;f_min_fire_size;f_product_level;f_incomplete_year
SAM,Sør-Amerika,region,2012,burned_area_km2,555118.92,km2,K1,owid_annual_area_burnt,measured,f_sensor_break;f_min_fire_size;f_product_level
SAM,Sør-Amerika,region,2013,burned_area_km2,377518.7,km2,K1,owid_annual_area_burnt,measured,f_sensor_break;f_min_fire_size;f_product_level
SAM,Sør-Amerika,region,2014,burned_area_km2,445823.72,km2,K1,owid_annual_area_burnt,measured,f_sensor_break;f_min_fire_size;f_product_level
SAM,Sør-Amerika,region,2015,burned_area_km2,578230.16,km2,K1,owid_annual_area_burnt,measured,f_sensor_break;f_min_fire_size;f_product_level
SAM,Sør-Amerika,region,2016,burned_area_km2,536654.7,km2,K1,owid_annual_area_burnt,measured,f_sensor_break;f_min_fire_size;f_product_level
SAM,Sør-Amerika,region,2017,burned_area_km2,574063.84,km2,K1,owid_annual_area_burnt,measured,f_sensor_break;f_min_fire_size;f_product_level
SAM,Sør-Amerika,region,2018,burned_area_km2,363953.6,km2,K1,owid_annual_area_burnt,measured,f_sensor_break;f_min_fire_size;f_product_level
SAM,Sør-Amerika,region,2019,burned_area_km2,601357.48,km2,K1,owid_annual_area_burnt,measured,f_sensor_break;f_min_fire_size;f_product_level
SAM,Sør-Amerika,region,2020,burned_area_km2,742893.36,km2,K1,owid_annual_area_burnt,measured,f_sensor_break;f_min_fire_size;f_product_level
SAM,Sør-Amerika,region,2021,burned_area_km2,499633.44,km2,K1,owid_annual_area_burnt,measured,f_sensor_break;f_min_fire_size;f_product_level
SAM,Sør-Amerika,region,2022,burned_area_km2,596058.36,km2,K1,owid_annual_area_burnt,measured,f_sensor_break;f_min_fire_size;f_product_level
SAM,Sør-Amerika,region,2023,burned_area_km2,492289.88,km2,K1,owid_annual_area_burnt,measured,f_sensor_break;f_min_fire_size;f_product_level
SAM,Sør-Amerika,region,2024,burned_area_km2,737348.56,km2,K1,owid_annual_area_burnt,measured,f_sensor_break;f_min_fire_size;f_product_level
SAM,Sør-Amerika,region,2025,burned_area_km2,285243.86,km2,K1,owid_annual_area_burnt,measured,f_sensor_break;f_min_fire_size;f_product_level
SAM,Sør-Amerika,region,2026,burned_area_km2,78133.77,km2,K1,owid_annual_area_burnt,measured,f_sensor_break;f_min_fire_size;f_product_level;f_incomplete_year
SAU,Saudi-Arabia,country,2012,burned_area_km2,84.56,km2,K1,owid_annual_area_burnt,measured,f_sensor_break;f_min_fire_size;f_product_level
SAU,Saudi-Arabia,country,2013,burned_area_km2,100.61,km2,K1,owid_annual_area_burnt,measured,f_sensor_break;f_min_fire_size;f_product_level
SAU,Saudi-Arabia,country,2014,burned_area_km2,99.53,km2,K1,owid_annual_area_burnt,measured,f_sensor_break;f_min_fire_size;f_product_level
SAU,Saudi-Arabia,country,2015,burned_area_km2,88.91,km2,K1,owid_annual_area_burnt,measured,f_sensor_break;f_min_fire_size;f_product_level
SAU,Saudi-Arabia,country,2016,burned_area_km2,78.13,km2,K1,owid_annual_area_burnt,measured,f_sensor_break;f_min_fire_size;f_product_level
SAU,Saudi-Arabia,country,2017,burned_area_km2,73.74,km2,K1,owid_annual_area_burnt,measured,f_sensor_break;f_min_fire_size;f_product_level
SAU,Saudi-Arabia,country,2018,burned_area_km2,60.26,km2,K1,owid_annual_area_burnt,measured,f_sensor_break;f_min_fire_size;f_product_level
SAU,Saudi-Arabia,country,2019,burned_area_km2,78.93,km2,K1,owid_annual_area_burnt,measured,f_sensor_break;f_min_fire_size;f_product_level
SAU,Saudi-Arabia,country,2020,burned_area_km2,70.12,km2,K1,owid_annual_area_burnt,measured,f_sensor_break;f_min_fire_size;f_product_level
SAU,Saudi-Arabia,country,2021,burned_area_km2,102.75,km2,K1,owid_annual_area_burnt,measured,f_sensor_break;f_min_fire_size;f_product_level
SAU,Saudi-Arabia,country,2022,burned_area_km2,99.13,km2,K1,owid_annual_area_burnt,measured,f_sensor_break;f_min_fire_size;f_product_level
SAU,Saudi-Arabia,country,2023,burned_area_km2,75.03,km2,K1,owid_annual_area_burnt,measured,f_sensor_break;f_min_fire_size;f_product_level
SAU,Saudi-Arabia,country,2024,burned_area_km2,81.02,km2,K1,owid_annual_area_burnt,measured,f_sensor_break;f_min_fire_size;f_product_level
SAU,Saudi-Arabia,country,2025,burned_area_km2,131.79,km2,K1,owid_annual_area_burnt,measured,f_sensor_break;f_min_fire_size;f_product_level
SAU,Saudi-Arabia,country,2026,burned_area_km2,29.46,km2,K1,owid_annual_area_burnt,measured,f_sensor_break;f_min_fire_size;f_product_level;f_incomplete_year
SDN,Sudan,country,2012,burned_area_km2,48881.05,km2,K1,owid_annual_area_burnt,measured,f_sensor_break;f_min_fire_size;f_product_level
SDN,Sudan,country,2013,burned_area_km2,46826.4,km2,K1,owid_annual_area_burnt,measured,f_sensor_break;f_min_fire_size;f_product_level
SDN,Sudan,country,2014,burned_area_km2,43286.77,km2,K1,owid_annual_area_burnt,measured,f_sensor_break;f_min_fire_size;f_product_level
SDN,Sudan,country,2015,burned_area_km2,41759.83,km2,K1,owid_annual_area_burnt,measured,f_sensor_break;f_min_fire_size;f_product_level
SDN,Sudan,country,2016,burned_area_km2,43785.97,km2,K1,owid_annual_area_burnt,measured,f_sensor_break;f_min_fire_size;f_product_level
SDN,Sudan,country,2017,burned_area_km2,42768.07,km2,K1,owid_annual_area_burnt,measured,f_sensor_break;f_min_fire_size;f_product_level
SDN,Sudan,country,2018,burned_area_km2,20922.58,km2,K1,owid_annual_area_burnt,measured,f_sensor_break;f_min_fire_size;f_product_level
SDN,Sudan,country,2019,burned_area_km2,40688.66,km2,K1,owid_annual_area_burnt,measured,f_sensor_break;f_min_fire_size;f_product_level
SDN,Sudan,country,2020,burned_area_km2,49940.49,km2,K1,owid_annual_area_burnt,measured,f_sensor_break;f_min_fire_size;f_product_level
SDN,Sudan,country,2021,burned_area_km2,51587.43,km2,K1,owid_annual_area_burnt,measured,f_sensor_break;f_min_fire_size;f_product_level
SDN,Sudan,country,2022,burned_area_km2,32817.4,km2,K1,owid_annual_area_burnt,measured,f_sensor_break;f_min_fire_size;f_product_level
SDN,Sudan,country,2023,burned_area_km2,42429.97,km2,K1,owid_annual_area_burnt,measured,f_sensor_break;f_min_fire_size;f_product_level
SDN,Sudan,country,2024,burned_area_km2,33613.89,km2,K1,owid_annual_area_burnt,measured,f_sensor_break;f_min_fire_size;f_product_level
SDN,Sudan,country,2025,burned_area_km2,41496.73,km2,K1,owid_annual_area_burnt,measured,f_sensor_break;f_min_fire_size;f_product_level
SDN,Sudan,country,2026,burned_area_km2,12031.58,km2,K1,owid_annual_area_burnt,measured,f_sensor_break;f_min_fire_size;f_product_level;f_incomplete_year
SEN,Senegal,country,2012,burned_area_km2,16353.22,km2,K1,owid_annual_area_burnt,measured,f_sensor_break;f_min_fire_size;f_product_level
SEN,Senegal,country,2013,burned_area_km2,21593.34,km2,K1,owid_annual_area_burnt,measured,f_sensor_break;f_min_fire_size;f_product_level
SEN,Senegal,country,2014,burned_area_km2,21053.41,km2,K1,owid_annual_area_burnt,measured,f_sensor_break;f_min_fire_size;f_product_level
SEN,Senegal,country,2015,burned_area_km2,14438.84,km2,K1,owid_annual_area_burnt,measured,f_sensor_break;f_min_fire_size;f_product_level
SEN,Senegal,country,2016,burned_area_km2,23480.57,km2,K1,owid_annual_area_burnt,measured,f_sensor_break;f_min_fire_size;f_product_level
SEN,Senegal,country,2017,burned_area_km2,24957.39,km2,K1,owid_annual_area_burnt,measured,f_sensor_break;f_min_fire_size;f_product_level
SEN,Senegal,country,2018,burned_area_km2,11637.84,km2,K1,owid_annual_area_burnt,measured,f_sensor_break;f_min_fire_size;f_product_level
SEN,Senegal,country,2019,burned_area_km2,20444.22,km2,K1,owid_annual_area_burnt,measured,f_sensor_break;f_min_fire_size;f_product_level
SEN,Senegal,country,2020,burned_area_km2,25580.83,km2,K1,owid_annual_area_burnt,measured,f_sensor_break;f_min_fire_size;f_product_level
SEN,Senegal,country,2021,burned_area_km2,25879.62,km2,K1,owid_annual_area_burnt,measured,f_sensor_break;f_min_fire_size;f_product_level
SEN,Senegal,country,2022,burned_area_km2,28634.5,km2,K1,owid_annual_area_burnt,measured,f_sensor_break;f_min_fire_size;f_product_level
SEN,Senegal,country,2023,burned_area_km2,29627.09,km2,K1,owid_annual_area_burnt,measured,f_sensor_break;f_min_fire_size;f_product_level
SEN,Senegal,country,2024,burned_area_km2,19643.63,km2,K1,owid_annual_area_burnt,measured,f_sensor_break;f_min_fire_size;f_product_level
SEN,Senegal,country,2025,burned_area_km2,17187.88,km2,K1,owid_annual_area_burnt,measured,f_sensor_break;f_min_fire_size;f_product_level
SEN,Senegal,country,2026,burned_area_km2,11875.91,km2,K1,owid_annual_area_burnt,measured,f_sensor_break;f_min_fire_size;f_product_level;f_incomplete_year
SGP,Singapore,country,2012,burned_area_km2,0.0,km2,K1,owid_annual_area_burnt,measured,f_sensor_break;f_min_fire_size;f_product_level;f_zero_no_detection
SGP,Singapore,country,2013,burned_area_km2,0.0,km2,K1,owid_annual_area_burnt,measured,f_sensor_break;f_min_fire_size;f_product_level;f_zero_no_detection
SGP,Singapore,country,2014,burned_area_km2,0.0,km2,K1,owid_annual_area_burnt,measured,f_sensor_break;f_min_fire_size;f_product_level;f_zero_no_detection
SGP,Singapore,country,2015,burned_area_km2,0.0,km2,K1,owid_annual_area_burnt,measured,f_sensor_break;f_min_fire_size;f_product_level;f_zero_no_detection
SGP,Singapore,country,2016,burned_area_km2,0.0,km2,K1,owid_annual_area_burnt,measured,f_sensor_break;f_min_fire_size;f_product_level;f_zero_no_detection
SGP,Singapore,country,2017,burned_area_km2,0.0,km2,K1,owid_annual_area_burnt,measured,f_sensor_break;f_min_fire_size;f_product_level;f_zero_no_detection
SGP,Singapore,country,2018,burned_area_km2,0.0,km2,K1,owid_annual_area_burnt,measured,f_sensor_break;f_min_fire_size;f_product_level;f_zero_no_detection
SGP,Singapore,country,2019,burned_area_km2,0.0,km2,K1,owid_annual_area_burnt,measured,f_sensor_break;f_min_fire_size;f_product_level;f_zero_no_detection
SGP,Singapore,country,2020,burned_area_km2,0.0,km2,K1,owid_annual_area_burnt,measured,f_sensor_break;f_min_fire_size;f_product_level;f_zero_no_detection
SGP,Singapore,country,2021,burned_area_km2,0.0,km2,K1,owid_annual_area_burnt,measured,f_sensor_break;f_min_fire_size;f_product_level;f_zero_no_detection
SGP,Singapore,country,2022,burned_area_km2,0.0,km2,K1,owid_annual_area_burnt,measured,f_sensor_break;f_min_fire_size;f_product_level;f_zero_no_detection
SGP,Singapore,country,2023,burned_area_km2,0.0,km2,K1,owid_annual_area_burnt,measured,f_sensor_break;f_min_fire_size;f_product_level;f_zero_no_detection
SGP,Singapore,country,2024,burned_area_km2,0.0,km2,K1,owid_annual_area_burnt,measured,f_sensor_break;f_min_fire_size;f_product_level;f_zero_no_detection
SGP,Singapore,country,2025,burned_area_km2,0.0,km2,K1,owid_annual_area_burnt,measured,f_sensor_break;f_min_fire_size;f_product_level;f_zero_no_detection
SGP,Singapore,country,2026,burned_area_km2,0.0,km2,K1,owid_annual_area_burnt,measured,f_sensor_break;f_min_fire_size;f_product_level;f_incomplete_year;f_zero_no_detection
SGS,Sør-Georgia og Sør-Sandwichøyene,country,2012,burned_area_km2,0.0,km2,K1,owid_annual_area_burnt,measured,f_sensor_break;f_min_fire_size;f_product_level;f_zero_no_detection
SGS,Sør-Georgia og Sør-Sandwichøyene,country,2013,burned_area_km2,0.0,km2,K1,owid_annual_area_burnt,measured,f_sensor_break;f_min_fire_size;f_product_level;f_zero_no_detection
SGS,Sør-Georgia og Sør-Sandwichøyene,country,2014,burned_area_km2,0.0,km2,K1,owid_annual_area_burnt,measured,f_sensor_break;f_min_fire_size;f_product_level;f_zero_no_detection
SGS,Sør-Georgia og Sør-Sandwichøyene,country,2015,burned_area_km2,0.0,km2,K1,owid_annual_area_burnt,measured,f_sensor_break;f_min_fire_size;f_product_level;f_zero_no_detection
SGS,Sør-Georgia og Sør-Sandwichøyene,country,2016,burned_area_km2,0.0,km2,K1,owid_annual_area_burnt,measured,f_sensor_break;f_min_fire_size;f_product_level;f_zero_no_detection
SGS,Sør-Georgia og Sør-Sandwichøyene,country,2017,burned_area_km2,0.0,km2,K1,owid_annual_area_burnt,measured,f_sensor_break;f_min_fire_size;f_product_level;f_zero_no_detection
SGS,Sør-Georgia og Sør-Sandwichøyene,country,2018,burned_area_km2,0.0,km2,K1,owid_annual_area_burnt,measured,f_sensor_break;f_min_fire_size;f_product_level;f_zero_no_detection
SGS,Sør-Georgia og Sør-Sandwichøyene,country,2019,burned_area_km2,0.0,km2,K1,owid_annual_area_burnt,measured,f_sensor_break;f_min_fire_size;f_product_level;f_zero_no_detection
SGS,Sør-Georgia og Sør-Sandwichøyene,country,2020,burned_area_km2,0.0,km2,K1,owid_annual_area_burnt,measured,f_sensor_break;f_min_fire_size;f_product_level;f_zero_no_detection
SGS,Sør-Georgia og Sør-Sandwichøyene,country,2021,burned_area_km2,0.0,km2,K1,owid_annual_area_burnt,measured,f_sensor_break;f_min_fire_size;f_product_level;f_zero_no_detection
SGS,Sør-Georgia og Sør-Sandwichøyene,country,2022,burned_area_km2,0.0,km2,K1,owid_annual_area_burnt,measured,f_sensor_break;f_min_fire_size;f_product_level;f_zero_no_detection
SGS,Sør-Georgia og Sør-Sandwichøyene,country,2023,burned_area_km2,0.0,km2,K1,owid_annual_area_burnt,measured,f_sensor_break;f_min_fire_size;f_product_level;f_zero_no_detection
SGS,Sør-Georgia og Sør-Sandwichøyene,country,2024,burned_area_km2,0.0,km2,K1,owid_annual_area_burnt,measured,f_sensor_break;f_min_fire_size;f_product_level;f_zero_no_detection
SGS,Sør-Georgia og Sør-Sandwichøyene,country,2025,burned_area_km2,0.0,km2,K1,owid_annual_area_burnt,measured,f_sensor_break;f_min_fire_size;f_product_level;f_zero_no_detection
SGS,Sør-Georgia og Sør-Sandwichøyene,country,2026,burned_area_km2,0.0,km2,K1,owid_annual_area_burnt,measured,f_sensor_break;f_min_fire_size;f_product_level;f_incomplete_year;f_zero_no_detection
SHN,"Sankt Helena, Ascension og Tristan da Cunha",country,2012,burned_area_km2,0.0,km2,K1,owid_annual_area_burnt,measured,f_sensor_break;f_min_fire_size;f_product_level;f_zero_no_detection
SHN,"Sankt Helena, Ascension og Tristan da Cunha",country,2013,burned_area_km2,0.0,km2,K1,owid_annual_area_burnt,measured,f_sensor_break;f_min_fire_size;f_product_level;f_zero_no_detection
SHN,"Sankt Helena, Ascension og Tristan da Cunha",country,2014,burned_area_km2,0.0,km2,K1,owid_annual_area_burnt,measured,f_sensor_break;f_min_fire_size;f_product_level;f_zero_no_detection
SHN,"Sankt Helena, Ascension og Tristan da Cunha",country,2015,burned_area_km2,0.0,km2,K1,owid_annual_area_burnt,measured,f_sensor_break;f_min_fire_size;f_product_level;f_zero_no_detection
SHN,"Sankt Helena, Ascension og Tristan da Cunha",country,2016,burned_area_km2,0.0,km2,K1,owid_annual_area_burnt,measured,f_sensor_break;f_min_fire_size;f_product_level;f_zero_no_detection
SHN,"Sankt Helena, Ascension og Tristan da Cunha",country,2017,burned_area_km2,0.0,km2,K1,owid_annual_area_burnt,measured,f_sensor_break;f_min_fire_size;f_product_level;f_zero_no_detection
SHN,"Sankt Helena, Ascension og Tristan da Cunha",country,2018,burned_area_km2,0.0,km2,K1,owid_annual_area_burnt,measured,f_sensor_break;f_min_fire_size;f_product_level;f_zero_no_detection
SHN,"Sankt Helena, Ascension og Tristan da Cunha",country,2019,burned_area_km2,0.0,km2,K1,owid_annual_area_burnt,measured,f_sensor_break;f_min_fire_size;f_product_level;f_zero_no_detection
SHN,"Sankt Helena, Ascension og Tristan da Cunha",country,2020,burned_area_km2,0.0,km2,K1,owid_annual_area_burnt,measured,f_sensor_break;f_min_fire_size;f_product_level;f_zero_no_detection
SHN,"Sankt Helena, Ascension og Tristan da Cunha",country,2021,burned_area_km2,0.0,km2,K1,owid_annual_area_burnt,measured,f_sensor_break;f_min_fire_size;f_product_level;f_zero_no_detection
SHN,"Sankt Helena, Ascension og Tristan da Cunha",country,2022,burned_area_km2,0.0,km2,K1,owid_annual_area_burnt,measured,f_sensor_break;f_min_fire_size;f_product_level;f_zero_no_detection
SHN,"Sankt Helena, Ascension og Tristan da Cunha",country,2023,burned_area_km2,0.0,km2,K1,owid_annual_area_burnt,measured,f_sensor_break;f_min_fire_size;f_product_level;f_zero_no_detection
SHN,"Sankt Helena, Ascension og Tristan da Cunha",country,2024,burned_area_km2,0.0,km2,K1,owid_annual_area_burnt,measured,f_sensor_break;f_min_fire_size;f_product_level;f_zero_no_detection
SHN,"Sankt Helena, Ascension og Tristan da Cunha",country,2025,burned_area_km2,0.0,km2,K1,owid_annual_area_burnt,measured,f_sensor_break;f_min_fire_size;f_product_level;f_zero_no_detection
SHN,"Sankt Helena, Ascension og Tristan da Cunha",country,2026,burned_area_km2,0.0,km2,K1,owid_annual_area_burnt,measured,f_sensor_break;f_min_fire_size;f_product_level;f_incomplete_year;f_zero_no_detection
SJM,Svalbard og Jan Mayen,country,2012,burned_area_km2,0.0,km2,K1,owid_annual_area_burnt,measured,f_sensor_break;f_min_fire_size;f_product_level;f_zero_no_detection
SJM,Svalbard og Jan Mayen,country,2013,burned_area_km2,0.0,km2,K1,owid_annual_area_burnt,measured,f_sensor_break;f_min_fire_size;f_product_level;f_zero_no_detection
SJM,Svalbard og Jan Mayen,country,2014,burned_area_km2,0.0,km2,K1,owid_annual_area_burnt,measured,f_sensor_break;f_min_fire_size;f_product_level;f_zero_no_detection
SJM,Svalbard og Jan Mayen,country,2015,burned_area_km2,0.0,km2,K1,owid_annual_area_burnt,measured,f_sensor_break;f_min_fire_size;f_product_level;f_zero_no_detection
SJM,Svalbard og Jan Mayen,country,2016,burned_area_km2,0.0,km2,K1,owid_annual_area_burnt,measured,f_sensor_break;f_min_fire_size;f_product_level;f_zero_no_detection
SJM,Svalbard og Jan Mayen,country,2017,burned_area_km2,1.01,km2,K1,owid_annual_area_burnt,measured,f_sensor_break;f_min_fire_size;f_product_level
SJM,Svalbard og Jan Mayen,country,2018,burned_area_km2,0.0,km2,K1,owid_annual_area_burnt,measured,f_sensor_break;f_min_fire_size;f_product_level;f_zero_no_detection
SJM,Svalbard og Jan Mayen,country,2019,burned_area_km2,0.0,km2,K1,owid_annual_area_burnt,measured,f_sensor_break;f_min_fire_size;f_product_level;f_zero_no_detection
SJM,Svalbard og Jan Mayen,country,2020,burned_area_km2,0.0,km2,K1,owid_annual_area_burnt,measured,f_sensor_break;f_min_fire_size;f_product_level;f_zero_no_detection
SJM,Svalbard og Jan Mayen,country,2021,burned_area_km2,0.0,km2,K1,owid_annual_area_burnt,measured,f_sensor_break;f_min_fire_size;f_product_level;f_zero_no_detection
SJM,Svalbard og Jan Mayen,country,2022,burned_area_km2,0.0,km2,K1,owid_annual_area_burnt,measured,f_sensor_break;f_min_fire_size;f_product_level;f_zero_no_detection
SJM,Svalbard og Jan Mayen,country,2023,burned_area_km2,0.0,km2,K1,owid_annual_area_burnt,measured,f_sensor_break;f_min_fire_size;f_product_level;f_zero_no_detection
SJM,Svalbard og Jan Mayen,country,2024,burned_area_km2,0.0,km2,K1,owid_annual_area_burnt,measured,f_sensor_break;f_min_fire_size;f_product_level;f_zero_no_detection
SJM,Svalbard og Jan Mayen,country,2025,burned_area_km2,0.0,km2,K1,owid_annual_area_burnt,measured,f_sensor_break;f_min_fire_size;f_product_level;f_zero_no_detection
SJM,Svalbard og Jan Mayen,country,2026,burned_area_km2,0.0,km2,K1,owid_annual_area_burnt,measured,f_sensor_break;f_min_fire_size;f_product_level;f_incomplete_year;f_zero_no_detection
SLB,Salomonøyene,country,2012,burned_area_km2,62.5,km2,K1,owid_annual_area_burnt,measured,f_sensor_break;f_min_fire_size;f_product_level
SLB,Salomonøyene,country,2013,burned_area_km2,1.35,km2,K1,owid_annual_area_burnt,measured,f_sensor_break;f_min_fire_size;f_product_level
SLB,Salomonøyene,country,2014,burned_area_km2,3.91,km2,K1,owid_annual_area_burnt,measured,f_sensor_break;f_min_fire_size;f_product_level
SLB,Salomonøyene,country,2015,burned_area_km2,20.67,km2,K1,owid_annual_area_burnt,measured,f_sensor_break;f_min_fire_size;f_product_level
SLB,Salomonøyene,country,2016,burned_area_km2,6.16,km2,K1,owid_annual_area_burnt,measured,f_sensor_break;f_min_fire_size;f_product_level
SLB,Salomonøyene,country,2017,burned_area_km2,3.57,km2,K1,owid_annual_area_burnt,measured,f_sensor_break;f_min_fire_size;f_product_level
SLB,Salomonøyene,country,2018,burned_area_km2,5.69,km2,K1,owid_annual_area_burnt,measured,f_sensor_break;f_min_fire_size;f_product_level
SLB,Salomonøyene,country,2019,burned_area_km2,28.96,km2,K1,owid_annual_area_burnt,measured,f_sensor_break;f_min_fire_size;f_product_level
SLB,Salomonøyene,country,2020,burned_area_km2,23.98,km2,K1,owid_annual_area_burnt,measured,f_sensor_break;f_min_fire_size;f_product_level
SLB,Salomonøyene,country,2021,burned_area_km2,18.94,km2,K1,owid_annual_area_burnt,measured,f_sensor_break;f_min_fire_size;f_product_level
SLB,Salomonøyene,country,2022,burned_area_km2,38.78,km2,K1,owid_annual_area_burnt,measured,f_sensor_break;f_min_fire_size;f_product_level
SLB,Salomonøyene,country,2023,burned_area_km2,25.36,km2,K1,owid_annual_area_burnt,measured,f_sensor_break;f_min_fire_size;f_product_level
SLB,Salomonøyene,country,2024,burned_area_km2,13.7,km2,K1,owid_annual_area_burnt,measured,f_sensor_break;f_min_fire_size;f_product_level
SLB,Salomonøyene,country,2025,burned_area_km2,3.7,km2,K1,owid_annual_area_burnt,measured,f_sensor_break;f_min_fire_size;f_product_level
SLB,Salomonøyene,country,2026,burned_area_km2,3.82,km2,K1,owid_annual_area_burnt,measured,f_sensor_break;f_min_fire_size;f_product_level;f_incomplete_year
SLE,Sierra Leone,country,2012,burned_area_km2,26893.48,km2,K1,owid_annual_area_burnt,measured,f_sensor_break;f_min_fire_size;f_product_level
SLE,Sierra Leone,country,2013,burned_area_km2,23544.7,km2,K1,owid_annual_area_burnt,measured,f_sensor_break;f_min_fire_size;f_product_level
SLE,Sierra Leone,country,2014,burned_area_km2,31329.85,km2,K1,owid_annual_area_burnt,measured,f_sensor_break;f_min_fire_size;f_product_level
SLE,Sierra Leone,country,2015,burned_area_km2,33311.33,km2,K1,owid_annual_area_burnt,measured,f_sensor_break;f_min_fire_size;f_product_level
SLE,Sierra Leone,country,2016,burned_area_km2,21196.91,km2,K1,owid_annual_area_burnt,measured,f_sensor_break;f_min_fire_size;f_product_level
SLE,Sierra Leone,country,2017,burned_area_km2,20706.34,km2,K1,owid_annual_area_burnt,measured,f_sensor_break;f_min_fire_size;f_product_level
SLE,Sierra Leone,country,2018,burned_area_km2,15045.71,km2,K1,owid_annual_area_burnt,measured,f_sensor_break;f_min_fire_size;f_product_level
SLE,Sierra Leone,country,2019,burned_area_km2,21204.76,km2,K1,owid_annual_area_burnt,measured,f_sensor_break;f_min_fire_size;f_product_level
SLE,Sierra Leone,country,2020,burned_area_km2,19670.39,km2,K1,owid_annual_area_burnt,measured,f_sensor_break;f_min_fire_size;f_product_level
SLE,Sierra Leone,country,2021,burned_area_km2,13477.49,km2,K1,owid_annual_area_burnt,measured,f_sensor_break;f_min_fire_size;f_product_level
SLE,Sierra Leone,country,2022,burned_area_km2,21180.91,km2,K1,owid_annual_area_burnt,measured,f_sensor_break;f_min_fire_size;f_product_level
SLE,Sierra Leone,country,2023,burned_area_km2,20070.31,km2,K1,owid_annual_area_burnt,measured,f_sensor_break;f_min_fire_size;f_product_level
SLE,Sierra Leone,country,2024,burned_area_km2,14535.18,km2,K1,owid_annual_area_burnt,measured,f_sensor_break;f_min_fire_size;f_product_level
SLE,Sierra Leone,country,2025,burned_area_km2,11328.91,km2,K1,owid_annual_area_burnt,measured,f_sensor_break;f_min_fire_size;f_product_level
SLE,Sierra Leone,country,2026,burned_area_km2,7315.35,km2,K1,owid_annual_area_burnt,measured,f_sensor_break;f_min_fire_size;f_product_level;f_incomplete_year
SLV,El Salvador,country,2012,burned_area_km2,369.01,km2,K1,owid_annual_area_burnt,measured,f_sensor_break;f_min_fire_size;f_product_level
SLV,El Salvador,country,2013,burned_area_km2,1263.65,km2,K1,owid_annual_area_burnt,measured,f_sensor_break;f_min_fire_size;f_product_level
SLV,El Salvador,country,2014,burned_area_km2,552.31,km2,K1,owid_annual_area_burnt,measured,f_sensor_break;f_min_fire_size;f_product_level
SLV,El Salvador,country,2015,burned_area_km2,1242.34,km2,K1,owid_annual_area_burnt,measured,f_sensor_break;f_min_fire_size;f_product_level
SLV,El Salvador,country,2016,burned_area_km2,411.75,km2,K1,owid_annual_area_burnt,measured,f_sensor_break;f_min_fire_size;f_product_level
SLV,El Salvador,country,2017,burned_area_km2,1283.24,km2,K1,owid_annual_area_burnt,measured,f_sensor_break;f_min_fire_size;f_product_level
SLV,El Salvador,country,2018,burned_area_km2,534.27,km2,K1,owid_annual_area_burnt,measured,f_sensor_break;f_min_fire_size;f_product_level
SLV,El Salvador,country,2019,burned_area_km2,905.09,km2,K1,owid_annual_area_burnt,measured,f_sensor_break;f_min_fire_size;f_product_level
SLV,El Salvador,country,2020,burned_area_km2,681.61,km2,K1,owid_annual_area_burnt,measured,f_sensor_break;f_min_fire_size;f_product_level
SLV,El Salvador,country,2021,burned_area_km2,214.8,km2,K1,owid_annual_area_burnt,measured,f_sensor_break;f_min_fire_size;f_product_level
SLV,El Salvador,country,2022,burned_area_km2,571.01,km2,K1,owid_annual_area_burnt,measured,f_sensor_break;f_min_fire_size;f_product_level
SLV,El Salvador,country,2023,burned_area_km2,247.16,km2,K1,owid_annual_area_burnt,measured,f_sensor_break;f_min_fire_size;f_product_level
SLV,El Salvador,country,2024,burned_area_km2,252.22,km2,K1,owid_annual_area_burnt,measured,f_sensor_break;f_min_fire_size;f_product_level
SLV,El Salvador,country,2025,burned_area_km2,107.45,km2,K1,owid_annual_area_burnt,measured,f_sensor_break;f_min_fire_size;f_product_level
SLV,El Salvador,country,2026,burned_area_km2,366.2,km2,K1,owid_annual_area_burnt,measured,f_sensor_break;f_min_fire_size;f_product_level;f_incomplete_year
SMR,San Marino,country,2012,burned_area_km2,0.0,km2,K1,owid_annual_area_burnt,measured,f_sensor_break;f_min_fire_size;f_product_level;f_zero_no_detection
SMR,San Marino,country,2013,burned_area_km2,0.0,km2,K1,owid_annual_area_burnt,measured,f_sensor_break;f_min_fire_size;f_product_level;f_zero_no_detection
SMR,San Marino,country,2014,burned_area_km2,0.0,km2,K1,owid_annual_area_burnt,measured,f_sensor_break;f_min_fire_size;f_product_level;f_zero_no_detection
SMR,San Marino,country,2015,burned_area_km2,0.0,km2,K1,owid_annual_area_burnt,measured,f_sensor_break;f_min_fire_size;f_product_level;f_zero_no_detection
SMR,San Marino,country,2016,burned_area_km2,0.0,km2,K1,owid_annual_area_burnt,measured,f_sensor_break;f_min_fire_size;f_product_level;f_zero_no_detection
SMR,San Marino,country,2017,burned_area_km2,0.0,km2,K1,owid_annual_area_burnt,measured,f_sensor_break;f_min_fire_size;f_product_level;f_zero_no_detection
SMR,San Marino,country,2018,burned_area_km2,0.0,km2,K1,owid_annual_area_burnt,measured,f_sensor_break;f_min_fire_size;f_product_level;f_zero_no_detection
SMR,San Marino,country,2019,burned_area_km2,0.0,km2,K1,owid_annual_area_burnt,measured,f_sensor_break;f_min_fire_size;f_product_level;f_zero_no_detection
SMR,San Marino,country,2020,burned_area_km2,0.0,km2,K1,owid_annual_area_burnt,measured,f_sensor_break;f_min_fire_size;f_product_level;f_zero_no_detection
SMR,San Marino,country,2021,burned_area_km2,0.0,km2,K1,owid_annual_area_burnt,measured,f_sensor_break;f_min_fire_size;f_product_level;f_zero_no_detection
SMR,San Marino,country,2022,burned_area_km2,0.0,km2,K1,owid_annual_area_burnt,measured,f_sensor_break;f_min_fire_size;f_product_level;f_zero_no_detection
SMR,San Marino,country,2023,burned_area_km2,0.0,km2,K1,owid_annual_area_burnt,measured,f_sensor_break;f_min_fire_size;f_product_level;f_zero_no_detection
SMR,San Marino,country,2024,burned_area_km2,0.0,km2,K1,owid_annual_area_burnt,measured,f_sensor_break;f_min_fire_size;f_product_level;f_zero_no_detection
SMR,San Marino,country,2025,burned_area_km2,0.0,km2,K1,owid_annual_area_burnt,measured,f_sensor_break;f_min_fire_size;f_product_level;f_zero_no_detection
SMR,San Marino,country,2026,burned_area_km2,0.0,km2,K1,owid_annual_area_burnt,measured,f_sensor_break;f_min_fire_size;f_product_level;f_incomplete_year;f_zero_no_detection
SOM,Somalia,country,2012,burned_area_km2,845.58,km2,K1,owid_annual_area_burnt,measured,f_sensor_break;f_min_fire_size;f_product_level
SOM,Somalia,country,2013,burned_area_km2,754.45,km2,K1,owid_annual_area_burnt,measured,f_sensor_break;f_min_fire_size;f_product_level
SOM,Somalia,country,2014,burned_area_km2,531.78,km2,K1,owid_annual_area_burnt,measured,f_sensor_break;f_min_fire_size;f_product_level
SOM,Somalia,country,2015,burned_area_km2,93.74,km2,K1,owid_annual_area_burnt,measured,f_sensor_break;f_min_fire_size;f_product_level
SOM,Somalia,country,2016,burned_area_km2,272.58,km2,K1,owid_annual_area_burnt,measured,f_sensor_break;f_min_fire_size;f_product_level
SOM,Somalia,country,2017,burned_area_km2,86.41,km2,K1,owid_annual_area_burnt,measured,f_sensor_break;f_min_fire_size;f_product_level
SOM,Somalia,country,2018,burned_area_km2,53.38,km2,K1,owid_annual_area_burnt,measured,f_sensor_break;f_min_fire_size;f_product_level
SOM,Somalia,country,2019,burned_area_km2,194.19,km2,K1,owid_annual_area_burnt,measured,f_sensor_break;f_min_fire_size;f_product_level
SOM,Somalia,country,2020,burned_area_km2,157.96,km2,K1,owid_annual_area_burnt,measured,f_sensor_break;f_min_fire_size;f_product_level
SOM,Somalia,country,2021,burned_area_km2,231.13,km2,K1,owid_annual_area_burnt,measured,f_sensor_break;f_min_fire_size;f_product_level
SOM,Somalia,country,2022,burned_area_km2,104.42,km2,K1,owid_annual_area_burnt,measured,f_sensor_break;f_min_fire_size;f_product_level
SOM,Somalia,country,2023,burned_area_km2,82.91,km2,K1,owid_annual_area_burnt,measured,f_sensor_break;f_min_fire_size;f_product_level
SOM,Somalia,country,2024,burned_area_km2,127.36,km2,K1,owid_annual_area_burnt,measured,f_sensor_break;f_min_fire_size;f_product_level
SOM,Somalia,country,2025,burned_area_km2,90.24,km2,K1,owid_annual_area_burnt,measured,f_sensor_break;f_min_fire_size;f_product_level
SOM,Somalia,country,2026,burned_area_km2,23.84,km2,K1,owid_annual_area_burnt,measured,f_sensor_break;f_min_fire_size;f_product_level;f_incomplete_year
SPM,Saint-Pierre-et-Miquelon,country,2012,burned_area_km2,0.0,km2,K1,owid_annual_area_burnt,measured,f_sensor_break;f_min_fire_size;f_product_level;f_zero_no_detection
SPM,Saint-Pierre-et-Miquelon,country,2013,burned_area_km2,0.0,km2,K1,owid_annual_area_burnt,measured,f_sensor_break;f_min_fire_size;f_product_level;f_zero_no_detection
SPM,Saint-Pierre-et-Miquelon,country,2014,burned_area_km2,0.0,km2,K1,owid_annual_area_burnt,measured,f_sensor_break;f_min_fire_size;f_product_level;f_zero_no_detection
SPM,Saint-Pierre-et-Miquelon,country,2015,burned_area_km2,0.0,km2,K1,owid_annual_area_burnt,measured,f_sensor_break;f_min_fire_size;f_product_level;f_zero_no_detection
SPM,Saint-Pierre-et-Miquelon,country,2016,burned_area_km2,0.0,km2,K1,owid_annual_area_burnt,measured,f_sensor_break;f_min_fire_size;f_product_level;f_zero_no_detection
SPM,Saint-Pierre-et-Miquelon,country,2017,burned_area_km2,0.0,km2,K1,owid_annual_area_burnt,measured,f_sensor_break;f_min_fire_size;f_product_level;f_zero_no_detection
SPM,Saint-Pierre-et-Miquelon,country,2018,burned_area_km2,0.0,km2,K1,owid_annual_area_burnt,measured,f_sensor_break;f_min_fire_size;f_product_level;f_zero_no_detection
SPM,Saint-Pierre-et-Miquelon,country,2019,burned_area_km2,0.0,km2,K1,owid_annual_area_burnt,measured,f_sensor_break;f_min_fire_size;f_product_level;f_zero_no_detection
SPM,Saint-Pierre-et-Miquelon,country,2020,burned_area_km2,0.0,km2,K1,owid_annual_area_burnt,measured,f_sensor_break;f_min_fire_size;f_product_level;f_zero_no_detection
SPM,Saint-Pierre-et-Miquelon,country,2021,burned_area_km2,0.0,km2,K1,owid_annual_area_burnt,measured,f_sensor_break;f_min_fire_size;f_product_level;f_zero_no_detection
SPM,Saint-Pierre-et-Miquelon,country,2022,burned_area_km2,0.0,km2,K1,owid_annual_area_burnt,measured,f_sensor_break;f_min_fire_size;f_product_level;f_zero_no_detection
SPM,Saint-Pierre-et-Miquelon,country,2023,burned_area_km2,0.0,km2,K1,owid_annual_area_burnt,measured,f_sensor_break;f_min_fire_size;f_product_level;f_zero_no_detection
SPM,Saint-Pierre-et-Miquelon,country,2024,burned_area_km2,0.0,km2,K1,owid_annual_area_burnt,measured,f_sensor_break;f_min_fire_size;f_product_level;f_zero_no_detection
SPM,Saint-Pierre-et-Miquelon,country,2025,burned_area_km2,0.0,km2,K1,owid_annual_area_burnt,measured,f_sensor_break;f_min_fire_size;f_product_level;f_zero_no_detection
SPM,Saint-Pierre-et-Miquelon,country,2026,burned_area_km2,0.0,km2,K1,owid_annual_area_burnt,measured,f_sensor_break;f_min_fire_size;f_product_level;f_incomplete_year;f_zero_no_detection
SRB,Serbia,country,2012,burned_area_km2,1353.01,km2,K1,owid_annual_area_burnt,measured,f_sensor_break;f_min_fire_size;f_product_level
SRB,Serbia,country,2013,burned_area_km2,551.36,km2,K1,owid_annual_area_burnt,measured,f_sensor_break;f_min_fire_size;f_product_level
SRB,Serbia,country,2014,burned_area_km2,108.7,km2,K1,owid_annual_area_burnt,measured,f_sensor_break;f_min_fire_size;f_product_level
SRB,Serbia,country,2015,burned_area_km2,323.0,km2,K1,owid_annual_area_burnt,measured,f_sensor_break;f_min_fire_size;f_product_level
SRB,Serbia,country,2016,burned_area_km2,210.82,km2,K1,owid_annual_area_burnt,measured,f_sensor_break;f_min_fire_size;f_product_level
SRB,Serbia,country,2017,burned_area_km2,686.97,km2,K1,owid_annual_area_burnt,measured,f_sensor_break;f_min_fire_size;f_product_level
SRB,Serbia,country,2018,burned_area_km2,2558.34,km2,K1,owid_annual_area_burnt,measured,f_sensor_break;f_min_fire_size;f_product_level
SRB,Serbia,country,2019,burned_area_km2,1717.53,km2,K1,owid_annual_area_burnt,measured,f_sensor_break;f_min_fire_size;f_product_level
SRB,Serbia,country,2020,burned_area_km2,288.24,km2,K1,owid_annual_area_burnt,measured,f_sensor_break;f_min_fire_size;f_product_level
SRB,Serbia,country,2021,burned_area_km2,348.86,km2,K1,owid_annual_area_burnt,measured,f_sensor_break;f_min_fire_size;f_product_level
SRB,Serbia,country,2022,burned_area_km2,265.87,km2,K1,owid_annual_area_burnt,measured,f_sensor_break;f_min_fire_size;f_product_level
SRB,Serbia,country,2023,burned_area_km2,312.11,km2,K1,owid_annual_area_burnt,measured,f_sensor_break;f_min_fire_size;f_product_level
SRB,Serbia,country,2024,burned_area_km2,587.16,km2,K1,owid_annual_area_burnt,measured,f_sensor_break;f_min_fire_size;f_product_level
SRB,Serbia,country,2025,burned_area_km2,284.02,km2,K1,owid_annual_area_burnt,measured,f_sensor_break;f_min_fire_size;f_product_level
SRB,Serbia,country,2026,burned_area_km2,39.74,km2,K1,owid_annual_area_burnt,measured,f_sensor_break;f_min_fire_size;f_product_level;f_incomplete_year
SSD,Sør-Sudan,country,2012,burned_area_km2,189420.84,km2,K1,owid_annual_area_burnt,measured,f_sensor_break;f_min_fire_size;f_product_level
SSD,Sør-Sudan,country,2013,burned_area_km2,219980.08,km2,K1,owid_annual_area_burnt,measured,f_sensor_break;f_min_fire_size;f_product_level
SSD,Sør-Sudan,country,2014,burned_area_km2,231328.28,km2,K1,owid_annual_area_burnt,measured,f_sensor_break;f_min_fire_size;f_product_level
SSD,Sør-Sudan,country,2015,burned_area_km2,264412.72,km2,K1,owid_annual_area_burnt,measured,f_sensor_break;f_min_fire_size;f_product_level
SSD,Sør-Sudan,country,2016,burned_area_km2,260939.34,km2,K1,owid_annual_area_burnt,measured,f_sensor_break;f_min_fire_size;f_product_level
SSD,Sør-Sudan,country,2017,burned_area_km2,222917.62,km2,K1,owid_annual_area_burnt,measured,f_sensor_break;f_min_fire_size;f_product_level
SSD,Sør-Sudan,country,2018,burned_area_km2,137427.08,km2,K1,owid_annual_area_burnt,measured,f_sensor_break;f_min_fire_size;f_product_level
SSD,Sør-Sudan,country,2019,burned_area_km2,158109.28,km2,K1,owid_annual_area_burnt,measured,f_sensor_break;f_min_fire_size;f_product_level
SSD,Sør-Sudan,country,2020,burned_area_km2,230573.18,km2,K1,owid_annual_area_burnt,measured,f_sensor_break;f_min_fire_size;f_product_level
SSD,Sør-Sudan,country,2021,burned_area_km2,231727.16,km2,K1,owid_annual_area_burnt,measured,f_sensor_break;f_min_fire_size;f_product_level
SSD,Sør-Sudan,country,2022,burned_area_km2,170218.24,km2,K1,owid_annual_area_burnt,measured,f_sensor_break;f_min_fire_size;f_product_level
SSD,Sør-Sudan,country,2023,burned_area_km2,182877.68,km2,K1,owid_annual_area_burnt,measured,f_sensor_break;f_min_fire_size;f_product_level
SSD,Sør-Sudan,country,2024,burned_area_km2,189389.82,km2,K1,owid_annual_area_burnt,measured,f_sensor_break;f_min_fire_size;f_product_level
SSD,Sør-Sudan,country,2025,burned_area_km2,149540.86,km2,K1,owid_annual_area_burnt,measured,f_sensor_break;f_min_fire_size;f_product_level
SSD,Sør-Sudan,country,2026,burned_area_km2,69550.22,km2,K1,owid_annual_area_burnt,measured,f_sensor_break;f_min_fire_size;f_product_level;f_incomplete_year
STP,São Tomé og Príncipe,country,2012,burned_area_km2,7.38,km2,K1,owid_annual_area_burnt,measured,f_sensor_break;f_min_fire_size;f_product_level
STP,São Tomé og Príncipe,country,2013,burned_area_km2,0.0,km2,K1,owid_annual_area_burnt,measured,f_sensor_break;f_min_fire_size;f_product_level;f_zero_no_detection
STP,São Tomé og Príncipe,country,2014,burned_area_km2,0.0,km2,K1,owid_annual_area_burnt,measured,f_sensor_break;f_min_fire_size;f_product_level;f_zero_no_detection
STP,São Tomé og Príncipe,country,2015,burned_area_km2,0.0,km2,K1,owid_annual_area_burnt,measured,f_sensor_break;f_min_fire_size;f_product_level;f_zero_no_detection
STP,São Tomé og Príncipe,country,2016,burned_area_km2,0.0,km2,K1,owid_annual_area_burnt,measured,f_sensor_break;f_min_fire_size;f_product_level;f_zero_no_detection
STP,São Tomé og Príncipe,country,2017,burned_area_km2,0.0,km2,K1,owid_annual_area_burnt,measured,f_sensor_break;f_min_fire_size;f_product_level;f_zero_no_detection
STP,São Tomé og Príncipe,country,2018,burned_area_km2,0.0,km2,K1,owid_annual_area_burnt,measured,f_sensor_break;f_min_fire_size;f_product_level;f_zero_no_detection
STP,São Tomé og Príncipe,country,2019,burned_area_km2,5.61,km2,K1,owid_annual_area_burnt,measured,f_sensor_break;f_min_fire_size;f_product_level
STP,São Tomé og Príncipe,country,2020,burned_area_km2,6.75,km2,K1,owid_annual_area_burnt,measured,f_sensor_break;f_min_fire_size;f_product_level
STP,São Tomé og Príncipe,country,2021,burned_area_km2,0.0,km2,K1,owid_annual_area_burnt,measured,f_sensor_break;f_min_fire_size;f_product_level;f_zero_no_detection
STP,São Tomé og Príncipe,country,2022,burned_area_km2,0.0,km2,K1,owid_annual_area_burnt,measured,f_sensor_break;f_min_fire_size;f_product_level;f_zero_no_detection
STP,São Tomé og Príncipe,country,2023,burned_area_km2,0.0,km2,K1,owid_annual_area_burnt,measured,f_sensor_break;f_min_fire_size;f_product_level;f_zero_no_detection
STP,São Tomé og Príncipe,country,2024,burned_area_km2,0.0,km2,K1,owid_annual_area_burnt,measured,f_sensor_break;f_min_fire_size;f_product_level;f_zero_no_detection
STP,São Tomé og Príncipe,country,2025,burned_area_km2,7.76,km2,K1,owid_annual_area_burnt,measured,f_sensor_break;f_min_fire_size;f_product_level
STP,São Tomé og Príncipe,country,2026,burned_area_km2,0.0,km2,K1,owid_annual_area_burnt,measured,f_sensor_break;f_min_fire_size;f_product_level;f_incomplete_year;f_zero_no_detection
SUR,Surinam,country,2012,burned_area_km2,577.6,km2,K1,owid_annual_area_burnt,measured,f_sensor_break;f_min_fire_size;f_product_level
SUR,Surinam,country,2013,burned_area_km2,186.95,km2,K1,owid_annual_area_burnt,measured,f_sensor_break;f_min_fire_size;f_product_level
SUR,Surinam,country,2014,burned_area_km2,360.28,km2,K1,owid_annual_area_burnt,measured,f_sensor_break;f_min_fire_size;f_product_level
SUR,Surinam,country,2015,burned_area_km2,601.9,km2,K1,owid_annual_area_burnt,measured,f_sensor_break;f_min_fire_size;f_product_level
SUR,Surinam,country,2016,burned_area_km2,533.35,km2,K1,owid_annual_area_burnt,measured,f_sensor_break;f_min_fire_size;f_product_level
SUR,Surinam,country,2017,burned_area_km2,269.67,km2,K1,owid_annual_area_burnt,measured,f_sensor_break;f_min_fire_size;f_product_level
SUR,Surinam,country,2018,burned_area_km2,413.16,km2,K1,owid_annual_area_burnt,measured,f_sensor_break;f_min_fire_size;f_product_level
SUR,Surinam,country,2019,burned_area_km2,455.09,km2,K1,owid_annual_area_burnt,measured,f_sensor_break;f_min_fire_size;f_product_level
SUR,Surinam,country,2020,burned_area_km2,430.41,km2,K1,owid_annual_area_burnt,measured,f_sensor_break;f_min_fire_size;f_product_level
SUR,Surinam,country,2021,burned_area_km2,142.22,km2,K1,owid_annual_area_burnt,measured,f_sensor_break;f_min_fire_size;f_product_level
SUR,Surinam,country,2022,burned_area_km2,121.79,km2,K1,owid_annual_area_burnt,measured,f_sensor_break;f_min_fire_size;f_product_level
SUR,Surinam,country,2023,burned_area_km2,968.88,km2,K1,owid_annual_area_burnt,measured,f_sensor_break;f_min_fire_size;f_product_level
SUR,Surinam,country,2024,burned_area_km2,1273.68,km2,K1,owid_annual_area_burnt,measured,f_sensor_break;f_min_fire_size;f_product_level
SUR,Surinam,country,2025,burned_area_km2,163.48,km2,K1,owid_annual_area_burnt,measured,f_sensor_break;f_min_fire_size;f_product_level
SUR,Surinam,country,2026,burned_area_km2,37.7,km2,K1,owid_annual_area_burnt,measured,f_sensor_break;f_min_fire_size;f_product_level;f_incomplete_year
SVK,Slovakia,country,2012,burned_area_km2,26.33,km2,K1,owid_annual_area_burnt,measured,f_sensor_break;f_min_fire_size;f_product_level
SVK,Slovakia,country,2013,burned_area_km2,9.48,km2,K1,owid_annual_area_burnt,measured,f_sensor_break;f_min_fire_size;f_product_level
SVK,Slovakia,country,2014,burned_area_km2,13.79,km2,K1,owid_annual_area_burnt,measured,f_sensor_break;f_min_fire_size;f_product_level
SVK,Slovakia,country,2015,burned_area_km2,9.62,km2,K1,owid_annual_area_burnt,measured,f_sensor_break;f_min_fire_size;f_product_level
SVK,Slovakia,country,2016,burned_area_km2,4.39,km2,K1,owid_annual_area_burnt,measured,f_sensor_break;f_min_fire_size;f_product_level
SVK,Slovakia,country,2017,burned_area_km2,6.55,km2,K1,owid_annual_area_burnt,measured,f_sensor_break;f_min_fire_size;f_product_level
SVK,Slovakia,country,2018,burned_area_km2,7.91,km2,K1,owid_annual_area_burnt,measured,f_sensor_break;f_min_fire_size;f_product_level
SVK,Slovakia,country,2019,burned_area_km2,2.85,km2,K1,owid_annual_area_burnt,measured,f_sensor_break;f_min_fire_size;f_product_level
SVK,Slovakia,country,2020,burned_area_km2,6.52,km2,K1,owid_annual_area_burnt,measured,f_sensor_break;f_min_fire_size;f_product_level
SVK,Slovakia,country,2021,burned_area_km2,0.0,km2,K1,owid_annual_area_burnt,measured,f_sensor_break;f_min_fire_size;f_product_level;f_zero_no_detection
SVK,Slovakia,country,2022,burned_area_km2,14.18,km2,K1,owid_annual_area_burnt,measured,f_sensor_break;f_min_fire_size;f_product_level
SVK,Slovakia,country,2023,burned_area_km2,1.25,km2,K1,owid_annual_area_burnt,measured,f_sensor_break;f_min_fire_size;f_product_level
SVK,Slovakia,country,2024,burned_area_km2,0.0,km2,K1,owid_annual_area_burnt,measured,f_sensor_break;f_min_fire_size;f_product_level;f_zero_no_detection
SVK,Slovakia,country,2025,burned_area_km2,5.99,km2,K1,owid_annual_area_burnt,measured,f_sensor_break;f_min_fire_size;f_product_level
SVK,Slovakia,country,2026,burned_area_km2,4.23,km2,K1,owid_annual_area_burnt,measured,f_sensor_break;f_min_fire_size;f_product_level;f_incomplete_year
SVN,Slovenia,country,2012,burned_area_km2,4.64,km2,K1,owid_annual_area_burnt,measured,f_sensor_break;f_min_fire_size;f_product_level
SVN,Slovenia,country,2013,burned_area_km2,1.7,km2,K1,owid_annual_area_burnt,measured,f_sensor_break;f_min_fire_size;f_product_level
SVN,Slovenia,country,2014,burned_area_km2,0.0,km2,K1,owid_annual_area_burnt,measured,f_sensor_break;f_min_fire_size;f_product_level;f_zero_no_detection
SVN,Slovenia,country,2015,burned_area_km2,0.0,km2,K1,owid_annual_area_burnt,measured,f_sensor_break;f_min_fire_size;f_product_level;f_zero_no_detection
SVN,Slovenia,country,2016,burned_area_km2,9.56,km2,K1,owid_annual_area_burnt,measured,f_sensor_break;f_min_fire_size;f_product_level
SVN,Slovenia,country,2017,burned_area_km2,9.35,km2,K1,owid_annual_area_burnt,measured,f_sensor_break;f_min_fire_size;f_product_level
SVN,Slovenia,country,2018,burned_area_km2,0.0,km2,K1,owid_annual_area_burnt,measured,f_sensor_break;f_min_fire_size;f_product_level;f_zero_no_detection
SVN,Slovenia,country,2019,burned_area_km2,1.63,km2,K1,owid_annual_area_burnt,measured,f_sensor_break;f_min_fire_size;f_product_level
SVN,Slovenia,country,2020,burned_area_km2,0.0,km2,K1,owid_annual_area_burnt,measured,f_sensor_break;f_min_fire_size;f_product_level;f_zero_no_detection
SVN,Slovenia,country,2021,burned_area_km2,0.0,km2,K1,owid_annual_area_burnt,measured,f_sensor_break;f_min_fire_size;f_product_level;f_zero_no_detection
SVN,Slovenia,country,2022,burned_area_km2,18.94,km2,K1,owid_annual_area_burnt,measured,f_sensor_break;f_min_fire_size;f_product_level
SVN,Slovenia,country,2023,burned_area_km2,0.77,km2,K1,owid_annual_area_burnt,measured,f_sensor_break;f_min_fire_size;f_product_level
SVN,Slovenia,country,2024,burned_area_km2,1.71,km2,K1,owid_annual_area_burnt,measured,f_sensor_break;f_min_fire_size;f_product_level
SVN,Slovenia,country,2025,burned_area_km2,1.9,km2,K1,owid_annual_area_burnt,measured,f_sensor_break;f_min_fire_size;f_product_level
SVN,Slovenia,country,2026,burned_area_km2,1.72,km2,K1,owid_annual_area_burnt,measured,f_sensor_break;f_min_fire_size;f_product_level;f_incomplete_year
SWE,Sverige,country,2012,burned_area_km2,19.62,km2,K1,owid_annual_area_burnt,measured,f_sensor_break;f_min_fire_size;f_product_level
SWE,Sverige,country,2013,burned_area_km2,28.32,km2,K1,owid_annual_area_burnt,measured,f_sensor_break;f_min_fire_size;f_product_level
SWE,Sverige,country,2014,burned_area_km2,206.64,km2,K1,owid_annual_area_burnt,measured,f_sensor_break;f_min_fire_size;f_product_level
SWE,Sverige,country,2015,burned_area_km2,29.26,km2,K1,owid_annual_area_burnt,measured,f_sensor_break;f_min_fire_size;f_product_level
SWE,Sverige,country,2016,burned_area_km2,19.39,km2,K1,owid_annual_area_burnt,measured,f_sensor_break;f_min_fire_size;f_product_level
SWE,Sverige,country,2017,burned_area_km2,18.09,km2,K1,owid_annual_area_burnt,measured,f_sensor_break;f_min_fire_size;f_product_level
SWE,Sverige,country,2018,burned_area_km2,338.75,km2,K1,owid_annual_area_burnt,measured,f_sensor_break;f_min_fire_size;f_product_level
SWE,Sverige,country,2019,burned_area_km2,25.55,km2,K1,owid_annual_area_burnt,measured,f_sensor_break;f_min_fire_size;f_product_level
SWE,Sverige,country,2020,burned_area_km2,161.17,km2,K1,owid_annual_area_burnt,measured,f_sensor_break;f_min_fire_size;f_product_level
SWE,Sverige,country,2021,burned_area_km2,18.28,km2,K1,owid_annual_area_burnt,measured,f_sensor_break;f_min_fire_size;f_product_level
SWE,Sverige,country,2022,burned_area_km2,14.85,km2,K1,owid_annual_area_burnt,measured,f_sensor_break;f_min_fire_size;f_product_level
SWE,Sverige,country,2023,burned_area_km2,10.87,km2,K1,owid_annual_area_burnt,measured,f_sensor_break;f_min_fire_size;f_product_level
SWE,Sverige,country,2024,burned_area_km2,7.9,km2,K1,owid_annual_area_burnt,measured,f_sensor_break;f_min_fire_size;f_product_level
SWE,Sverige,country,2025,burned_area_km2,6.34,km2,K1,owid_annual_area_burnt,measured,f_sensor_break;f_min_fire_size;f_product_level
SWE,Sverige,country,2026,burned_area_km2,2.52,km2,K1,owid_annual_area_burnt,measured,f_sensor_break;f_min_fire_size;f_product_level;f_incomplete_year
SWZ,Eswatini,country,2012,burned_area_km2,1518.72,km2,K1,owid_annual_area_burnt,measured,f_sensor_break;f_min_fire_size;f_product_level
SWZ,Eswatini,country,2013,burned_area_km2,1661.93,km2,K1,owid_annual_area_burnt,measured,f_sensor_break;f_min_fire_size;f_product_level
SWZ,Eswatini,country,2014,burned_area_km2,1878.05,km2,K1,owid_annual_area_burnt,measured,f_sensor_break;f_min_fire_size;f_product_level
SWZ,Eswatini,country,2015,burned_area_km2,790.48,km2,K1,owid_annual_area_burnt,measured,f_sensor_break;f_min_fire_size;f_product_level
SWZ,Eswatini,country,2016,burned_area_km2,580.96,km2,K1,owid_annual_area_burnt,measured,f_sensor_break;f_min_fire_size;f_product_level
SWZ,Eswatini,country,2017,burned_area_km2,984.27,km2,K1,owid_annual_area_burnt,measured,f_sensor_break;f_min_fire_size;f_product_level
SWZ,Eswatini,country,2018,burned_area_km2,753.81,km2,K1,owid_annual_area_burnt,measured,f_sensor_break;f_min_fire_size;f_product_level
SWZ,Eswatini,country,2019,burned_area_km2,2215.05,km2,K1,owid_annual_area_burnt,measured,f_sensor_break;f_min_fire_size;f_product_level
SWZ,Eswatini,country,2020,burned_area_km2,848.68,km2,K1,owid_annual_area_burnt,measured,f_sensor_break;f_min_fire_size;f_product_level
SWZ,Eswatini,country,2021,burned_area_km2,1197.03,km2,K1,owid_annual_area_burnt,measured,f_sensor_break;f_min_fire_size;f_product_level
SWZ,Eswatini,country,2022,burned_area_km2,738.21,km2,K1,owid_annual_area_burnt,measured,f_sensor_break;f_min_fire_size;f_product_level
SWZ,Eswatini,country,2023,burned_area_km2,1040.81,km2,K1,owid_annual_area_burnt,measured,f_sensor_break;f_min_fire_size;f_product_level
SWZ,Eswatini,country,2024,burned_area_km2,1105.25,km2,K1,owid_annual_area_burnt,measured,f_sensor_break;f_min_fire_size;f_product_level
SWZ,Eswatini,country,2025,burned_area_km2,523.86,km2,K1,owid_annual_area_burnt,measured,f_sensor_break;f_min_fire_size;f_product_level
SWZ,Eswatini,country,2026,burned_area_km2,101.69,km2,K1,owid_annual_area_burnt,measured,f_sensor_break;f_min_fire_size;f_product_level;f_incomplete_year
SXM,Sint Maarten (NL),country,2012,burned_area_km2,0.0,km2,K1,owid_annual_area_burnt,measured,f_sensor_break;f_min_fire_size;f_product_level;f_zero_no_detection
SXM,Sint Maarten (NL),country,2013,burned_area_km2,0.0,km2,K1,owid_annual_area_burnt,measured,f_sensor_break;f_min_fire_size;f_product_level;f_zero_no_detection
SXM,Sint Maarten (NL),country,2014,burned_area_km2,0.0,km2,K1,owid_annual_area_burnt,measured,f_sensor_break;f_min_fire_size;f_product_level;f_zero_no_detection
SXM,Sint Maarten (NL),country,2015,burned_area_km2,0.0,km2,K1,owid_annual_area_burnt,measured,f_sensor_break;f_min_fire_size;f_product_level;f_zero_no_detection
SXM,Sint Maarten (NL),country,2016,burned_area_km2,0.0,km2,K1,owid_annual_area_burnt,measured,f_sensor_break;f_min_fire_size;f_product_level;f_zero_no_detection
SXM,Sint Maarten (NL),country,2017,burned_area_km2,0.0,km2,K1,owid_annual_area_burnt,measured,f_sensor_break;f_min_fire_size;f_product_level;f_zero_no_detection
SXM,Sint Maarten (NL),country,2018,burned_area_km2,0.0,km2,K1,owid_annual_area_burnt,measured,f_sensor_break;f_min_fire_size;f_product_level;f_zero_no_detection
SXM,Sint Maarten (NL),country,2019,burned_area_km2,0.0,km2,K1,owid_annual_area_burnt,measured,f_sensor_break;f_min_fire_size;f_product_level;f_zero_no_detection
SXM,Sint Maarten (NL),country,2020,burned_area_km2,0.0,km2,K1,owid_annual_area_burnt,measured,f_sensor_break;f_min_fire_size;f_product_level;f_zero_no_detection
SXM,Sint Maarten (NL),country,2021,burned_area_km2,0.0,km2,K1,owid_annual_area_burnt,measured,f_sensor_break;f_min_fire_size;f_product_level;f_zero_no_detection
SXM,Sint Maarten (NL),country,2022,burned_area_km2,0.0,km2,K1,owid_annual_area_burnt,measured,f_sensor_break;f_min_fire_size;f_product_level;f_zero_no_detection
SXM,Sint Maarten (NL),country,2023,burned_area_km2,0.0,km2,K1,owid_annual_area_burnt,measured,f_sensor_break;f_min_fire_size;f_product_level;f_zero_no_detection
SXM,Sint Maarten (NL),country,2024,burned_area_km2,0.0,km2,K1,owid_annual_area_burnt,measured,f_sensor_break;f_min_fire_size;f_product_level;f_zero_no_detection
SXM,Sint Maarten (NL),country,2025,burned_area_km2,0.0,km2,K1,owid_annual_area_burnt,measured,f_sensor_break;f_min_fire_size;f_product_level;f_zero_no_detection
SXM,Sint Maarten (NL),country,2026,burned_area_km2,0.0,km2,K1,owid_annual_area_burnt,measured,f_sensor_break;f_min_fire_size;f_product_level;f_incomplete_year;f_zero_no_detection
SYC,Seychellene,country,2012,burned_area_km2,0.0,km2,K1,owid_annual_area_burnt,measured,f_sensor_break;f_min_fire_size;f_product_level;f_zero_no_detection
SYC,Seychellene,country,2013,burned_area_km2,0.0,km2,K1,owid_annual_area_burnt,measured,f_sensor_break;f_min_fire_size;f_product_level;f_zero_no_detection
SYC,Seychellene,country,2014,burned_area_km2,0.0,km2,K1,owid_annual_area_burnt,measured,f_sensor_break;f_min_fire_size;f_product_level;f_zero_no_detection
SYC,Seychellene,country,2015,burned_area_km2,0.0,km2,K1,owid_annual_area_burnt,measured,f_sensor_break;f_min_fire_size;f_product_level;f_zero_no_detection
SYC,Seychellene,country,2016,burned_area_km2,0.0,km2,K1,owid_annual_area_burnt,measured,f_sensor_break;f_min_fire_size;f_product_level;f_zero_no_detection
SYC,Seychellene,country,2017,burned_area_km2,0.0,km2,K1,owid_annual_area_burnt,measured,f_sensor_break;f_min_fire_size;f_product_level;f_zero_no_detection
SYC,Seychellene,country,2018,burned_area_km2,0.0,km2,K1,owid_annual_area_burnt,measured,f_sensor_break;f_min_fire_size;f_product_level;f_zero_no_detection
SYC,Seychellene,country,2019,burned_area_km2,0.0,km2,K1,owid_annual_area_burnt,measured,f_sensor_break;f_min_fire_size;f_product_level;f_zero_no_detection
SYC,Seychellene,country,2020,burned_area_km2,0.0,km2,K1,owid_annual_area_burnt,measured,f_sensor_break;f_min_fire_size;f_product_level;f_zero_no_detection
SYC,Seychellene,country,2021,burned_area_km2,0.0,km2,K1,owid_annual_area_burnt,measured,f_sensor_break;f_min_fire_size;f_product_level;f_zero_no_detection
SYC,Seychellene,country,2022,burned_area_km2,0.0,km2,K1,owid_annual_area_burnt,measured,f_sensor_break;f_min_fire_size;f_product_level;f_zero_no_detection
SYC,Seychellene,country,2023,burned_area_km2,0.0,km2,K1,owid_annual_area_burnt,measured,f_sensor_break;f_min_fire_size;f_product_level;f_zero_no_detection
SYC,Seychellene,country,2024,burned_area_km2,0.0,km2,K1,owid_annual_area_burnt,measured,f_sensor_break;f_min_fire_size;f_product_level;f_zero_no_detection
SYC,Seychellene,country,2025,burned_area_km2,0.0,km2,K1,owid_annual_area_burnt,measured,f_sensor_break;f_min_fire_size;f_product_level;f_zero_no_detection
SYC,Seychellene,country,2026,burned_area_km2,0.0,km2,K1,owid_annual_area_burnt,measured,f_sensor_break;f_min_fire_size;f_product_level;f_incomplete_year;f_zero_no_detection
SYR,Syria,country,2012,burned_area_km2,703.01,km2,K1,owid_annual_area_burnt,measured,f_sensor_break;f_min_fire_size;f_product_level
SYR,Syria,country,2013,burned_area_km2,961.79,km2,K1,owid_annual_area_burnt,measured,f_sensor_break;f_min_fire_size;f_product_level
SYR,Syria,country,2014,burned_area_km2,340.81,km2,K1,owid_annual_area_burnt,measured,f_sensor_break;f_min_fire_size;f_product_level
SYR,Syria,country,2015,burned_area_km2,1055.43,km2,K1,owid_annual_area_burnt,measured,f_sensor_break;f_min_fire_size;f_product_level
SYR,Syria,country,2016,burned_area_km2,586.03,km2,K1,owid_annual_area_burnt,measured,f_sensor_break;f_min_fire_size;f_product_level
SYR,Syria,country,2017,burned_area_km2,446.58,km2,K1,owid_annual_area_burnt,measured,f_sensor_break;f_min_fire_size;f_product_level
SYR,Syria,country,2018,burned_area_km2,361.67,km2,K1,owid_annual_area_burnt,measured,f_sensor_break;f_min_fire_size;f_product_level
SYR,Syria,country,2019,burned_area_km2,3602.52,km2,K1,owid_annual_area_burnt,measured,f_sensor_break;f_min_fire_size;f_product_level
SYR,Syria,country,2020,burned_area_km2,2249.86,km2,K1,owid_annual_area_burnt,measured,f_sensor_break;f_min_fire_size;f_product_level
SYR,Syria,country,2021,burned_area_km2,407.25,km2,K1,owid_annual_area_burnt,measured,f_sensor_break;f_min_fire_size;f_product_level
SYR,Syria,country,2022,burned_area_km2,291.85,km2,K1,owid_annual_area_burnt,measured,f_sensor_break;f_min_fire_size;f_product_level
SYR,Syria,country,2023,burned_area_km2,498.64,km2,K1,owid_annual_area_burnt,measured,f_sensor_break;f_min_fire_size;f_product_level
SYR,Syria,country,2024,burned_area_km2,492.72,km2,K1,owid_annual_area_burnt,measured,f_sensor_break;f_min_fire_size;f_product_level
SYR,Syria,country,2025,burned_area_km2,435.75,km2,K1,owid_annual_area_burnt,measured,f_sensor_break;f_min_fire_size;f_product_level
SYR,Syria,country,2026,burned_area_km2,176.15,km2,K1,owid_annual_area_burnt,measured,f_sensor_break;f_min_fire_size;f_product_level;f_incomplete_year
TCA,Turks- og Caicosøyene,country,2012,burned_area_km2,0.0,km2,K1,owid_annual_area_burnt,measured,f_sensor_break;f_min_fire_size;f_product_level;f_zero_no_detection
TCA,Turks- og Caicosøyene,country,2013,burned_area_km2,0.0,km2,K1,owid_annual_area_burnt,measured,f_sensor_break;f_min_fire_size;f_product_level;f_zero_no_detection
TCA,Turks- og Caicosøyene,country,2014,burned_area_km2,0.0,km2,K1,owid_annual_area_burnt,measured,f_sensor_break;f_min_fire_size;f_product_level;f_zero_no_detection
TCA,Turks- og Caicosøyene,country,2015,burned_area_km2,0.0,km2,K1,owid_annual_area_burnt,measured,f_sensor_break;f_min_fire_size;f_product_level;f_zero_no_detection
TCA,Turks- og Caicosøyene,country,2016,burned_area_km2,0.0,km2,K1,owid_annual_area_burnt,measured,f_sensor_break;f_min_fire_size;f_product_level;f_zero_no_detection
TCA,Turks- og Caicosøyene,country,2017,burned_area_km2,0.0,km2,K1,owid_annual_area_burnt,measured,f_sensor_break;f_min_fire_size;f_product_level;f_zero_no_detection
TCA,Turks- og Caicosøyene,country,2018,burned_area_km2,3.8,km2,K1,owid_annual_area_burnt,measured,f_sensor_break;f_min_fire_size;f_product_level
TCA,Turks- og Caicosøyene,country,2019,burned_area_km2,0.0,km2,K1,owid_annual_area_burnt,measured,f_sensor_break;f_min_fire_size;f_product_level;f_zero_no_detection
TCA,Turks- og Caicosøyene,country,2020,burned_area_km2,2.39,km2,K1,owid_annual_area_burnt,measured,f_sensor_break;f_min_fire_size;f_product_level
TCA,Turks- og Caicosøyene,country,2021,burned_area_km2,0.0,km2,K1,owid_annual_area_burnt,measured,f_sensor_break;f_min_fire_size;f_product_level;f_zero_no_detection
TCA,Turks- og Caicosøyene,country,2022,burned_area_km2,0.0,km2,K1,owid_annual_area_burnt,measured,f_sensor_break;f_min_fire_size;f_product_level;f_zero_no_detection
TCA,Turks- og Caicosøyene,country,2023,burned_area_km2,0.0,km2,K1,owid_annual_area_burnt,measured,f_sensor_break;f_min_fire_size;f_product_level;f_zero_no_detection
TCA,Turks- og Caicosøyene,country,2024,burned_area_km2,0.0,km2,K1,owid_annual_area_burnt,measured,f_sensor_break;f_min_fire_size;f_product_level;f_zero_no_detection
TCA,Turks- og Caicosøyene,country,2025,burned_area_km2,4.47,km2,K1,owid_annual_area_burnt,measured,f_sensor_break;f_min_fire_size;f_product_level
TCA,Turks- og Caicosøyene,country,2026,burned_area_km2,0.0,km2,K1,owid_annual_area_burnt,measured,f_sensor_break;f_min_fire_size;f_product_level;f_incomplete_year;f_zero_no_detection
TCD,Tsjad,country,2012,burned_area_km2,61822.91,km2,K1,owid_annual_area_burnt,measured,f_sensor_break;f_min_fire_size;f_product_level
TCD,Tsjad,country,2013,burned_area_km2,62005.86,km2,K1,owid_annual_area_burnt,measured,f_sensor_break;f_min_fire_size;f_product_level
TCD,Tsjad,country,2014,burned_area_km2,51097.21,km2,K1,owid_annual_area_burnt,measured,f_sensor_break;f_min_fire_size;f_product_level
TCD,Tsjad,country,2015,burned_area_km2,52300.42,km2,K1,owid_annual_area_burnt,measured,f_sensor_break;f_min_fire_size;f_product_level
TCD,Tsjad,country,2016,burned_area_km2,68934.35,km2,K1,owid_annual_area_burnt,measured,f_sensor_break;f_min_fire_size;f_product_level
TCD,Tsjad,country,2017,burned_area_km2,54720.23,km2,K1,owid_annual_area_burnt,measured,f_sensor_break;f_min_fire_size;f_product_level
TCD,Tsjad,country,2018,burned_area_km2,31093.74,km2,K1,owid_annual_area_burnt,measured,f_sensor_break;f_min_fire_size;f_product_level
TCD,Tsjad,country,2019,burned_area_km2,49574.46,km2,K1,owid_annual_area_burnt,measured,f_sensor_break;f_min_fire_size;f_product_level
TCD,Tsjad,country,2020,burned_area_km2,58191.71,km2,K1,owid_annual_area_burnt,measured,f_sensor_break;f_min_fire_size;f_product_level
TCD,Tsjad,country,2021,burned_area_km2,63844.62,km2,K1,owid_annual_area_burnt,measured,f_sensor_break;f_min_fire_size;f_product_level
TCD,Tsjad,country,2022,burned_area_km2,41167.42,km2,K1,owid_annual_area_burnt,measured,f_sensor_break;f_min_fire_size;f_product_level
TCD,Tsjad,country,2023,burned_area_km2,47416.77,km2,K1,owid_annual_area_burnt,measured,f_sensor_break;f_min_fire_size;f_product_level
TCD,Tsjad,country,2024,burned_area_km2,33169.92,km2,K1,owid_annual_area_burnt,measured,f_sensor_break;f_min_fire_size;f_product_level
TCD,Tsjad,country,2025,burned_area_km2,32194.05,km2,K1,owid_annual_area_burnt,measured,f_sensor_break;f_min_fire_size;f_product_level
TCD,Tsjad,country,2026,burned_area_km2,13091.55,km2,K1,owid_annual_area_burnt,measured,f_sensor_break;f_min_fire_size;f_product_level;f_incomplete_year
TGO,Togo,country,2012,burned_area_km2,6495.54,km2,K1,owid_annual_area_burnt,measured,f_sensor_break;f_min_fire_size;f_product_level
TGO,Togo,country,2013,burned_area_km2,9612.33,km2,K1,owid_annual_area_burnt,measured,f_sensor_break;f_min_fire_size;f_product_level
TGO,Togo,country,2014,burned_area_km2,7559.41,km2,K1,owid_annual_area_burnt,measured,f_sensor_break;f_min_fire_size;f_product_level
TGO,Togo,country,2015,burned_area_km2,10367.54,km2,K1,owid_annual_area_burnt,measured,f_sensor_break;f_min_fire_size;f_product_level
TGO,Togo,country,2016,burned_area_km2,8183.19,km2,K1,owid_annual_area_burnt,measured,f_sensor_break;f_min_fire_size;f_product_level
TGO,Togo,country,2017,burned_area_km2,7988.48,km2,K1,owid_annual_area_burnt,measured,f_sensor_break;f_min_fire_size;f_product_level
TGO,Togo,country,2018,burned_area_km2,4445.5,km2,K1,owid_annual_area_burnt,measured,f_sensor_break;f_min_fire_size;f_product_level
TGO,Togo,country,2019,burned_area_km2,6371.67,km2,K1,owid_annual_area_burnt,measured,f_sensor_break;f_min_fire_size;f_product_level
TGO,Togo,country,2020,burned_area_km2,7585.59,km2,K1,owid_annual_area_burnt,measured,f_sensor_break;f_min_fire_size;f_product_level
TGO,Togo,country,2021,burned_area_km2,5895.76,km2,K1,owid_annual_area_burnt,measured,f_sensor_break;f_min_fire_size;f_product_level
TGO,Togo,country,2022,burned_area_km2,6839.97,km2,K1,owid_annual_area_burnt,measured,f_sensor_break;f_min_fire_size;f_product_level
TGO,Togo,country,2023,burned_area_km2,4122.92,km2,K1,owid_annual_area_burnt,measured,f_sensor_break;f_min_fire_size;f_product_level
TGO,Togo,country,2024,burned_area_km2,4387.28,km2,K1,owid_annual_area_burnt,measured,f_sensor_break;f_min_fire_size;f_product_level
TGO,Togo,country,2025,burned_area_km2,2749.55,km2,K1,owid_annual_area_burnt,measured,f_sensor_break;f_min_fire_size;f_product_level
TGO,Togo,country,2026,burned_area_km2,2089.05,km2,K1,owid_annual_area_burnt,measured,f_sensor_break;f_min_fire_size;f_product_level;f_incomplete_year
THA,Thailand,country,2012,burned_area_km2,24232.34,km2,K1,owid_annual_area_burnt,measured,f_sensor_break;f_min_fire_size;f_product_level
THA,Thailand,country,2013,burned_area_km2,26226.18,km2,K1,owid_annual_area_burnt,measured,f_sensor_break;f_min_fire_size;f_product_level
THA,Thailand,country,2014,burned_area_km2,27824.29,km2,K1,owid_annual_area_burnt,measured,f_sensor_break;f_min_fire_size;f_product_level
THA,Thailand,country,2015,burned_area_km2,25501.09,km2,K1,owid_annual_area_burnt,measured,f_sensor_break;f_min_fire_size;f_product_level
THA,Thailand,country,2016,burned_area_km2,37132.22,km2,K1,owid_annual_area_burnt,measured,f_sensor_break;f_min_fire_size;f_product_level
THA,Thailand,country,2017,burned_area_km2,18662.43,km2,K1,owid_annual_area_burnt,measured,f_sensor_break;f_min_fire_size;f_product_level
THA,Thailand,country,2018,burned_area_km2,10204.2,km2,K1,owid_annual_area_burnt,measured,f_sensor_break;f_min_fire_size;f_product_level
THA,Thailand,country,2019,burned_area_km2,39275.93,km2,K1,owid_annual_area_burnt,measured,f_sensor_break;f_min_fire_size;f_product_level
THA,Thailand,country,2020,burned_area_km2,39276.51,km2,K1,owid_annual_area_burnt,measured,f_sensor_break;f_min_fire_size;f_product_level
THA,Thailand,country,2021,burned_area_km2,16530.4,km2,K1,owid_annual_area_burnt,measured,f_sensor_break;f_min_fire_size;f_product_level
THA,Thailand,country,2022,burned_area_km2,4656.09,km2,K1,owid_annual_area_burnt,measured,f_sensor_break;f_min_fire_size;f_product_level
THA,Thailand,country,2023,burned_area_km2,28771.93,km2,K1,owid_annual_area_burnt,measured,f_sensor_break;f_min_fire_size;f_product_level
THA,Thailand,country,2024,burned_area_km2,19817.39,km2,K1,owid_annual_area_burnt,measured,f_sensor_break;f_min_fire_size;f_product_level
THA,Thailand,country,2025,burned_area_km2,15461.88,km2,K1,owid_annual_area_burnt,measured,f_sensor_break;f_min_fire_size;f_product_level
THA,Thailand,country,2026,burned_area_km2,26695.5,km2,K1,owid_annual_area_burnt,measured,f_sensor_break;f_min_fire_size;f_product_level;f_incomplete_year
TJK,Tadsjikistan,country,2012,burned_area_km2,27.14,km2,K1,owid_annual_area_burnt,measured,f_sensor_break;f_min_fire_size;f_product_level
TJK,Tadsjikistan,country,2013,burned_area_km2,139.27,km2,K1,owid_annual_area_burnt,measured,f_sensor_break;f_min_fire_size;f_product_level
TJK,Tadsjikistan,country,2014,burned_area_km2,84.77,km2,K1,owid_annual_area_burnt,measured,f_sensor_break;f_min_fire_size;f_product_level
TJK,Tadsjikistan,country,2015,burned_area_km2,34.26,km2,K1,owid_annual_area_burnt,measured,f_sensor_break;f_min_fire_size;f_product_level
TJK,Tadsjikistan,country,2016,burned_area_km2,64.33,km2,K1,owid_annual_area_burnt,measured,f_sensor_break;f_min_fire_size;f_product_level
TJK,Tadsjikistan,country,2017,burned_area_km2,40.43,km2,K1,owid_annual_area_burnt,measured,f_sensor_break;f_min_fire_size;f_product_level
TJK,Tadsjikistan,country,2018,burned_area_km2,19.97,km2,K1,owid_annual_area_burnt,measured,f_sensor_break;f_min_fire_size;f_product_level
TJK,Tadsjikistan,country,2019,burned_area_km2,33.83,km2,K1,owid_annual_area_burnt,measured,f_sensor_break;f_min_fire_size;f_product_level
TJK,Tadsjikistan,country,2020,burned_area_km2,55.81,km2,K1,owid_annual_area_burnt,measured,f_sensor_break;f_min_fire_size;f_product_level
TJK,Tadsjikistan,country,2021,burned_area_km2,40.04,km2,K1,owid_annual_area_burnt,measured,f_sensor_break;f_min_fire_size;f_product_level
TJK,Tadsjikistan,country,2022,burned_area_km2,33.23,km2,K1,owid_annual_area_burnt,measured,f_sensor_break;f_min_fire_size;f_product_level
TJK,Tadsjikistan,country,2023,burned_area_km2,21.74,km2,K1,owid_annual_area_burnt,measured,f_sensor_break;f_min_fire_size;f_product_level
TJK,Tadsjikistan,country,2024,burned_area_km2,15.76,km2,K1,owid_annual_area_burnt,measured,f_sensor_break;f_min_fire_size;f_product_level
TJK,Tadsjikistan,country,2025,burned_area_km2,46.62,km2,K1,owid_annual_area_burnt,measured,f_sensor_break;f_min_fire_size;f_product_level
TJK,Tadsjikistan,country,2026,burned_area_km2,7.83,km2,K1,owid_annual_area_burnt,measured,f_sensor_break;f_min_fire_size;f_product_level;f_incomplete_year
TKL,Tokelau,country,2012,burned_area_km2,0.0,km2,K1,owid_annual_area_burnt,measured,f_sensor_break;f_min_fire_size;f_product_level;f_zero_no_detection
TKL,Tokelau,country,2013,burned_area_km2,0.0,km2,K1,owid_annual_area_burnt,measured,f_sensor_break;f_min_fire_size;f_product_level;f_zero_no_detection
TKL,Tokelau,country,2014,burned_area_km2,0.0,km2,K1,owid_annual_area_burnt,measured,f_sensor_break;f_min_fire_size;f_product_level;f_zero_no_detection
TKL,Tokelau,country,2015,burned_area_km2,0.0,km2,K1,owid_annual_area_burnt,measured,f_sensor_break;f_min_fire_size;f_product_level;f_zero_no_detection
TKL,Tokelau,country,2016,burned_area_km2,0.0,km2,K1,owid_annual_area_burnt,measured,f_sensor_break;f_min_fire_size;f_product_level;f_zero_no_detection
TKL,Tokelau,country,2017,burned_area_km2,0.0,km2,K1,owid_annual_area_burnt,measured,f_sensor_break;f_min_fire_size;f_product_level;f_zero_no_detection
TKL,Tokelau,country,2018,burned_area_km2,0.0,km2,K1,owid_annual_area_burnt,measured,f_sensor_break;f_min_fire_size;f_product_level;f_zero_no_detection
TKL,Tokelau,country,2019,burned_area_km2,0.0,km2,K1,owid_annual_area_burnt,measured,f_sensor_break;f_min_fire_size;f_product_level;f_zero_no_detection
TKL,Tokelau,country,2020,burned_area_km2,0.0,km2,K1,owid_annual_area_burnt,measured,f_sensor_break;f_min_fire_size;f_product_level;f_zero_no_detection
TKL,Tokelau,country,2021,burned_area_km2,0.0,km2,K1,owid_annual_area_burnt,measured,f_sensor_break;f_min_fire_size;f_product_level;f_zero_no_detection
TKL,Tokelau,country,2022,burned_area_km2,0.0,km2,K1,owid_annual_area_burnt,measured,f_sensor_break;f_min_fire_size;f_product_level;f_zero_no_detection
TKL,Tokelau,country,2023,burned_area_km2,0.0,km2,K1,owid_annual_area_burnt,measured,f_sensor_break;f_min_fire_size;f_product_level;f_zero_no_detection
TKL,Tokelau,country,2024,burned_area_km2,0.0,km2,K1,owid_annual_area_burnt,measured,f_sensor_break;f_min_fire_size;f_product_level;f_zero_no_detection
TKL,Tokelau,country,2025,burned_area_km2,0.0,km2,K1,owid_annual_area_burnt,measured,f_sensor_break;f_min_fire_size;f_product_level;f_zero_no_detection
TKL,Tokelau,country,2026,burned_area_km2,0.0,km2,K1,owid_annual_area_burnt,measured,f_sensor_break;f_min_fire_size;f_product_level;f_incomplete_year;f_zero_no_detection
TKM,Turkmenistan,country,2012,burned_area_km2,565.87,km2,K1,owid_annual_area_burnt,measured,f_sensor_break;f_min_fire_size;f_product_level
TKM,Turkmenistan,country,2013,burned_area_km2,814.13,km2,K1,owid_annual_area_burnt,measured,f_sensor_break;f_min_fire_size;f_product_level
TKM,Turkmenistan,country,2014,burned_area_km2,852.64,km2,K1,owid_annual_area_burnt,measured,f_sensor_break;f_min_fire_size;f_product_level
TKM,Turkmenistan,country,2015,burned_area_km2,988.3,km2,K1,owid_annual_area_burnt,measured,f_sensor_break;f_min_fire_size;f_product_level
TKM,Turkmenistan,country,2016,burned_area_km2,1409.4,km2,K1,owid_annual_area_burnt,measured,f_sensor_break;f_min_fire_size;f_product_level
TKM,Turkmenistan,country,2017,burned_area_km2,888.62,km2,K1,owid_annual_area_burnt,measured,f_sensor_break;f_min_fire_size;f_product_level
TKM,Turkmenistan,country,2018,burned_area_km2,666.99,km2,K1,owid_annual_area_burnt,measured,f_sensor_break;f_min_fire_size;f_product_level
TKM,Turkmenistan,country,2019,burned_area_km2,1890.81,km2,K1,owid_annual_area_burnt,measured,f_sensor_break;f_min_fire_size;f_product_level
TKM,Turkmenistan,country,2020,burned_area_km2,1395.85,km2,K1,owid_annual_area_burnt,measured,f_sensor_break;f_min_fire_size;f_product_level
TKM,Turkmenistan,country,2021,burned_area_km2,888.16,km2,K1,owid_annual_area_burnt,measured,f_sensor_break;f_min_fire_size;f_product_level
TKM,Turkmenistan,country,2022,burned_area_km2,640.74,km2,K1,owid_annual_area_burnt,measured,f_sensor_break;f_min_fire_size;f_product_level
TKM,Turkmenistan,country,2023,burned_area_km2,243.64,km2,K1,owid_annual_area_burnt,measured,f_sensor_break;f_min_fire_size;f_product_level
TKM,Turkmenistan,country,2024,burned_area_km2,79.84,km2,K1,owid_annual_area_burnt,measured,f_sensor_break;f_min_fire_size;f_product_level
TKM,Turkmenistan,country,2025,burned_area_km2,306.39,km2,K1,owid_annual_area_burnt,measured,f_sensor_break;f_min_fire_size;f_product_level
TKM,Turkmenistan,country,2026,burned_area_km2,214.84,km2,K1,owid_annual_area_burnt,measured,f_sensor_break;f_min_fire_size;f_product_level;f_incomplete_year
TLS,Øst-Timor,country,2012,burned_area_km2,655.35,km2,K1,owid_annual_area_burnt,measured,f_sensor_break;f_min_fire_size;f_product_level
TLS,Øst-Timor,country,2013,burned_area_km2,179.74,km2,K1,owid_annual_area_burnt,measured,f_sensor_break;f_min_fire_size;f_product_level
TLS,Øst-Timor,country,2014,burned_area_km2,1079.85,km2,K1,owid_annual_area_burnt,measured,f_sensor_break;f_min_fire_size;f_product_level
TLS,Øst-Timor,country,2015,burned_area_km2,541.66,km2,K1,owid_annual_area_burnt,measured,f_sensor_break;f_min_fire_size;f_product_level
TLS,Øst-Timor,country,2016,burned_area_km2,70.24,km2,K1,owid_annual_area_burnt,measured,f_sensor_break;f_min_fire_size;f_product_level
TLS,Øst-Timor,country,2017,burned_area_km2,583.41,km2,K1,owid_annual_area_burnt,measured,f_sensor_break;f_min_fire_size;f_product_level
TLS,Øst-Timor,country,2018,burned_area_km2,940.86,km2,K1,owid_annual_area_burnt,measured,f_sensor_break;f_min_fire_size;f_product_level
TLS,Øst-Timor,country,2019,burned_area_km2,864.45,km2,K1,owid_annual_area_burnt,measured,f_sensor_break;f_min_fire_size;f_product_level
TLS,Øst-Timor,country,2020,burned_area_km2,420.69,km2,K1,owid_annual_area_burnt,measured,f_sensor_break;f_min_fire_size;f_product_level
TLS,Øst-Timor,country,2021,burned_area_km2,120.13,km2,K1,owid_annual_area_burnt,measured,f_sensor_break;f_min_fire_size;f_product_level
TLS,Øst-Timor,country,2022,burned_area_km2,59.72,km2,K1,owid_annual_area_burnt,measured,f_sensor_break;f_min_fire_size;f_product_level
TLS,Øst-Timor,country,2023,burned_area_km2,687.24,km2,K1,owid_annual_area_burnt,measured,f_sensor_break;f_min_fire_size;f_product_level
TLS,Øst-Timor,country,2024,burned_area_km2,167.88,km2,K1,owid_annual_area_burnt,measured,f_sensor_break;f_min_fire_size;f_product_level
TLS,Øst-Timor,country,2025,burned_area_km2,116.33,km2,K1,owid_annual_area_burnt,measured,f_sensor_break;f_min_fire_size;f_product_level
TLS,Øst-Timor,country,2026,burned_area_km2,2.24,km2,K1,owid_annual_area_burnt,measured,f_sensor_break;f_min_fire_size;f_product_level;f_incomplete_year
TON,Tonga,country,2012,burned_area_km2,0.0,km2,K1,owid_annual_area_burnt,measured,f_sensor_break;f_min_fire_size;f_product_level;f_zero_no_detection
TON,Tonga,country,2013,burned_area_km2,0.0,km2,K1,owid_annual_area_burnt,measured,f_sensor_break;f_min_fire_size;f_product_level;f_zero_no_detection
TON,Tonga,country,2014,burned_area_km2,0.0,km2,K1,owid_annual_area_burnt,measured,f_sensor_break;f_min_fire_size;f_product_level;f_zero_no_detection
TON,Tonga,country,2015,burned_area_km2,0.0,km2,K1,owid_annual_area_burnt,measured,f_sensor_break;f_min_fire_size;f_product_level;f_zero_no_detection
TON,Tonga,country,2016,burned_area_km2,0.0,km2,K1,owid_annual_area_burnt,measured,f_sensor_break;f_min_fire_size;f_product_level;f_zero_no_detection
TON,Tonga,country,2017,burned_area_km2,0.0,km2,K1,owid_annual_area_burnt,measured,f_sensor_break;f_min_fire_size;f_product_level;f_zero_no_detection
TON,Tonga,country,2018,burned_area_km2,0.0,km2,K1,owid_annual_area_burnt,measured,f_sensor_break;f_min_fire_size;f_product_level;f_zero_no_detection
TON,Tonga,country,2019,burned_area_km2,0.0,km2,K1,owid_annual_area_burnt,measured,f_sensor_break;f_min_fire_size;f_product_level;f_zero_no_detection
TON,Tonga,country,2020,burned_area_km2,0.0,km2,K1,owid_annual_area_burnt,measured,f_sensor_break;f_min_fire_size;f_product_level;f_zero_no_detection
TON,Tonga,country,2021,burned_area_km2,0.0,km2,K1,owid_annual_area_burnt,measured,f_sensor_break;f_min_fire_size;f_product_level;f_zero_no_detection
TON,Tonga,country,2022,burned_area_km2,0.0,km2,K1,owid_annual_area_burnt,measured,f_sensor_break;f_min_fire_size;f_product_level;f_zero_no_detection
TON,Tonga,country,2023,burned_area_km2,0.0,km2,K1,owid_annual_area_burnt,measured,f_sensor_break;f_min_fire_size;f_product_level;f_zero_no_detection
TON,Tonga,country,2024,burned_area_km2,0.0,km2,K1,owid_annual_area_burnt,measured,f_sensor_break;f_min_fire_size;f_product_level;f_zero_no_detection
TON,Tonga,country,2025,burned_area_km2,0.0,km2,K1,owid_annual_area_burnt,measured,f_sensor_break;f_min_fire_size;f_product_level;f_zero_no_detection
TON,Tonga,country,2026,burned_area_km2,0.0,km2,K1,owid_annual_area_burnt,measured,f_sensor_break;f_min_fire_size;f_product_level;f_incomplete_year;f_zero_no_detection
TTO,Trinidad og Tobago,country,2012,burned_area_km2,7.07,km2,K1,owid_annual_area_burnt,measured,f_sensor_break;f_min_fire_size;f_product_level
TTO,Trinidad og Tobago,country,2013,burned_area_km2,23.2,km2,K1,owid_annual_area_burnt,measured,f_sensor_break;f_min_fire_size;f_product_level
TTO,Trinidad og Tobago,country,2014,burned_area_km2,54.95,km2,K1,owid_annual_area_burnt,measured,f_sensor_break;f_min_fire_size;f_product_level
TTO,Trinidad og Tobago,country,2015,burned_area_km2,15.79,km2,K1,owid_annual_area_burnt,measured,f_sensor_break;f_min_fire_size;f_product_level
TTO,Trinidad og Tobago,country,2016,burned_area_km2,99.73,km2,K1,owid_annual_area_burnt,measured,f_sensor_break;f_min_fire_size;f_product_level
TTO,Trinidad og Tobago,country,2017,burned_area_km2,34.27,km2,K1,owid_annual_area_burnt,measured,f_sensor_break;f_min_fire_size;f_product_level
TTO,Trinidad og Tobago,country,2018,burned_area_km2,16.79,km2,K1,owid_annual_area_burnt,measured,f_sensor_break;f_min_fire_size;f_product_level
TTO,Trinidad og Tobago,country,2019,burned_area_km2,36.07,km2,K1,owid_annual_area_burnt,measured,f_sensor_break;f_min_fire_size;f_product_level
TTO,Trinidad og Tobago,country,2020,burned_area_km2,81.61,km2,K1,owid_annual_area_burnt,measured,f_sensor_break;f_min_fire_size;f_product_level
TTO,Trinidad og Tobago,country,2021,burned_area_km2,1.56,km2,K1,owid_annual_area_burnt,measured,f_sensor_break;f_min_fire_size;f_product_level
TTO,Trinidad og Tobago,country,2022,burned_area_km2,8.04,km2,K1,owid_annual_area_burnt,measured,f_sensor_break;f_min_fire_size;f_product_level
TTO,Trinidad og Tobago,country,2023,burned_area_km2,34.36,km2,K1,owid_annual_area_burnt,measured,f_sensor_break;f_min_fire_size;f_product_level
TTO,Trinidad og Tobago,country,2024,burned_area_km2,61.65,km2,K1,owid_annual_area_burnt,measured,f_sensor_break;f_min_fire_size;f_product_level
TTO,Trinidad og Tobago,country,2025,burned_area_km2,0.0,km2,K1,owid_annual_area_burnt,measured,f_sensor_break;f_min_fire_size;f_product_level;f_zero_no_detection
TTO,Trinidad og Tobago,country,2026,burned_area_km2,23.52,km2,K1,owid_annual_area_burnt,measured,f_sensor_break;f_min_fire_size;f_product_level;f_incomplete_year
TUN,Tunisia,country,2012,burned_area_km2,196.13,km2,K1,owid_annual_area_burnt,measured,f_sensor_break;f_min_fire_size;f_product_level
TUN,Tunisia,country,2013,burned_area_km2,281.04,km2,K1,owid_annual_area_burnt,measured,f_sensor_break;f_min_fire_size;f_product_level
TUN,Tunisia,country,2014,burned_area_km2,311.26,km2,K1,owid_annual_area_burnt,measured,f_sensor_break;f_min_fire_size;f_product_level
TUN,Tunisia,country,2015,burned_area_km2,176.08,km2,K1,owid_annual_area_burnt,measured,f_sensor_break;f_min_fire_size;f_product_level
TUN,Tunisia,country,2016,burned_area_km2,135.73,km2,K1,owid_annual_area_burnt,measured,f_sensor_break;f_min_fire_size;f_product_level
TUN,Tunisia,country,2017,burned_area_km2,384.63,km2,K1,owid_annual_area_burnt,measured,f_sensor_break;f_min_fire_size;f_product_level
TUN,Tunisia,country,2018,burned_area_km2,41.14,km2,K1,owid_annual_area_burnt,measured,f_sensor_break;f_min_fire_size;f_product_level
TUN,Tunisia,country,2019,burned_area_km2,155.23,km2,K1,owid_annual_area_burnt,measured,f_sensor_break;f_min_fire_size;f_product_level
TUN,Tunisia,country,2020,burned_area_km2,273.62,km2,K1,owid_annual_area_burnt,measured,f_sensor_break;f_min_fire_size;f_product_level
TUN,Tunisia,country,2021,burned_area_km2,412.55,km2,K1,owid_annual_area_burnt,measured,f_sensor_break;f_min_fire_size;f_product_level
TUN,Tunisia,country,2022,burned_area_km2,220.04,km2,K1,owid_annual_area_burnt,measured,f_sensor_break;f_min_fire_size;f_product_level
TUN,Tunisia,country,2023,burned_area_km2,107.3,km2,K1,owid_annual_area_burnt,measured,f_sensor_break;f_min_fire_size;f_product_level
TUN,Tunisia,country,2024,burned_area_km2,19.31,km2,K1,owid_annual_area_burnt,measured,f_sensor_break;f_min_fire_size;f_product_level
TUN,Tunisia,country,2025,burned_area_km2,78.97,km2,K1,owid_annual_area_burnt,measured,f_sensor_break;f_min_fire_size;f_product_level
TUN,Tunisia,country,2026,burned_area_km2,185.39,km2,K1,owid_annual_area_burnt,measured,f_sensor_break;f_min_fire_size;f_product_level;f_incomplete_year
TUR,Tyrkia,country,2012,burned_area_km2,2920.67,km2,K1,owid_annual_area_burnt,measured,f_sensor_break;f_min_fire_size;f_product_level
TUR,Tyrkia,country,2013,burned_area_km2,5524.79,km2,K1,owid_annual_area_burnt,measured,f_sensor_break;f_min_fire_size;f_product_level
TUR,Tyrkia,country,2014,burned_area_km2,2804.95,km2,K1,owid_annual_area_burnt,measured,f_sensor_break;f_min_fire_size;f_product_level
TUR,Tyrkia,country,2015,burned_area_km2,9334.1,km2,K1,owid_annual_area_burnt,measured,f_sensor_break;f_min_fire_size;f_product_level
TUR,Tyrkia,country,2016,burned_area_km2,6862.7,km2,K1,owid_annual_area_burnt,measured,f_sensor_break;f_min_fire_size;f_product_level
TUR,Tyrkia,country,2017,burned_area_km2,3976.93,km2,K1,owid_annual_area_burnt,measured,f_sensor_break;f_min_fire_size;f_product_level
TUR,Tyrkia,country,2018,burned_area_km2,3188.86,km2,K1,owid_annual_area_burnt,measured,f_sensor_break;f_min_fire_size;f_product_level
TUR,Tyrkia,country,2019,burned_area_km2,3136.26,km2,K1,owid_annual_area_burnt,measured,f_sensor_break;f_min_fire_size;f_product_level
TUR,Tyrkia,country,2020,burned_area_km2,3957.65,km2,K1,owid_annual_area_burnt,measured,f_sensor_break;f_min_fire_size;f_product_level
TUR,Tyrkia,country,2021,burned_area_km2,3980.9,km2,K1,owid_annual_area_burnt,measured,f_sensor_break;f_min_fire_size;f_product_level
TUR,Tyrkia,country,2022,burned_area_km2,1421.51,km2,K1,owid_annual_area_burnt,measured,f_sensor_break;f_min_fire_size;f_product_level
TUR,Tyrkia,country,2023,burned_area_km2,2429.21,km2,K1,owid_annual_area_burnt,measured,f_sensor_break;f_min_fire_size;f_product_level
TUR,Tyrkia,country,2024,burned_area_km2,2157.25,km2,K1,owid_annual_area_burnt,measured,f_sensor_break;f_min_fire_size;f_product_level
TUR,Tyrkia,country,2025,burned_area_km2,2048.33,km2,K1,owid_annual_area_burnt,measured,f_sensor_break;f_min_fire_size;f_product_level
TUR,Tyrkia,country,2026,burned_area_km2,311.82,km2,K1,owid_annual_area_burnt,measured,f_sensor_break;f_min_fire_size;f_product_level;f_incomplete_year
TUV,Tuvalu,country,2012,burned_area_km2,0.0,km2,K1,owid_annual_area_burnt,measured,f_sensor_break;f_min_fire_size;f_product_level;f_zero_no_detection
TUV,Tuvalu,country,2013,burned_area_km2,0.0,km2,K1,owid_annual_area_burnt,measured,f_sensor_break;f_min_fire_size;f_product_level;f_zero_no_detection
TUV,Tuvalu,country,2014,burned_area_km2,0.0,km2,K1,owid_annual_area_burnt,measured,f_sensor_break;f_min_fire_size;f_product_level;f_zero_no_detection
TUV,Tuvalu,country,2015,burned_area_km2,0.0,km2,K1,owid_annual_area_burnt,measured,f_sensor_break;f_min_fire_size;f_product_level;f_zero_no_detection
TUV,Tuvalu,country,2016,burned_area_km2,0.0,km2,K1,owid_annual_area_burnt,measured,f_sensor_break;f_min_fire_size;f_product_level;f_zero_no_detection
TUV,Tuvalu,country,2017,burned_area_km2,0.0,km2,K1,owid_annual_area_burnt,measured,f_sensor_break;f_min_fire_size;f_product_level;f_zero_no_detection
TUV,Tuvalu,country,2018,burned_area_km2,0.0,km2,K1,owid_annual_area_burnt,measured,f_sensor_break;f_min_fire_size;f_product_level;f_zero_no_detection
TUV,Tuvalu,country,2019,burned_area_km2,0.0,km2,K1,owid_annual_area_burnt,measured,f_sensor_break;f_min_fire_size;f_product_level;f_zero_no_detection
TUV,Tuvalu,country,2020,burned_area_km2,0.0,km2,K1,owid_annual_area_burnt,measured,f_sensor_break;f_min_fire_size;f_product_level;f_zero_no_detection
TUV,Tuvalu,country,2021,burned_area_km2,0.0,km2,K1,owid_annual_area_burnt,measured,f_sensor_break;f_min_fire_size;f_product_level;f_zero_no_detection
TUV,Tuvalu,country,2022,burned_area_km2,0.0,km2,K1,owid_annual_area_burnt,measured,f_sensor_break;f_min_fire_size;f_product_level;f_zero_no_detection
TUV,Tuvalu,country,2023,burned_area_km2,0.0,km2,K1,owid_annual_area_burnt,measured,f_sensor_break;f_min_fire_size;f_product_level;f_zero_no_detection
TUV,Tuvalu,country,2024,burned_area_km2,0.0,km2,K1,owid_annual_area_burnt,measured,f_sensor_break;f_min_fire_size;f_product_level;f_zero_no_detection
TUV,Tuvalu,country,2025,burned_area_km2,0.0,km2,K1,owid_annual_area_burnt,measured,f_sensor_break;f_min_fire_size;f_product_level;f_zero_no_detection
TUV,Tuvalu,country,2026,burned_area_km2,0.0,km2,K1,owid_annual_area_burnt,measured,f_sensor_break;f_min_fire_size;f_product_level;f_incomplete_year;f_zero_no_detection
TWN,Taiwan,country,2012,burned_area_km2,3.02,km2,K1,owid_annual_area_burnt,measured,f_sensor_break;f_min_fire_size;f_product_level
TWN,Taiwan,country,2013,burned_area_km2,4.35,km2,K1,owid_annual_area_burnt,measured,f_sensor_break;f_min_fire_size;f_product_level
TWN,Taiwan,country,2014,burned_area_km2,12.26,km2,K1,owid_annual_area_burnt,measured,f_sensor_break;f_min_fire_size;f_product_level
TWN,Taiwan,country,2015,burned_area_km2,21.92,km2,K1,owid_annual_area_burnt,measured,f_sensor_break;f_min_fire_size;f_product_level
TWN,Taiwan,country,2016,burned_area_km2,3.65,km2,K1,owid_annual_area_burnt,measured,f_sensor_break;f_min_fire_size;f_product_level
TWN,Taiwan,country,2017,burned_area_km2,3.52,km2,K1,owid_annual_area_burnt,measured,f_sensor_break;f_min_fire_size;f_product_level
TWN,Taiwan,country,2018,burned_area_km2,9.95,km2,K1,owid_annual_area_burnt,measured,f_sensor_break;f_min_fire_size;f_product_level
TWN,Taiwan,country,2019,burned_area_km2,13.02,km2,K1,owid_annual_area_burnt,measured,f_sensor_break;f_min_fire_size;f_product_level
TWN,Taiwan,country,2020,burned_area_km2,13.26,km2,K1,owid_annual_area_burnt,measured,f_sensor_break;f_min_fire_size;f_product_level
TWN,Taiwan,country,2021,burned_area_km2,20.15,km2,K1,owid_annual_area_burnt,measured,f_sensor_break;f_min_fire_size;f_product_level
TWN,Taiwan,country,2022,burned_area_km2,3.92,km2,K1,owid_annual_area_burnt,measured,f_sensor_break;f_min_fire_size;f_product_level
TWN,Taiwan,country,2023,burned_area_km2,23.81,km2,K1,owid_annual_area_burnt,measured,f_sensor_break;f_min_fire_size;f_product_level
TWN,Taiwan,country,2024,burned_area_km2,4.13,km2,K1,owid_annual_area_burnt,measured,f_sensor_break;f_min_fire_size;f_product_level
TWN,Taiwan,country,2025,burned_area_km2,2.33,km2,K1,owid_annual_area_burnt,measured,f_sensor_break;f_min_fire_size;f_product_level
TWN,Taiwan,country,2026,burned_area_km2,4.31,km2,K1,owid_annual_area_burnt,measured,f_sensor_break;f_min_fire_size;f_product_level;f_incomplete_year
TZA,Tanzania,country,2012,burned_area_km2,117104.37,km2,K1,owid_annual_area_burnt,measured,f_sensor_break;f_min_fire_size;f_product_level
TZA,Tanzania,country,2013,burned_area_km2,109087.88,km2,K1,owid_annual_area_burnt,measured,f_sensor_break;f_min_fire_size;f_product_level
TZA,Tanzania,country,2014,burned_area_km2,92867.01,km2,K1,owid_annual_area_burnt,measured,f_sensor_break;f_min_fire_size;f_product_level
TZA,Tanzania,country,2015,burned_area_km2,115679.92,km2,K1,owid_annual_area_burnt,measured,f_sensor_break;f_min_fire_size;f_product_level
TZA,Tanzania,country,2016,burned_area_km2,118381.02,km2,K1,owid_annual_area_burnt,measured,f_sensor_break;f_min_fire_size;f_product_level
TZA,Tanzania,country,2017,burned_area_km2,90143.08,km2,K1,owid_annual_area_burnt,measured,f_sensor_break;f_min_fire_size;f_product_level
TZA,Tanzania,country,2018,burned_area_km2,82741.57,km2,K1,owid_annual_area_burnt,measured,f_sensor_break;f_min_fire_size;f_product_level
TZA,Tanzania,country,2019,burned_area_km2,91455.94,km2,K1,owid_annual_area_burnt,measured,f_sensor_break;f_min_fire_size;f_product_level
TZA,Tanzania,country,2020,burned_area_km2,102166.4,km2,K1,owid_annual_area_burnt,measured,f_sensor_break;f_min_fire_size;f_product_level
TZA,Tanzania,country,2021,burned_area_km2,97516.65,km2,K1,owid_annual_area_burnt,measured,f_sensor_break;f_min_fire_size;f_product_level
TZA,Tanzania,country,2022,burned_area_km2,75672.53,km2,K1,owid_annual_area_burnt,measured,f_sensor_break;f_min_fire_size;f_product_level
TZA,Tanzania,country,2023,burned_area_km2,65352.85,km2,K1,owid_annual_area_burnt,measured,f_sensor_break;f_min_fire_size;f_product_level
TZA,Tanzania,country,2024,burned_area_km2,63185.98,km2,K1,owid_annual_area_burnt,measured,f_sensor_break;f_min_fire_size;f_product_level
TZA,Tanzania,country,2025,burned_area_km2,62321.31,km2,K1,owid_annual_area_burnt,measured,f_sensor_break;f_min_fire_size;f_product_level
TZA,Tanzania,country,2026,burned_area_km2,10486.63,km2,K1,owid_annual_area_burnt,measured,f_sensor_break;f_min_fire_size;f_product_level;f_incomplete_year
UGA,Uganda,country,2012,burned_area_km2,22564.73,km2,K1,owid_annual_area_burnt,measured,f_sensor_break;f_min_fire_size;f_product_level
UGA,Uganda,country,2013,burned_area_km2,27451.01,km2,K1,owid_annual_area_burnt,measured,f_sensor_break;f_min_fire_size;f_product_level
UGA,Uganda,country,2014,burned_area_km2,18725.51,km2,K1,owid_annual_area_burnt,measured,f_sensor_break;f_min_fire_size;f_product_level
UGA,Uganda,country,2015,burned_area_km2,25662.97,km2,K1,owid_annual_area_burnt,measured,f_sensor_break;f_min_fire_size;f_product_level
UGA,Uganda,country,2016,burned_area_km2,30634.52,km2,K1,owid_annual_area_burnt,measured,f_sensor_break;f_min_fire_size;f_product_level
UGA,Uganda,country,2017,burned_area_km2,24378.4,km2,K1,owid_annual_area_burnt,measured,f_sensor_break;f_min_fire_size;f_product_level
UGA,Uganda,country,2018,burned_area_km2,13913.34,km2,K1,owid_annual_area_burnt,measured,f_sensor_break;f_min_fire_size;f_product_level
UGA,Uganda,country,2019,burned_area_km2,12976.06,km2,K1,owid_annual_area_burnt,measured,f_sensor_break;f_min_fire_size;f_product_level
UGA,Uganda,country,2020,burned_area_km2,19893.24,km2,K1,owid_annual_area_burnt,measured,f_sensor_break;f_min_fire_size;f_product_level
UGA,Uganda,country,2021,burned_area_km2,20252.93,km2,K1,owid_annual_area_burnt,measured,f_sensor_break;f_min_fire_size;f_product_level
UGA,Uganda,country,2022,burned_area_km2,11697.44,km2,K1,owid_annual_area_burnt,measured,f_sensor_break;f_min_fire_size;f_product_level
UGA,Uganda,country,2023,burned_area_km2,13600.07,km2,K1,owid_annual_area_burnt,measured,f_sensor_break;f_min_fire_size;f_product_level
UGA,Uganda,country,2024,burned_area_km2,9433.5,km2,K1,owid_annual_area_burnt,measured,f_sensor_break;f_min_fire_size;f_product_level
UGA,Uganda,country,2025,burned_area_km2,11515.65,km2,K1,owid_annual_area_burnt,measured,f_sensor_break;f_min_fire_size;f_product_level
UGA,Uganda,country,2026,burned_area_km2,5196.01,km2,K1,owid_annual_area_burnt,measured,f_sensor_break;f_min_fire_size;f_product_level;f_incomplete_year
UKR,Ukraina,country,2012,burned_area_km2,6024.27,km2,K1,owid_annual_area_burnt,measured,f_sensor_break;f_min_fire_size;f_product_level
UKR,Ukraina,country,2013,burned_area_km2,4974.48,km2,K1,owid_annual_area_burnt,measured,f_sensor_break;f_min_fire_size;f_product_level
UKR,Ukraina,country,2014,burned_area_km2,22202.04,km2,K1,owid_annual_area_burnt,measured,f_sensor_break;f_min_fire_size;f_product_level
UKR,Ukraina,country,2015,burned_area_km2,20731.43,km2,K1,owid_annual_area_burnt,measured,f_sensor_break;f_min_fire_size;f_product_level
UKR,Ukraina,country,2016,burned_area_km2,11114.47,km2,K1,owid_annual_area_burnt,measured,f_sensor_break;f_min_fire_size;f_product_level
UKR,Ukraina,country,2017,burned_area_km2,16045.14,km2,K1,owid_annual_area_burnt,measured,f_sensor_break;f_min_fire_size;f_product_level
UKR,Ukraina,country,2018,burned_area_km2,7512.98,km2,K1,owid_annual_area_burnt,measured,f_sensor_break;f_min_fire_size;f_product_level
UKR,Ukraina,country,2019,burned_area_km2,10711.84,km2,K1,owid_annual_area_burnt,measured,f_sensor_break;f_min_fire_size;f_product_level
UKR,Ukraina,country,2020,burned_area_km2,11036.96,km2,K1,owid_annual_area_burnt,measured,f_sensor_break;f_min_fire_size;f_product_level
UKR,Ukraina,country,2021,burned_area_km2,3423.02,km2,K1,owid_annual_area_burnt,measured,f_sensor_break;f_min_fire_size;f_product_level
UKR,Ukraina,country,2022,burned_area_km2,7069.64,km2,K1,owid_annual_area_burnt,measured,f_sensor_break;f_min_fire_size;f_product_level
UKR,Ukraina,country,2023,burned_area_km2,4437.62,km2,K1,owid_annual_area_burnt,measured,f_sensor_break;f_min_fire_size;f_product_level
UKR,Ukraina,country,2024,burned_area_km2,8111.61,km2,K1,owid_annual_area_burnt,measured,f_sensor_break;f_min_fire_size;f_product_level
UKR,Ukraina,country,2025,burned_area_km2,4483.78,km2,K1,owid_annual_area_burnt,measured,f_sensor_break;f_min_fire_size;f_product_level
UKR,Ukraina,country,2026,burned_area_km2,1542.02,km2,K1,owid_annual_area_burnt,measured,f_sensor_break;f_min_fire_size;f_product_level;f_incomplete_year
UMI,USAs ytre småøyer,country,2012,burned_area_km2,1.75,km2,K1,owid_annual_area_burnt,measured,f_sensor_break;f_min_fire_size;f_product_level
UMI,USAs ytre småøyer,country,2013,burned_area_km2,0.0,km2,K1,owid_annual_area_burnt,measured,f_sensor_break;f_min_fire_size;f_product_level;f_zero_no_detection
UMI,USAs ytre småøyer,country,2014,burned_area_km2,0.0,km2,K1,owid_annual_area_burnt,measured,f_sensor_break;f_min_fire_size;f_product_level;f_zero_no_detection
UMI,USAs ytre småøyer,country,2015,burned_area_km2,0.0,km2,K1,owid_annual_area_burnt,measured,f_sensor_break;f_min_fire_size;f_product_level;f_zero_no_detection
UMI,USAs ytre småøyer,country,2016,burned_area_km2,0.0,km2,K1,owid_annual_area_burnt,measured,f_sensor_break;f_min_fire_size;f_product_level;f_zero_no_detection
UMI,USAs ytre småøyer,country,2017,burned_area_km2,0.0,km2,K1,owid_annual_area_burnt,measured,f_sensor_break;f_min_fire_size;f_product_level;f_zero_no_detection
UMI,USAs ytre småøyer,country,2018,burned_area_km2,0.0,km2,K1,owid_annual_area_burnt,measured,f_sensor_break;f_min_fire_size;f_product_level;f_zero_no_detection
UMI,USAs ytre småøyer,country,2019,burned_area_km2,0.0,km2,K1,owid_annual_area_burnt,measured,f_sensor_break;f_min_fire_size;f_product_level;f_zero_no_detection
UMI,USAs ytre småøyer,country,2020,burned_area_km2,0.0,km2,K1,owid_annual_area_burnt,measured,f_sensor_break;f_min_fire_size;f_product_level;f_zero_no_detection
UMI,USAs ytre småøyer,country,2021,burned_area_km2,0.0,km2,K1,owid_annual_area_burnt,measured,f_sensor_break;f_min_fire_size;f_product_level;f_zero_no_detection
UMI,USAs ytre småøyer,country,2022,burned_area_km2,0.0,km2,K1,owid_annual_area_burnt,measured,f_sensor_break;f_min_fire_size;f_product_level;f_zero_no_detection
UMI,USAs ytre småøyer,country,2023,burned_area_km2,0.0,km2,K1,owid_annual_area_burnt,measured,f_sensor_break;f_min_fire_size;f_product_level;f_zero_no_detection
UMI,USAs ytre småøyer,country,2024,burned_area_km2,0.0,km2,K1,owid_annual_area_burnt,measured,f_sensor_break;f_min_fire_size;f_product_level;f_zero_no_detection
UMI,USAs ytre småøyer,country,2025,burned_area_km2,0.0,km2,K1,owid_annual_area_burnt,measured,f_sensor_break;f_min_fire_size;f_product_level;f_zero_no_detection
UMI,USAs ytre småøyer,country,2026,burned_area_km2,0.0,km2,K1,owid_annual_area_burnt,measured,f_sensor_break;f_min_fire_size;f_product_level;f_incomplete_year;f_zero_no_detection
URY,Uruguay,country,2012,burned_area_km2,433.29,km2,K1,owid_annual_area_burnt,measured,f_sensor_break;f_min_fire_size;f_product_level
URY,Uruguay,country,2013,burned_area_km2,341.63,km2,K1,owid_annual_area_burnt,measured,f_sensor_break;f_min_fire_size;f_product_level
URY,Uruguay,country,2014,burned_area_km2,182.93,km2,K1,owid_annual_area_burnt,measured,f_sensor_break;f_min_fire_size;f_product_level
URY,Uruguay,country,2015,burned_area_km2,703.1,km2,K1,owid_annual_area_burnt,measured,f_sensor_break;f_min_fire_size;f_product_level
URY,Uruguay,country,2016,burned_area_km2,208.93,km2,K1,owid_annual_area_burnt,measured,f_sensor_break;f_min_fire_size;f_product_level
URY,Uruguay,country,2017,burned_area_km2,207.74,km2,K1,owid_annual_area_burnt,measured,f_sensor_break;f_min_fire_size;f_product_level
URY,Uruguay,country,2018,burned_area_km2,292.45,km2,K1,owid_annual_area_burnt,measured,f_sensor_break;f_min_fire_size;f_product_level
URY,Uruguay,country,2019,burned_area_km2,308.66,km2,K1,owid_annual_area_burnt,measured,f_sensor_break;f_min_fire_size;f_product_level
URY,Uruguay,country,2020,burned_area_km2,764.11,km2,K1,owid_annual_area_burnt,measured,f_sensor_break;f_min_fire_size;f_product_level
URY,Uruguay,country,2021,burned_area_km2,547.23,km2,K1,owid_annual_area_burnt,measured,f_sensor_break;f_min_fire_size;f_product_level
URY,Uruguay,country,2022,burned_area_km2,386.1,km2,K1,owid_annual_area_burnt,measured,f_sensor_break;f_min_fire_size;f_product_level
URY,Uruguay,country,2023,burned_area_km2,326.92,km2,K1,owid_annual_area_burnt,measured,f_sensor_break;f_min_fire_size;f_product_level
URY,Uruguay,country,2024,burned_area_km2,95.77,km2,K1,owid_annual_area_burnt,measured,f_sensor_break;f_min_fire_size;f_product_level
URY,Uruguay,country,2025,burned_area_km2,190.57,km2,K1,owid_annual_area_burnt,measured,f_sensor_break;f_min_fire_size;f_product_level
URY,Uruguay,country,2026,burned_area_km2,93.08,km2,K1,owid_annual_area_burnt,measured,f_sensor_break;f_min_fire_size;f_product_level;f_incomplete_year
USA,USA,country,2012,burned_area_km2,60012.86,km2,K1,owid_annual_area_burnt,measured,f_sensor_break;f_min_fire_size;f_product_level
USA,USA,country,2013,burned_area_km2,45424.83,km2,K1,owid_annual_area_burnt,measured,f_sensor_break;f_min_fire_size;f_product_level
USA,USA,country,2014,burned_area_km2,46928.3,km2,K1,owid_annual_area_burnt,measured,f_sensor_break;f_min_fire_size;f_product_level
USA,USA,country,2015,burned_area_km2,66118.53,km2,K1,owid_annual_area_burnt,measured,f_sensor_break;f_min_fire_size;f_product_level
USA,USA,country,2016,burned_area_km2,56077.46,km2,K1,owid_annual_area_burnt,measured,f_sensor_break;f_min_fire_size;f_product_level
USA,USA,country,2017,burned_area_km2,68934.15,km2,K1,owid_annual_area_burnt,measured,f_sensor_break;f_min_fire_size;f_product_level
USA,USA,country,2018,burned_area_km2,56132.24,km2,K1,owid_annual_area_burnt,measured,f_sensor_break;f_min_fire_size;f_product_level
USA,USA,country,2019,burned_area_km2,50522.71,km2,K1,owid_annual_area_burnt,measured,f_sensor_break;f_min_fire_size;f_product_level
USA,USA,country,2020,burned_area_km2,73050.5,km2,K1,owid_annual_area_burnt,measured,f_sensor_break;f_min_fire_size;f_product_level
USA,USA,country,2021,burned_area_km2,68251.04,km2,K1,owid_annual_area_burnt,measured,f_sensor_break;f_min_fire_size;f_product_level
USA,USA,country,2022,burned_area_km2,65628.04,km2,K1,owid_annual_area_burnt,measured,f_sensor_break;f_min_fire_size;f_product_level
USA,USA,country,2023,burned_area_km2,34070.76,km2,K1,owid_annual_area_burnt,measured,f_sensor_break;f_min_fire_size;f_product_level
USA,USA,country,2024,burned_area_km2,43452.06,km2,K1,owid_annual_area_burnt,measured,f_sensor_break;f_min_fire_size;f_product_level
USA,USA,country,2025,burned_area_km2,32315.15,km2,K1,owid_annual_area_burnt,measured,f_sensor_break;f_min_fire_size;f_product_level
USA,USA,country,2026,burned_area_km2,23712.07,km2,K1,owid_annual_area_burnt,measured,f_sensor_break;f_min_fire_size;f_product_level;f_incomplete_year
UZB,Usbekistan,country,2012,burned_area_km2,1138.74,km2,K1,owid_annual_area_burnt,measured,f_sensor_break;f_min_fire_size;f_product_level
UZB,Usbekistan,country,2013,burned_area_km2,1238.91,km2,K1,owid_annual_area_burnt,measured,f_sensor_break;f_min_fire_size;f_product_level
UZB,Usbekistan,country,2014,burned_area_km2,1413.32,km2,K1,owid_annual_area_burnt,measured,f_sensor_break;f_min_fire_size;f_product_level
UZB,Usbekistan,country,2015,burned_area_km2,918.21,km2,K1,owid_annual_area_burnt,measured,f_sensor_break;f_min_fire_size;f_product_level
UZB,Usbekistan,country,2016,burned_area_km2,895.6,km2,K1,owid_annual_area_burnt,measured,f_sensor_break;f_min_fire_size;f_product_level
UZB,Usbekistan,country,2017,burned_area_km2,1014.49,km2,K1,owid_annual_area_burnt,measured,f_sensor_break;f_min_fire_size;f_product_level
UZB,Usbekistan,country,2018,burned_area_km2,1108.29,km2,K1,owid_annual_area_burnt,measured,f_sensor_break;f_min_fire_size;f_product_level
UZB,Usbekistan,country,2019,burned_area_km2,1005.18,km2,K1,owid_annual_area_burnt,measured,f_sensor_break;f_min_fire_size;f_product_level
UZB,Usbekistan,country,2020,burned_area_km2,1040.89,km2,K1,owid_annual_area_burnt,measured,f_sensor_break;f_min_fire_size;f_product_level
UZB,Usbekistan,country,2021,burned_area_km2,1431.45,km2,K1,owid_annual_area_burnt,measured,f_sensor_break;f_min_fire_size;f_product_level
UZB,Usbekistan,country,2022,burned_area_km2,807.34,km2,K1,owid_annual_area_burnt,measured,f_sensor_break;f_min_fire_size;f_product_level
UZB,Usbekistan,country,2023,burned_area_km2,618.44,km2,K1,owid_annual_area_burnt,measured,f_sensor_break;f_min_fire_size;f_product_level
UZB,Usbekistan,country,2024,burned_area_km2,238.89,km2,K1,owid_annual_area_burnt,measured,f_sensor_break;f_min_fire_size;f_product_level
UZB,Usbekistan,country,2025,burned_area_km2,401.1,km2,K1,owid_annual_area_burnt,measured,f_sensor_break;f_min_fire_size;f_product_level
UZB,Usbekistan,country,2026,burned_area_km2,256.17,km2,K1,owid_annual_area_burnt,measured,f_sensor_break;f_min_fire_size;f_product_level;f_incomplete_year
VAT,Vatikanstaten,country,2012,burned_area_km2,0.0,km2,K1,owid_annual_area_burnt,measured,f_sensor_break;f_min_fire_size;f_product_level;f_zero_no_detection
VAT,Vatikanstaten,country,2013,burned_area_km2,0.0,km2,K1,owid_annual_area_burnt,measured,f_sensor_break;f_min_fire_size;f_product_level;f_zero_no_detection
VAT,Vatikanstaten,country,2014,burned_area_km2,0.0,km2,K1,owid_annual_area_burnt,measured,f_sensor_break;f_min_fire_size;f_product_level;f_zero_no_detection
VAT,Vatikanstaten,country,2015,burned_area_km2,0.0,km2,K1,owid_annual_area_burnt,measured,f_sensor_break;f_min_fire_size;f_product_level;f_zero_no_detection
VAT,Vatikanstaten,country,2016,burned_area_km2,0.0,km2,K1,owid_annual_area_burnt,measured,f_sensor_break;f_min_fire_size;f_product_level;f_zero_no_detection
VAT,Vatikanstaten,country,2017,burned_area_km2,0.0,km2,K1,owid_annual_area_burnt,measured,f_sensor_break;f_min_fire_size;f_product_level;f_zero_no_detection
VAT,Vatikanstaten,country,2018,burned_area_km2,0.0,km2,K1,owid_annual_area_burnt,measured,f_sensor_break;f_min_fire_size;f_product_level;f_zero_no_detection
VAT,Vatikanstaten,country,2019,burned_area_km2,0.0,km2,K1,owid_annual_area_burnt,measured,f_sensor_break;f_min_fire_size;f_product_level;f_zero_no_detection
VAT,Vatikanstaten,country,2020,burned_area_km2,0.0,km2,K1,owid_annual_area_burnt,measured,f_sensor_break;f_min_fire_size;f_product_level;f_zero_no_detection
VAT,Vatikanstaten,country,2021,burned_area_km2,0.0,km2,K1,owid_annual_area_burnt,measured,f_sensor_break;f_min_fire_size;f_product_level;f_zero_no_detection
VAT,Vatikanstaten,country,2022,burned_area_km2,0.0,km2,K1,owid_annual_area_burnt,measured,f_sensor_break;f_min_fire_size;f_product_level;f_zero_no_detection
VAT,Vatikanstaten,country,2023,burned_area_km2,0.0,km2,K1,owid_annual_area_burnt,measured,f_sensor_break;f_min_fire_size;f_product_level;f_zero_no_detection
VAT,Vatikanstaten,country,2024,burned_area_km2,0.0,km2,K1,owid_annual_area_burnt,measured,f_sensor_break;f_min_fire_size;f_product_level;f_zero_no_detection
VAT,Vatikanstaten,country,2025,burned_area_km2,0.0,km2,K1,owid_annual_area_burnt,measured,f_sensor_break;f_min_fire_size;f_product_level;f_zero_no_detection
VAT,Vatikanstaten,country,2026,burned_area_km2,0.0,km2,K1,owid_annual_area_burnt,measured,f_sensor_break;f_min_fire_size;f_product_level;f_incomplete_year;f_zero_no_detection
VCT,St. Vincent og Grenadinene,country,2012,burned_area_km2,0.0,km2,K1,owid_annual_area_burnt,measured,f_sensor_break;f_min_fire_size;f_product_level;f_zero_no_detection
VCT,St. Vincent og Grenadinene,country,2013,burned_area_km2,0.0,km2,K1,owid_annual_area_burnt,measured,f_sensor_break;f_min_fire_size;f_product_level;f_zero_no_detection
VCT,St. Vincent og Grenadinene,country,2014,burned_area_km2,0.0,km2,K1,owid_annual_area_burnt,measured,f_sensor_break;f_min_fire_size;f_product_level;f_zero_no_detection
VCT,St. Vincent og Grenadinene,country,2015,burned_area_km2,0.0,km2,K1,owid_annual_area_burnt,measured,f_sensor_break;f_min_fire_size;f_product_level;f_zero_no_detection
VCT,St. Vincent og Grenadinene,country,2016,burned_area_km2,0.0,km2,K1,owid_annual_area_burnt,measured,f_sensor_break;f_min_fire_size;f_product_level;f_zero_no_detection
VCT,St. Vincent og Grenadinene,country,2017,burned_area_km2,0.0,km2,K1,owid_annual_area_burnt,measured,f_sensor_break;f_min_fire_size;f_product_level;f_zero_no_detection
VCT,St. Vincent og Grenadinene,country,2018,burned_area_km2,0.0,km2,K1,owid_annual_area_burnt,measured,f_sensor_break;f_min_fire_size;f_product_level;f_zero_no_detection
VCT,St. Vincent og Grenadinene,country,2019,burned_area_km2,0.0,km2,K1,owid_annual_area_burnt,measured,f_sensor_break;f_min_fire_size;f_product_level;f_zero_no_detection
VCT,St. Vincent og Grenadinene,country,2020,burned_area_km2,2.45,km2,K1,owid_annual_area_burnt,measured,f_sensor_break;f_min_fire_size;f_product_level
VCT,St. Vincent og Grenadinene,country,2021,burned_area_km2,17.14,km2,K1,owid_annual_area_burnt,measured,f_sensor_break;f_min_fire_size;f_product_level
VCT,St. Vincent og Grenadinene,country,2022,burned_area_km2,0.0,km2,K1,owid_annual_area_burnt,measured,f_sensor_break;f_min_fire_size;f_product_level;f_zero_no_detection
VCT,St. Vincent og Grenadinene,country,2023,burned_area_km2,0.0,km2,K1,owid_annual_area_burnt,measured,f_sensor_break;f_min_fire_size;f_product_level;f_zero_no_detection
VCT,St. Vincent og Grenadinene,country,2024,burned_area_km2,0.0,km2,K1,owid_annual_area_burnt,measured,f_sensor_break;f_min_fire_size;f_product_level;f_zero_no_detection
VCT,St. Vincent og Grenadinene,country,2025,burned_area_km2,0.0,km2,K1,owid_annual_area_burnt,measured,f_sensor_break;f_min_fire_size;f_product_level;f_zero_no_detection
VCT,St. Vincent og Grenadinene,country,2026,burned_area_km2,0.0,km2,K1,owid_annual_area_burnt,measured,f_sensor_break;f_min_fire_size;f_product_level;f_incomplete_year;f_zero_no_detection
VEN,Venezuela,country,2012,burned_area_km2,20894.75,km2,K1,owid_annual_area_burnt,measured,f_sensor_break;f_min_fire_size;f_product_level
VEN,Venezuela,country,2013,burned_area_km2,45059.87,km2,K1,owid_annual_area_burnt,measured,f_sensor_break;f_min_fire_size;f_product_level
VEN,Venezuela,country,2014,burned_area_km2,46551.87,km2,K1,owid_annual_area_burnt,measured,f_sensor_break;f_min_fire_size;f_product_level
VEN,Venezuela,country,2015,burned_area_km2,37521.25,km2,K1,owid_annual_area_burnt,measured,f_sensor_break;f_min_fire_size;f_product_level
VEN,Venezuela,country,2016,burned_area_km2,46652.81,km2,K1,owid_annual_area_burnt,measured,f_sensor_break;f_min_fire_size;f_product_level
VEN,Venezuela,country,2017,burned_area_km2,28881.14,km2,K1,owid_annual_area_burnt,measured,f_sensor_break;f_min_fire_size;f_product_level
VEN,Venezuela,country,2018,burned_area_km2,35638.11,km2,K1,owid_annual_area_burnt,measured,f_sensor_break;f_min_fire_size;f_product_level
VEN,Venezuela,country,2019,burned_area_km2,62212.79,km2,K1,owid_annual_area_burnt,measured,f_sensor_break;f_min_fire_size;f_product_level
VEN,Venezuela,country,2020,burned_area_km2,80027.33,km2,K1,owid_annual_area_burnt,measured,f_sensor_break;f_min_fire_size;f_product_level
VEN,Venezuela,country,2021,burned_area_km2,27023.28,km2,K1,owid_annual_area_burnt,measured,f_sensor_break;f_min_fire_size;f_product_level
VEN,Venezuela,country,2022,burned_area_km2,47243.51,km2,K1,owid_annual_area_burnt,measured,f_sensor_break;f_min_fire_size;f_product_level
VEN,Venezuela,country,2023,burned_area_km2,47496.31,km2,K1,owid_annual_area_burnt,measured,f_sensor_break;f_min_fire_size;f_product_level
VEN,Venezuela,country,2024,burned_area_km2,67815.63,km2,K1,owid_annual_area_burnt,measured,f_sensor_break;f_min_fire_size;f_product_level
VEN,Venezuela,country,2025,burned_area_km2,33407.91,km2,K1,owid_annual_area_burnt,measured,f_sensor_break;f_min_fire_size;f_product_level
VEN,Venezuela,country,2026,burned_area_km2,29774.66,km2,K1,owid_annual_area_burnt,measured,f_sensor_break;f_min_fire_size;f_product_level;f_incomplete_year
VGB,De britiske Jomfruøyer,country,2012,burned_area_km2,0.0,km2,K1,owid_annual_area_burnt,measured,f_sensor_break;f_min_fire_size;f_product_level;f_zero_no_detection
VGB,De britiske Jomfruøyer,country,2013,burned_area_km2,0.0,km2,K1,owid_annual_area_burnt,measured,f_sensor_break;f_min_fire_size;f_product_level;f_zero_no_detection
VGB,De britiske Jomfruøyer,country,2014,burned_area_km2,0.0,km2,K1,owid_annual_area_burnt,measured,f_sensor_break;f_min_fire_size;f_product_level;f_zero_no_detection
VGB,De britiske Jomfruøyer,country,2015,burned_area_km2,0.0,km2,K1,owid_annual_area_burnt,measured,f_sensor_break;f_min_fire_size;f_product_level;f_zero_no_detection
VGB,De britiske Jomfruøyer,country,2016,burned_area_km2,0.0,km2,K1,owid_annual_area_burnt,measured,f_sensor_break;f_min_fire_size;f_product_level;f_zero_no_detection
VGB,De britiske Jomfruøyer,country,2017,burned_area_km2,1.39,km2,K1,owid_annual_area_burnt,measured,f_sensor_break;f_min_fire_size;f_product_level
VGB,De britiske Jomfruøyer,country,2018,burned_area_km2,2.99,km2,K1,owid_annual_area_burnt,measured,f_sensor_break;f_min_fire_size;f_product_level
VGB,De britiske Jomfruøyer,country,2019,burned_area_km2,0.0,km2,K1,owid_annual_area_burnt,measured,f_sensor_break;f_min_fire_size;f_product_level;f_zero_no_detection
VGB,De britiske Jomfruøyer,country,2020,burned_area_km2,1.66,km2,K1,owid_annual_area_burnt,measured,f_sensor_break;f_min_fire_size;f_product_level
VGB,De britiske Jomfruøyer,country,2021,burned_area_km2,0.0,km2,K1,owid_annual_area_burnt,measured,f_sensor_break;f_min_fire_size;f_product_level;f_zero_no_detection
VGB,De britiske Jomfruøyer,country,2022,burned_area_km2,0.0,km2,K1,owid_annual_area_burnt,measured,f_sensor_break;f_min_fire_size;f_product_level;f_zero_no_detection
VGB,De britiske Jomfruøyer,country,2023,burned_area_km2,0.0,km2,K1,owid_annual_area_burnt,measured,f_sensor_break;f_min_fire_size;f_product_level;f_zero_no_detection
VGB,De britiske Jomfruøyer,country,2024,burned_area_km2,0.0,km2,K1,owid_annual_area_burnt,measured,f_sensor_break;f_min_fire_size;f_product_level;f_zero_no_detection
VGB,De britiske Jomfruøyer,country,2025,burned_area_km2,0.0,km2,K1,owid_annual_area_burnt,measured,f_sensor_break;f_min_fire_size;f_product_level;f_zero_no_detection
VGB,De britiske Jomfruøyer,country,2026,burned_area_km2,0.0,km2,K1,owid_annual_area_burnt,measured,f_sensor_break;f_min_fire_size;f_product_level;f_incomplete_year;f_zero_no_detection
VIR,De amerikanske Jomfruøyer,country,2012,burned_area_km2,0.0,km2,K1,owid_annual_area_burnt,measured,f_sensor_break;f_min_fire_size;f_product_level;f_zero_no_detection
VIR,De amerikanske Jomfruøyer,country,2013,burned_area_km2,0.0,km2,K1,owid_annual_area_burnt,measured,f_sensor_break;f_min_fire_size;f_product_level;f_zero_no_detection
VIR,De amerikanske Jomfruøyer,country,2014,burned_area_km2,0.0,km2,K1,owid_annual_area_burnt,measured,f_sensor_break;f_min_fire_size;f_product_level;f_zero_no_detection
VIR,De amerikanske Jomfruøyer,country,2015,burned_area_km2,0.0,km2,K1,owid_annual_area_burnt,measured,f_sensor_break;f_min_fire_size;f_product_level;f_zero_no_detection
VIR,De amerikanske Jomfruøyer,country,2016,burned_area_km2,0.0,km2,K1,owid_annual_area_burnt,measured,f_sensor_break;f_min_fire_size;f_product_level;f_zero_no_detection
VIR,De amerikanske Jomfruøyer,country,2017,burned_area_km2,0.0,km2,K1,owid_annual_area_burnt,measured,f_sensor_break;f_min_fire_size;f_product_level;f_zero_no_detection
VIR,De amerikanske Jomfruøyer,country,2018,burned_area_km2,1.86,km2,K1,owid_annual_area_burnt,measured,f_sensor_break;f_min_fire_size;f_product_level
VIR,De amerikanske Jomfruøyer,country,2019,burned_area_km2,0.0,km2,K1,owid_annual_area_burnt,measured,f_sensor_break;f_min_fire_size;f_product_level;f_zero_no_detection
VIR,De amerikanske Jomfruøyer,country,2020,burned_area_km2,0.0,km2,K1,owid_annual_area_burnt,measured,f_sensor_break;f_min_fire_size;f_product_level;f_zero_no_detection
VIR,De amerikanske Jomfruøyer,country,2021,burned_area_km2,0.0,km2,K1,owid_annual_area_burnt,measured,f_sensor_break;f_min_fire_size;f_product_level;f_zero_no_detection
VIR,De amerikanske Jomfruøyer,country,2022,burned_area_km2,0.0,km2,K1,owid_annual_area_burnt,measured,f_sensor_break;f_min_fire_size;f_product_level;f_zero_no_detection
VIR,De amerikanske Jomfruøyer,country,2023,burned_area_km2,0.0,km2,K1,owid_annual_area_burnt,measured,f_sensor_break;f_min_fire_size;f_product_level;f_zero_no_detection
VIR,De amerikanske Jomfruøyer,country,2024,burned_area_km2,0.0,km2,K1,owid_annual_area_burnt,measured,f_sensor_break;f_min_fire_size;f_product_level;f_zero_no_detection
VIR,De amerikanske Jomfruøyer,country,2025,burned_area_km2,0.0,km2,K1,owid_annual_area_burnt,measured,f_sensor_break;f_min_fire_size;f_product_level;f_zero_no_detection
VIR,De amerikanske Jomfruøyer,country,2026,burned_area_km2,0.0,km2,K1,owid_annual_area_burnt,measured,f_sensor_break;f_min_fire_size;f_product_level;f_incomplete_year;f_zero_no_detection
VNM,Vietnam,country,2012,burned_area_km2,12420.78,km2,K1,owid_annual_area_burnt,measured,f_sensor_break;f_min_fire_size;f_product_level
VNM,Vietnam,country,2013,burned_area_km2,10440.74,km2,K1,owid_annual_area_burnt,measured,f_sensor_break;f_min_fire_size;f_product_level
VNM,Vietnam,country,2014,burned_area_km2,15000.38,km2,K1,owid_annual_area_burnt,measured,f_sensor_break;f_min_fire_size;f_product_level
VNM,Vietnam,country,2015,burned_area_km2,13256.91,km2,K1,owid_annual_area_burnt,measured,f_sensor_break;f_min_fire_size;f_product_level
VNM,Vietnam,country,2016,burned_area_km2,12684.62,km2,K1,owid_annual_area_burnt,measured,f_sensor_break;f_min_fire_size;f_product_level
VNM,Vietnam,country,2017,burned_area_km2,4999.19,km2,K1,owid_annual_area_burnt,measured,f_sensor_break;f_min_fire_size;f_product_level
VNM,Vietnam,country,2018,burned_area_km2,4701.89,km2,K1,owid_annual_area_burnt,measured,f_sensor_break;f_min_fire_size;f_product_level
VNM,Vietnam,country,2019,burned_area_km2,8480.94,km2,K1,owid_annual_area_burnt,measured,f_sensor_break;f_min_fire_size;f_product_level
VNM,Vietnam,country,2020,burned_area_km2,8840.86,km2,K1,owid_annual_area_burnt,measured,f_sensor_break;f_min_fire_size;f_product_level
VNM,Vietnam,country,2021,burned_area_km2,5448.44,km2,K1,owid_annual_area_burnt,measured,f_sensor_break;f_min_fire_size;f_product_level
VNM,Vietnam,country,2022,burned_area_km2,3463.97,km2,K1,owid_annual_area_burnt,measured,f_sensor_break;f_min_fire_size;f_product_level
VNM,Vietnam,country,2023,burned_area_km2,5741.91,km2,K1,owid_annual_area_burnt,measured,f_sensor_break;f_min_fire_size;f_product_level
VNM,Vietnam,country,2024,burned_area_km2,3760.24,km2,K1,owid_annual_area_burnt,measured,f_sensor_break;f_min_fire_size;f_product_level
VNM,Vietnam,country,2025,burned_area_km2,2480.54,km2,K1,owid_annual_area_burnt,measured,f_sensor_break;f_min_fire_size;f_product_level
VNM,Vietnam,country,2026,burned_area_km2,2836.38,km2,K1,owid_annual_area_burnt,measured,f_sensor_break;f_min_fire_size;f_product_level;f_incomplete_year
VUT,Vanuatu,country,2012,burned_area_km2,242.88,km2,K1,owid_annual_area_burnt,measured,f_sensor_break;f_min_fire_size;f_product_level
VUT,Vanuatu,country,2013,burned_area_km2,312.94,km2,K1,owid_annual_area_burnt,measured,f_sensor_break;f_min_fire_size;f_product_level
VUT,Vanuatu,country,2014,burned_area_km2,318.15,km2,K1,owid_annual_area_burnt,measured,f_sensor_break;f_min_fire_size;f_product_level
VUT,Vanuatu,country,2015,burned_area_km2,407.58,km2,K1,owid_annual_area_burnt,measured,f_sensor_break;f_min_fire_size;f_product_level
VUT,Vanuatu,country,2016,burned_area_km2,322.3,km2,K1,owid_annual_area_burnt,measured,f_sensor_break;f_min_fire_size;f_product_level
VUT,Vanuatu,country,2017,burned_area_km2,341.76,km2,K1,owid_annual_area_burnt,measured,f_sensor_break;f_min_fire_size;f_product_level
VUT,Vanuatu,country,2018,burned_area_km2,325.41,km2,K1,owid_annual_area_burnt,measured,f_sensor_break;f_min_fire_size;f_product_level
VUT,Vanuatu,country,2019,burned_area_km2,118.2,km2,K1,owid_annual_area_burnt,measured,f_sensor_break;f_min_fire_size;f_product_level
VUT,Vanuatu,country,2020,burned_area_km2,108.19,km2,K1,owid_annual_area_burnt,measured,f_sensor_break;f_min_fire_size;f_product_level
VUT,Vanuatu,country,2021,burned_area_km2,77.93,km2,K1,owid_annual_area_burnt,measured,f_sensor_break;f_min_fire_size;f_product_level
VUT,Vanuatu,country,2022,burned_area_km2,80.03,km2,K1,owid_annual_area_burnt,measured,f_sensor_break;f_min_fire_size;f_product_level
VUT,Vanuatu,country,2023,burned_area_km2,100.25,km2,K1,owid_annual_area_burnt,measured,f_sensor_break;f_min_fire_size;f_product_level
VUT,Vanuatu,country,2024,burned_area_km2,71.52,km2,K1,owid_annual_area_burnt,measured,f_sensor_break;f_min_fire_size;f_product_level
VUT,Vanuatu,country,2025,burned_area_km2,41.91,km2,K1,owid_annual_area_burnt,measured,f_sensor_break;f_min_fire_size;f_product_level
VUT,Vanuatu,country,2026,burned_area_km2,121.38,km2,K1,owid_annual_area_burnt,measured,f_sensor_break;f_min_fire_size;f_product_level;f_incomplete_year
WLD,Verden,world,2012,burned_area_km2,4376707.5,km2,K1,owid_annual_area_burnt,measured,f_sensor_break;f_min_fire_size;f_product_level
WLD,Verden,world,2013,burned_area_km2,3879624.3,km2,K1,owid_annual_area_burnt,measured,f_sensor_break;f_min_fire_size;f_product_level
WLD,Verden,world,2014,burned_area_km2,4063002.0,km2,K1,owid_annual_area_burnt,measured,f_sensor_break;f_min_fire_size;f_product_level
WLD,Verden,world,2015,burned_area_km2,4435116.5,km2,K1,owid_annual_area_burnt,measured,f_sensor_break;f_min_fire_size;f_product_level
WLD,Verden,world,2016,burned_area_km2,4161435.2,km2,K1,owid_annual_area_burnt,measured,f_sensor_break;f_min_fire_size;f_product_level
WLD,Verden,world,2017,burned_area_km2,4117766.0,km2,K1,owid_annual_area_burnt,measured,f_sensor_break;f_min_fire_size;f_product_level
WLD,Verden,world,2018,burned_area_km2,3296953.6,km2,K1,owid_annual_area_burnt,measured,f_sensor_break;f_min_fire_size;f_product_level
WLD,Verden,world,2019,burned_area_km2,4074802.6,km2,K1,owid_annual_area_burnt,measured,f_sensor_break;f_min_fire_size;f_product_level
WLD,Verden,world,2020,burned_area_km2,4087474.0,km2,K1,owid_annual_area_burnt,measured,f_sensor_break;f_min_fire_size;f_product_level
WLD,Verden,world,2021,burned_area_km2,3842263.4,km2,K1,owid_annual_area_burnt,measured,f_sensor_break;f_min_fire_size;f_product_level
WLD,Verden,world,2022,burned_area_km2,3640514.6,km2,K1,owid_annual_area_burnt,measured,f_sensor_break;f_min_fire_size;f_product_level
WLD,Verden,world,2023,burned_area_km2,3969606.7,km2,K1,owid_annual_area_burnt,measured,f_sensor_break;f_min_fire_size;f_product_level
WLD,Verden,world,2024,burned_area_km2,3506918.7,km2,K1,owid_annual_area_burnt,measured,f_sensor_break;f_min_fire_size;f_product_level
WLD,Verden,world,2025,burned_area_km2,2653676.0,km2,K1,owid_annual_area_burnt,measured,f_sensor_break;f_min_fire_size;f_product_level
WLD,Verden,world,2026,burned_area_km2,1122758.8,km2,K1,owid_annual_area_burnt,measured,f_sensor_break;f_min_fire_size;f_product_level;f_incomplete_year
WLF,Wallis- og Futunaøyene,country,2012,burned_area_km2,0.0,km2,K1,owid_annual_area_burnt,measured,f_sensor_break;f_min_fire_size;f_product_level;f_zero_no_detection
WLF,Wallis- og Futunaøyene,country,2013,burned_area_km2,0.0,km2,K1,owid_annual_area_burnt,measured,f_sensor_break;f_min_fire_size;f_product_level;f_zero_no_detection
WLF,Wallis- og Futunaøyene,country,2014,burned_area_km2,0.0,km2,K1,owid_annual_area_burnt,measured,f_sensor_break;f_min_fire_size;f_product_level;f_zero_no_detection
WLF,Wallis- og Futunaøyene,country,2015,burned_area_km2,0.0,km2,K1,owid_annual_area_burnt,measured,f_sensor_break;f_min_fire_size;f_product_level;f_zero_no_detection
WLF,Wallis- og Futunaøyene,country,2016,burned_area_km2,0.0,km2,K1,owid_annual_area_burnt,measured,f_sensor_break;f_min_fire_size;f_product_level;f_zero_no_detection
WLF,Wallis- og Futunaøyene,country,2017,burned_area_km2,0.0,km2,K1,owid_annual_area_burnt,measured,f_sensor_break;f_min_fire_size;f_product_level;f_zero_no_detection
WLF,Wallis- og Futunaøyene,country,2018,burned_area_km2,0.0,km2,K1,owid_annual_area_burnt,measured,f_sensor_break;f_min_fire_size;f_product_level;f_zero_no_detection
WLF,Wallis- og Futunaøyene,country,2019,burned_area_km2,0.0,km2,K1,owid_annual_area_burnt,measured,f_sensor_break;f_min_fire_size;f_product_level;f_zero_no_detection
WLF,Wallis- og Futunaøyene,country,2020,burned_area_km2,0.0,km2,K1,owid_annual_area_burnt,measured,f_sensor_break;f_min_fire_size;f_product_level;f_zero_no_detection
WLF,Wallis- og Futunaøyene,country,2021,burned_area_km2,0.0,km2,K1,owid_annual_area_burnt,measured,f_sensor_break;f_min_fire_size;f_product_level;f_zero_no_detection
WLF,Wallis- og Futunaøyene,country,2022,burned_area_km2,0.0,km2,K1,owid_annual_area_burnt,measured,f_sensor_break;f_min_fire_size;f_product_level;f_zero_no_detection
WLF,Wallis- og Futunaøyene,country,2023,burned_area_km2,0.0,km2,K1,owid_annual_area_burnt,measured,f_sensor_break;f_min_fire_size;f_product_level;f_zero_no_detection
WLF,Wallis- og Futunaøyene,country,2024,burned_area_km2,0.0,km2,K1,owid_annual_area_burnt,measured,f_sensor_break;f_min_fire_size;f_product_level;f_zero_no_detection
WLF,Wallis- og Futunaøyene,country,2025,burned_area_km2,0.0,km2,K1,owid_annual_area_burnt,measured,f_sensor_break;f_min_fire_size;f_product_level;f_zero_no_detection
WLF,Wallis- og Futunaøyene,country,2026,burned_area_km2,0.0,km2,K1,owid_annual_area_burnt,measured,f_sensor_break;f_min_fire_size;f_product_level;f_incomplete_year;f_zero_no_detection
WSM,Samoa,country,2012,burned_area_km2,0.0,km2,K1,owid_annual_area_burnt,measured,f_sensor_break;f_min_fire_size;f_product_level;f_zero_no_detection
WSM,Samoa,country,2013,burned_area_km2,0.0,km2,K1,owid_annual_area_burnt,measured,f_sensor_break;f_min_fire_size;f_product_level;f_zero_no_detection
WSM,Samoa,country,2014,burned_area_km2,0.0,km2,K1,owid_annual_area_burnt,measured,f_sensor_break;f_min_fire_size;f_product_level;f_zero_no_detection
WSM,Samoa,country,2015,burned_area_km2,0.0,km2,K1,owid_annual_area_burnt,measured,f_sensor_break;f_min_fire_size;f_product_level;f_zero_no_detection
WSM,Samoa,country,2016,burned_area_km2,0.0,km2,K1,owid_annual_area_burnt,measured,f_sensor_break;f_min_fire_size;f_product_level;f_zero_no_detection
WSM,Samoa,country,2017,burned_area_km2,0.0,km2,K1,owid_annual_area_burnt,measured,f_sensor_break;f_min_fire_size;f_product_level;f_zero_no_detection
WSM,Samoa,country,2018,burned_area_km2,0.0,km2,K1,owid_annual_area_burnt,measured,f_sensor_break;f_min_fire_size;f_product_level;f_zero_no_detection
WSM,Samoa,country,2019,burned_area_km2,0.0,km2,K1,owid_annual_area_burnt,measured,f_sensor_break;f_min_fire_size;f_product_level;f_zero_no_detection
WSM,Samoa,country,2020,burned_area_km2,0.0,km2,K1,owid_annual_area_burnt,measured,f_sensor_break;f_min_fire_size;f_product_level;f_zero_no_detection
WSM,Samoa,country,2021,burned_area_km2,0.0,km2,K1,owid_annual_area_burnt,measured,f_sensor_break;f_min_fire_size;f_product_level;f_zero_no_detection
WSM,Samoa,country,2022,burned_area_km2,0.0,km2,K1,owid_annual_area_burnt,measured,f_sensor_break;f_min_fire_size;f_product_level;f_zero_no_detection
WSM,Samoa,country,2023,burned_area_km2,0.0,km2,K1,owid_annual_area_burnt,measured,f_sensor_break;f_min_fire_size;f_product_level;f_zero_no_detection
WSM,Samoa,country,2024,burned_area_km2,0.0,km2,K1,owid_annual_area_burnt,measured,f_sensor_break;f_min_fire_size;f_product_level;f_zero_no_detection
WSM,Samoa,country,2025,burned_area_km2,0.0,km2,K1,owid_annual_area_burnt,measured,f_sensor_break;f_min_fire_size;f_product_level;f_zero_no_detection
WSM,Samoa,country,2026,burned_area_km2,0.0,km2,K1,owid_annual_area_burnt,measured,f_sensor_break;f_min_fire_size;f_product_level;f_incomplete_year;f_zero_no_detection
XKX,Kosovo,country,2012,burned_area_km2,397.01,km2,K1,owid_annual_area_burnt,measured,f_sensor_break;f_min_fire_size;f_product_level
XKX,Kosovo,country,2013,burned_area_km2,74.41,km2,K1,owid_annual_area_burnt,measured,f_sensor_break;f_min_fire_size;f_product_level
XKX,Kosovo,country,2014,burned_area_km2,30.66,km2,K1,owid_annual_area_burnt,measured,f_sensor_break;f_min_fire_size;f_product_level
XKX,Kosovo,country,2015,burned_area_km2,88.54,km2,K1,owid_annual_area_burnt,measured,f_sensor_break;f_min_fire_size;f_product_level
XKX,Kosovo,country,2016,burned_area_km2,29.66,km2,K1,owid_annual_area_burnt,measured,f_sensor_break;f_min_fire_size;f_product_level
XKX,Kosovo,country,2017,burned_area_km2,136.01,km2,K1,owid_annual_area_burnt,measured,f_sensor_break;f_min_fire_size;f_product_level
XKX,Kosovo,country,2018,burned_area_km2,46.5,km2,K1,owid_annual_area_burnt,measured,f_sensor_break;f_min_fire_size;f_product_level
XKX,Kosovo,country,2019,burned_area_km2,220.32,km2,K1,owid_annual_area_burnt,measured,f_sensor_break;f_min_fire_size;f_product_level
XKX,Kosovo,country,2020,burned_area_km2,147.43,km2,K1,owid_annual_area_burnt,measured,f_sensor_break;f_min_fire_size;f_product_level
XKX,Kosovo,country,2021,burned_area_km2,82.81,km2,K1,owid_annual_area_burnt,measured,f_sensor_break;f_min_fire_size;f_product_level
XKX,Kosovo,country,2022,burned_area_km2,60.55,km2,K1,owid_annual_area_burnt,measured,f_sensor_break;f_min_fire_size;f_product_level
XKX,Kosovo,country,2023,burned_area_km2,36.15,km2,K1,owid_annual_area_burnt,measured,f_sensor_break;f_min_fire_size;f_product_level
XKX,Kosovo,country,2024,burned_area_km2,124.34,km2,K1,owid_annual_area_burnt,measured,f_sensor_break;f_min_fire_size;f_product_level
XKX,Kosovo,country,2025,burned_area_km2,172.02,km2,K1,owid_annual_area_burnt,measured,f_sensor_break;f_min_fire_size;f_product_level
XKX,Kosovo,country,2026,burned_area_km2,9.99,km2,K1,owid_annual_area_burnt,measured,f_sensor_break;f_min_fire_size;f_product_level;f_incomplete_year
YEM,Jemen,country,2012,burned_area_km2,7.98,km2,K1,owid_annual_area_burnt,measured,f_sensor_break;f_min_fire_size;f_product_level
YEM,Jemen,country,2013,burned_area_km2,11.64,km2,K1,owid_annual_area_burnt,measured,f_sensor_break;f_min_fire_size;f_product_level
YEM,Jemen,country,2014,burned_area_km2,19.09,km2,K1,owid_annual_area_burnt,measured,f_sensor_break;f_min_fire_size;f_product_level
YEM,Jemen,country,2015,burned_area_km2,4.98,km2,K1,owid_annual_area_burnt,measured,f_sensor_break;f_min_fire_size;f_product_level
YEM,Jemen,country,2016,burned_area_km2,0.0,km2,K1,owid_annual_area_burnt,measured,f_sensor_break;f_min_fire_size;f_product_level;f_zero_no_detection
YEM,Jemen,country,2017,burned_area_km2,5.17,km2,K1,owid_annual_area_burnt,measured,f_sensor_break;f_min_fire_size;f_product_level
YEM,Jemen,country,2018,burned_area_km2,9.71,km2,K1,owid_annual_area_burnt,measured,f_sensor_break;f_min_fire_size;f_product_level
YEM,Jemen,country,2019,burned_area_km2,8.92,km2,K1,owid_annual_area_burnt,measured,f_sensor_break;f_min_fire_size;f_product_level
YEM,Jemen,country,2020,burned_area_km2,3.6,km2,K1,owid_annual_area_burnt,measured,f_sensor_break;f_min_fire_size;f_product_level
YEM,Jemen,country,2021,burned_area_km2,17.32,km2,K1,owid_annual_area_burnt,measured,f_sensor_break;f_min_fire_size;f_product_level
YEM,Jemen,country,2022,burned_area_km2,13.65,km2,K1,owid_annual_area_burnt,measured,f_sensor_break;f_min_fire_size;f_product_level
YEM,Jemen,country,2023,burned_area_km2,7.3,km2,K1,owid_annual_area_burnt,measured,f_sensor_break;f_min_fire_size;f_product_level
YEM,Jemen,country,2024,burned_area_km2,0.0,km2,K1,owid_annual_area_burnt,measured,f_sensor_break;f_min_fire_size;f_product_level;f_zero_no_detection
YEM,Jemen,country,2025,burned_area_km2,11.98,km2,K1,owid_annual_area_burnt,measured,f_sensor_break;f_min_fire_size;f_product_level
YEM,Jemen,country,2026,burned_area_km2,9.84,km2,K1,owid_annual_area_burnt,measured,f_sensor_break;f_min_fire_size;f_product_level;f_incomplete_year
ZAF,Sør-Afrika,country,2012,burned_area_km2,39292.56,km2,K1,owid_annual_area_burnt,measured,f_sensor_break;f_min_fire_size;f_product_level
ZAF,Sør-Afrika,country,2013,burned_area_km2,42604.44,km2,K1,owid_annual_area_burnt,measured,f_sensor_break;f_min_fire_size;f_product_level
ZAF,Sør-Afrika,country,2014,burned_area_km2,40656.82,km2,K1,owid_annual_area_burnt,measured,f_sensor_break;f_min_fire_size;f_product_level
ZAF,Sør-Afrika,country,2015,burned_area_km2,28629.32,km2,K1,owid_annual_area_burnt,measured,f_sensor_break;f_min_fire_size;f_product_level
ZAF,Sør-Afrika,country,2016,burned_area_km2,20921.67,km2,K1,owid_annual_area_burnt,measured,f_sensor_break;f_min_fire_size;f_product_level
ZAF,Sør-Afrika,country,2017,burned_area_km2,34117.85,km2,K1,owid_annual_area_burnt,measured,f_sensor_break;f_min_fire_size;f_product_level
ZAF,Sør-Afrika,country,2018,burned_area_km2,28329.19,km2,K1,owid_annual_area_burnt,measured,f_sensor_break;f_min_fire_size;f_product_level
ZAF,Sør-Afrika,country,2019,burned_area_km2,33162.73,km2,K1,owid_annual_area_burnt,measured,f_sensor_break;f_min_fire_size;f_product_level
ZAF,Sør-Afrika,country,2020,burned_area_km2,31060.2,km2,K1,owid_annual_area_burnt,measured,f_sensor_break;f_min_fire_size;f_product_level
ZAF,Sør-Afrika,country,2021,burned_area_km2,41180.39,km2,K1,owid_annual_area_burnt,measured,f_sensor_break;f_min_fire_size;f_product_level
ZAF,Sør-Afrika,country,2022,burned_area_km2,33976.66,km2,K1,owid_annual_area_burnt,measured,f_sensor_break;f_min_fire_size;f_product_level
ZAF,Sør-Afrika,country,2023,burned_area_km2,38877.31,km2,K1,owid_annual_area_burnt,measured,f_sensor_break;f_min_fire_size;f_product_level
ZAF,Sør-Afrika,country,2024,burned_area_km2,30718.7,km2,K1,owid_annual_area_burnt,measured,f_sensor_break;f_min_fire_size;f_product_level
ZAF,Sør-Afrika,country,2025,burned_area_km2,17630.65,km2,K1,owid_annual_area_burnt,measured,f_sensor_break;f_min_fire_size;f_product_level
ZAF,Sør-Afrika,country,2026,burned_area_km2,7846.47,km2,K1,owid_annual_area_burnt,measured,f_sensor_break;f_min_fire_size;f_product_level;f_incomplete_year
ZMB,Zambia,country,2012,burned_area_km2,234137.62,km2,K1,owid_annual_area_burnt,measured,f_sensor_break;f_min_fire_size;f_product_level
ZMB,Zambia,country,2013,burned_area_km2,234508.68,km2,K1,owid_annual_area_burnt,measured,f_sensor_break;f_min_fire_size;f_product_level
ZMB,Zambia,country,2014,burned_area_km2,211093.04,km2,K1,owid_annual_area_burnt,measured,f_sensor_break;f_min_fire_size;f_product_level
ZMB,Zambia,country,2015,burned_area_km2,237370.28,km2,K1,owid_annual_area_burnt,measured,f_sensor_break;f_min_fire_size;f_product_level
ZMB,Zambia,country,2016,burned_area_km2,232668.0,km2,K1,owid_annual_area_burnt,measured,f_sensor_break;f_min_fire_size;f_product_level
ZMB,Zambia,country,2017,burned_area_km2,212930.72,km2,K1,owid_annual_area_burnt,measured,f_sensor_break;f_min_fire_size;f_product_level
ZMB,Zambia,country,2018,burned_area_km2,205522.4,km2,K1,owid_annual_area_burnt,measured,f_sensor_break;f_min_fire_size;f_product_level
ZMB,Zambia,country,2019,burned_area_km2,217924.72,km2,K1,owid_annual_area_burnt,measured,f_sensor_break;f_min_fire_size;f_product_level
ZMB,Zambia,country,2020,burned_area_km2,194249.36,km2,K1,owid_annual_area_burnt,measured,f_sensor_break;f_min_fire_size;f_product_level
ZMB,Zambia,country,2021,burned_area_km2,182469.86,km2,K1,owid_annual_area_burnt,measured,f_sensor_break;f_min_fire_size;f_product_level
ZMB,Zambia,country,2022,burned_area_km2,203586.64,km2,K1,owid_annual_area_burnt,measured,f_sensor_break;f_min_fire_size;f_product_level
ZMB,Zambia,country,2023,burned_area_km2,189988.98,km2,K1,owid_annual_area_burnt,measured,f_sensor_break;f_min_fire_size;f_product_level
ZMB,Zambia,country,2024,burned_area_km2,161735.35,km2,K1,owid_annual_area_burnt,measured,f_sensor_break;f_min_fire_size;f_product_level
ZMB,Zambia,country,2025,burned_area_km2,143825.41,km2,K1,owid_annual_area_burnt,measured,f_sensor_break;f_min_fire_size;f_product_level
ZMB,Zambia,country,2026,burned_area_km2,32136.87,km2,K1,owid_annual_area_burnt,measured,f_sensor_break;f_min_fire_size;f_product_level;f_incomplete_year
ZWE,Zimbabwe,country,2012,burned_area_km2,32713.85,km2,K1,owid_annual_area_burnt,measured,f_sensor_break;f_min_fire_size;f_product_level
ZWE,Zimbabwe,country,2013,burned_area_km2,25643.22,km2,K1,owid_annual_area_burnt,measured,f_sensor_break;f_min_fire_size;f_product_level
ZWE,Zimbabwe,country,2014,burned_area_km2,28630.08,km2,K1,owid_annual_area_burnt,measured,f_sensor_break;f_min_fire_size;f_product_level
ZWE,Zimbabwe,country,2015,burned_area_km2,31965.94,km2,K1,owid_annual_area_burnt,measured,f_sensor_break;f_min_fire_size;f_product_level
ZWE,Zimbabwe,country,2016,burned_area_km2,21793.65,km2,K1,owid_annual_area_burnt,measured,f_sensor_break;f_min_fire_size;f_product_level
ZWE,Zimbabwe,country,2017,burned_area_km2,24455.08,km2,K1,owid_annual_area_burnt,measured,f_sensor_break;f_min_fire_size;f_product_level
ZWE,Zimbabwe,country,2018,burned_area_km2,27109.93,km2,K1,owid_annual_area_burnt,measured,f_sensor_break;f_min_fire_size;f_product_level
ZWE,Zimbabwe,country,2019,burned_area_km2,27572.33,km2,K1,owid_annual_area_burnt,measured,f_sensor_break;f_min_fire_size;f_product_level
ZWE,Zimbabwe,country,2020,burned_area_km2,12217.19,km2,K1,owid_annual_area_burnt,measured,f_sensor_break;f_min_fire_size;f_product_level
ZWE,Zimbabwe,country,2021,burned_area_km2,21134.78,km2,K1,owid_annual_area_burnt,measured,f_sensor_break;f_min_fire_size;f_product_level
ZWE,Zimbabwe,country,2022,burned_area_km2,30188.4,km2,K1,owid_annual_area_burnt,measured,f_sensor_break;f_min_fire_size;f_product_level
ZWE,Zimbabwe,country,2023,burned_area_km2,23856.1,km2,K1,owid_annual_area_burnt,measured,f_sensor_break;f_min_fire_size;f_product_level
ZWE,Zimbabwe,country,2024,burned_area_km2,11443.58,km2,K1,owid_annual_area_burnt,measured,f_sensor_break;f_min_fire_size;f_product_level
ZWE,Zimbabwe,country,2025,burned_area_km2,10209.32,km2,K1,owid_annual_area_burnt,measured,f_sensor_break;f_min_fire_size;f_product_level
ZWE,Zimbabwe,country,2026,burned_area_km2,1913.33,km2,K1,owid_annual_area_burnt,measured,f_sensor_break;f_min_fire_size;f_product_level;f_incomplete_year
