entity,entity_name,level,period,indicator,value,unit,source_id,series_id,quality,footnotes
AFR,Afrika,region,2012-W01,burned_area_km2,5619.55,km2,K2,gwis_weekly_burned_area,measured,f_sensor_break;f_min_fire_size;f_product_level
AFR,Afrika,region,2012-W02,burned_area_km2,5721.13,km2,K2,gwis_weekly_burned_area,measured,f_sensor_break;f_min_fire_size;f_product_level
AFR,Afrika,region,2012-W03,burned_area_km2,31576.4,km2,K2,gwis_weekly_burned_area,measured,f_sensor_break;f_min_fire_size;f_product_level
AFR,Afrika,region,2012-W04,burned_area_km2,67527.61,km2,K2,gwis_weekly_burned_area,measured,f_sensor_break;f_min_fire_size;f_product_level
AFR,Afrika,region,2012-W05,burned_area_km2,56622.56,km2,K2,gwis_weekly_burned_area,measured,f_sensor_break;f_min_fire_size;f_product_level
AFR,Afrika,region,2012-W06,burned_area_km2,48540.02,km2,K2,gwis_weekly_burned_area,measured,f_sensor_break;f_min_fire_size;f_product_level
AFR,Afrika,region,2012-W07,burned_area_km2,27781.26,km2,K2,gwis_weekly_burned_area,measured,f_sensor_break;f_min_fire_size;f_product_level
AFR,Afrika,region,2012-W08,burned_area_km2,23305.12,km2,K2,gwis_weekly_burned_area,measured,f_sensor_break;f_min_fire_size;f_product_level
AFR,Afrika,region,2012-W09,burned_area_km2,21193.06,km2,K2,gwis_weekly_burned_area,measured,f_sensor_break;f_min_fire_size;f_product_level
AFR,Afrika,region,2012-W10,burned_area_km2,21202.04,km2,K2,gwis_weekly_burned_area,measured,f_sensor_break;f_min_fire_size;f_product_level
AFR,Afrika,region,2012-W11,burned_area_km2,32802.9,km2,K2,gwis_weekly_burned_area,measured,f_sensor_break;f_min_fire_size;f_product_level
AFR,Afrika,region,2012-W12,burned_area_km2,20580.49,km2,K2,gwis_weekly_burned_area,measured,f_sensor_break;f_min_fire_size;f_product_level
AFR,Afrika,region,2012-W13,burned_area_km2,14871.56,km2,K2,gwis_weekly_burned_area,measured,f_sensor_break;f_min_fire_size;f_product_level
AFR,Afrika,region,2012-W14,burned_area_km2,15872.6,km2,K2,gwis_weekly_burned_area,measured,f_sensor_break;f_min_fire_size;f_product_level
AFR,Afrika,region,2012-W15,burned_area_km2,8217.14,km2,K2,gwis_weekly_burned_area,measured,f_sensor_break;f_min_fire_size;f_product_level
AFR,Afrika,region,2012-W16,burned_area_km2,14204.23,km2,K2,gwis_weekly_burned_area,measured,f_sensor_break;f_min_fire_size;f_product_level
AFR,Afrika,region,2012-W17,burned_area_km2,17162.71,km2,K2,gwis_weekly_burned_area,measured,f_sensor_break;f_min_fire_size;f_product_level
AFR,Afrika,region,2012-W18,burned_area_km2,13688.77,km2,K2,gwis_weekly_burned_area,measured,f_sensor_break;f_min_fire_size;f_product_level
AFR,Afrika,region,2012-W19,burned_area_km2,12041.17,km2,K2,gwis_weekly_burned_area,measured,f_sensor_break;f_min_fire_size;f_product_level
AFR,Afrika,region,2012-W20,burned_area_km2,18945.92,km2,K2,gwis_weekly_burned_area,measured,f_sensor_break;f_min_fire_size;f_product_level
AFR,Afrika,region,2012-W21,burned_area_km2,36402.96,km2,K2,gwis_weekly_burned_area,measured,f_sensor_break;f_min_fire_size;f_product_level
AFR,Afrika,region,2012-W22,burned_area_km2,41208.01,km2,K2,gwis_weekly_burned_area,measured,f_sensor_break;f_min_fire_size;f_product_level
AFR,Afrika,region,2012-W23,burned_area_km2,55995.64,km2,K2,gwis_weekly_burned_area,measured,f_sensor_break;f_min_fire_size;f_product_level
AFR,Afrika,region,2012-W24,burned_area_km2,71914.14,km2,K2,gwis_weekly_burned_area,measured,f_sensor_break;f_min_fire_size;f_product_level
AFR,Afrika,region,2012-W25,burned_area_km2,39990.61,km2,K2,gwis_weekly_burned_area,measured,f_sensor_break;f_min_fire_size;f_product_level
AFR,Afrika,region,2012-W26,burned_area_km2,56233.67,km2,K2,gwis_weekly_burned_area,measured,f_sensor_break;f_min_fire_size;f_product_level
AFR,Afrika,region,2012-W27,burned_area_km2,57482.62,km2,K2,gwis_weekly_burned_area,measured,f_sensor_break;f_min_fire_size;f_product_level
AFR,Afrika,region,2012-W28,burned_area_km2,70920.38,km2,K2,gwis_weekly_burned_area,measured,f_sensor_break;f_min_fire_size;f_product_level
AFR,Afrika,region,2012-W29,burned_area_km2,89511.89,km2,K2,gwis_weekly_burned_area,measured,f_sensor_break;f_min_fire_size;f_product_level
AFR,Afrika,region,2012-W30,burned_area_km2,78756.8,km2,K2,gwis_weekly_burned_area,measured,f_sensor_break;f_min_fire_size;f_product_level
AFR,Afrika,region,2012-W31,burned_area_km2,90055.72,km2,K2,gwis_weekly_burned_area,measured,f_sensor_break;f_min_fire_size;f_product_level
AFR,Afrika,region,2012-W32,burned_area_km2,69217.35,km2,K2,gwis_weekly_burned_area,measured,f_sensor_break;f_min_fire_size;f_product_level
AFR,Afrika,region,2012-W33,burned_area_km2,84800.37,km2,K2,gwis_weekly_burned_area,measured,f_sensor_break;f_min_fire_size;f_product_level
AFR,Afrika,region,2012-W34,burned_area_km2,91660.81,km2,K2,gwis_weekly_burned_area,measured,f_sensor_break;f_min_fire_size;f_product_level
AFR,Afrika,region,2012-W35,burned_area_km2,78527.78,km2,K2,gwis_weekly_burned_area,measured,f_sensor_break;f_min_fire_size;f_product_level
AFR,Afrika,region,2012-W36,burned_area_km2,96102.48,km2,K2,gwis_weekly_burned_area,measured,f_sensor_break;f_min_fire_size;f_product_level
AFR,Afrika,region,2012-W37,burned_area_km2,63984.89,km2,K2,gwis_weekly_burned_area,measured,f_sensor_break;f_min_fire_size;f_product_level
AFR,Afrika,region,2012-W38,burned_area_km2,52147.39,km2,K2,gwis_weekly_burned_area,measured,f_sensor_break;f_min_fire_size;f_product_level
AFR,Afrika,region,2012-W39,burned_area_km2,45599.23,km2,K2,gwis_weekly_burned_area,measured,f_sensor_break;f_min_fire_size;f_product_level
AFR,Afrika,region,2012-W40,burned_area_km2,39104.02,km2,K2,gwis_weekly_burned_area,measured,f_sensor_break;f_min_fire_size;f_product_level
AFR,Afrika,region,2012-W41,burned_area_km2,33438.04,km2,K2,gwis_weekly_burned_area,measured,f_sensor_break;f_min_fire_size;f_product_level
AFR,Afrika,region,2012-W42,burned_area_km2,31292.64,km2,K2,gwis_weekly_burned_area,measured,f_sensor_break;f_min_fire_size;f_product_level
AFR,Afrika,region,2012-W43,burned_area_km2,19943.43,km2,K2,gwis_weekly_burned_area,measured,f_sensor_break;f_min_fire_size;f_product_level
AFR,Afrika,region,2012-W44,burned_area_km2,18394.78,km2,K2,gwis_weekly_burned_area,measured,f_sensor_break;f_min_fire_size;f_product_level
AFR,Afrika,region,2012-W45,burned_area_km2,23282.65,km2,K2,gwis_weekly_burned_area,measured,f_sensor_break;f_min_fire_size;f_product_level
AFR,Afrika,region,2012-W46,burned_area_km2,37939.54,km2,K2,gwis_weekly_burned_area,measured,f_sensor_break;f_min_fire_size;f_product_level
AFR,Afrika,region,2012-W47,burned_area_km2,39077.09,km2,K2,gwis_weekly_burned_area,measured,f_sensor_break;f_min_fire_size;f_product_level
AFR,Afrika,region,2012-W48,burned_area_km2,48331.08,km2,K2,gwis_weekly_burned_area,measured,f_sensor_break;f_min_fire_size;f_product_level
AFR,Afrika,region,2012-W49,burned_area_km2,41992.38,km2,K2,gwis_weekly_burned_area,measured,f_sensor_break;f_min_fire_size;f_product_level
AFR,Afrika,region,2012-W50,burned_area_km2,75584.47,km2,K2,gwis_weekly_burned_area,measured,f_sensor_break;f_min_fire_size;f_product_level
AFR,Afrika,region,2012-W51,burned_area_km2,82729.27,km2,K2,gwis_weekly_burned_area,measured,f_sensor_break;f_min_fire_size;f_product_level
AFR,Afrika,region,2012-W52,burned_area_km2,87313.97,km2,K2,gwis_weekly_burned_area,measured,f_sensor_break;f_min_fire_size;f_product_level
AFR,Afrika,region,2013-W01,burned_area_km2,80655.3,km2,K2,gwis_weekly_burned_area,measured,f_sensor_break;f_min_fire_size;f_product_level
AFR,Afrika,region,2013-W02,burned_area_km2,71614.52,km2,K2,gwis_weekly_burned_area,measured,f_sensor_break;f_min_fire_size;f_product_level
AFR,Afrika,region,2013-W03,burned_area_km2,58718.42,km2,K2,gwis_weekly_burned_area,measured,f_sensor_break;f_min_fire_size;f_product_level
AFR,Afrika,region,2013-W04,burned_area_km2,47130.8,km2,K2,gwis_weekly_burned_area,measured,f_sensor_break;f_min_fire_size;f_product_level
AFR,Afrika,region,2013-W05,burned_area_km2,62801.82,km2,K2,gwis_weekly_burned_area,measured,f_sensor_break;f_min_fire_size;f_product_level
AFR,Afrika,region,2013-W06,burned_area_km2,44547.93,km2,K2,gwis_weekly_burned_area,measured,f_sensor_break;f_min_fire_size;f_product_level
AFR,Afrika,region,2013-W07,burned_area_km2,28888.47,km2,K2,gwis_weekly_burned_area,measured,f_sensor_break;f_min_fire_size;f_product_level
AFR,Afrika,region,2013-W08,burned_area_km2,48252.14,km2,K2,gwis_weekly_burned_area,measured,f_sensor_break;f_min_fire_size;f_product_level
AFR,Afrika,region,2013-W09,burned_area_km2,24096.58,km2,K2,gwis_weekly_burned_area,measured,f_sensor_break;f_min_fire_size;f_product_level
AFR,Afrika,region,2013-W10,burned_area_km2,16046.87,km2,K2,gwis_weekly_burned_area,measured,f_sensor_break;f_min_fire_size;f_product_level
AFR,Afrika,region,2013-W11,burned_area_km2,10436.13,km2,K2,gwis_weekly_burned_area,measured,f_sensor_break;f_min_fire_size;f_product_level
AFR,Afrika,region,2013-W12,burned_area_km2,17162.98,km2,K2,gwis_weekly_burned_area,measured,f_sensor_break;f_min_fire_size;f_product_level
AFR,Afrika,region,2013-W13,burned_area_km2,17536.02,km2,K2,gwis_weekly_burned_area,measured,f_sensor_break;f_min_fire_size;f_product_level
AFR,Afrika,region,2013-W14,burned_area_km2,11473.93,km2,K2,gwis_weekly_burned_area,measured,f_sensor_break;f_min_fire_size;f_product_level
AFR,Afrika,region,2013-W15,burned_area_km2,14673.84,km2,K2,gwis_weekly_burned_area,measured,f_sensor_break;f_min_fire_size;f_product_level
AFR,Afrika,region,2013-W16,burned_area_km2,14998.27,km2,K2,gwis_weekly_burned_area,measured,f_sensor_break;f_min_fire_size;f_product_level
AFR,Afrika,region,2013-W17,burned_area_km2,13562.29,km2,K2,gwis_weekly_burned_area,measured,f_sensor_break;f_min_fire_size;f_product_level
AFR,Afrika,region,2013-W18,burned_area_km2,16803.62,km2,K2,gwis_weekly_burned_area,measured,f_sensor_break;f_min_fire_size;f_product_level
AFR,Afrika,region,2013-W19,burned_area_km2,15557.95,km2,K2,gwis_weekly_burned_area,measured,f_sensor_break;f_min_fire_size;f_product_level
AFR,Afrika,region,2013-W20,burned_area_km2,25501.21,km2,K2,gwis_weekly_burned_area,measured,f_sensor_break;f_min_fire_size;f_product_level
AFR,Afrika,region,2013-W21,burned_area_km2,34980.17,km2,K2,gwis_weekly_burned_area,measured,f_sensor_break;f_min_fire_size;f_product_level
AFR,Afrika,region,2013-W22,burned_area_km2,43967.14,km2,K2,gwis_weekly_burned_area,measured,f_sensor_break;f_min_fire_size;f_product_level
AFR,Afrika,region,2013-W23,burned_area_km2,71718.56,km2,K2,gwis_weekly_burned_area,measured,f_sensor_break;f_min_fire_size;f_product_level
AFR,Afrika,region,2013-W24,burned_area_km2,63448.64,km2,K2,gwis_weekly_burned_area,measured,f_sensor_break;f_min_fire_size;f_product_level
AFR,Afrika,region,2013-W25,burned_area_km2,66126.66,km2,K2,gwis_weekly_burned_area,measured,f_sensor_break;f_min_fire_size;f_product_level
AFR,Afrika,region,2013-W26,burned_area_km2,58911.44,km2,K2,gwis_weekly_burned_area,measured,f_sensor_break;f_min_fire_size;f_product_level
AFR,Afrika,region,2013-W27,burned_area_km2,57839.85,km2,K2,gwis_weekly_burned_area,measured,f_sensor_break;f_min_fire_size;f_product_level
AFR,Afrika,region,2013-W28,burned_area_km2,68632.49,km2,K2,gwis_weekly_burned_area,measured,f_sensor_break;f_min_fire_size;f_product_level
AFR,Afrika,region,2013-W29,burned_area_km2,72524.29,km2,K2,gwis_weekly_burned_area,measured,f_sensor_break;f_min_fire_size;f_product_level
AFR,Afrika,region,2013-W30,burned_area_km2,81771.92,km2,K2,gwis_weekly_burned_area,measured,f_sensor_break;f_min_fire_size;f_product_level
AFR,Afrika,region,2013-W31,burned_area_km2,68096.72,km2,K2,gwis_weekly_burned_area,measured,f_sensor_break;f_min_fire_size;f_product_level
AFR,Afrika,region,2013-W32,burned_area_km2,88413.86,km2,K2,gwis_weekly_burned_area,measured,f_sensor_break;f_min_fire_size;f_product_level
AFR,Afrika,region,2013-W33,burned_area_km2,120047.24,km2,K2,gwis_weekly_burned_area,measured,f_sensor_break;f_min_fire_size;f_product_level
AFR,Afrika,region,2013-W34,burned_area_km2,95293.11,km2,K2,gwis_weekly_burned_area,measured,f_sensor_break;f_min_fire_size;f_product_level
AFR,Afrika,region,2013-W35,burned_area_km2,91266.62,km2,K2,gwis_weekly_burned_area,measured,f_sensor_break;f_min_fire_size;f_product_level
AFR,Afrika,region,2013-W36,burned_area_km2,86202.89,km2,K2,gwis_weekly_burned_area,measured,f_sensor_break;f_min_fire_size;f_product_level
AFR,Afrika,region,2013-W37,burned_area_km2,75633.13,km2,K2,gwis_weekly_burned_area,measured,f_sensor_break;f_min_fire_size;f_product_level
AFR,Afrika,region,2013-W38,burned_area_km2,57349.48,km2,K2,gwis_weekly_burned_area,measured,f_sensor_break;f_min_fire_size;f_product_level
AFR,Afrika,region,2013-W39,burned_area_km2,47317.37,km2,K2,gwis_weekly_burned_area,measured,f_sensor_break;f_min_fire_size;f_product_level
AFR,Afrika,region,2013-W40,burned_area_km2,21010.04,km2,K2,gwis_weekly_burned_area,measured,f_sensor_break;f_min_fire_size;f_product_level
AFR,Afrika,region,2013-W41,burned_area_km2,31401.88,km2,K2,gwis_weekly_burned_area,measured,f_sensor_break;f_min_fire_size;f_product_level
AFR,Afrika,region,2013-W42,burned_area_km2,30683.52,km2,K2,gwis_weekly_burned_area,measured,f_sensor_break;f_min_fire_size;f_product_level
AFR,Afrika,region,2013-W43,burned_area_km2,22188.02,km2,K2,gwis_weekly_burned_area,measured,f_sensor_break;f_min_fire_size;f_product_level
AFR,Afrika,region,2013-W44,burned_area_km2,35622.4,km2,K2,gwis_weekly_burned_area,measured,f_sensor_break;f_min_fire_size;f_product_level
AFR,Afrika,region,2013-W45,burned_area_km2,32120.72,km2,K2,gwis_weekly_burned_area,measured,f_sensor_break;f_min_fire_size;f_product_level
AFR,Afrika,region,2013-W46,burned_area_km2,35340.98,km2,K2,gwis_weekly_burned_area,measured,f_sensor_break;f_min_fire_size;f_product_level
AFR,Afrika,region,2013-W47,burned_area_km2,36344.31,km2,K2,gwis_weekly_burned_area,measured,f_sensor_break;f_min_fire_size;f_product_level
AFR,Afrika,region,2013-W48,burned_area_km2,45242.62,km2,K2,gwis_weekly_burned_area,measured,f_sensor_break;f_min_fire_size;f_product_level
AFR,Afrika,region,2013-W49,burned_area_km2,55815.39,km2,K2,gwis_weekly_burned_area,measured,f_sensor_break;f_min_fire_size;f_product_level
AFR,Afrika,region,2013-W50,burned_area_km2,84633.36,km2,K2,gwis_weekly_burned_area,measured,f_sensor_break;f_min_fire_size;f_product_level
AFR,Afrika,region,2013-W51,burned_area_km2,78281.16,km2,K2,gwis_weekly_burned_area,measured,f_sensor_break;f_min_fire_size;f_product_level
AFR,Afrika,region,2013-W52,burned_area_km2,69777.33,km2,K2,gwis_weekly_burned_area,measured,f_sensor_break;f_min_fire_size;f_product_level
AFR,Afrika,region,2014-W01,burned_area_km2,86820.71,km2,K2,gwis_weekly_burned_area,measured,f_sensor_break;f_min_fire_size;f_product_level
AFR,Afrika,region,2014-W02,burned_area_km2,71378.39,km2,K2,gwis_weekly_burned_area,measured,f_sensor_break;f_min_fire_size;f_product_level
AFR,Afrika,region,2014-W03,burned_area_km2,60219.63,km2,K2,gwis_weekly_burned_area,measured,f_sensor_break;f_min_fire_size;f_product_level
AFR,Afrika,region,2014-W04,burned_area_km2,38382.32,km2,K2,gwis_weekly_burned_area,measured,f_sensor_break;f_min_fire_size;f_product_level
AFR,Afrika,region,2014-W05,burned_area_km2,47514.87,km2,K2,gwis_weekly_burned_area,measured,f_sensor_break;f_min_fire_size;f_product_level
AFR,Afrika,region,2014-W06,burned_area_km2,47194.67,km2,K2,gwis_weekly_burned_area,measured,f_sensor_break;f_min_fire_size;f_product_level
AFR,Afrika,region,2014-W07,burned_area_km2,48709.47,km2,K2,gwis_weekly_burned_area,measured,f_sensor_break;f_min_fire_size;f_product_level
AFR,Afrika,region,2014-W08,burned_area_km2,32622.9,km2,K2,gwis_weekly_burned_area,measured,f_sensor_break;f_min_fire_size;f_product_level
AFR,Afrika,region,2014-W09,burned_area_km2,21086.02,km2,K2,gwis_weekly_burned_area,measured,f_sensor_break;f_min_fire_size;f_product_level
AFR,Afrika,region,2014-W10,burned_area_km2,15992.89,km2,K2,gwis_weekly_burned_area,measured,f_sensor_break;f_min_fire_size;f_product_level
AFR,Afrika,region,2014-W11,burned_area_km2,25052.15,km2,K2,gwis_weekly_burned_area,measured,f_sensor_break;f_min_fire_size;f_product_level
AFR,Afrika,region,2014-W12,burned_area_km2,18974.39,km2,K2,gwis_weekly_burned_area,measured,f_sensor_break;f_min_fire_size;f_product_level
AFR,Afrika,region,2014-W13,burned_area_km2,16713.13,km2,K2,gwis_weekly_burned_area,measured,f_sensor_break;f_min_fire_size;f_product_level
AFR,Afrika,region,2014-W14,burned_area_km2,12280.78,km2,K2,gwis_weekly_burned_area,measured,f_sensor_break;f_min_fire_size;f_product_level
AFR,Afrika,region,2014-W15,burned_area_km2,12877.84,km2,K2,gwis_weekly_burned_area,measured,f_sensor_break;f_min_fire_size;f_product_level
AFR,Afrika,region,2014-W16,burned_area_km2,10894.83,km2,K2,gwis_weekly_burned_area,measured,f_sensor_break;f_min_fire_size;f_product_level
AFR,Afrika,region,2014-W17,burned_area_km2,8004.42,km2,K2,gwis_weekly_burned_area,measured,f_sensor_break;f_min_fire_size;f_product_level
AFR,Afrika,region,2014-W18,burned_area_km2,9671.65,km2,K2,gwis_weekly_burned_area,measured,f_sensor_break;f_min_fire_size;f_product_level
AFR,Afrika,region,2014-W19,burned_area_km2,8192.64,km2,K2,gwis_weekly_burned_area,measured,f_sensor_break;f_min_fire_size;f_product_level
AFR,Afrika,region,2014-W20,burned_area_km2,15118.28,km2,K2,gwis_weekly_burned_area,measured,f_sensor_break;f_min_fire_size;f_product_level
AFR,Afrika,region,2014-W21,burned_area_km2,32434.81,km2,K2,gwis_weekly_burned_area,measured,f_sensor_break;f_min_fire_size;f_product_level
AFR,Afrika,region,2014-W22,burned_area_km2,29176.61,km2,K2,gwis_weekly_burned_area,measured,f_sensor_break;f_min_fire_size;f_product_level
AFR,Afrika,region,2014-W23,burned_area_km2,38779.08,km2,K2,gwis_weekly_burned_area,measured,f_sensor_break;f_min_fire_size;f_product_level
AFR,Afrika,region,2014-W24,burned_area_km2,51277.02,km2,K2,gwis_weekly_burned_area,measured,f_sensor_break;f_min_fire_size;f_product_level
AFR,Afrika,region,2014-W25,burned_area_km2,64716.49,km2,K2,gwis_weekly_burned_area,measured,f_sensor_break;f_min_fire_size;f_product_level
AFR,Afrika,region,2014-W26,burned_area_km2,58081.17,km2,K2,gwis_weekly_burned_area,measured,f_sensor_break;f_min_fire_size;f_product_level
AFR,Afrika,region,2014-W27,burned_area_km2,66365.26,km2,K2,gwis_weekly_burned_area,measured,f_sensor_break;f_min_fire_size;f_product_level
AFR,Afrika,region,2014-W28,burned_area_km2,79874.06,km2,K2,gwis_weekly_burned_area,measured,f_sensor_break;f_min_fire_size;f_product_level
AFR,Afrika,region,2014-W29,burned_area_km2,69263.6,km2,K2,gwis_weekly_burned_area,measured,f_sensor_break;f_min_fire_size;f_product_level
AFR,Afrika,region,2014-W30,burned_area_km2,76715.2,km2,K2,gwis_weekly_burned_area,measured,f_sensor_break;f_min_fire_size;f_product_level
AFR,Afrika,region,2014-W31,burned_area_km2,69833.87,km2,K2,gwis_weekly_burned_area,measured,f_sensor_break;f_min_fire_size;f_product_level
AFR,Afrika,region,2014-W32,burned_area_km2,54153.27,km2,K2,gwis_weekly_burned_area,measured,f_sensor_break;f_min_fire_size;f_product_level
AFR,Afrika,region,2014-W33,burned_area_km2,55064.59,km2,K2,gwis_weekly_burned_area,measured,f_sensor_break;f_min_fire_size;f_product_level
AFR,Afrika,region,2014-W34,burned_area_km2,84851.73,km2,K2,gwis_weekly_burned_area,measured,f_sensor_break;f_min_fire_size;f_product_level
AFR,Afrika,region,2014-W35,burned_area_km2,77130.02,km2,K2,gwis_weekly_burned_area,measured,f_sensor_break;f_min_fire_size;f_product_level
AFR,Afrika,region,2014-W36,burned_area_km2,66794.51,km2,K2,gwis_weekly_burned_area,measured,f_sensor_break;f_min_fire_size;f_product_level
AFR,Afrika,region,2014-W37,burned_area_km2,87375.96,km2,K2,gwis_weekly_burned_area,measured,f_sensor_break;f_min_fire_size;f_product_level
AFR,Afrika,region,2014-W38,burned_area_km2,54929.07,km2,K2,gwis_weekly_burned_area,measured,f_sensor_break;f_min_fire_size;f_product_level
AFR,Afrika,region,2014-W39,burned_area_km2,60588.81,km2,K2,gwis_weekly_burned_area,measured,f_sensor_break;f_min_fire_size;f_product_level
AFR,Afrika,region,2014-W40,burned_area_km2,39119.08,km2,K2,gwis_weekly_burned_area,measured,f_sensor_break;f_min_fire_size;f_product_level
AFR,Afrika,region,2014-W41,burned_area_km2,45029.77,km2,K2,gwis_weekly_burned_area,measured,f_sensor_break;f_min_fire_size;f_product_level
AFR,Afrika,region,2014-W42,burned_area_km2,24665.04,km2,K2,gwis_weekly_burned_area,measured,f_sensor_break;f_min_fire_size;f_product_level
AFR,Afrika,region,2014-W43,burned_area_km2,24955.66,km2,K2,gwis_weekly_burned_area,measured,f_sensor_break;f_min_fire_size;f_product_level
AFR,Afrika,region,2014-W44,burned_area_km2,29597.16,km2,K2,gwis_weekly_burned_area,measured,f_sensor_break;f_min_fire_size;f_product_level
AFR,Afrika,region,2014-W45,burned_area_km2,33438.03,km2,K2,gwis_weekly_burned_area,measured,f_sensor_break;f_min_fire_size;f_product_level
AFR,Afrika,region,2014-W46,burned_area_km2,32872.13,km2,K2,gwis_weekly_burned_area,measured,f_sensor_break;f_min_fire_size;f_product_level
AFR,Afrika,region,2014-W47,burned_area_km2,33178.54,km2,K2,gwis_weekly_burned_area,measured,f_sensor_break;f_min_fire_size;f_product_level
AFR,Afrika,region,2014-W48,burned_area_km2,50197.39,km2,K2,gwis_weekly_burned_area,measured,f_sensor_break;f_min_fire_size;f_product_level
AFR,Afrika,region,2014-W49,burned_area_km2,47777.99,km2,K2,gwis_weekly_burned_area,measured,f_sensor_break;f_min_fire_size;f_product_level
AFR,Afrika,region,2014-W50,burned_area_km2,81930.12,km2,K2,gwis_weekly_burned_area,measured,f_sensor_break;f_min_fire_size;f_product_level
AFR,Afrika,region,2014-W51,burned_area_km2,86585.66,km2,K2,gwis_weekly_burned_area,measured,f_sensor_break;f_min_fire_size;f_product_level
AFR,Afrika,region,2014-W52,burned_area_km2,91757.68,km2,K2,gwis_weekly_burned_area,measured,f_sensor_break;f_min_fire_size;f_product_level
AFR,Afrika,region,2015-W01,burned_area_km2,102988.65,km2,K2,gwis_weekly_burned_area,measured,f_sensor_break;f_min_fire_size;f_product_level
AFR,Afrika,region,2015-W02,burned_area_km2,89598.07,km2,K2,gwis_weekly_burned_area,measured,f_sensor_break;f_min_fire_size;f_product_level
AFR,Afrika,region,2015-W03,burned_area_km2,60945.37,km2,K2,gwis_weekly_burned_area,measured,f_sensor_break;f_min_fire_size;f_product_level
AFR,Afrika,region,2015-W04,burned_area_km2,60850.32,km2,K2,gwis_weekly_burned_area,measured,f_sensor_break;f_min_fire_size;f_product_level
AFR,Afrika,region,2015-W05,burned_area_km2,60229.38,km2,K2,gwis_weekly_burned_area,measured,f_sensor_break;f_min_fire_size;f_product_level
AFR,Afrika,region,2015-W06,burned_area_km2,34654.77,km2,K2,gwis_weekly_burned_area,measured,f_sensor_break;f_min_fire_size;f_product_level
AFR,Afrika,region,2015-W07,burned_area_km2,35741.03,km2,K2,gwis_weekly_burned_area,measured,f_sensor_break;f_min_fire_size;f_product_level
AFR,Afrika,region,2015-W08,burned_area_km2,27040.65,km2,K2,gwis_weekly_burned_area,measured,f_sensor_break;f_min_fire_size;f_product_level
AFR,Afrika,region,2015-W09,burned_area_km2,35372.9,km2,K2,gwis_weekly_burned_area,measured,f_sensor_break;f_min_fire_size;f_product_level
AFR,Afrika,region,2015-W10,burned_area_km2,26829.34,km2,K2,gwis_weekly_burned_area,measured,f_sensor_break;f_min_fire_size;f_product_level
AFR,Afrika,region,2015-W11,burned_area_km2,21149.71,km2,K2,gwis_weekly_burned_area,measured,f_sensor_break;f_min_fire_size;f_product_level
AFR,Afrika,region,2015-W12,burned_area_km2,18252.65,km2,K2,gwis_weekly_burned_area,measured,f_sensor_break;f_min_fire_size;f_product_level
AFR,Afrika,region,2015-W13,burned_area_km2,18534.12,km2,K2,gwis_weekly_burned_area,measured,f_sensor_break;f_min_fire_size;f_product_level
AFR,Afrika,region,2015-W14,burned_area_km2,13440.02,km2,K2,gwis_weekly_burned_area,measured,f_sensor_break;f_min_fire_size;f_product_level
AFR,Afrika,region,2015-W15,burned_area_km2,12166.97,km2,K2,gwis_weekly_burned_area,measured,f_sensor_break;f_min_fire_size;f_product_level
AFR,Afrika,region,2015-W16,burned_area_km2,17561.97,km2,K2,gwis_weekly_burned_area,measured,f_sensor_break;f_min_fire_size;f_product_level
AFR,Afrika,region,2015-W17,burned_area_km2,10093.63,km2,K2,gwis_weekly_burned_area,measured,f_sensor_break;f_min_fire_size;f_product_level
AFR,Afrika,region,2015-W18,burned_area_km2,9723.92,km2,K2,gwis_weekly_burned_area,measured,f_sensor_break;f_min_fire_size;f_product_level
AFR,Afrika,region,2015-W19,burned_area_km2,9952.45,km2,K2,gwis_weekly_burned_area,measured,f_sensor_break;f_min_fire_size;f_product_level
AFR,Afrika,region,2015-W20,burned_area_km2,17948.01,km2,K2,gwis_weekly_burned_area,measured,f_sensor_break;f_min_fire_size;f_product_level
AFR,Afrika,region,2015-W21,burned_area_km2,26128.23,km2,K2,gwis_weekly_burned_area,measured,f_sensor_break;f_min_fire_size;f_product_level
AFR,Afrika,region,2015-W22,burned_area_km2,22865.08,km2,K2,gwis_weekly_burned_area,measured,f_sensor_break;f_min_fire_size;f_product_level
AFR,Afrika,region,2015-W23,burned_area_km2,31647.8,km2,K2,gwis_weekly_burned_area,measured,f_sensor_break;f_min_fire_size;f_product_level
AFR,Afrika,region,2015-W24,burned_area_km2,60066.13,km2,K2,gwis_weekly_burned_area,measured,f_sensor_break;f_min_fire_size;f_product_level
AFR,Afrika,region,2015-W25,burned_area_km2,60024.08,km2,K2,gwis_weekly_burned_area,measured,f_sensor_break;f_min_fire_size;f_product_level
AFR,Afrika,region,2015-W26,burned_area_km2,64710.11,km2,K2,gwis_weekly_burned_area,measured,f_sensor_break;f_min_fire_size;f_product_level
AFR,Afrika,region,2015-W27,burned_area_km2,83895.51,km2,K2,gwis_weekly_burned_area,measured,f_sensor_break;f_min_fire_size;f_product_level
AFR,Afrika,region,2015-W28,burned_area_km2,82837.01,km2,K2,gwis_weekly_burned_area,measured,f_sensor_break;f_min_fire_size;f_product_level
AFR,Afrika,region,2015-W29,burned_area_km2,70183.46,km2,K2,gwis_weekly_burned_area,measured,f_sensor_break;f_min_fire_size;f_product_level
AFR,Afrika,region,2015-W30,burned_area_km2,77662.95,km2,K2,gwis_weekly_burned_area,measured,f_sensor_break;f_min_fire_size;f_product_level
AFR,Afrika,region,2015-W31,burned_area_km2,104103.47,km2,K2,gwis_weekly_burned_area,measured,f_sensor_break;f_min_fire_size;f_product_level
AFR,Afrika,region,2015-W32,burned_area_km2,98026.95,km2,K2,gwis_weekly_burned_area,measured,f_sensor_break;f_min_fire_size;f_product_level
AFR,Afrika,region,2015-W33,burned_area_km2,94519.36,km2,K2,gwis_weekly_burned_area,measured,f_sensor_break;f_min_fire_size;f_product_level
AFR,Afrika,region,2015-W34,burned_area_km2,103463.17,km2,K2,gwis_weekly_burned_area,measured,f_sensor_break;f_min_fire_size;f_product_level
AFR,Afrika,region,2015-W35,burned_area_km2,72793.65,km2,K2,gwis_weekly_burned_area,measured,f_sensor_break;f_min_fire_size;f_product_level
AFR,Afrika,region,2015-W36,burned_area_km2,75194.08,km2,K2,gwis_weekly_burned_area,measured,f_sensor_break;f_min_fire_size;f_product_level
AFR,Afrika,region,2015-W37,burned_area_km2,79492.06,km2,K2,gwis_weekly_burned_area,measured,f_sensor_break;f_min_fire_size;f_product_level
AFR,Afrika,region,2015-W38,burned_area_km2,62909.77,km2,K2,gwis_weekly_burned_area,measured,f_sensor_break;f_min_fire_size;f_product_level
AFR,Afrika,region,2015-W39,burned_area_km2,40465.48,km2,K2,gwis_weekly_burned_area,measured,f_sensor_break;f_min_fire_size;f_product_level
AFR,Afrika,region,2015-W40,burned_area_km2,41847.45,km2,K2,gwis_weekly_burned_area,measured,f_sensor_break;f_min_fire_size;f_product_level
AFR,Afrika,region,2015-W41,burned_area_km2,42343.09,km2,K2,gwis_weekly_burned_area,measured,f_sensor_break;f_min_fire_size;f_product_level
AFR,Afrika,region,2015-W42,burned_area_km2,17646.7,km2,K2,gwis_weekly_burned_area,measured,f_sensor_break;f_min_fire_size;f_product_level
AFR,Afrika,region,2015-W43,burned_area_km2,16144.88,km2,K2,gwis_weekly_burned_area,measured,f_sensor_break;f_min_fire_size;f_product_level
AFR,Afrika,region,2015-W44,burned_area_km2,17473.48,km2,K2,gwis_weekly_burned_area,measured,f_sensor_break;f_min_fire_size;f_product_level
AFR,Afrika,region,2015-W45,burned_area_km2,43182.99,km2,K2,gwis_weekly_burned_area,measured,f_sensor_break;f_min_fire_size;f_product_level
AFR,Afrika,region,2015-W46,burned_area_km2,38517.19,km2,K2,gwis_weekly_burned_area,measured,f_sensor_break;f_min_fire_size;f_product_level
AFR,Afrika,region,2015-W47,burned_area_km2,42622.96,km2,K2,gwis_weekly_burned_area,measured,f_sensor_break;f_min_fire_size;f_product_level
AFR,Afrika,region,2015-W48,burned_area_km2,35384.74,km2,K2,gwis_weekly_burned_area,measured,f_sensor_break;f_min_fire_size;f_product_level
AFR,Afrika,region,2015-W49,burned_area_km2,71076.78,km2,K2,gwis_weekly_burned_area,measured,f_sensor_break;f_min_fire_size;f_product_level
AFR,Afrika,region,2015-W50,burned_area_km2,90867.92,km2,K2,gwis_weekly_burned_area,measured,f_sensor_break;f_min_fire_size;f_product_level
AFR,Afrika,region,2015-W51,burned_area_km2,96542.87,km2,K2,gwis_weekly_burned_area,measured,f_sensor_break;f_min_fire_size;f_product_level
AFR,Afrika,region,2015-W52,burned_area_km2,86872.04,km2,K2,gwis_weekly_burned_area,measured,f_sensor_break;f_min_fire_size;f_product_level
AFR,Afrika,region,2016-W01,burned_area_km2,82369.75,km2,K2,gwis_weekly_burned_area,measured,f_sensor_break;f_min_fire_size;f_product_level
AFR,Afrika,region,2016-W02,burned_area_km2,69596.72,km2,K2,gwis_weekly_burned_area,measured,f_sensor_break;f_min_fire_size;f_product_level
AFR,Afrika,region,2016-W03,burned_area_km2,60100.8,km2,K2,gwis_weekly_burned_area,measured,f_sensor_break;f_min_fire_size;f_product_level
AFR,Afrika,region,2016-W04,burned_area_km2,88463.97,km2,K2,gwis_weekly_burned_area,measured,f_sensor_break;f_min_fire_size;f_product_level
AFR,Afrika,region,2016-W05,burned_area_km2,77046.54,km2,K2,gwis_weekly_burned_area,measured,f_sensor_break;f_min_fire_size;f_product_level
AFR,Afrika,region,2016-W06,burned_area_km2,66945.56,km2,K2,gwis_weekly_burned_area,measured,f_sensor_break;f_min_fire_size;f_product_level
AFR,Afrika,region,2016-W07,burned_area_km2,40846.73,km2,K2,gwis_weekly_burned_area,measured,f_sensor_break;f_min_fire_size;f_product_level
AFR,Afrika,region,2016-W08,burned_area_km2,30474.46,km2,K2,gwis_weekly_burned_area,measured,f_sensor_break;f_min_fire_size;f_product_level
AFR,Afrika,region,2016-W09,burned_area_km2,21277.63,km2,K2,gwis_weekly_burned_area,measured,f_sensor_break;f_min_fire_size;f_product_level
AFR,Afrika,region,2016-W10,burned_area_km2,17902.72,km2,K2,gwis_weekly_burned_area,measured,f_sensor_break;f_min_fire_size;f_product_level
AFR,Afrika,region,2016-W11,burned_area_km2,10969.49,km2,K2,gwis_weekly_burned_area,measured,f_sensor_break;f_min_fire_size;f_product_level
AFR,Afrika,region,2016-W12,burned_area_km2,10239.08,km2,K2,gwis_weekly_burned_area,measured,f_sensor_break;f_min_fire_size;f_product_level
AFR,Afrika,region,2016-W13,burned_area_km2,14302.57,km2,K2,gwis_weekly_burned_area,measured,f_sensor_break;f_min_fire_size;f_product_level
AFR,Afrika,region,2016-W14,burned_area_km2,14585.09,km2,K2,gwis_weekly_burned_area,measured,f_sensor_break;f_min_fire_size;f_product_level
AFR,Afrika,region,2016-W15,burned_area_km2,10609.76,km2,K2,gwis_weekly_burned_area,measured,f_sensor_break;f_min_fire_size;f_product_level
AFR,Afrika,region,2016-W16,burned_area_km2,10831.75,km2,K2,gwis_weekly_burned_area,measured,f_sensor_break;f_min_fire_size;f_product_level
AFR,Afrika,region,2016-W17,burned_area_km2,13597.14,km2,K2,gwis_weekly_burned_area,measured,f_sensor_break;f_min_fire_size;f_product_level
AFR,Afrika,region,2016-W18,burned_area_km2,9557.48,km2,K2,gwis_weekly_burned_area,measured,f_sensor_break;f_min_fire_size;f_product_level
AFR,Afrika,region,2016-W19,burned_area_km2,17148.98,km2,K2,gwis_weekly_burned_area,measured,f_sensor_break;f_min_fire_size;f_product_level
AFR,Afrika,region,2016-W20,burned_area_km2,31274.33,km2,K2,gwis_weekly_burned_area,measured,f_sensor_break;f_min_fire_size;f_product_level
AFR,Afrika,region,2016-W21,burned_area_km2,27437.77,km2,K2,gwis_weekly_burned_area,measured,f_sensor_break;f_min_fire_size;f_product_level
AFR,Afrika,region,2016-W22,burned_area_km2,34718.71,km2,K2,gwis_weekly_burned_area,measured,f_sensor_break;f_min_fire_size;f_product_level
AFR,Afrika,region,2016-W23,burned_area_km2,59131.54,km2,K2,gwis_weekly_burned_area,measured,f_sensor_break;f_min_fire_size;f_product_level
AFR,Afrika,region,2016-W24,burned_area_km2,57582.96,km2,K2,gwis_weekly_burned_area,measured,f_sensor_break;f_min_fire_size;f_product_level
AFR,Afrika,region,2016-W25,burned_area_km2,62988.0,km2,K2,gwis_weekly_burned_area,measured,f_sensor_break;f_min_fire_size;f_product_level
AFR,Afrika,region,2016-W26,burned_area_km2,67147.77,km2,K2,gwis_weekly_burned_area,measured,f_sensor_break;f_min_fire_size;f_product_level
AFR,Afrika,region,2016-W27,burned_area_km2,66203.69,km2,K2,gwis_weekly_burned_area,measured,f_sensor_break;f_min_fire_size;f_product_level
AFR,Afrika,region,2016-W28,burned_area_km2,73723.55,km2,K2,gwis_weekly_burned_area,measured,f_sensor_break;f_min_fire_size;f_product_level
AFR,Afrika,region,2016-W29,burned_area_km2,71537.96,km2,K2,gwis_weekly_burned_area,measured,f_sensor_break;f_min_fire_size;f_product_level
AFR,Afrika,region,2016-W30,burned_area_km2,69505.26,km2,K2,gwis_weekly_burned_area,measured,f_sensor_break;f_min_fire_size;f_product_level
AFR,Afrika,region,2016-W31,burned_area_km2,114001.26,km2,K2,gwis_weekly_burned_area,measured,f_sensor_break;f_min_fire_size;f_product_level
AFR,Afrika,region,2016-W32,burned_area_km2,85345.58,km2,K2,gwis_weekly_burned_area,measured,f_sensor_break;f_min_fire_size;f_product_level
AFR,Afrika,region,2016-W33,burned_area_km2,66663.29,km2,K2,gwis_weekly_burned_area,measured,f_sensor_break;f_min_fire_size;f_product_level
AFR,Afrika,region,2016-W34,burned_area_km2,87127.75,km2,K2,gwis_weekly_burned_area,measured,f_sensor_break;f_min_fire_size;f_product_level
AFR,Afrika,region,2016-W35,burned_area_km2,73254.25,km2,K2,gwis_weekly_burned_area,measured,f_sensor_break;f_min_fire_size;f_product_level
AFR,Afrika,region,2016-W36,burned_area_km2,73008.25,km2,K2,gwis_weekly_burned_area,measured,f_sensor_break;f_min_fire_size;f_product_level
AFR,Afrika,region,2016-W37,burned_area_km2,70738.05,km2,K2,gwis_weekly_burned_area,measured,f_sensor_break;f_min_fire_size;f_product_level
AFR,Afrika,region,2016-W38,burned_area_km2,66544.75,km2,K2,gwis_weekly_burned_area,measured,f_sensor_break;f_min_fire_size;f_product_level
AFR,Afrika,region,2016-W39,burned_area_km2,51257.08,km2,K2,gwis_weekly_burned_area,measured,f_sensor_break;f_min_fire_size;f_product_level
AFR,Afrika,region,2016-W40,burned_area_km2,28853.76,km2,K2,gwis_weekly_burned_area,measured,f_sensor_break;f_min_fire_size;f_product_level
AFR,Afrika,region,2016-W41,burned_area_km2,45232.81,km2,K2,gwis_weekly_burned_area,measured,f_sensor_break;f_min_fire_size;f_product_level
AFR,Afrika,region,2016-W42,burned_area_km2,40377.99,km2,K2,gwis_weekly_burned_area,measured,f_sensor_break;f_min_fire_size;f_product_level
AFR,Afrika,region,2016-W43,burned_area_km2,34444.6,km2,K2,gwis_weekly_burned_area,measured,f_sensor_break;f_min_fire_size;f_product_level
AFR,Afrika,region,2016-W44,burned_area_km2,41887.55,km2,K2,gwis_weekly_burned_area,measured,f_sensor_break;f_min_fire_size;f_product_level
AFR,Afrika,region,2016-W45,burned_area_km2,45438.62,km2,K2,gwis_weekly_burned_area,measured,f_sensor_break;f_min_fire_size;f_product_level
AFR,Afrika,region,2016-W46,burned_area_km2,40507.62,km2,K2,gwis_weekly_burned_area,measured,f_sensor_break;f_min_fire_size;f_product_level
AFR,Afrika,region,2016-W47,burned_area_km2,38927.0,km2,K2,gwis_weekly_burned_area,measured,f_sensor_break;f_min_fire_size;f_product_level
AFR,Afrika,region,2016-W48,burned_area_km2,48728.91,km2,K2,gwis_weekly_burned_area,measured,f_sensor_break;f_min_fire_size;f_product_level
AFR,Afrika,region,2016-W49,burned_area_km2,86172.33,km2,K2,gwis_weekly_burned_area,measured,f_sensor_break;f_min_fire_size;f_product_level
AFR,Afrika,region,2016-W50,burned_area_km2,79225.1,km2,K2,gwis_weekly_burned_area,measured,f_sensor_break;f_min_fire_size;f_product_level
AFR,Afrika,region,2016-W51,burned_area_km2,88015.53,km2,K2,gwis_weekly_burned_area,measured,f_sensor_break;f_min_fire_size;f_product_level
AFR,Afrika,region,2016-W52,burned_area_km2,85141.68,km2,K2,gwis_weekly_burned_area,measured,f_sensor_break;f_min_fire_size;f_product_level
AFR,Afrika,region,2017-W01,burned_area_km2,84871.75,km2,K2,gwis_weekly_burned_area,measured,f_sensor_break;f_min_fire_size;f_product_level
AFR,Afrika,region,2017-W02,burned_area_km2,65499.05,km2,K2,gwis_weekly_burned_area,measured,f_sensor_break;f_min_fire_size;f_product_level
AFR,Afrika,region,2017-W03,burned_area_km2,52591.69,km2,K2,gwis_weekly_burned_area,measured,f_sensor_break;f_min_fire_size;f_product_level
AFR,Afrika,region,2017-W04,burned_area_km2,49134.6,km2,K2,gwis_weekly_burned_area,measured,f_sensor_break;f_min_fire_size;f_product_level
AFR,Afrika,region,2017-W05,burned_area_km2,56740.65,km2,K2,gwis_weekly_burned_area,measured,f_sensor_break;f_min_fire_size;f_product_level
AFR,Afrika,region,2017-W06,burned_area_km2,48715.23,km2,K2,gwis_weekly_burned_area,measured,f_sensor_break;f_min_fire_size;f_product_level
AFR,Afrika,region,2017-W07,burned_area_km2,34741.3,km2,K2,gwis_weekly_burned_area,measured,f_sensor_break;f_min_fire_size;f_product_level
AFR,Afrika,region,2017-W08,burned_area_km2,40792.38,km2,K2,gwis_weekly_burned_area,measured,f_sensor_break;f_min_fire_size;f_product_level
AFR,Afrika,region,2017-W09,burned_area_km2,22985.7,km2,K2,gwis_weekly_burned_area,measured,f_sensor_break;f_min_fire_size;f_product_level
AFR,Afrika,region,2017-W10,burned_area_km2,23183.26,km2,K2,gwis_weekly_burned_area,measured,f_sensor_break;f_min_fire_size;f_product_level
AFR,Afrika,region,2017-W11,burned_area_km2,15547.48,km2,K2,gwis_weekly_burned_area,measured,f_sensor_break;f_min_fire_size;f_product_level
AFR,Afrika,region,2017-W12,burned_area_km2,11331.46,km2,K2,gwis_weekly_burned_area,measured,f_sensor_break;f_min_fire_size;f_product_level
AFR,Afrika,region,2017-W13,burned_area_km2,13491.62,km2,K2,gwis_weekly_burned_area,measured,f_sensor_break;f_min_fire_size;f_product_level
AFR,Afrika,region,2017-W14,burned_area_km2,14424.31,km2,K2,gwis_weekly_burned_area,measured,f_sensor_break;f_min_fire_size;f_product_level
AFR,Afrika,region,2017-W15,burned_area_km2,15177.36,km2,K2,gwis_weekly_burned_area,measured,f_sensor_break;f_min_fire_size;f_product_level
AFR,Afrika,region,2017-W16,burned_area_km2,13262.44,km2,K2,gwis_weekly_burned_area,measured,f_sensor_break;f_min_fire_size;f_product_level
AFR,Afrika,region,2017-W17,burned_area_km2,7438.32,km2,K2,gwis_weekly_burned_area,measured,f_sensor_break;f_min_fire_size;f_product_level
AFR,Afrika,region,2017-W18,burned_area_km2,12060.94,km2,K2,gwis_weekly_burned_area,measured,f_sensor_break;f_min_fire_size;f_product_level
AFR,Afrika,region,2017-W19,burned_area_km2,14104.68,km2,K2,gwis_weekly_burned_area,measured,f_sensor_break;f_min_fire_size;f_product_level
AFR,Afrika,region,2017-W20,burned_area_km2,14396.25,km2,K2,gwis_weekly_burned_area,measured,f_sensor_break;f_min_fire_size;f_product_level
AFR,Afrika,region,2017-W21,burned_area_km2,24901.76,km2,K2,gwis_weekly_burned_area,measured,f_sensor_break;f_min_fire_size;f_product_level
AFR,Afrika,region,2017-W22,burned_area_km2,33212.59,km2,K2,gwis_weekly_burned_area,measured,f_sensor_break;f_min_fire_size;f_product_level
AFR,Afrika,region,2017-W23,burned_area_km2,55544.62,km2,K2,gwis_weekly_burned_area,measured,f_sensor_break;f_min_fire_size;f_product_level
AFR,Afrika,region,2017-W24,burned_area_km2,46264.5,km2,K2,gwis_weekly_burned_area,measured,f_sensor_break;f_min_fire_size;f_product_level
AFR,Afrika,region,2017-W25,burned_area_km2,53814.03,km2,K2,gwis_weekly_burned_area,measured,f_sensor_break;f_min_fire_size;f_product_level
AFR,Afrika,region,2017-W26,burned_area_km2,59276.79,km2,K2,gwis_weekly_burned_area,measured,f_sensor_break;f_min_fire_size;f_product_level
AFR,Afrika,region,2017-W27,burned_area_km2,47957.58,km2,K2,gwis_weekly_burned_area,measured,f_sensor_break;f_min_fire_size;f_product_level
AFR,Afrika,region,2017-W28,burned_area_km2,60104.16,km2,K2,gwis_weekly_burned_area,measured,f_sensor_break;f_min_fire_size;f_product_level
AFR,Afrika,region,2017-W29,burned_area_km2,59814.01,km2,K2,gwis_weekly_burned_area,measured,f_sensor_break;f_min_fire_size;f_product_level
AFR,Afrika,region,2017-W30,burned_area_km2,75479.88,km2,K2,gwis_weekly_burned_area,measured,f_sensor_break;f_min_fire_size;f_product_level
AFR,Afrika,region,2017-W31,burned_area_km2,56453.37,km2,K2,gwis_weekly_burned_area,measured,f_sensor_break;f_min_fire_size;f_product_level
AFR,Afrika,region,2017-W32,burned_area_km2,75590.56,km2,K2,gwis_weekly_burned_area,measured,f_sensor_break;f_min_fire_size;f_product_level
AFR,Afrika,region,2017-W33,burned_area_km2,68252.31,km2,K2,gwis_weekly_burned_area,measured,f_sensor_break;f_min_fire_size;f_product_level
AFR,Afrika,region,2017-W34,burned_area_km2,89861.08,km2,K2,gwis_weekly_burned_area,measured,f_sensor_break;f_min_fire_size;f_product_level
AFR,Afrika,region,2017-W35,burned_area_km2,108615.47,km2,K2,gwis_weekly_burned_area,measured,f_sensor_break;f_min_fire_size;f_product_level
AFR,Afrika,region,2017-W36,burned_area_km2,83254.62,km2,K2,gwis_weekly_burned_area,measured,f_sensor_break;f_min_fire_size;f_product_level
AFR,Afrika,region,2017-W37,burned_area_km2,105428.89,km2,K2,gwis_weekly_burned_area,measured,f_sensor_break;f_min_fire_size;f_product_level
AFR,Afrika,region,2017-W38,burned_area_km2,58532.5,km2,K2,gwis_weekly_burned_area,measured,f_sensor_break;f_min_fire_size;f_product_level
AFR,Afrika,region,2017-W39,burned_area_km2,40316.38,km2,K2,gwis_weekly_burned_area,measured,f_sensor_break;f_min_fire_size;f_product_level
AFR,Afrika,region,2017-W40,burned_area_km2,32240.34,km2,K2,gwis_weekly_burned_area,measured,f_sensor_break;f_min_fire_size;f_product_level
AFR,Afrika,region,2017-W41,burned_area_km2,34358.09,km2,K2,gwis_weekly_burned_area,measured,f_sensor_break;f_min_fire_size;f_product_level
AFR,Afrika,region,2017-W42,burned_area_km2,65537.54,km2,K2,gwis_weekly_burned_area,measured,f_sensor_break;f_min_fire_size;f_product_level
AFR,Afrika,region,2017-W43,burned_area_km2,34405.58,km2,K2,gwis_weekly_burned_area,measured,f_sensor_break;f_min_fire_size;f_product_level
AFR,Afrika,region,2017-W44,burned_area_km2,29138.21,km2,K2,gwis_weekly_burned_area,measured,f_sensor_break;f_min_fire_size;f_product_level
AFR,Afrika,region,2017-W45,burned_area_km2,43680.31,km2,K2,gwis_weekly_burned_area,measured,f_sensor_break;f_min_fire_size;f_product_level
AFR,Afrika,region,2017-W46,burned_area_km2,32952.97,km2,K2,gwis_weekly_burned_area,measured,f_sensor_break;f_min_fire_size;f_product_level
AFR,Afrika,region,2017-W47,burned_area_km2,42226.65,km2,K2,gwis_weekly_burned_area,measured,f_sensor_break;f_min_fire_size;f_product_level
AFR,Afrika,region,2017-W48,burned_area_km2,53625.61,km2,K2,gwis_weekly_burned_area,measured,f_sensor_break;f_min_fire_size;f_product_level
AFR,Afrika,region,2017-W49,burned_area_km2,57248.0,km2,K2,gwis_weekly_burned_area,measured,f_sensor_break;f_min_fire_size;f_product_level
AFR,Afrika,region,2017-W50,burned_area_km2,77153.09,km2,K2,gwis_weekly_burned_area,measured,f_sensor_break;f_min_fire_size;f_product_level
AFR,Afrika,region,2017-W51,burned_area_km2,74546.89,km2,K2,gwis_weekly_burned_area,measured,f_sensor_break;f_min_fire_size;f_product_level
AFR,Afrika,region,2017-W52,burned_area_km2,78483.83,km2,K2,gwis_weekly_burned_area,measured,f_sensor_break;f_min_fire_size;f_product_level
AFR,Afrika,region,2018-W01,burned_area_km2,76338.76,km2,K2,gwis_weekly_burned_area,measured,f_sensor_break;f_min_fire_size;f_product_level
AFR,Afrika,region,2018-W02,burned_area_km2,76125.8,km2,K2,gwis_weekly_burned_area,measured,f_sensor_break;f_min_fire_size;f_product_level
AFR,Afrika,region,2018-W03,burned_area_km2,63138.84,km2,K2,gwis_weekly_burned_area,measured,f_sensor_break;f_min_fire_size;f_product_level
AFR,Afrika,region,2018-W04,burned_area_km2,58844.33,km2,K2,gwis_weekly_burned_area,measured,f_sensor_break;f_min_fire_size;f_product_level
AFR,Afrika,region,2018-W05,burned_area_km2,23340.83,km2,K2,gwis_weekly_burned_area,measured,f_sensor_break;f_min_fire_size;f_product_level
AFR,Afrika,region,2018-W06,burned_area_km2,2864.63,km2,K2,gwis_weekly_burned_area,measured,f_sensor_break;f_min_fire_size;f_product_level
AFR,Afrika,region,2018-W07,burned_area_km2,1894.11,km2,K2,gwis_weekly_burned_area,measured,f_sensor_break;f_min_fire_size;f_product_level
AFR,Afrika,region,2018-W08,burned_area_km2,536.6,km2,K2,gwis_weekly_burned_area,measured,f_sensor_break;f_min_fire_size;f_product_level
AFR,Afrika,region,2018-W09,burned_area_km2,1368.01,km2,K2,gwis_weekly_burned_area,measured,f_sensor_break;f_min_fire_size;f_product_level
AFR,Afrika,region,2018-W10,burned_area_km2,22625.56,km2,K2,gwis_weekly_burned_area,measured,f_sensor_break;f_min_fire_size;f_product_level
AFR,Afrika,region,2018-W11,burned_area_km2,15329.12,km2,K2,gwis_weekly_burned_area,measured,f_sensor_break;f_min_fire_size;f_product_level
AFR,Afrika,region,2018-W12,burned_area_km2,11602.49,km2,K2,gwis_weekly_burned_area,measured,f_sensor_break;f_min_fire_size;f_product_level
AFR,Afrika,region,2018-W13,burned_area_km2,9980.79,km2,K2,gwis_weekly_burned_area,measured,f_sensor_break;f_min_fire_size;f_product_level
AFR,Afrika,region,2018-W14,burned_area_km2,8568.72,km2,K2,gwis_weekly_burned_area,measured,f_sensor_break;f_min_fire_size;f_product_level
AFR,Afrika,region,2018-W15,burned_area_km2,10268.44,km2,K2,gwis_weekly_burned_area,measured,f_sensor_break;f_min_fire_size;f_product_level
AFR,Afrika,region,2018-W16,burned_area_km2,11393.36,km2,K2,gwis_weekly_burned_area,measured,f_sensor_break;f_min_fire_size;f_product_level
AFR,Afrika,region,2018-W17,burned_area_km2,11257.5,km2,K2,gwis_weekly_burned_area,measured,f_sensor_break;f_min_fire_size;f_product_level
AFR,Afrika,region,2018-W18,burned_area_km2,9498.61,km2,K2,gwis_weekly_burned_area,measured,f_sensor_break;f_min_fire_size;f_product_level
AFR,Afrika,region,2018-W19,burned_area_km2,4983.29,km2,K2,gwis_weekly_burned_area,measured,f_sensor_break;f_min_fire_size;f_product_level
AFR,Afrika,region,2018-W20,burned_area_km2,4923.24,km2,K2,gwis_weekly_burned_area,measured,f_sensor_break;f_min_fire_size;f_product_level
AFR,Afrika,region,2018-W21,burned_area_km2,11039.83,km2,K2,gwis_weekly_burned_area,measured,f_sensor_break;f_min_fire_size;f_product_level
AFR,Afrika,region,2018-W22,burned_area_km2,27236.05,km2,K2,gwis_weekly_burned_area,measured,f_sensor_break;f_min_fire_size;f_product_level
AFR,Afrika,region,2018-W23,burned_area_km2,52349.68,km2,K2,gwis_weekly_burned_area,measured,f_sensor_break;f_min_fire_size;f_product_level
AFR,Afrika,region,2018-W24,burned_area_km2,47499.01,km2,K2,gwis_weekly_burned_area,measured,f_sensor_break;f_min_fire_size;f_product_level
AFR,Afrika,region,2018-W25,burned_area_km2,34997.36,km2,K2,gwis_weekly_burned_area,measured,f_sensor_break;f_min_fire_size;f_product_level
AFR,Afrika,region,2018-W26,burned_area_km2,45966.11,km2,K2,gwis_weekly_burned_area,measured,f_sensor_break;f_min_fire_size;f_product_level
AFR,Afrika,region,2018-W27,burned_area_km2,66721.46,km2,K2,gwis_weekly_burned_area,measured,f_sensor_break;f_min_fire_size;f_product_level
AFR,Afrika,region,2018-W28,burned_area_km2,59524.25,km2,K2,gwis_weekly_burned_area,measured,f_sensor_break;f_min_fire_size;f_product_level
AFR,Afrika,region,2018-W29,burned_area_km2,69825.8,km2,K2,gwis_weekly_burned_area,measured,f_sensor_break;f_min_fire_size;f_product_level
AFR,Afrika,region,2018-W30,burned_area_km2,61580.45,km2,K2,gwis_weekly_burned_area,measured,f_sensor_break;f_min_fire_size;f_product_level
AFR,Afrika,region,2018-W31,burned_area_km2,71490.96,km2,K2,gwis_weekly_burned_area,measured,f_sensor_break;f_min_fire_size;f_product_level
AFR,Afrika,region,2018-W32,burned_area_km2,94011.8,km2,K2,gwis_weekly_burned_area,measured,f_sensor_break;f_min_fire_size;f_product_level
AFR,Afrika,region,2018-W33,burned_area_km2,82819.47,km2,K2,gwis_weekly_burned_area,measured,f_sensor_break;f_min_fire_size;f_product_level
AFR,Afrika,region,2018-W34,burned_area_km2,61351.33,km2,K2,gwis_weekly_burned_area,measured,f_sensor_break;f_min_fire_size;f_product_level
AFR,Afrika,region,2018-W35,burned_area_km2,83862.58,km2,K2,gwis_weekly_burned_area,measured,f_sensor_break;f_min_fire_size;f_product_level
AFR,Afrika,region,2018-W36,burned_area_km2,67049.75,km2,K2,gwis_weekly_burned_area,measured,f_sensor_break;f_min_fire_size;f_product_level
AFR,Afrika,region,2018-W37,burned_area_km2,81452.46,km2,K2,gwis_weekly_burned_area,measured,f_sensor_break;f_min_fire_size;f_product_level
AFR,Afrika,region,2018-W38,burned_area_km2,83512.65,km2,K2,gwis_weekly_burned_area,measured,f_sensor_break;f_min_fire_size;f_product_level
AFR,Afrika,region,2018-W39,burned_area_km2,50097.29,km2,K2,gwis_weekly_burned_area,measured,f_sensor_break;f_min_fire_size;f_product_level
AFR,Afrika,region,2018-W40,burned_area_km2,49884.87,km2,K2,gwis_weekly_burned_area,measured,f_sensor_break;f_min_fire_size;f_product_level
AFR,Afrika,region,2018-W41,burned_area_km2,39278.21,km2,K2,gwis_weekly_burned_area,measured,f_sensor_break;f_min_fire_size;f_product_level
AFR,Afrika,region,2018-W42,burned_area_km2,37369.35,km2,K2,gwis_weekly_burned_area,measured,f_sensor_break;f_min_fire_size;f_product_level
AFR,Afrika,region,2018-W43,burned_area_km2,45296.71,km2,K2,gwis_weekly_burned_area,measured,f_sensor_break;f_min_fire_size;f_product_level
AFR,Afrika,region,2018-W44,burned_area_km2,36617.16,km2,K2,gwis_weekly_burned_area,measured,f_sensor_break;f_min_fire_size;f_product_level
AFR,Afrika,region,2018-W45,burned_area_km2,7593.99,km2,K2,gwis_weekly_burned_area,measured,f_sensor_break;f_min_fire_size;f_product_level
AFR,Afrika,region,2018-W46,burned_area_km2,0.0,km2,K2,gwis_weekly_burned_area,measured,f_sensor_break;f_min_fire_size;f_product_level;f_zero_no_detection
AFR,Afrika,region,2018-W47,burned_area_km2,0.0,km2,K2,gwis_weekly_burned_area,measured,f_sensor_break;f_min_fire_size;f_product_level;f_zero_no_detection
AFR,Afrika,region,2018-W48,burned_area_km2,0.0,km2,K2,gwis_weekly_burned_area,measured,f_sensor_break;f_min_fire_size;f_product_level;f_zero_no_detection
AFR,Afrika,region,2018-W49,burned_area_km2,0.0,km2,K2,gwis_weekly_burned_area,measured,f_sensor_break;f_min_fire_size;f_product_level;f_zero_no_detection
AFR,Afrika,region,2018-W50,burned_area_km2,64273.33,km2,K2,gwis_weekly_burned_area,measured,f_sensor_break;f_min_fire_size;f_product_level
AFR,Afrika,region,2018-W51,burned_area_km2,81101.08,km2,K2,gwis_weekly_burned_area,measured,f_sensor_break;f_min_fire_size;f_product_level
AFR,Afrika,region,2018-W52,burned_area_km2,60030.01,km2,K2,gwis_weekly_burned_area,measured,f_sensor_break;f_min_fire_size;f_product_level
AFR,Afrika,region,2019-W01,burned_area_km2,73482.74,km2,K2,gwis_weekly_burned_area,measured,f_sensor_break;f_min_fire_size;f_product_level
AFR,Afrika,region,2019-W02,burned_area_km2,62033.39,km2,K2,gwis_weekly_burned_area,measured,f_sensor_break;f_min_fire_size;f_product_level
AFR,Afrika,region,2019-W03,burned_area_km2,54016.99,km2,K2,gwis_weekly_burned_area,measured,f_sensor_break;f_min_fire_size;f_product_level
AFR,Afrika,region,2019-W04,burned_area_km2,48332.54,km2,K2,gwis_weekly_burned_area,measured,f_sensor_break;f_min_fire_size;f_product_level
AFR,Afrika,region,2019-W05,burned_area_km2,34186.84,km2,K2,gwis_weekly_burned_area,measured,f_sensor_break;f_min_fire_size;f_product_level
AFR,Afrika,region,2019-W06,burned_area_km2,53213.16,km2,K2,gwis_weekly_burned_area,measured,f_sensor_break;f_min_fire_size;f_product_level
AFR,Afrika,region,2019-W07,burned_area_km2,41693.95,km2,K2,gwis_weekly_burned_area,measured,f_sensor_break;f_min_fire_size;f_product_level
AFR,Afrika,region,2019-W08,burned_area_km2,27086.23,km2,K2,gwis_weekly_burned_area,measured,f_sensor_break;f_min_fire_size;f_product_level
AFR,Afrika,region,2019-W09,burned_area_km2,25116.76,km2,K2,gwis_weekly_burned_area,measured,f_sensor_break;f_min_fire_size;f_product_level
AFR,Afrika,region,2019-W10,burned_area_km2,26131.81,km2,K2,gwis_weekly_burned_area,measured,f_sensor_break;f_min_fire_size;f_product_level
AFR,Afrika,region,2019-W11,burned_area_km2,20516.7,km2,K2,gwis_weekly_burned_area,measured,f_sensor_break;f_min_fire_size;f_product_level
AFR,Afrika,region,2019-W12,burned_area_km2,13316.08,km2,K2,gwis_weekly_burned_area,measured,f_sensor_break;f_min_fire_size;f_product_level
AFR,Afrika,region,2019-W13,burned_area_km2,11857.13,km2,K2,gwis_weekly_burned_area,measured,f_sensor_break;f_min_fire_size;f_product_level
AFR,Afrika,region,2019-W14,burned_area_km2,10545.13,km2,K2,gwis_weekly_burned_area,measured,f_sensor_break;f_min_fire_size;f_product_level
AFR,Afrika,region,2019-W15,burned_area_km2,11041.96,km2,K2,gwis_weekly_burned_area,measured,f_sensor_break;f_min_fire_size;f_product_level
AFR,Afrika,region,2019-W16,burned_area_km2,14262.29,km2,K2,gwis_weekly_burned_area,measured,f_sensor_break;f_min_fire_size;f_product_level
AFR,Afrika,region,2019-W17,burned_area_km2,12495.58,km2,K2,gwis_weekly_burned_area,measured,f_sensor_break;f_min_fire_size;f_product_level
AFR,Afrika,region,2019-W18,burned_area_km2,11424.28,km2,K2,gwis_weekly_burned_area,measured,f_sensor_break;f_min_fire_size;f_product_level
AFR,Afrika,region,2019-W19,burned_area_km2,17682.61,km2,K2,gwis_weekly_burned_area,measured,f_sensor_break;f_min_fire_size;f_product_level
AFR,Afrika,region,2019-W20,burned_area_km2,13402.74,km2,K2,gwis_weekly_burned_area,measured,f_sensor_break;f_min_fire_size;f_product_level
AFR,Afrika,region,2019-W21,burned_area_km2,17578.7,km2,K2,gwis_weekly_burned_area,measured,f_sensor_break;f_min_fire_size;f_product_level
AFR,Afrika,region,2019-W22,burned_area_km2,37797.72,km2,K2,gwis_weekly_burned_area,measured,f_sensor_break;f_min_fire_size;f_product_level
AFR,Afrika,region,2019-W23,burned_area_km2,67850.41,km2,K2,gwis_weekly_burned_area,measured,f_sensor_break;f_min_fire_size;f_product_level
AFR,Afrika,region,2019-W24,burned_area_km2,64354.06,km2,K2,gwis_weekly_burned_area,measured,f_sensor_break;f_min_fire_size;f_product_level
AFR,Afrika,region,2019-W25,burned_area_km2,58416.98,km2,K2,gwis_weekly_burned_area,measured,f_sensor_break;f_min_fire_size;f_product_level
AFR,Afrika,region,2019-W26,burned_area_km2,65004.84,km2,K2,gwis_weekly_burned_area,measured,f_sensor_break;f_min_fire_size;f_product_level
AFR,Afrika,region,2019-W27,burned_area_km2,82455.61,km2,K2,gwis_weekly_burned_area,measured,f_sensor_break;f_min_fire_size;f_product_level
AFR,Afrika,region,2019-W28,burned_area_km2,72520.17,km2,K2,gwis_weekly_burned_area,measured,f_sensor_break;f_min_fire_size;f_product_level
AFR,Afrika,region,2019-W29,burned_area_km2,85298.36,km2,K2,gwis_weekly_burned_area,measured,f_sensor_break;f_min_fire_size;f_product_level
AFR,Afrika,region,2019-W30,burned_area_km2,88631.93,km2,K2,gwis_weekly_burned_area,measured,f_sensor_break;f_min_fire_size;f_product_level
AFR,Afrika,region,2019-W31,burned_area_km2,59517.78,km2,K2,gwis_weekly_burned_area,measured,f_sensor_break;f_min_fire_size;f_product_level
AFR,Afrika,region,2019-W32,burned_area_km2,79740.87,km2,K2,gwis_weekly_burned_area,measured,f_sensor_break;f_min_fire_size;f_product_level
AFR,Afrika,region,2019-W33,burned_area_km2,106533.63,km2,K2,gwis_weekly_burned_area,measured,f_sensor_break;f_min_fire_size;f_product_level
AFR,Afrika,region,2019-W34,burned_area_km2,74601.08,km2,K2,gwis_weekly_burned_area,measured,f_sensor_break;f_min_fire_size;f_product_level
AFR,Afrika,region,2019-W35,burned_area_km2,69465.5,km2,K2,gwis_weekly_burned_area,measured,f_sensor_break;f_min_fire_size;f_product_level
AFR,Afrika,region,2019-W36,burned_area_km2,66860.12,km2,K2,gwis_weekly_burned_area,measured,f_sensor_break;f_min_fire_size;f_product_level
AFR,Afrika,region,2019-W37,burned_area_km2,74005.12,km2,K2,gwis_weekly_burned_area,measured,f_sensor_break;f_min_fire_size;f_product_level
AFR,Afrika,region,2019-W38,burned_area_km2,59906.23,km2,K2,gwis_weekly_burned_area,measured,f_sensor_break;f_min_fire_size;f_product_level
AFR,Afrika,region,2019-W39,burned_area_km2,38272.29,km2,K2,gwis_weekly_burned_area,measured,f_sensor_break;f_min_fire_size;f_product_level
AFR,Afrika,region,2019-W40,burned_area_km2,18874.07,km2,K2,gwis_weekly_burned_area,measured,f_sensor_break;f_min_fire_size;f_product_level
AFR,Afrika,region,2019-W41,burned_area_km2,16528.73,km2,K2,gwis_weekly_burned_area,measured,f_sensor_break;f_min_fire_size;f_product_level
AFR,Afrika,region,2019-W42,burned_area_km2,21307.47,km2,K2,gwis_weekly_burned_area,measured,f_sensor_break;f_min_fire_size;f_product_level
AFR,Afrika,region,2019-W43,burned_area_km2,37728.57,km2,K2,gwis_weekly_burned_area,measured,f_sensor_break;f_min_fire_size;f_product_level
AFR,Afrika,region,2019-W44,burned_area_km2,25954.81,km2,K2,gwis_weekly_burned_area,measured,f_sensor_break;f_min_fire_size;f_product_level
AFR,Afrika,region,2019-W45,burned_area_km2,20068.89,km2,K2,gwis_weekly_burned_area,measured,f_sensor_break;f_min_fire_size;f_product_level
AFR,Afrika,region,2019-W46,burned_area_km2,21965.11,km2,K2,gwis_weekly_burned_area,measured,f_sensor_break;f_min_fire_size;f_product_level
AFR,Afrika,region,2019-W47,burned_area_km2,23175.63,km2,K2,gwis_weekly_burned_area,measured,f_sensor_break;f_min_fire_size;f_product_level
AFR,Afrika,region,2019-W48,burned_area_km2,45162.53,km2,K2,gwis_weekly_burned_area,measured,f_sensor_break;f_min_fire_size;f_product_level
AFR,Afrika,region,2019-W49,burned_area_km2,44119.38,km2,K2,gwis_weekly_burned_area,measured,f_sensor_break;f_min_fire_size;f_product_level
AFR,Afrika,region,2019-W50,burned_area_km2,48420.05,km2,K2,gwis_weekly_burned_area,measured,f_sensor_break;f_min_fire_size;f_product_level
AFR,Afrika,region,2019-W51,burned_area_km2,65439.77,km2,K2,gwis_weekly_burned_area,measured,f_sensor_break;f_min_fire_size;f_product_level
AFR,Afrika,region,2019-W52,burned_area_km2,73237.58,km2,K2,gwis_weekly_burned_area,measured,f_sensor_break;f_min_fire_size;f_product_level
AFR,Afrika,region,2020-W01,burned_area_km2,67558.05,km2,K2,gwis_weekly_burned_area,measured,f_sensor_break;f_min_fire_size;f_product_level
AFR,Afrika,region,2020-W02,burned_area_km2,89350.43,km2,K2,gwis_weekly_burned_area,measured,f_sensor_break;f_min_fire_size;f_product_level
AFR,Afrika,region,2020-W03,burned_area_km2,73115.42,km2,K2,gwis_weekly_burned_area,measured,f_sensor_break;f_min_fire_size;f_product_level
AFR,Afrika,region,2020-W04,burned_area_km2,72862.41,km2,K2,gwis_weekly_burned_area,measured,f_sensor_break;f_min_fire_size;f_product_level
AFR,Afrika,region,2020-W05,burned_area_km2,54585.95,km2,K2,gwis_weekly_burned_area,measured,f_sensor_break;f_min_fire_size;f_product_level
AFR,Afrika,region,2020-W06,burned_area_km2,70127.89,km2,K2,gwis_weekly_burned_area,measured,f_sensor_break;f_min_fire_size;f_product_level
AFR,Afrika,region,2020-W07,burned_area_km2,48546.42,km2,K2,gwis_weekly_burned_area,measured,f_sensor_break;f_min_fire_size;f_product_level
AFR,Afrika,region,2020-W08,burned_area_km2,47175.9,km2,K2,gwis_weekly_burned_area,measured,f_sensor_break;f_min_fire_size;f_product_level
AFR,Afrika,region,2020-W09,burned_area_km2,35633.3,km2,K2,gwis_weekly_burned_area,measured,f_sensor_break;f_min_fire_size;f_product_level
AFR,Afrika,region,2020-W10,burned_area_km2,22800.51,km2,K2,gwis_weekly_burned_area,measured,f_sensor_break;f_min_fire_size;f_product_level
AFR,Afrika,region,2020-W11,burned_area_km2,21994.26,km2,K2,gwis_weekly_burned_area,measured,f_sensor_break;f_min_fire_size;f_product_level
AFR,Afrika,region,2020-W12,burned_area_km2,15938.05,km2,K2,gwis_weekly_burned_area,measured,f_sensor_break;f_min_fire_size;f_product_level
AFR,Afrika,region,2020-W13,burned_area_km2,15307.52,km2,K2,gwis_weekly_burned_area,measured,f_sensor_break;f_min_fire_size;f_product_level
AFR,Afrika,region,2020-W14,burned_area_km2,14913.19,km2,K2,gwis_weekly_burned_area,measured,f_sensor_break;f_min_fire_size;f_product_level
AFR,Afrika,region,2020-W15,burned_area_km2,9583.98,km2,K2,gwis_weekly_burned_area,measured,f_sensor_break;f_min_fire_size;f_product_level
AFR,Afrika,region,2020-W16,burned_area_km2,9482.22,km2,K2,gwis_weekly_burned_area,measured,f_sensor_break;f_min_fire_size;f_product_level
AFR,Afrika,region,2020-W17,burned_area_km2,9362.65,km2,K2,gwis_weekly_burned_area,measured,f_sensor_break;f_min_fire_size;f_product_level
AFR,Afrika,region,2020-W18,burned_area_km2,11841.83,km2,K2,gwis_weekly_burned_area,measured,f_sensor_break;f_min_fire_size;f_product_level
AFR,Afrika,region,2020-W19,burned_area_km2,11106.61,km2,K2,gwis_weekly_burned_area,measured,f_sensor_break;f_min_fire_size;f_product_level
AFR,Afrika,region,2020-W20,burned_area_km2,20907.06,km2,K2,gwis_weekly_burned_area,measured,f_sensor_break;f_min_fire_size;f_product_level
AFR,Afrika,region,2020-W21,burned_area_km2,23685.42,km2,K2,gwis_weekly_burned_area,measured,f_sensor_break;f_min_fire_size;f_product_level
AFR,Afrika,region,2020-W22,burned_area_km2,27577.48,km2,K2,gwis_weekly_burned_area,measured,f_sensor_break;f_min_fire_size;f_product_level
AFR,Afrika,region,2020-W23,burned_area_km2,35303.82,km2,K2,gwis_weekly_burned_area,measured,f_sensor_break;f_min_fire_size;f_product_level
AFR,Afrika,region,2020-W24,burned_area_km2,50890.45,km2,K2,gwis_weekly_burned_area,measured,f_sensor_break;f_min_fire_size;f_product_level
AFR,Afrika,region,2020-W25,burned_area_km2,55651.64,km2,K2,gwis_weekly_burned_area,measured,f_sensor_break;f_min_fire_size;f_product_level
AFR,Afrika,region,2020-W26,burned_area_km2,49054.36,km2,K2,gwis_weekly_burned_area,measured,f_sensor_break;f_min_fire_size;f_product_level
AFR,Afrika,region,2020-W27,burned_area_km2,71006.0,km2,K2,gwis_weekly_burned_area,measured,f_sensor_break;f_min_fire_size;f_product_level
AFR,Afrika,region,2020-W28,burned_area_km2,62536.06,km2,K2,gwis_weekly_burned_area,measured,f_sensor_break;f_min_fire_size;f_product_level
AFR,Afrika,region,2020-W29,burned_area_km2,94619.91,km2,K2,gwis_weekly_burned_area,measured,f_sensor_break;f_min_fire_size;f_product_level
AFR,Afrika,region,2020-W30,burned_area_km2,68565.01,km2,K2,gwis_weekly_burned_area,measured,f_sensor_break;f_min_fire_size;f_product_level
AFR,Afrika,region,2020-W31,burned_area_km2,85907.38,km2,K2,gwis_weekly_burned_area,measured,f_sensor_break;f_min_fire_size;f_product_level
AFR,Afrika,region,2020-W32,burned_area_km2,95049.08,km2,K2,gwis_weekly_burned_area,measured,f_sensor_break;f_min_fire_size;f_product_level
AFR,Afrika,region,2020-W33,burned_area_km2,79836.74,km2,K2,gwis_weekly_burned_area,measured,f_sensor_break;f_min_fire_size;f_product_level
AFR,Afrika,region,2020-W34,burned_area_km2,43103.56,km2,K2,gwis_weekly_burned_area,measured,f_sensor_break;f_min_fire_size;f_product_level
AFR,Afrika,region,2020-W35,burned_area_km2,51950.94,km2,K2,gwis_weekly_burned_area,measured,f_sensor_break;f_min_fire_size;f_product_level
AFR,Afrika,region,2020-W36,burned_area_km2,84108.62,km2,K2,gwis_weekly_burned_area,measured,f_sensor_break;f_min_fire_size;f_product_level
AFR,Afrika,region,2020-W37,burned_area_km2,77528.82,km2,K2,gwis_weekly_burned_area,measured,f_sensor_break;f_min_fire_size;f_product_level
AFR,Afrika,region,2020-W38,burned_area_km2,61918.52,km2,K2,gwis_weekly_burned_area,measured,f_sensor_break;f_min_fire_size;f_product_level
AFR,Afrika,region,2020-W39,burned_area_km2,54979.06,km2,K2,gwis_weekly_burned_area,measured,f_sensor_break;f_min_fire_size;f_product_level
AFR,Afrika,region,2020-W40,burned_area_km2,44049.58,km2,K2,gwis_weekly_burned_area,measured,f_sensor_break;f_min_fire_size;f_product_level
AFR,Afrika,region,2020-W41,burned_area_km2,20281.94,km2,K2,gwis_weekly_burned_area,measured,f_sensor_break;f_min_fire_size;f_product_level
AFR,Afrika,region,2020-W42,burned_area_km2,30409.46,km2,K2,gwis_weekly_burned_area,measured,f_sensor_break;f_min_fire_size;f_product_level
AFR,Afrika,region,2020-W43,burned_area_km2,32647.51,km2,K2,gwis_weekly_burned_area,measured,f_sensor_break;f_min_fire_size;f_product_level
AFR,Afrika,region,2020-W44,burned_area_km2,25892.98,km2,K2,gwis_weekly_burned_area,measured,f_sensor_break;f_min_fire_size;f_product_level
AFR,Afrika,region,2020-W45,burned_area_km2,33886.7,km2,K2,gwis_weekly_burned_area,measured,f_sensor_break;f_min_fire_size;f_product_level
AFR,Afrika,region,2020-W46,burned_area_km2,39868.6,km2,K2,gwis_weekly_burned_area,measured,f_sensor_break;f_min_fire_size;f_product_level
AFR,Afrika,region,2020-W47,burned_area_km2,43303.88,km2,K2,gwis_weekly_burned_area,measured,f_sensor_break;f_min_fire_size;f_product_level
AFR,Afrika,region,2020-W48,burned_area_km2,41338.49,km2,K2,gwis_weekly_burned_area,measured,f_sensor_break;f_min_fire_size;f_product_level
AFR,Afrika,region,2020-W49,burned_area_km2,48866.04,km2,K2,gwis_weekly_burned_area,measured,f_sensor_break;f_min_fire_size;f_product_level
AFR,Afrika,region,2020-W50,burned_area_km2,53099.54,km2,K2,gwis_weekly_burned_area,measured,f_sensor_break;f_min_fire_size;f_product_level
AFR,Afrika,region,2020-W51,burned_area_km2,59984.8,km2,K2,gwis_weekly_burned_area,measured,f_sensor_break;f_min_fire_size;f_product_level
AFR,Afrika,region,2020-W52,burned_area_km2,65258.09,km2,K2,gwis_weekly_burned_area,measured,f_sensor_break;f_min_fire_size;f_product_level
AFR,Afrika,region,2021-W01,burned_area_km2,55884.2,km2,K2,gwis_weekly_burned_area,measured,f_sensor_break;f_min_fire_size;f_product_level
AFR,Afrika,region,2021-W02,burned_area_km2,65163.77,km2,K2,gwis_weekly_burned_area,measured,f_sensor_break;f_min_fire_size;f_product_level
AFR,Afrika,region,2021-W03,burned_area_km2,75028.17,km2,K2,gwis_weekly_burned_area,measured,f_sensor_break;f_min_fire_size;f_product_level
AFR,Afrika,region,2021-W04,burned_area_km2,54676.08,km2,K2,gwis_weekly_burned_area,measured,f_sensor_break;f_min_fire_size;f_product_level
AFR,Afrika,region,2021-W05,burned_area_km2,59584.83,km2,K2,gwis_weekly_burned_area,measured,f_sensor_break;f_min_fire_size;f_product_level
AFR,Afrika,region,2021-W06,burned_area_km2,50888.84,km2,K2,gwis_weekly_burned_area,measured,f_sensor_break;f_min_fire_size;f_product_level
AFR,Afrika,region,2021-W07,burned_area_km2,34445.34,km2,K2,gwis_weekly_burned_area,measured,f_sensor_break;f_min_fire_size;f_product_level
AFR,Afrika,region,2021-W08,burned_area_km2,43016.8,km2,K2,gwis_weekly_burned_area,measured,f_sensor_break;f_min_fire_size;f_product_level
AFR,Afrika,region,2021-W09,burned_area_km2,46793.28,km2,K2,gwis_weekly_burned_area,measured,f_sensor_break;f_min_fire_size;f_product_level
AFR,Afrika,region,2021-W10,burned_area_km2,27390.55,km2,K2,gwis_weekly_burned_area,measured,f_sensor_break;f_min_fire_size;f_product_level
AFR,Afrika,region,2021-W11,burned_area_km2,10405.84,km2,K2,gwis_weekly_burned_area,measured,f_sensor_break;f_min_fire_size;f_product_level
AFR,Afrika,region,2021-W12,burned_area_km2,13641.02,km2,K2,gwis_weekly_burned_area,measured,f_sensor_break;f_min_fire_size;f_product_level
AFR,Afrika,region,2021-W13,burned_area_km2,18022.66,km2,K2,gwis_weekly_burned_area,measured,f_sensor_break;f_min_fire_size;f_product_level
AFR,Afrika,region,2021-W14,burned_area_km2,14048.28,km2,K2,gwis_weekly_burned_area,measured,f_sensor_break;f_min_fire_size;f_product_level
AFR,Afrika,region,2021-W15,burned_area_km2,11706.8,km2,K2,gwis_weekly_burned_area,measured,f_sensor_break;f_min_fire_size;f_product_level
AFR,Afrika,region,2021-W16,burned_area_km2,10048.49,km2,K2,gwis_weekly_burned_area,measured,f_sensor_break;f_min_fire_size;f_product_level
AFR,Afrika,region,2021-W17,burned_area_km2,6424.73,km2,K2,gwis_weekly_burned_area,measured,f_sensor_break;f_min_fire_size;f_product_level
AFR,Afrika,region,2021-W18,burned_area_km2,3201.79,km2,K2,gwis_weekly_burned_area,measured,f_sensor_break;f_min_fire_size;f_product_level
AFR,Afrika,region,2021-W19,burned_area_km2,10175.89,km2,K2,gwis_weekly_burned_area,measured,f_sensor_break;f_min_fire_size;f_product_level
AFR,Afrika,region,2021-W20,burned_area_km2,20778.09,km2,K2,gwis_weekly_burned_area,measured,f_sensor_break;f_min_fire_size;f_product_level
AFR,Afrika,region,2021-W21,burned_area_km2,51839.13,km2,K2,gwis_weekly_burned_area,measured,f_sensor_break;f_min_fire_size;f_product_level
AFR,Afrika,region,2021-W22,burned_area_km2,41117.37,km2,K2,gwis_weekly_burned_area,measured,f_sensor_break;f_min_fire_size;f_product_level
AFR,Afrika,region,2021-W23,burned_area_km2,27220.35,km2,K2,gwis_weekly_burned_area,measured,f_sensor_break;f_min_fire_size;f_product_level
AFR,Afrika,region,2021-W24,burned_area_km2,35872.19,km2,K2,gwis_weekly_burned_area,measured,f_sensor_break;f_min_fire_size;f_product_level
AFR,Afrika,region,2021-W25,burned_area_km2,34974.91,km2,K2,gwis_weekly_burned_area,measured,f_sensor_break;f_min_fire_size;f_product_level
AFR,Afrika,region,2021-W26,burned_area_km2,49100.08,km2,K2,gwis_weekly_burned_area,measured,f_sensor_break;f_min_fire_size;f_product_level
AFR,Afrika,region,2021-W27,burned_area_km2,53935.01,km2,K2,gwis_weekly_burned_area,measured,f_sensor_break;f_min_fire_size;f_product_level
AFR,Afrika,region,2021-W28,burned_area_km2,51241.63,km2,K2,gwis_weekly_burned_area,measured,f_sensor_break;f_min_fire_size;f_product_level
AFR,Afrika,region,2021-W29,burned_area_km2,61164.0,km2,K2,gwis_weekly_burned_area,measured,f_sensor_break;f_min_fire_size;f_product_level
AFR,Afrika,region,2021-W30,burned_area_km2,66501.65,km2,K2,gwis_weekly_burned_area,measured,f_sensor_break;f_min_fire_size;f_product_level
AFR,Afrika,region,2021-W31,burned_area_km2,51631.3,km2,K2,gwis_weekly_burned_area,measured,f_sensor_break;f_min_fire_size;f_product_level
AFR,Afrika,region,2021-W32,burned_area_km2,57601.4,km2,K2,gwis_weekly_burned_area,measured,f_sensor_break;f_min_fire_size;f_product_level
AFR,Afrika,region,2021-W33,burned_area_km2,58822.56,km2,K2,gwis_weekly_burned_area,measured,f_sensor_break;f_min_fire_size;f_product_level
AFR,Afrika,region,2021-W34,burned_area_km2,76954.64,km2,K2,gwis_weekly_burned_area,measured,f_sensor_break;f_min_fire_size;f_product_level
AFR,Afrika,region,2021-W35,burned_area_km2,102626.31,km2,K2,gwis_weekly_burned_area,measured,f_sensor_break;f_min_fire_size;f_product_level
AFR,Afrika,region,2021-W36,burned_area_km2,87856.86,km2,K2,gwis_weekly_burned_area,measured,f_sensor_break;f_min_fire_size;f_product_level
AFR,Afrika,region,2021-W37,burned_area_km2,74204.39,km2,K2,gwis_weekly_burned_area,measured,f_sensor_break;f_min_fire_size;f_product_level
AFR,Afrika,region,2021-W38,burned_area_km2,53892.44,km2,K2,gwis_weekly_burned_area,measured,f_sensor_break;f_min_fire_size;f_product_level
AFR,Afrika,region,2021-W39,burned_area_km2,55491.06,km2,K2,gwis_weekly_burned_area,measured,f_sensor_break;f_min_fire_size;f_product_level
AFR,Afrika,region,2021-W40,burned_area_km2,36319.05,km2,K2,gwis_weekly_burned_area,measured,f_sensor_break;f_min_fire_size;f_product_level
AFR,Afrika,region,2021-W41,burned_area_km2,40025.6,km2,K2,gwis_weekly_burned_area,measured,f_sensor_break;f_min_fire_size;f_product_level
AFR,Afrika,region,2021-W42,burned_area_km2,31015.3,km2,K2,gwis_weekly_burned_area,measured,f_sensor_break;f_min_fire_size;f_product_level
AFR,Afrika,region,2021-W43,burned_area_km2,34943.54,km2,K2,gwis_weekly_burned_area,measured,f_sensor_break;f_min_fire_size;f_product_level
AFR,Afrika,region,2021-W44,burned_area_km2,40305.04,km2,K2,gwis_weekly_burned_area,measured,f_sensor_break;f_min_fire_size;f_product_level
AFR,Afrika,region,2021-W45,burned_area_km2,44674.07,km2,K2,gwis_weekly_burned_area,measured,f_sensor_break;f_min_fire_size;f_product_level
AFR,Afrika,region,2021-W46,burned_area_km2,48706.99,km2,K2,gwis_weekly_burned_area,measured,f_sensor_break;f_min_fire_size;f_product_level
AFR,Afrika,region,2021-W47,burned_area_km2,53784.35,km2,K2,gwis_weekly_burned_area,measured,f_sensor_break;f_min_fire_size;f_product_level
AFR,Afrika,region,2021-W48,burned_area_km2,49141.84,km2,K2,gwis_weekly_burned_area,measured,f_sensor_break;f_min_fire_size;f_product_level
AFR,Afrika,region,2021-W49,burned_area_km2,67768.27,km2,K2,gwis_weekly_burned_area,measured,f_sensor_break;f_min_fire_size;f_product_level
AFR,Afrika,region,2021-W50,burned_area_km2,62646.68,km2,K2,gwis_weekly_burned_area,measured,f_sensor_break;f_min_fire_size;f_product_level
AFR,Afrika,region,2021-W51,burned_area_km2,75777.88,km2,K2,gwis_weekly_burned_area,measured,f_sensor_break;f_min_fire_size;f_product_level
AFR,Afrika,region,2021-W52,burned_area_km2,50284.4,km2,K2,gwis_weekly_burned_area,measured,f_sensor_break;f_min_fire_size;f_product_level
AFR,Afrika,region,2022-W01,burned_area_km2,51442.02,km2,K2,gwis_weekly_burned_area,measured,f_sensor_break;f_min_fire_size;f_product_level
AFR,Afrika,region,2022-W02,burned_area_km2,46124.12,km2,K2,gwis_weekly_burned_area,measured,f_sensor_break;f_min_fire_size;f_product_level
AFR,Afrika,region,2022-W03,burned_area_km2,63308.96,km2,K2,gwis_weekly_burned_area,measured,f_sensor_break;f_min_fire_size;f_product_level
AFR,Afrika,region,2022-W04,burned_area_km2,75114.1,km2,K2,gwis_weekly_burned_area,measured,f_sensor_break;f_min_fire_size;f_product_level
AFR,Afrika,region,2022-W05,burned_area_km2,56860.67,km2,K2,gwis_weekly_burned_area,measured,f_sensor_break;f_min_fire_size;f_product_level
AFR,Afrika,region,2022-W06,burned_area_km2,53113.25,km2,K2,gwis_weekly_burned_area,measured,f_sensor_break;f_min_fire_size;f_product_level
AFR,Afrika,region,2022-W07,burned_area_km2,37840.82,km2,K2,gwis_weekly_burned_area,measured,f_sensor_break;f_min_fire_size;f_product_level
AFR,Afrika,region,2022-W08,burned_area_km2,34824.47,km2,K2,gwis_weekly_burned_area,measured,f_sensor_break;f_min_fire_size;f_product_level
AFR,Afrika,region,2022-W09,burned_area_km2,30399.98,km2,K2,gwis_weekly_burned_area,measured,f_sensor_break;f_min_fire_size;f_product_level
AFR,Afrika,region,2022-W10,burned_area_km2,27875.55,km2,K2,gwis_weekly_burned_area,measured,f_sensor_break;f_min_fire_size;f_product_level
AFR,Afrika,region,2022-W11,burned_area_km2,25877.59,km2,K2,gwis_weekly_burned_area,measured,f_sensor_break;f_min_fire_size;f_product_level
AFR,Afrika,region,2022-W12,burned_area_km2,20287.95,km2,K2,gwis_weekly_burned_area,measured,f_sensor_break;f_min_fire_size;f_product_level
AFR,Afrika,region,2022-W13,burned_area_km2,16496.04,km2,K2,gwis_weekly_burned_area,measured,f_sensor_break;f_min_fire_size;f_product_level
AFR,Afrika,region,2022-W14,burned_area_km2,6363.93,km2,K2,gwis_weekly_burned_area,measured,f_sensor_break;f_min_fire_size;f_product_level
AFR,Afrika,region,2022-W15,burned_area_km2,9244.63,km2,K2,gwis_weekly_burned_area,measured,f_sensor_break;f_min_fire_size;f_product_level
AFR,Afrika,region,2022-W16,burned_area_km2,8120.98,km2,K2,gwis_weekly_burned_area,measured,f_sensor_break;f_min_fire_size;f_product_level
AFR,Afrika,region,2022-W17,burned_area_km2,7533.23,km2,K2,gwis_weekly_burned_area,measured,f_sensor_break;f_min_fire_size;f_product_level
AFR,Afrika,region,2022-W18,burned_area_km2,11450.76,km2,K2,gwis_weekly_burned_area,measured,f_sensor_break;f_min_fire_size;f_product_level
AFR,Afrika,region,2022-W19,burned_area_km2,12696.8,km2,K2,gwis_weekly_burned_area,measured,f_sensor_break;f_min_fire_size;f_product_level
AFR,Afrika,region,2022-W20,burned_area_km2,19808.97,km2,K2,gwis_weekly_burned_area,measured,f_sensor_break;f_min_fire_size;f_product_level
AFR,Afrika,region,2022-W21,burned_area_km2,19839.36,km2,K2,gwis_weekly_burned_area,measured,f_sensor_break;f_min_fire_size;f_product_level
AFR,Afrika,region,2022-W22,burned_area_km2,44486.69,km2,K2,gwis_weekly_burned_area,measured,f_sensor_break;f_min_fire_size;f_product_level
AFR,Afrika,region,2022-W23,burned_area_km2,53366.21,km2,K2,gwis_weekly_burned_area,measured,f_sensor_break;f_min_fire_size;f_product_level
AFR,Afrika,region,2022-W24,burned_area_km2,42168.43,km2,K2,gwis_weekly_burned_area,measured,f_sensor_break;f_min_fire_size;f_product_level
AFR,Afrika,region,2022-W25,burned_area_km2,40089.67,km2,K2,gwis_weekly_burned_area,measured,f_sensor_break;f_min_fire_size;f_product_level
AFR,Afrika,region,2022-W26,burned_area_km2,60943.9,km2,K2,gwis_weekly_burned_area,measured,f_sensor_break;f_min_fire_size;f_product_level
AFR,Afrika,region,2022-W27,burned_area_km2,60067.71,km2,K2,gwis_weekly_burned_area,measured,f_sensor_break;f_min_fire_size;f_product_level
AFR,Afrika,region,2022-W28,burned_area_km2,59507.24,km2,K2,gwis_weekly_burned_area,measured,f_sensor_break;f_min_fire_size;f_product_level
AFR,Afrika,region,2022-W29,burned_area_km2,46644.1,km2,K2,gwis_weekly_burned_area,measured,f_sensor_break;f_min_fire_size;f_product_level
AFR,Afrika,region,2022-W30,burned_area_km2,63842.97,km2,K2,gwis_weekly_burned_area,measured,f_sensor_break;f_min_fire_size;f_product_level
AFR,Afrika,region,2022-W31,burned_area_km2,61609.19,km2,K2,gwis_weekly_burned_area,measured,f_sensor_break;f_min_fire_size;f_product_level
AFR,Afrika,region,2022-W32,burned_area_km2,85665.12,km2,K2,gwis_weekly_burned_area,measured,f_sensor_break;f_min_fire_size;f_product_level
AFR,Afrika,region,2022-W33,burned_area_km2,74085.45,km2,K2,gwis_weekly_burned_area,measured,f_sensor_break;f_min_fire_size;f_product_level
AFR,Afrika,region,2022-W34,burned_area_km2,51424.51,km2,K2,gwis_weekly_burned_area,measured,f_sensor_break;f_min_fire_size;f_product_level
AFR,Afrika,region,2022-W35,burned_area_km2,59017.45,km2,K2,gwis_weekly_burned_area,measured,f_sensor_break;f_min_fire_size;f_product_level
AFR,Afrika,region,2022-W36,burned_area_km2,80720.38,km2,K2,gwis_weekly_burned_area,measured,f_sensor_break;f_min_fire_size;f_product_level
AFR,Afrika,region,2022-W37,burned_area_km2,66878.74,km2,K2,gwis_weekly_burned_area,measured,f_sensor_break;f_min_fire_size;f_product_level
AFR,Afrika,region,2022-W38,burned_area_km2,65709.17,km2,K2,gwis_weekly_burned_area,measured,f_sensor_break;f_min_fire_size;f_product_level
AFR,Afrika,region,2022-W39,burned_area_km2,56269.97,km2,K2,gwis_weekly_burned_area,measured,f_sensor_break;f_min_fire_size;f_product_level
AFR,Afrika,region,2022-W40,burned_area_km2,87988.18,km2,K2,gwis_weekly_burned_area,measured,f_sensor_break;f_min_fire_size;f_product_level
AFR,Afrika,region,2022-W41,burned_area_km2,55138.41,km2,K2,gwis_weekly_burned_area,measured,f_sensor_break;f_min_fire_size;f_product_level
AFR,Afrika,region,2022-W42,burned_area_km2,24538.8,km2,K2,gwis_weekly_burned_area,measured,f_sensor_break;f_min_fire_size;f_product_level
AFR,Afrika,region,2022-W43,burned_area_km2,29397.87,km2,K2,gwis_weekly_burned_area,measured,f_sensor_break;f_min_fire_size;f_product_level
AFR,Afrika,region,2022-W44,burned_area_km2,29425.33,km2,K2,gwis_weekly_burned_area,measured,f_sensor_break;f_min_fire_size;f_product_level
AFR,Afrika,region,2022-W45,burned_area_km2,24455.52,km2,K2,gwis_weekly_burned_area,measured,f_sensor_break;f_min_fire_size;f_product_level
AFR,Afrika,region,2022-W46,burned_area_km2,30351.73,km2,K2,gwis_weekly_burned_area,measured,f_sensor_break;f_min_fire_size;f_product_level
AFR,Afrika,region,2022-W47,burned_area_km2,34092.31,km2,K2,gwis_weekly_burned_area,measured,f_sensor_break;f_min_fire_size;f_product_level
AFR,Afrika,region,2022-W48,burned_area_km2,31252.21,km2,K2,gwis_weekly_burned_area,measured,f_sensor_break;f_min_fire_size;f_product_level
AFR,Afrika,region,2022-W49,burned_area_km2,41353.46,km2,K2,gwis_weekly_burned_area,measured,f_sensor_break;f_min_fire_size;f_product_level
AFR,Afrika,region,2022-W50,burned_area_km2,52724.18,km2,K2,gwis_weekly_burned_area,measured,f_sensor_break;f_min_fire_size;f_product_level
AFR,Afrika,region,2022-W51,burned_area_km2,50197.38,km2,K2,gwis_weekly_burned_area,measured,f_sensor_break;f_min_fire_size;f_product_level
AFR,Afrika,region,2022-W52,burned_area_km2,52851.16,km2,K2,gwis_weekly_burned_area,measured,f_sensor_break;f_min_fire_size;f_product_level
AFR,Afrika,region,2023-W01,burned_area_km2,66661.79,km2,K2,gwis_weekly_burned_area,measured,f_sensor_break;f_min_fire_size;f_product_level
AFR,Afrika,region,2023-W02,burned_area_km2,58912.3,km2,K2,gwis_weekly_burned_area,measured,f_sensor_break;f_min_fire_size;f_product_level
AFR,Afrika,region,2023-W03,burned_area_km2,51916.98,km2,K2,gwis_weekly_burned_area,measured,f_sensor_break;f_min_fire_size;f_product_level
AFR,Afrika,region,2023-W04,burned_area_km2,35102.85,km2,K2,gwis_weekly_burned_area,measured,f_sensor_break;f_min_fire_size;f_product_level
AFR,Afrika,region,2023-W05,burned_area_km2,46656.55,km2,K2,gwis_weekly_burned_area,measured,f_sensor_break;f_min_fire_size;f_product_level
AFR,Afrika,region,2023-W06,burned_area_km2,50657.66,km2,K2,gwis_weekly_burned_area,measured,f_sensor_break;f_min_fire_size;f_product_level
AFR,Afrika,region,2023-W07,burned_area_km2,61125.24,km2,K2,gwis_weekly_burned_area,measured,f_sensor_break;f_min_fire_size;f_product_level
AFR,Afrika,region,2023-W08,burned_area_km2,26110.41,km2,K2,gwis_weekly_burned_area,measured,f_sensor_break;f_min_fire_size;f_product_level
AFR,Afrika,region,2023-W09,burned_area_km2,19569.96,km2,K2,gwis_weekly_burned_area,measured,f_sensor_break;f_min_fire_size;f_product_level
AFR,Afrika,region,2023-W10,burned_area_km2,14952.87,km2,K2,gwis_weekly_burned_area,measured,f_sensor_break;f_min_fire_size;f_product_level
AFR,Afrika,region,2023-W11,burned_area_km2,12000.03,km2,K2,gwis_weekly_burned_area,measured,f_sensor_break;f_min_fire_size;f_product_level
AFR,Afrika,region,2023-W12,burned_area_km2,12842.48,km2,K2,gwis_weekly_burned_area,measured,f_sensor_break;f_min_fire_size;f_product_level
AFR,Afrika,region,2023-W13,burned_area_km2,10372.52,km2,K2,gwis_weekly_burned_area,measured,f_sensor_break;f_min_fire_size;f_product_level
AFR,Afrika,region,2023-W14,burned_area_km2,15292.26,km2,K2,gwis_weekly_burned_area,measured,f_sensor_break;f_min_fire_size;f_product_level
AFR,Afrika,region,2023-W15,burned_area_km2,10523.4,km2,K2,gwis_weekly_burned_area,measured,f_sensor_break;f_min_fire_size;f_product_level
AFR,Afrika,region,2023-W16,burned_area_km2,9947.29,km2,K2,gwis_weekly_burned_area,measured,f_sensor_break;f_min_fire_size;f_product_level
AFR,Afrika,region,2023-W17,burned_area_km2,13745.62,km2,K2,gwis_weekly_burned_area,measured,f_sensor_break;f_min_fire_size;f_product_level
AFR,Afrika,region,2023-W18,burned_area_km2,9068.96,km2,K2,gwis_weekly_burned_area,measured,f_sensor_break;f_min_fire_size;f_product_level
AFR,Afrika,region,2023-W19,burned_area_km2,17864.04,km2,K2,gwis_weekly_burned_area,measured,f_sensor_break;f_min_fire_size;f_product_level
AFR,Afrika,region,2023-W20,burned_area_km2,11725.86,km2,K2,gwis_weekly_burned_area,measured,f_sensor_break;f_min_fire_size;f_product_level
AFR,Afrika,region,2023-W21,burned_area_km2,21312.42,km2,K2,gwis_weekly_burned_area,measured,f_sensor_break;f_min_fire_size;f_product_level
AFR,Afrika,region,2023-W22,burned_area_km2,25790.08,km2,K2,gwis_weekly_burned_area,measured,f_sensor_break;f_min_fire_size;f_product_level
AFR,Afrika,region,2023-W23,burned_area_km2,28445.88,km2,K2,gwis_weekly_burned_area,measured,f_sensor_break;f_min_fire_size;f_product_level
AFR,Afrika,region,2023-W24,burned_area_km2,43012.81,km2,K2,gwis_weekly_burned_area,measured,f_sensor_break;f_min_fire_size;f_product_level
AFR,Afrika,region,2023-W25,burned_area_km2,39523.8,km2,K2,gwis_weekly_burned_area,measured,f_sensor_break;f_min_fire_size;f_product_level
AFR,Afrika,region,2023-W26,burned_area_km2,43211.4,km2,K2,gwis_weekly_burned_area,measured,f_sensor_break;f_min_fire_size;f_product_level
AFR,Afrika,region,2023-W27,burned_area_km2,74928.23,km2,K2,gwis_weekly_burned_area,measured,f_sensor_break;f_min_fire_size;f_product_level
AFR,Afrika,region,2023-W28,burned_area_km2,77187.58,km2,K2,gwis_weekly_burned_area,measured,f_sensor_break;f_min_fire_size;f_product_level
AFR,Afrika,region,2023-W29,burned_area_km2,68832.22,km2,K2,gwis_weekly_burned_area,measured,f_sensor_break;f_min_fire_size;f_product_level
AFR,Afrika,region,2023-W30,burned_area_km2,65899.76,km2,K2,gwis_weekly_burned_area,measured,f_sensor_break;f_min_fire_size;f_product_level
AFR,Afrika,region,2023-W31,burned_area_km2,89084.75,km2,K2,gwis_weekly_burned_area,measured,f_sensor_break;f_min_fire_size;f_product_level
AFR,Afrika,region,2023-W32,burned_area_km2,81746.89,km2,K2,gwis_weekly_burned_area,measured,f_sensor_break;f_min_fire_size;f_product_level
AFR,Afrika,region,2023-W33,burned_area_km2,86296.32,km2,K2,gwis_weekly_burned_area,measured,f_sensor_break;f_min_fire_size;f_product_level
AFR,Afrika,region,2023-W34,burned_area_km2,113663.57,km2,K2,gwis_weekly_burned_area,measured,f_sensor_break;f_min_fire_size;f_product_level
AFR,Afrika,region,2023-W35,burned_area_km2,85051.07,km2,K2,gwis_weekly_burned_area,measured,f_sensor_break;f_min_fire_size;f_product_level
AFR,Afrika,region,2023-W36,burned_area_km2,79298.01,km2,K2,gwis_weekly_burned_area,measured,f_sensor_break;f_min_fire_size;f_product_level
AFR,Afrika,region,2023-W37,burned_area_km2,65494.41,km2,K2,gwis_weekly_burned_area,measured,f_sensor_break;f_min_fire_size;f_product_level
AFR,Afrika,region,2023-W38,burned_area_km2,56083.4,km2,K2,gwis_weekly_burned_area,measured,f_sensor_break;f_min_fire_size;f_product_level
AFR,Afrika,region,2023-W39,burned_area_km2,37903.88,km2,K2,gwis_weekly_burned_area,measured,f_sensor_break;f_min_fire_size;f_product_level
AFR,Afrika,region,2023-W40,burned_area_km2,38620.97,km2,K2,gwis_weekly_burned_area,measured,f_sensor_break;f_min_fire_size;f_product_level
AFR,Afrika,region,2023-W41,burned_area_km2,39549.27,km2,K2,gwis_weekly_burned_area,measured,f_sensor_break;f_min_fire_size;f_product_level
AFR,Afrika,region,2023-W42,burned_area_km2,20092.99,km2,K2,gwis_weekly_burned_area,measured,f_sensor_break;f_min_fire_size;f_product_level
AFR,Afrika,region,2023-W43,burned_area_km2,28440.27,km2,K2,gwis_weekly_burned_area,measured,f_sensor_break;f_min_fire_size;f_product_level
AFR,Afrika,region,2023-W44,burned_area_km2,12296.46,km2,K2,gwis_weekly_burned_area,measured,f_sensor_break;f_min_fire_size;f_product_level
AFR,Afrika,region,2023-W45,burned_area_km2,18184.43,km2,K2,gwis_weekly_burned_area,measured,f_sensor_break;f_min_fire_size;f_product_level
AFR,Afrika,region,2023-W46,burned_area_km2,25900.49,km2,K2,gwis_weekly_burned_area,measured,f_sensor_break;f_min_fire_size;f_product_level
AFR,Afrika,region,2023-W47,burned_area_km2,28581.81,km2,K2,gwis_weekly_burned_area,measured,f_sensor_break;f_min_fire_size;f_product_level
AFR,Afrika,region,2023-W48,burned_area_km2,28651.77,km2,K2,gwis_weekly_burned_area,measured,f_sensor_break;f_min_fire_size;f_product_level
AFR,Afrika,region,2023-W49,burned_area_km2,41549.91,km2,K2,gwis_weekly_burned_area,measured,f_sensor_break;f_min_fire_size;f_product_level
AFR,Afrika,region,2023-W50,burned_area_km2,48484.87,km2,K2,gwis_weekly_burned_area,measured,f_sensor_break;f_min_fire_size;f_product_level
AFR,Afrika,region,2023-W51,burned_area_km2,54122.24,km2,K2,gwis_weekly_burned_area,measured,f_sensor_break;f_min_fire_size;f_product_level
AFR,Afrika,region,2023-W52,burned_area_km2,70191.01,km2,K2,gwis_weekly_burned_area,measured,f_sensor_break;f_min_fire_size;f_product_level
AFR,Afrika,region,2024-W01,burned_area_km2,46009.41,km2,K2,gwis_weekly_burned_area,measured,f_sensor_break;f_min_fire_size;f_product_level
AFR,Afrika,region,2024-W02,burned_area_km2,62077.59,km2,K2,gwis_weekly_burned_area,measured,f_sensor_break;f_min_fire_size;f_product_level
AFR,Afrika,region,2024-W03,burned_area_km2,57066.15,km2,K2,gwis_weekly_burned_area,measured,f_sensor_break;f_min_fire_size;f_product_level
AFR,Afrika,region,2024-W04,burned_area_km2,50683.78,km2,K2,gwis_weekly_burned_area,measured,f_sensor_break;f_min_fire_size;f_product_level
AFR,Afrika,region,2024-W05,burned_area_km2,32777.02,km2,K2,gwis_weekly_burned_area,measured,f_sensor_break;f_min_fire_size;f_product_level
AFR,Afrika,region,2024-W06,burned_area_km2,42065.24,km2,K2,gwis_weekly_burned_area,measured,f_sensor_break;f_min_fire_size;f_product_level
AFR,Afrika,region,2024-W07,burned_area_km2,27149.35,km2,K2,gwis_weekly_burned_area,measured,f_sensor_break;f_min_fire_size;f_product_level
AFR,Afrika,region,2024-W08,burned_area_km2,27217.29,km2,K2,gwis_weekly_burned_area,measured,f_sensor_break;f_min_fire_size;f_product_level
AFR,Afrika,region,2024-W09,burned_area_km2,24787.66,km2,K2,gwis_weekly_burned_area,measured,f_sensor_break;f_min_fire_size;f_product_level
AFR,Afrika,region,2024-W10,burned_area_km2,21255.34,km2,K2,gwis_weekly_burned_area,measured,f_sensor_break;f_min_fire_size;f_product_level
AFR,Afrika,region,2024-W11,burned_area_km2,17318.16,km2,K2,gwis_weekly_burned_area,measured,f_sensor_break;f_min_fire_size;f_product_level
AFR,Afrika,region,2024-W12,burned_area_km2,2994.47,km2,K2,gwis_weekly_burned_area,measured,f_sensor_break;f_min_fire_size;f_product_level
AFR,Afrika,region,2024-W13,burned_area_km2,10592.3,km2,K2,gwis_weekly_burned_area,measured,f_sensor_break;f_min_fire_size;f_product_level
AFR,Afrika,region,2024-W14,burned_area_km2,4100.47,km2,K2,gwis_weekly_burned_area,measured,f_sensor_break;f_min_fire_size;f_product_level
AFR,Afrika,region,2024-W15,burned_area_km2,7526.62,km2,K2,gwis_weekly_burned_area,measured,f_sensor_break;f_min_fire_size;f_product_level
AFR,Afrika,region,2024-W16,burned_area_km2,12239.71,km2,K2,gwis_weekly_burned_area,measured,f_sensor_break;f_min_fire_size;f_product_level
AFR,Afrika,region,2024-W17,burned_area_km2,13772.86,km2,K2,gwis_weekly_burned_area,measured,f_sensor_break;f_min_fire_size;f_product_level
AFR,Afrika,region,2024-W18,burned_area_km2,15361.26,km2,K2,gwis_weekly_burned_area,measured,f_sensor_break;f_min_fire_size;f_product_level
AFR,Afrika,region,2024-W19,burned_area_km2,16943.94,km2,K2,gwis_weekly_burned_area,measured,f_sensor_break;f_min_fire_size;f_product_level
AFR,Afrika,region,2024-W20,burned_area_km2,25725.29,km2,K2,gwis_weekly_burned_area,measured,f_sensor_break;f_min_fire_size;f_product_level
AFR,Afrika,region,2024-W21,burned_area_km2,25414.04,km2,K2,gwis_weekly_burned_area,measured,f_sensor_break;f_min_fire_size;f_product_level
AFR,Afrika,region,2024-W22,burned_area_km2,27320.41,km2,K2,gwis_weekly_burned_area,measured,f_sensor_break;f_min_fire_size;f_product_level
AFR,Afrika,region,2024-W23,burned_area_km2,41424.17,km2,K2,gwis_weekly_burned_area,measured,f_sensor_break;f_min_fire_size;f_product_level
AFR,Afrika,region,2024-W24,burned_area_km2,50036.62,km2,K2,gwis_weekly_burned_area,measured,f_sensor_break;f_min_fire_size;f_product_level
AFR,Afrika,region,2024-W25,burned_area_km2,44760.63,km2,K2,gwis_weekly_burned_area,measured,f_sensor_break;f_min_fire_size;f_product_level
AFR,Afrika,region,2024-W26,burned_area_km2,48255.26,km2,K2,gwis_weekly_burned_area,measured,f_sensor_break;f_min_fire_size;f_product_level
AFR,Afrika,region,2024-W27,burned_area_km2,56609.18,km2,K2,gwis_weekly_burned_area,measured,f_sensor_break;f_min_fire_size;f_product_level
AFR,Afrika,region,2024-W28,burned_area_km2,63615.74,km2,K2,gwis_weekly_burned_area,measured,f_sensor_break;f_min_fire_size;f_product_level
AFR,Afrika,region,2024-W29,burned_area_km2,60211.69,km2,K2,gwis_weekly_burned_area,measured,f_sensor_break;f_min_fire_size;f_product_level
AFR,Afrika,region,2024-W30,burned_area_km2,84072.61,km2,K2,gwis_weekly_burned_area,measured,f_sensor_break;f_min_fire_size;f_product_level
AFR,Afrika,region,2024-W31,burned_area_km2,71051.63,km2,K2,gwis_weekly_burned_area,measured,f_sensor_break;f_min_fire_size;f_product_level
AFR,Afrika,region,2024-W32,burned_area_km2,92461.88,km2,K2,gwis_weekly_burned_area,measured,f_sensor_break;f_min_fire_size;f_product_level
AFR,Afrika,region,2024-W33,burned_area_km2,76094.61,km2,K2,gwis_weekly_burned_area,measured,f_sensor_break;f_min_fire_size;f_product_level
AFR,Afrika,region,2024-W34,burned_area_km2,62736.52,km2,K2,gwis_weekly_burned_area,measured,f_sensor_break;f_min_fire_size;f_product_level
AFR,Afrika,region,2024-W35,burned_area_km2,41826.26,km2,K2,gwis_weekly_burned_area,measured,f_sensor_break;f_min_fire_size;f_product_level
AFR,Afrika,region,2024-W36,burned_area_km2,42250.89,km2,K2,gwis_weekly_burned_area,measured,f_sensor_break;f_min_fire_size;f_product_level
AFR,Afrika,region,2024-W37,burned_area_km2,61133.16,km2,K2,gwis_weekly_burned_area,measured,f_sensor_break;f_min_fire_size;f_product_level
AFR,Afrika,region,2024-W38,burned_area_km2,33228.4,km2,K2,gwis_weekly_burned_area,measured,f_sensor_break;f_min_fire_size;f_product_level
AFR,Afrika,region,2024-W39,burned_area_km2,33166.99,km2,K2,gwis_weekly_burned_area,measured,f_sensor_break;f_min_fire_size;f_product_level
AFR,Afrika,region,2024-W40,burned_area_km2,15738.45,km2,K2,gwis_weekly_burned_area,measured,f_sensor_break;f_min_fire_size;f_product_level
AFR,Afrika,region,2024-W41,burned_area_km2,18097.2,km2,K2,gwis_weekly_burned_area,measured,f_sensor_break;f_min_fire_size;f_product_level
AFR,Afrika,region,2024-W42,burned_area_km2,10300.27,km2,K2,gwis_weekly_burned_area,measured,f_sensor_break;f_min_fire_size;f_product_level
AFR,Afrika,region,2024-W43,burned_area_km2,17791.26,km2,K2,gwis_weekly_burned_area,measured,f_sensor_break;f_min_fire_size;f_product_level
AFR,Afrika,region,2024-W44,burned_area_km2,19234.38,km2,K2,gwis_weekly_burned_area,measured,f_sensor_break;f_min_fire_size;f_product_level
AFR,Afrika,region,2024-W45,burned_area_km2,21909.7,km2,K2,gwis_weekly_burned_area,measured,f_sensor_break;f_min_fire_size;f_product_level
AFR,Afrika,region,2024-W46,burned_area_km2,20800.34,km2,K2,gwis_weekly_burned_area,measured,f_sensor_break;f_min_fire_size;f_product_level
AFR,Afrika,region,2024-W47,burned_area_km2,27004.87,km2,K2,gwis_weekly_burned_area,measured,f_sensor_break;f_min_fire_size;f_product_level
AFR,Afrika,region,2024-W48,burned_area_km2,32465.43,km2,K2,gwis_weekly_burned_area,measured,f_sensor_break;f_min_fire_size;f_product_level
AFR,Afrika,region,2024-W49,burned_area_km2,34973.25,km2,K2,gwis_weekly_burned_area,measured,f_sensor_break;f_min_fire_size;f_product_level
AFR,Afrika,region,2024-W50,burned_area_km2,47913.76,km2,K2,gwis_weekly_burned_area,measured,f_sensor_break;f_min_fire_size;f_product_level
AFR,Afrika,region,2024-W51,burned_area_km2,51957.56,km2,K2,gwis_weekly_burned_area,measured,f_sensor_break;f_min_fire_size;f_product_level
AFR,Afrika,region,2024-W52,burned_area_km2,69464.95,km2,K2,gwis_weekly_burned_area,measured,f_sensor_break;f_min_fire_size;f_product_level
AFR,Afrika,region,2025-W01,burned_area_km2,56272.6,km2,K2,gwis_weekly_burned_area,measured,f_sensor_break;f_min_fire_size;f_product_level
AFR,Afrika,region,2025-W02,burned_area_km2,48444.2,km2,K2,gwis_weekly_burned_area,measured,f_sensor_break;f_min_fire_size;f_product_level
AFR,Afrika,region,2025-W03,burned_area_km2,35431.3,km2,K2,gwis_weekly_burned_area,measured,f_sensor_break;f_min_fire_size;f_product_level
AFR,Afrika,region,2025-W04,burned_area_km2,47850.16,km2,K2,gwis_weekly_burned_area,measured,f_sensor_break;f_min_fire_size;f_product_level
AFR,Afrika,region,2025-W05,burned_area_km2,37091.82,km2,K2,gwis_weekly_burned_area,measured,f_sensor_break;f_min_fire_size;f_product_level
AFR,Afrika,region,2025-W06,burned_area_km2,22881.29,km2,K2,gwis_weekly_burned_area,measured,f_sensor_break;f_min_fire_size;f_product_level
AFR,Afrika,region,2025-W07,burned_area_km2,33682.53,km2,K2,gwis_weekly_burned_area,measured,f_sensor_break;f_min_fire_size;f_product_level
AFR,Afrika,region,2025-W08,burned_area_km2,29132.13,km2,K2,gwis_weekly_burned_area,measured,f_sensor_break;f_min_fire_size;f_product_level
AFR,Afrika,region,2025-W09,burned_area_km2,23433.22,km2,K2,gwis_weekly_burned_area,measured,f_sensor_break;f_min_fire_size;f_product_level
AFR,Afrika,region,2025-W10,burned_area_km2,15879.98,km2,K2,gwis_weekly_burned_area,measured,f_sensor_break;f_min_fire_size;f_product_level
AFR,Afrika,region,2025-W11,burned_area_km2,13549.59,km2,K2,gwis_weekly_burned_area,measured,f_sensor_break;f_min_fire_size;f_product_level
AFR,Afrika,region,2025-W12,burned_area_km2,9863.97,km2,K2,gwis_weekly_burned_area,measured,f_sensor_break;f_min_fire_size;f_product_level
AFR,Afrika,region,2025-W13,burned_area_km2,7878.85,km2,K2,gwis_weekly_burned_area,measured,f_sensor_break;f_min_fire_size;f_product_level
AFR,Afrika,region,2025-W14,burned_area_km2,7969.07,km2,K2,gwis_weekly_burned_area,measured,f_sensor_break;f_min_fire_size;f_product_level
AFR,Afrika,region,2025-W15,burned_area_km2,5715.41,km2,K2,gwis_weekly_burned_area,measured,f_sensor_break;f_min_fire_size;f_product_level
AFR,Afrika,region,2025-W16,burned_area_km2,7825.97,km2,K2,gwis_weekly_burned_area,measured,f_sensor_break;f_min_fire_size;f_product_level
AFR,Afrika,region,2025-W17,burned_area_km2,3614.28,km2,K2,gwis_weekly_burned_area,measured,f_sensor_break;f_min_fire_size;f_product_level
AFR,Afrika,region,2025-W18,burned_area_km2,2724.59,km2,K2,gwis_weekly_burned_area,measured,f_sensor_break;f_min_fire_size;f_product_level
AFR,Afrika,region,2025-W19,burned_area_km2,6168.63,km2,K2,gwis_weekly_burned_area,measured,f_sensor_break;f_min_fire_size;f_product_level
AFR,Afrika,region,2025-W20,burned_area_km2,7542.4,km2,K2,gwis_weekly_burned_area,measured,f_sensor_break;f_min_fire_size;f_product_level
AFR,Afrika,region,2025-W21,burned_area_km2,8638.75,km2,K2,gwis_weekly_burned_area,measured,f_sensor_break;f_min_fire_size;f_product_level
AFR,Afrika,region,2025-W22,burned_area_km2,14512.56,km2,K2,gwis_weekly_burned_area,measured,f_sensor_break;f_min_fire_size;f_product_level
AFR,Afrika,region,2025-W23,burned_area_km2,15717.48,km2,K2,gwis_weekly_burned_area,measured,f_sensor_break;f_min_fire_size;f_product_level
AFR,Afrika,region,2025-W24,burned_area_km2,30813.89,km2,K2,gwis_weekly_burned_area,measured,f_sensor_break;f_min_fire_size;f_product_level
AFR,Afrika,region,2025-W25,burned_area_km2,26290.44,km2,K2,gwis_weekly_burned_area,measured,f_sensor_break;f_min_fire_size;f_product_level
AFR,Afrika,region,2025-W26,burned_area_km2,31408.07,km2,K2,gwis_weekly_burned_area,measured,f_sensor_break;f_min_fire_size;f_product_level
AFR,Afrika,region,2025-W27,burned_area_km2,37708.81,km2,K2,gwis_weekly_burned_area,measured,f_sensor_break;f_min_fire_size;f_product_level
AFR,Afrika,region,2025-W28,burned_area_km2,30896.2,km2,K2,gwis_weekly_burned_area,measured,f_sensor_break;f_min_fire_size;f_product_level
AFR,Afrika,region,2025-W29,burned_area_km2,34298.01,km2,K2,gwis_weekly_burned_area,measured,f_sensor_break;f_min_fire_size;f_product_level
AFR,Afrika,region,2025-W30,burned_area_km2,64988.62,km2,K2,gwis_weekly_burned_area,measured,f_sensor_break;f_min_fire_size;f_product_level
AFR,Afrika,region,2025-W31,burned_area_km2,67355.04,km2,K2,gwis_weekly_burned_area,measured,f_sensor_break;f_min_fire_size;f_product_level
AFR,Afrika,region,2025-W32,burned_area_km2,44174.6,km2,K2,gwis_weekly_burned_area,measured,f_sensor_break;f_min_fire_size;f_product_level
AFR,Afrika,region,2025-W33,burned_area_km2,71614.87,km2,K2,gwis_weekly_burned_area,measured,f_sensor_break;f_min_fire_size;f_product_level
AFR,Afrika,region,2025-W34,burned_area_km2,92206.7,km2,K2,gwis_weekly_burned_area,measured,f_sensor_break;f_min_fire_size;f_product_level
AFR,Afrika,region,2025-W35,burned_area_km2,88991.41,km2,K2,gwis_weekly_burned_area,measured,f_sensor_break;f_min_fire_size;f_product_level
AFR,Afrika,region,2025-W36,burned_area_km2,50543.05,km2,K2,gwis_weekly_burned_area,measured,f_sensor_break;f_min_fire_size;f_product_level
AFR,Afrika,region,2025-W37,burned_area_km2,48569.53,km2,K2,gwis_weekly_burned_area,measured,f_sensor_break;f_min_fire_size;f_product_level
AFR,Afrika,region,2025-W38,burned_area_km2,39459.99,km2,K2,gwis_weekly_burned_area,measured,f_sensor_break;f_min_fire_size;f_product_level
AFR,Afrika,region,2025-W39,burned_area_km2,26817.8,km2,K2,gwis_weekly_burned_area,measured,f_sensor_break;f_min_fire_size;f_product_level
AFR,Afrika,region,2025-W40,burned_area_km2,28796.59,km2,K2,gwis_weekly_burned_area,measured,f_sensor_break;f_min_fire_size;f_product_level
AFR,Afrika,region,2025-W41,burned_area_km2,27475.47,km2,K2,gwis_weekly_burned_area,measured,f_sensor_break;f_min_fire_size;f_product_level
AFR,Afrika,region,2025-W42,burned_area_km2,21056.53,km2,K2,gwis_weekly_burned_area,measured,f_sensor_break;f_min_fire_size;f_product_level
AFR,Afrika,region,2025-W43,burned_area_km2,23736.76,km2,K2,gwis_weekly_burned_area,measured,f_sensor_break;f_min_fire_size;f_product_level
AFR,Afrika,region,2025-W44,burned_area_km2,18856.62,km2,K2,gwis_weekly_burned_area,measured,f_sensor_break;f_min_fire_size;f_product_level
AFR,Afrika,region,2025-W45,burned_area_km2,15134.0,km2,K2,gwis_weekly_burned_area,measured,f_sensor_break;f_min_fire_size;f_product_level
AFR,Afrika,region,2025-W46,burned_area_km2,22314.43,km2,K2,gwis_weekly_burned_area,measured,f_sensor_break;f_min_fire_size;f_product_level
AFR,Afrika,region,2025-W47,burned_area_km2,25208.9,km2,K2,gwis_weekly_burned_area,measured,f_sensor_break;f_min_fire_size;f_product_level
AFR,Afrika,region,2025-W48,burned_area_km2,23583.74,km2,K2,gwis_weekly_burned_area,measured,f_sensor_break;f_min_fire_size;f_product_level
AFR,Afrika,region,2025-W49,burned_area_km2,22940.57,km2,K2,gwis_weekly_burned_area,measured,f_sensor_break;f_min_fire_size;f_product_level
AFR,Afrika,region,2025-W50,burned_area_km2,35312.53,km2,K2,gwis_weekly_burned_area,measured,f_sensor_break;f_min_fire_size;f_product_level
AFR,Afrika,region,2025-W51,burned_area_km2,27670.21,km2,K2,gwis_weekly_burned_area,measured,f_sensor_break;f_min_fire_size;f_product_level
AFR,Afrika,region,2025-W52,burned_area_km2,28741.12,km2,K2,gwis_weekly_burned_area,measured,f_sensor_break;f_min_fire_size;f_product_level
AFR,Afrika,region,2026-W01,burned_area_km2,48706.65,km2,K2,gwis_weekly_burned_area,measured,f_sensor_break;f_min_fire_size;f_product_level;f_incomplete_year
AFR,Afrika,region,2026-W02,burned_area_km2,41744.45,km2,K2,gwis_weekly_burned_area,measured,f_sensor_break;f_min_fire_size;f_product_level;f_incomplete_year
AFR,Afrika,region,2026-W03,burned_area_km2,37422.21,km2,K2,gwis_weekly_burned_area,measured,f_sensor_break;f_min_fire_size;f_product_level;f_incomplete_year
AFR,Afrika,region,2026-W04,burned_area_km2,44315.88,km2,K2,gwis_weekly_burned_area,measured,f_sensor_break;f_min_fire_size;f_product_level;f_incomplete_year
AFR,Afrika,region,2026-W05,burned_area_km2,22744.71,km2,K2,gwis_weekly_burned_area,measured,f_sensor_break;f_min_fire_size;f_product_level;f_incomplete_year
AFR,Afrika,region,2026-W06,burned_area_km2,19117.62,km2,K2,gwis_weekly_burned_area,measured,f_sensor_break;f_min_fire_size;f_product_level;f_incomplete_year
AFR,Afrika,region,2026-W07,burned_area_km2,23257.48,km2,K2,gwis_weekly_burned_area,measured,f_sensor_break;f_min_fire_size;f_product_level;f_incomplete_year
AFR,Afrika,region,2026-W08,burned_area_km2,30432.16,km2,K2,gwis_weekly_burned_area,measured,f_sensor_break;f_min_fire_size;f_product_level;f_incomplete_year
AFR,Afrika,region,2026-W09,burned_area_km2,25315.1,km2,K2,gwis_weekly_burned_area,measured,f_sensor_break;f_min_fire_size;f_product_level;f_incomplete_year
AFR,Afrika,region,2026-W10,burned_area_km2,17210.3,km2,K2,gwis_weekly_burned_area,measured,f_sensor_break;f_min_fire_size;f_product_level;f_incomplete_year
AFR,Afrika,region,2026-W11,burned_area_km2,7124.86,km2,K2,gwis_weekly_burned_area,measured,f_sensor_break;f_min_fire_size;f_product_level;f_incomplete_year
AFR,Afrika,region,2026-W12,burned_area_km2,3925.34,km2,K2,gwis_weekly_burned_area,measured,f_sensor_break;f_min_fire_size;f_product_level;f_incomplete_year
AFR,Afrika,region,2026-W13,burned_area_km2,5002.95,km2,K2,gwis_weekly_burned_area,measured,f_sensor_break;f_min_fire_size;f_product_level;f_incomplete_year
AFR,Afrika,region,2026-W14,burned_area_km2,6133.54,km2,K2,gwis_weekly_burned_area,measured,f_sensor_break;f_min_fire_size;f_product_level;f_incomplete_year
AFR,Afrika,region,2026-W15,burned_area_km2,5782.56,km2,K2,gwis_weekly_burned_area,measured,f_sensor_break;f_min_fire_size;f_product_level;f_incomplete_year
AFR,Afrika,region,2026-W16,burned_area_km2,6492.59,km2,K2,gwis_weekly_burned_area,measured,f_sensor_break;f_min_fire_size;f_product_level;f_incomplete_year
AFR,Afrika,region,2026-W17,burned_area_km2,4171.42,km2,K2,gwis_weekly_burned_area,measured,f_sensor_break;f_min_fire_size;f_product_level;f_incomplete_year
AFR,Afrika,region,2026-W18,burned_area_km2,5341.77,km2,K2,gwis_weekly_burned_area,measured,f_sensor_break;f_min_fire_size;f_product_level;f_incomplete_year
AFR,Afrika,region,2026-W19,burned_area_km2,5016.33,km2,K2,gwis_weekly_burned_area,measured,f_sensor_break;f_min_fire_size;f_product_level;f_incomplete_year
AFR,Afrika,region,2026-W20,burned_area_km2,6209.18,km2,K2,gwis_weekly_burned_area,measured,f_sensor_break;f_min_fire_size;f_product_level;f_incomplete_year
AFR,Afrika,region,2026-W21,burned_area_km2,13349.87,km2,K2,gwis_weekly_burned_area,measured,f_sensor_break;f_min_fire_size;f_product_level;f_incomplete_year
AFR,Afrika,region,2026-W22,burned_area_km2,15006.25,km2,K2,gwis_weekly_burned_area,measured,f_sensor_break;f_min_fire_size;f_product_level;f_incomplete_year
AFR,Afrika,region,2026-W23,burned_area_km2,16684.31,km2,K2,gwis_weekly_burned_area,measured,f_sensor_break;f_min_fire_size;f_product_level;f_incomplete_year
AFR,Afrika,region,2026-W24,burned_area_km2,24723.93,km2,K2,gwis_weekly_burned_area,measured,f_sensor_break;f_min_fire_size;f_product_level;f_incomplete_year
AFR,Afrika,region,2026-W25,burned_area_km2,24822.23,km2,K2,gwis_weekly_burned_area,measured,f_sensor_break;f_min_fire_size;f_product_level;f_incomplete_year
AFR,Afrika,region,2026-W26,burned_area_km2,27999.2,km2,K2,gwis_weekly_burned_area,measured,f_sensor_break;f_min_fire_size;f_product_level;f_incomplete_year
AFR,Afrika,region,2026-W27,burned_area_km2,37577.86,km2,K2,gwis_weekly_burned_area,measured,f_sensor_break;f_min_fire_size;f_product_level;f_incomplete_year
AFR,Afrika,region,2026-W28,burned_area_km2,18208.42,km2,K2,gwis_weekly_burned_area,measured,f_sensor_break;f_min_fire_size;f_product_level;f_incomplete_year
AFR,Afrika,region,2026-W29,burned_area_km2,33909.25,km2,K2,gwis_weekly_burned_area,measured,f_sensor_break;f_min_fire_size;f_product_level;f_incomplete_year
AFR,Afrika,region,2026-W30,burned_area_km2,41734.19,km2,K2,gwis_weekly_burned_area,measured,f_sensor_break;f_min_fire_size;f_product_level;f_incomplete_year
AFR,Afrika,region,2026-W31,burned_area_km2,40910.72,km2,K2,gwis_weekly_burned_area,measured,f_sensor_break;f_min_fire_size;f_product_level;f_incomplete_year
ASI,Asia,region,2012-W01,burned_area_km2,292.66,km2,K2,gwis_weekly_burned_area,measured,f_sensor_break;f_min_fire_size;f_product_level
ASI,Asia,region,2012-W02,burned_area_km2,217.6,km2,K2,gwis_weekly_burned_area,measured,f_sensor_break;f_min_fire_size;f_product_level
ASI,Asia,region,2012-W03,burned_area_km2,1014.55,km2,K2,gwis_weekly_burned_area,measured,f_sensor_break;f_min_fire_size;f_product_level
ASI,Asia,region,2012-W04,burned_area_km2,6424.4,km2,K2,gwis_weekly_burned_area,measured,f_sensor_break;f_min_fire_size;f_product_level
ASI,Asia,region,2012-W05,burned_area_km2,5319.71,km2,K2,gwis_weekly_burned_area,measured,f_sensor_break;f_min_fire_size;f_product_level
ASI,Asia,region,2012-W06,burned_area_km2,8632.58,km2,K2,gwis_weekly_burned_area,measured,f_sensor_break;f_min_fire_size;f_product_level
ASI,Asia,region,2012-W07,burned_area_km2,7691.63,km2,K2,gwis_weekly_burned_area,measured,f_sensor_break;f_min_fire_size;f_product_level
ASI,Asia,region,2012-W08,burned_area_km2,25775.03,km2,K2,gwis_weekly_burned_area,measured,f_sensor_break;f_min_fire_size;f_product_level
ASI,Asia,region,2012-W09,burned_area_km2,27836.52,km2,K2,gwis_weekly_burned_area,measured,f_sensor_break;f_min_fire_size;f_product_level
ASI,Asia,region,2012-W10,burned_area_km2,21467.02,km2,K2,gwis_weekly_burned_area,measured,f_sensor_break;f_min_fire_size;f_product_level
ASI,Asia,region,2012-W11,burned_area_km2,36566.31,km2,K2,gwis_weekly_burned_area,measured,f_sensor_break;f_min_fire_size;f_product_level
ASI,Asia,region,2012-W12,burned_area_km2,34610.05,km2,K2,gwis_weekly_burned_area,measured,f_sensor_break;f_min_fire_size;f_product_level
ASI,Asia,region,2012-W13,burned_area_km2,30226.93,km2,K2,gwis_weekly_burned_area,measured,f_sensor_break;f_min_fire_size;f_product_level
ASI,Asia,region,2012-W14,burned_area_km2,17625.04,km2,K2,gwis_weekly_burned_area,measured,f_sensor_break;f_min_fire_size;f_product_level
ASI,Asia,region,2012-W15,burned_area_km2,17302.6,km2,K2,gwis_weekly_burned_area,measured,f_sensor_break;f_min_fire_size;f_product_level
ASI,Asia,region,2012-W16,burned_area_km2,16599.61,km2,K2,gwis_weekly_burned_area,measured,f_sensor_break;f_min_fire_size;f_product_level
ASI,Asia,region,2012-W17,burned_area_km2,12313.91,km2,K2,gwis_weekly_burned_area,measured,f_sensor_break;f_min_fire_size;f_product_level
ASI,Asia,region,2012-W18,burned_area_km2,9385.29,km2,K2,gwis_weekly_burned_area,measured,f_sensor_break;f_min_fire_size;f_product_level
ASI,Asia,region,2012-W19,burned_area_km2,6195.05,km2,K2,gwis_weekly_burned_area,measured,f_sensor_break;f_min_fire_size;f_product_level
ASI,Asia,region,2012-W20,burned_area_km2,6352.87,km2,K2,gwis_weekly_burned_area,measured,f_sensor_break;f_min_fire_size;f_product_level
ASI,Asia,region,2012-W21,burned_area_km2,6019.31,km2,K2,gwis_weekly_burned_area,measured,f_sensor_break;f_min_fire_size;f_product_level
ASI,Asia,region,2012-W22,burned_area_km2,4352.97,km2,K2,gwis_weekly_burned_area,measured,f_sensor_break;f_min_fire_size;f_product_level
ASI,Asia,region,2012-W23,burned_area_km2,3831.15,km2,K2,gwis_weekly_burned_area,measured,f_sensor_break;f_min_fire_size;f_product_level
ASI,Asia,region,2012-W24,burned_area_km2,8601.45,km2,K2,gwis_weekly_burned_area,measured,f_sensor_break;f_min_fire_size;f_product_level
ASI,Asia,region,2012-W25,burned_area_km2,3437.96,km2,K2,gwis_weekly_burned_area,measured,f_sensor_break;f_min_fire_size;f_product_level
ASI,Asia,region,2012-W26,burned_area_km2,2224.36,km2,K2,gwis_weekly_burned_area,measured,f_sensor_break;f_min_fire_size;f_product_level
ASI,Asia,region,2012-W27,burned_area_km2,1608.2,km2,K2,gwis_weekly_burned_area,measured,f_sensor_break;f_min_fire_size;f_product_level
ASI,Asia,region,2012-W28,burned_area_km2,1753.58,km2,K2,gwis_weekly_burned_area,measured,f_sensor_break;f_min_fire_size;f_product_level
ASI,Asia,region,2012-W29,burned_area_km2,4006.33,km2,K2,gwis_weekly_burned_area,measured,f_sensor_break;f_min_fire_size;f_product_level
ASI,Asia,region,2012-W30,burned_area_km2,3386.54,km2,K2,gwis_weekly_burned_area,measured,f_sensor_break;f_min_fire_size;f_product_level
ASI,Asia,region,2012-W31,burned_area_km2,4434.91,km2,K2,gwis_weekly_burned_area,measured,f_sensor_break;f_min_fire_size;f_product_level
ASI,Asia,region,2012-W32,burned_area_km2,6294.31,km2,K2,gwis_weekly_burned_area,measured,f_sensor_break;f_min_fire_size;f_product_level
ASI,Asia,region,2012-W33,burned_area_km2,4894.62,km2,K2,gwis_weekly_burned_area,measured,f_sensor_break;f_min_fire_size;f_product_level
ASI,Asia,region,2012-W34,burned_area_km2,3744.62,km2,K2,gwis_weekly_burned_area,measured,f_sensor_break;f_min_fire_size;f_product_level
ASI,Asia,region,2012-W35,burned_area_km2,3399.97,km2,K2,gwis_weekly_burned_area,measured,f_sensor_break;f_min_fire_size;f_product_level
ASI,Asia,region,2012-W36,burned_area_km2,4981.15,km2,K2,gwis_weekly_burned_area,measured,f_sensor_break;f_min_fire_size;f_product_level
ASI,Asia,region,2012-W37,burned_area_km2,5268.43,km2,K2,gwis_weekly_burned_area,measured,f_sensor_break;f_min_fire_size;f_product_level
ASI,Asia,region,2012-W38,burned_area_km2,5177.16,km2,K2,gwis_weekly_burned_area,measured,f_sensor_break;f_min_fire_size;f_product_level
ASI,Asia,region,2012-W39,burned_area_km2,6064.64,km2,K2,gwis_weekly_burned_area,measured,f_sensor_break;f_min_fire_size;f_product_level
ASI,Asia,region,2012-W40,burned_area_km2,4294.97,km2,K2,gwis_weekly_burned_area,measured,f_sensor_break;f_min_fire_size;f_product_level
ASI,Asia,region,2012-W41,burned_area_km2,3425.39,km2,K2,gwis_weekly_burned_area,measured,f_sensor_break;f_min_fire_size;f_product_level
ASI,Asia,region,2012-W42,burned_area_km2,2056.98,km2,K2,gwis_weekly_burned_area,measured,f_sensor_break;f_min_fire_size;f_product_level
ASI,Asia,region,2012-W43,burned_area_km2,3446.73,km2,K2,gwis_weekly_burned_area,measured,f_sensor_break;f_min_fire_size;f_product_level
ASI,Asia,region,2012-W44,burned_area_km2,6444.54,km2,K2,gwis_weekly_burned_area,measured,f_sensor_break;f_min_fire_size;f_product_level
ASI,Asia,region,2012-W45,burned_area_km2,4283.23,km2,K2,gwis_weekly_burned_area,measured,f_sensor_break;f_min_fire_size;f_product_level
ASI,Asia,region,2012-W46,burned_area_km2,1178.13,km2,K2,gwis_weekly_burned_area,measured,f_sensor_break;f_min_fire_size;f_product_level
ASI,Asia,region,2012-W47,burned_area_km2,1094.35,km2,K2,gwis_weekly_burned_area,measured,f_sensor_break;f_min_fire_size;f_product_level
ASI,Asia,region,2012-W48,burned_area_km2,1306.34,km2,K2,gwis_weekly_burned_area,measured,f_sensor_break;f_min_fire_size;f_product_level
ASI,Asia,region,2012-W49,burned_area_km2,1083.61,km2,K2,gwis_weekly_burned_area,measured,f_sensor_break;f_min_fire_size;f_product_level
ASI,Asia,region,2012-W50,burned_area_km2,896.1,km2,K2,gwis_weekly_burned_area,measured,f_sensor_break;f_min_fire_size;f_product_level
ASI,Asia,region,2012-W51,burned_area_km2,1882.26,km2,K2,gwis_weekly_burned_area,measured,f_sensor_break;f_min_fire_size;f_product_level
ASI,Asia,region,2012-W52,burned_area_km2,2804.03,km2,K2,gwis_weekly_burned_area,measured,f_sensor_break;f_min_fire_size;f_product_level
ASI,Asia,region,2013-W01,burned_area_km2,1834.37,km2,K2,gwis_weekly_burned_area,measured,f_sensor_break;f_min_fire_size;f_product_level
ASI,Asia,region,2013-W02,burned_area_km2,5891.57,km2,K2,gwis_weekly_burned_area,measured,f_sensor_break;f_min_fire_size;f_product_level
ASI,Asia,region,2013-W03,burned_area_km2,8321.76,km2,K2,gwis_weekly_burned_area,measured,f_sensor_break;f_min_fire_size;f_product_level
ASI,Asia,region,2013-W04,burned_area_km2,6590.93,km2,K2,gwis_weekly_burned_area,measured,f_sensor_break;f_min_fire_size;f_product_level
ASI,Asia,region,2013-W05,burned_area_km2,7381.26,km2,K2,gwis_weekly_burned_area,measured,f_sensor_break;f_min_fire_size;f_product_level
ASI,Asia,region,2013-W06,burned_area_km2,10135.96,km2,K2,gwis_weekly_burned_area,measured,f_sensor_break;f_min_fire_size;f_product_level
ASI,Asia,region,2013-W07,burned_area_km2,9026.6,km2,K2,gwis_weekly_burned_area,measured,f_sensor_break;f_min_fire_size;f_product_level
ASI,Asia,region,2013-W08,burned_area_km2,11450.94,km2,K2,gwis_weekly_burned_area,measured,f_sensor_break;f_min_fire_size;f_product_level
ASI,Asia,region,2013-W09,burned_area_km2,18898.07,km2,K2,gwis_weekly_burned_area,measured,f_sensor_break;f_min_fire_size;f_product_level
ASI,Asia,region,2013-W10,burned_area_km2,22756.83,km2,K2,gwis_weekly_burned_area,measured,f_sensor_break;f_min_fire_size;f_product_level
ASI,Asia,region,2013-W11,burned_area_km2,29343.82,km2,K2,gwis_weekly_burned_area,measured,f_sensor_break;f_min_fire_size;f_product_level
ASI,Asia,region,2013-W12,burned_area_km2,31795.99,km2,K2,gwis_weekly_burned_area,measured,f_sensor_break;f_min_fire_size;f_product_level
ASI,Asia,region,2013-W13,burned_area_km2,30833.78,km2,K2,gwis_weekly_burned_area,measured,f_sensor_break;f_min_fire_size;f_product_level
ASI,Asia,region,2013-W14,burned_area_km2,39400.68,km2,K2,gwis_weekly_burned_area,measured,f_sensor_break;f_min_fire_size;f_product_level
ASI,Asia,region,2013-W15,burned_area_km2,16122.01,km2,K2,gwis_weekly_burned_area,measured,f_sensor_break;f_min_fire_size;f_product_level
ASI,Asia,region,2013-W16,burned_area_km2,8072.26,km2,K2,gwis_weekly_burned_area,measured,f_sensor_break;f_min_fire_size;f_product_level
ASI,Asia,region,2013-W17,burned_area_km2,6375.61,km2,K2,gwis_weekly_burned_area,measured,f_sensor_break;f_min_fire_size;f_product_level
ASI,Asia,region,2013-W18,burned_area_km2,6238.36,km2,K2,gwis_weekly_burned_area,measured,f_sensor_break;f_min_fire_size;f_product_level
ASI,Asia,region,2013-W19,burned_area_km2,3443.07,km2,K2,gwis_weekly_burned_area,measured,f_sensor_break;f_min_fire_size;f_product_level
ASI,Asia,region,2013-W20,burned_area_km2,3706.52,km2,K2,gwis_weekly_burned_area,measured,f_sensor_break;f_min_fire_size;f_product_level
ASI,Asia,region,2013-W21,burned_area_km2,2036.83,km2,K2,gwis_weekly_burned_area,measured,f_sensor_break;f_min_fire_size;f_product_level
ASI,Asia,region,2013-W22,burned_area_km2,2128.64,km2,K2,gwis_weekly_burned_area,measured,f_sensor_break;f_min_fire_size;f_product_level
ASI,Asia,region,2013-W23,burned_area_km2,2760.36,km2,K2,gwis_weekly_burned_area,measured,f_sensor_break;f_min_fire_size;f_product_level
ASI,Asia,region,2013-W24,burned_area_km2,5092.23,km2,K2,gwis_weekly_burned_area,measured,f_sensor_break;f_min_fire_size;f_product_level
ASI,Asia,region,2013-W25,burned_area_km2,5821.65,km2,K2,gwis_weekly_burned_area,measured,f_sensor_break;f_min_fire_size;f_product_level
ASI,Asia,region,2013-W26,burned_area_km2,1403.93,km2,K2,gwis_weekly_burned_area,measured,f_sensor_break;f_min_fire_size;f_product_level
ASI,Asia,region,2013-W27,burned_area_km2,980.76,km2,K2,gwis_weekly_burned_area,measured,f_sensor_break;f_min_fire_size;f_product_level
ASI,Asia,region,2013-W28,burned_area_km2,1347.71,km2,K2,gwis_weekly_burned_area,measured,f_sensor_break;f_min_fire_size;f_product_level
ASI,Asia,region,2013-W29,burned_area_km2,2513.91,km2,K2,gwis_weekly_burned_area,measured,f_sensor_break;f_min_fire_size;f_product_level
ASI,Asia,region,2013-W30,burned_area_km2,1356.95,km2,K2,gwis_weekly_burned_area,measured,f_sensor_break;f_min_fire_size;f_product_level
ASI,Asia,region,2013-W31,burned_area_km2,2085.27,km2,K2,gwis_weekly_burned_area,measured,f_sensor_break;f_min_fire_size;f_product_level
ASI,Asia,region,2013-W32,burned_area_km2,1115.79,km2,K2,gwis_weekly_burned_area,measured,f_sensor_break;f_min_fire_size;f_product_level
ASI,Asia,region,2013-W33,burned_area_km2,3417.95,km2,K2,gwis_weekly_burned_area,measured,f_sensor_break;f_min_fire_size;f_product_level
ASI,Asia,region,2013-W34,burned_area_km2,6427.34,km2,K2,gwis_weekly_burned_area,measured,f_sensor_break;f_min_fire_size;f_product_level
ASI,Asia,region,2013-W35,burned_area_km2,1965.23,km2,K2,gwis_weekly_burned_area,measured,f_sensor_break;f_min_fire_size;f_product_level
ASI,Asia,region,2013-W36,burned_area_km2,1361.04,km2,K2,gwis_weekly_burned_area,measured,f_sensor_break;f_min_fire_size;f_product_level
ASI,Asia,region,2013-W37,burned_area_km2,1438.8,km2,K2,gwis_weekly_burned_area,measured,f_sensor_break;f_min_fire_size;f_product_level
ASI,Asia,region,2013-W38,burned_area_km2,4650.77,km2,K2,gwis_weekly_burned_area,measured,f_sensor_break;f_min_fire_size;f_product_level
ASI,Asia,region,2013-W39,burned_area_km2,4505.36,km2,K2,gwis_weekly_burned_area,measured,f_sensor_break;f_min_fire_size;f_product_level
ASI,Asia,region,2013-W40,burned_area_km2,4347.15,km2,K2,gwis_weekly_burned_area,measured,f_sensor_break;f_min_fire_size;f_product_level
ASI,Asia,region,2013-W41,burned_area_km2,4309.17,km2,K2,gwis_weekly_burned_area,measured,f_sensor_break;f_min_fire_size;f_product_level
ASI,Asia,region,2013-W42,burned_area_km2,5046.6,km2,K2,gwis_weekly_burned_area,measured,f_sensor_break;f_min_fire_size;f_product_level
ASI,Asia,region,2013-W43,burned_area_km2,5378.14,km2,K2,gwis_weekly_burned_area,measured,f_sensor_break;f_min_fire_size;f_product_level
ASI,Asia,region,2013-W44,burned_area_km2,6761.22,km2,K2,gwis_weekly_burned_area,measured,f_sensor_break;f_min_fire_size;f_product_level
ASI,Asia,region,2013-W45,burned_area_km2,2922.74,km2,K2,gwis_weekly_burned_area,measured,f_sensor_break;f_min_fire_size;f_product_level
ASI,Asia,region,2013-W46,burned_area_km2,1515.68,km2,K2,gwis_weekly_burned_area,measured,f_sensor_break;f_min_fire_size;f_product_level
ASI,Asia,region,2013-W47,burned_area_km2,1143.75,km2,K2,gwis_weekly_burned_area,measured,f_sensor_break;f_min_fire_size;f_product_level
ASI,Asia,region,2013-W48,burned_area_km2,1113.41,km2,K2,gwis_weekly_burned_area,measured,f_sensor_break;f_min_fire_size;f_product_level
ASI,Asia,region,2013-W49,burned_area_km2,1493.37,km2,K2,gwis_weekly_burned_area,measured,f_sensor_break;f_min_fire_size;f_product_level
ASI,Asia,region,2013-W50,burned_area_km2,1062.7,km2,K2,gwis_weekly_burned_area,measured,f_sensor_break;f_min_fire_size;f_product_level
ASI,Asia,region,2013-W51,burned_area_km2,1317.17,km2,K2,gwis_weekly_burned_area,measured,f_sensor_break;f_min_fire_size;f_product_level
ASI,Asia,region,2013-W52,burned_area_km2,2616.76,km2,K2,gwis_weekly_burned_area,measured,f_sensor_break;f_min_fire_size;f_product_level
ASI,Asia,region,2014-W01,burned_area_km2,4077.05,km2,K2,gwis_weekly_burned_area,measured,f_sensor_break;f_min_fire_size;f_product_level
ASI,Asia,region,2014-W02,burned_area_km2,3778.92,km2,K2,gwis_weekly_burned_area,measured,f_sensor_break;f_min_fire_size;f_product_level
ASI,Asia,region,2014-W03,burned_area_km2,6106.56,km2,K2,gwis_weekly_burned_area,measured,f_sensor_break;f_min_fire_size;f_product_level
ASI,Asia,region,2014-W04,burned_area_km2,9735.89,km2,K2,gwis_weekly_burned_area,measured,f_sensor_break;f_min_fire_size;f_product_level
ASI,Asia,region,2014-W05,burned_area_km2,10817.56,km2,K2,gwis_weekly_burned_area,measured,f_sensor_break;f_min_fire_size;f_product_level
ASI,Asia,region,2014-W06,burned_area_km2,11734.51,km2,K2,gwis_weekly_burned_area,measured,f_sensor_break;f_min_fire_size;f_product_level
ASI,Asia,region,2014-W07,burned_area_km2,10830.25,km2,K2,gwis_weekly_burned_area,measured,f_sensor_break;f_min_fire_size;f_product_level
ASI,Asia,region,2014-W08,burned_area_km2,12087.94,km2,K2,gwis_weekly_burned_area,measured,f_sensor_break;f_min_fire_size;f_product_level
ASI,Asia,region,2014-W09,burned_area_km2,20515.6,km2,K2,gwis_weekly_burned_area,measured,f_sensor_break;f_min_fire_size;f_product_level
ASI,Asia,region,2014-W10,burned_area_km2,26686.52,km2,K2,gwis_weekly_burned_area,measured,f_sensor_break;f_min_fire_size;f_product_level
ASI,Asia,region,2014-W11,burned_area_km2,33820.88,km2,K2,gwis_weekly_burned_area,measured,f_sensor_break;f_min_fire_size;f_product_level
ASI,Asia,region,2014-W12,burned_area_km2,23193.91,km2,K2,gwis_weekly_burned_area,measured,f_sensor_break;f_min_fire_size;f_product_level
ASI,Asia,region,2014-W13,burned_area_km2,56895.77,km2,K2,gwis_weekly_burned_area,measured,f_sensor_break;f_min_fire_size;f_product_level
ASI,Asia,region,2014-W14,burned_area_km2,21297.13,km2,K2,gwis_weekly_burned_area,measured,f_sensor_break;f_min_fire_size;f_product_level
ASI,Asia,region,2014-W15,burned_area_km2,28573.8,km2,K2,gwis_weekly_burned_area,measured,f_sensor_break;f_min_fire_size;f_product_level
ASI,Asia,region,2014-W16,burned_area_km2,23600.58,km2,K2,gwis_weekly_burned_area,measured,f_sensor_break;f_min_fire_size;f_product_level
ASI,Asia,region,2014-W17,burned_area_km2,9778.14,km2,K2,gwis_weekly_burned_area,measured,f_sensor_break;f_min_fire_size;f_product_level
ASI,Asia,region,2014-W18,burned_area_km2,4916.94,km2,K2,gwis_weekly_burned_area,measured,f_sensor_break;f_min_fire_size;f_product_level
ASI,Asia,region,2014-W19,burned_area_km2,4486.44,km2,K2,gwis_weekly_burned_area,measured,f_sensor_break;f_min_fire_size;f_product_level
ASI,Asia,region,2014-W20,burned_area_km2,4930.8,km2,K2,gwis_weekly_burned_area,measured,f_sensor_break;f_min_fire_size;f_product_level
ASI,Asia,region,2014-W21,burned_area_km2,2647.38,km2,K2,gwis_weekly_burned_area,measured,f_sensor_break;f_min_fire_size;f_product_level
ASI,Asia,region,2014-W22,burned_area_km2,2402.35,km2,K2,gwis_weekly_burned_area,measured,f_sensor_break;f_min_fire_size;f_product_level
ASI,Asia,region,2014-W23,burned_area_km2,5185.93,km2,K2,gwis_weekly_burned_area,measured,f_sensor_break;f_min_fire_size;f_product_level
ASI,Asia,region,2014-W24,burned_area_km2,2946.25,km2,K2,gwis_weekly_burned_area,measured,f_sensor_break;f_min_fire_size;f_product_level
ASI,Asia,region,2014-W25,burned_area_km2,2901.28,km2,K2,gwis_weekly_burned_area,measured,f_sensor_break;f_min_fire_size;f_product_level
ASI,Asia,region,2014-W26,burned_area_km2,2299.54,km2,K2,gwis_weekly_burned_area,measured,f_sensor_break;f_min_fire_size;f_product_level
ASI,Asia,region,2014-W27,burned_area_km2,1341.17,km2,K2,gwis_weekly_burned_area,measured,f_sensor_break;f_min_fire_size;f_product_level
ASI,Asia,region,2014-W28,burned_area_km2,2283.13,km2,K2,gwis_weekly_burned_area,measured,f_sensor_break;f_min_fire_size;f_product_level
ASI,Asia,region,2014-W29,burned_area_km2,4108.2,km2,K2,gwis_weekly_burned_area,measured,f_sensor_break;f_min_fire_size;f_product_level
ASI,Asia,region,2014-W30,burned_area_km2,4536.65,km2,K2,gwis_weekly_burned_area,measured,f_sensor_break;f_min_fire_size;f_product_level
ASI,Asia,region,2014-W31,burned_area_km2,2859.32,km2,K2,gwis_weekly_burned_area,measured,f_sensor_break;f_min_fire_size;f_product_level
ASI,Asia,region,2014-W32,burned_area_km2,4073.83,km2,K2,gwis_weekly_burned_area,measured,f_sensor_break;f_min_fire_size;f_product_level
ASI,Asia,region,2014-W33,burned_area_km2,4114.07,km2,K2,gwis_weekly_burned_area,measured,f_sensor_break;f_min_fire_size;f_product_level
ASI,Asia,region,2014-W34,burned_area_km2,3732.16,km2,K2,gwis_weekly_burned_area,measured,f_sensor_break;f_min_fire_size;f_product_level
ASI,Asia,region,2014-W35,burned_area_km2,5461.6,km2,K2,gwis_weekly_burned_area,measured,f_sensor_break;f_min_fire_size;f_product_level
ASI,Asia,region,2014-W36,burned_area_km2,5175.02,km2,K2,gwis_weekly_burned_area,measured,f_sensor_break;f_min_fire_size;f_product_level
ASI,Asia,region,2014-W37,burned_area_km2,8956.02,km2,K2,gwis_weekly_burned_area,measured,f_sensor_break;f_min_fire_size;f_product_level
ASI,Asia,region,2014-W38,burned_area_km2,7798.21,km2,K2,gwis_weekly_burned_area,measured,f_sensor_break;f_min_fire_size;f_product_level
ASI,Asia,region,2014-W39,burned_area_km2,8659.64,km2,K2,gwis_weekly_burned_area,measured,f_sensor_break;f_min_fire_size;f_product_level
ASI,Asia,region,2014-W40,burned_area_km2,8294.58,km2,K2,gwis_weekly_burned_area,measured,f_sensor_break;f_min_fire_size;f_product_level
ASI,Asia,region,2014-W41,burned_area_km2,9533.4,km2,K2,gwis_weekly_burned_area,measured,f_sensor_break;f_min_fire_size;f_product_level
ASI,Asia,region,2014-W42,burned_area_km2,9788.81,km2,K2,gwis_weekly_burned_area,measured,f_sensor_break;f_min_fire_size;f_product_level
ASI,Asia,region,2014-W43,burned_area_km2,10091.25,km2,K2,gwis_weekly_burned_area,measured,f_sensor_break;f_min_fire_size;f_product_level
ASI,Asia,region,2014-W44,burned_area_km2,13170.91,km2,K2,gwis_weekly_burned_area,measured,f_sensor_break;f_min_fire_size;f_product_level
ASI,Asia,region,2014-W45,burned_area_km2,7284.7,km2,K2,gwis_weekly_burned_area,measured,f_sensor_break;f_min_fire_size;f_product_level
ASI,Asia,region,2014-W46,burned_area_km2,2400.94,km2,K2,gwis_weekly_burned_area,measured,f_sensor_break;f_min_fire_size;f_product_level
ASI,Asia,region,2014-W47,burned_area_km2,1522.44,km2,K2,gwis_weekly_burned_area,measured,f_sensor_break;f_min_fire_size;f_product_level
ASI,Asia,region,2014-W48,burned_area_km2,1004.79,km2,K2,gwis_weekly_burned_area,measured,f_sensor_break;f_min_fire_size;f_product_level
ASI,Asia,region,2014-W49,burned_area_km2,980.05,km2,K2,gwis_weekly_burned_area,measured,f_sensor_break;f_min_fire_size;f_product_level
ASI,Asia,region,2014-W50,burned_area_km2,1052.03,km2,K2,gwis_weekly_burned_area,measured,f_sensor_break;f_min_fire_size;f_product_level
ASI,Asia,region,2014-W51,burned_area_km2,2111.9,km2,K2,gwis_weekly_burned_area,measured,f_sensor_break;f_min_fire_size;f_product_level
ASI,Asia,region,2014-W52,burned_area_km2,2476.82,km2,K2,gwis_weekly_burned_area,measured,f_sensor_break;f_min_fire_size;f_product_level
ASI,Asia,region,2015-W01,burned_area_km2,3309.33,km2,K2,gwis_weekly_burned_area,measured,f_sensor_break;f_min_fire_size;f_product_level
ASI,Asia,region,2015-W02,burned_area_km2,7206.45,km2,K2,gwis_weekly_burned_area,measured,f_sensor_break;f_min_fire_size;f_product_level
ASI,Asia,region,2015-W03,burned_area_km2,6749.06,km2,K2,gwis_weekly_burned_area,measured,f_sensor_break;f_min_fire_size;f_product_level
ASI,Asia,region,2015-W04,burned_area_km2,6634.31,km2,K2,gwis_weekly_burned_area,measured,f_sensor_break;f_min_fire_size;f_product_level
ASI,Asia,region,2015-W05,burned_area_km2,10861.42,km2,K2,gwis_weekly_burned_area,measured,f_sensor_break;f_min_fire_size;f_product_level
ASI,Asia,region,2015-W06,burned_area_km2,9130.92,km2,K2,gwis_weekly_burned_area,measured,f_sensor_break;f_min_fire_size;f_product_level
ASI,Asia,region,2015-W07,burned_area_km2,6439.18,km2,K2,gwis_weekly_burned_area,measured,f_sensor_break;f_min_fire_size;f_product_level
ASI,Asia,region,2015-W08,burned_area_km2,9711.66,km2,K2,gwis_weekly_burned_area,measured,f_sensor_break;f_min_fire_size;f_product_level
ASI,Asia,region,2015-W09,burned_area_km2,20043.6,km2,K2,gwis_weekly_burned_area,measured,f_sensor_break;f_min_fire_size;f_product_level
ASI,Asia,region,2015-W10,burned_area_km2,28671.71,km2,K2,gwis_weekly_burned_area,measured,f_sensor_break;f_min_fire_size;f_product_level
ASI,Asia,region,2015-W11,burned_area_km2,39783.1,km2,K2,gwis_weekly_burned_area,measured,f_sensor_break;f_min_fire_size;f_product_level
ASI,Asia,region,2015-W12,burned_area_km2,28477.7,km2,K2,gwis_weekly_burned_area,measured,f_sensor_break;f_min_fire_size;f_product_level
ASI,Asia,region,2015-W13,burned_area_km2,19002.81,km2,K2,gwis_weekly_burned_area,measured,f_sensor_break;f_min_fire_size;f_product_level
ASI,Asia,region,2015-W14,burned_area_km2,26317.02,km2,K2,gwis_weekly_burned_area,measured,f_sensor_break;f_min_fire_size;f_product_level
ASI,Asia,region,2015-W15,burned_area_km2,17099.69,km2,K2,gwis_weekly_burned_area,measured,f_sensor_break;f_min_fire_size;f_product_level
ASI,Asia,region,2015-W16,burned_area_km2,17481.9,km2,K2,gwis_weekly_burned_area,measured,f_sensor_break;f_min_fire_size;f_product_level
ASI,Asia,region,2015-W17,burned_area_km2,6713.84,km2,K2,gwis_weekly_burned_area,measured,f_sensor_break;f_min_fire_size;f_product_level
ASI,Asia,region,2015-W18,burned_area_km2,7654.71,km2,K2,gwis_weekly_burned_area,measured,f_sensor_break;f_min_fire_size;f_product_level
ASI,Asia,region,2015-W19,burned_area_km2,2863.79,km2,K2,gwis_weekly_burned_area,measured,f_sensor_break;f_min_fire_size;f_product_level
ASI,Asia,region,2015-W20,burned_area_km2,2249.87,km2,K2,gwis_weekly_burned_area,measured,f_sensor_break;f_min_fire_size;f_product_level
ASI,Asia,region,2015-W21,burned_area_km2,3744.24,km2,K2,gwis_weekly_burned_area,measured,f_sensor_break;f_min_fire_size;f_product_level
ASI,Asia,region,2015-W22,burned_area_km2,2850.78,km2,K2,gwis_weekly_burned_area,measured,f_sensor_break;f_min_fire_size;f_product_level
ASI,Asia,region,2015-W23,burned_area_km2,2764.57,km2,K2,gwis_weekly_burned_area,measured,f_sensor_break;f_min_fire_size;f_product_level
ASI,Asia,region,2015-W24,burned_area_km2,2512.88,km2,K2,gwis_weekly_burned_area,measured,f_sensor_break;f_min_fire_size;f_product_level
ASI,Asia,region,2015-W25,burned_area_km2,4261.94,km2,K2,gwis_weekly_burned_area,measured,f_sensor_break;f_min_fire_size;f_product_level
ASI,Asia,region,2015-W26,burned_area_km2,4217.77,km2,K2,gwis_weekly_burned_area,measured,f_sensor_break;f_min_fire_size;f_product_level
ASI,Asia,region,2015-W27,burned_area_km2,3803.25,km2,K2,gwis_weekly_burned_area,measured,f_sensor_break;f_min_fire_size;f_product_level
ASI,Asia,region,2015-W28,burned_area_km2,3550.07,km2,K2,gwis_weekly_burned_area,measured,f_sensor_break;f_min_fire_size;f_product_level
ASI,Asia,region,2015-W29,burned_area_km2,4771.45,km2,K2,gwis_weekly_burned_area,measured,f_sensor_break;f_min_fire_size;f_product_level
ASI,Asia,region,2015-W30,burned_area_km2,4565.37,km2,K2,gwis_weekly_burned_area,measured,f_sensor_break;f_min_fire_size;f_product_level
ASI,Asia,region,2015-W31,burned_area_km2,7887.98,km2,K2,gwis_weekly_burned_area,measured,f_sensor_break;f_min_fire_size;f_product_level
ASI,Asia,region,2015-W32,burned_area_km2,8312.62,km2,K2,gwis_weekly_burned_area,measured,f_sensor_break;f_min_fire_size;f_product_level
ASI,Asia,region,2015-W33,burned_area_km2,9960.5,km2,K2,gwis_weekly_burned_area,measured,f_sensor_break;f_min_fire_size;f_product_level
ASI,Asia,region,2015-W34,burned_area_km2,8115.45,km2,K2,gwis_weekly_burned_area,measured,f_sensor_break;f_min_fire_size;f_product_level
ASI,Asia,region,2015-W35,burned_area_km2,14758.82,km2,K2,gwis_weekly_burned_area,measured,f_sensor_break;f_min_fire_size;f_product_level
ASI,Asia,region,2015-W36,burned_area_km2,16588.12,km2,K2,gwis_weekly_burned_area,measured,f_sensor_break;f_min_fire_size;f_product_level
ASI,Asia,region,2015-W37,burned_area_km2,9635.51,km2,K2,gwis_weekly_burned_area,measured,f_sensor_break;f_min_fire_size;f_product_level
ASI,Asia,region,2015-W38,burned_area_km2,17747.44,km2,K2,gwis_weekly_burned_area,measured,f_sensor_break;f_min_fire_size;f_product_level
ASI,Asia,region,2015-W39,burned_area_km2,10165.63,km2,K2,gwis_weekly_burned_area,measured,f_sensor_break;f_min_fire_size;f_product_level
ASI,Asia,region,2015-W40,burned_area_km2,14805.82,km2,K2,gwis_weekly_burned_area,measured,f_sensor_break;f_min_fire_size;f_product_level
ASI,Asia,region,2015-W41,burned_area_km2,16801.75,km2,K2,gwis_weekly_burned_area,measured,f_sensor_break;f_min_fire_size;f_product_level
ASI,Asia,region,2015-W42,burned_area_km2,16731.45,km2,K2,gwis_weekly_burned_area,measured,f_sensor_break;f_min_fire_size;f_product_level
ASI,Asia,region,2015-W43,burned_area_km2,13203.11,km2,K2,gwis_weekly_burned_area,measured,f_sensor_break;f_min_fire_size;f_product_level
ASI,Asia,region,2015-W44,burned_area_km2,16710.33,km2,K2,gwis_weekly_burned_area,measured,f_sensor_break;f_min_fire_size;f_product_level
ASI,Asia,region,2015-W45,burned_area_km2,6863.9,km2,K2,gwis_weekly_burned_area,measured,f_sensor_break;f_min_fire_size;f_product_level
ASI,Asia,region,2015-W46,burned_area_km2,2728.72,km2,K2,gwis_weekly_burned_area,measured,f_sensor_break;f_min_fire_size;f_product_level
ASI,Asia,region,2015-W47,burned_area_km2,2110.6,km2,K2,gwis_weekly_burned_area,measured,f_sensor_break;f_min_fire_size;f_product_level
ASI,Asia,region,2015-W48,burned_area_km2,1215.87,km2,K2,gwis_weekly_burned_area,measured,f_sensor_break;f_min_fire_size;f_product_level
ASI,Asia,region,2015-W49,burned_area_km2,1503.65,km2,K2,gwis_weekly_burned_area,measured,f_sensor_break;f_min_fire_size;f_product_level
ASI,Asia,region,2015-W50,burned_area_km2,1149.69,km2,K2,gwis_weekly_burned_area,measured,f_sensor_break;f_min_fire_size;f_product_level
ASI,Asia,region,2015-W51,burned_area_km2,1818.9,km2,K2,gwis_weekly_burned_area,measured,f_sensor_break;f_min_fire_size;f_product_level
ASI,Asia,region,2015-W52,burned_area_km2,5997.24,km2,K2,gwis_weekly_burned_area,measured,f_sensor_break;f_min_fire_size;f_product_level
ASI,Asia,region,2016-W01,burned_area_km2,4606.51,km2,K2,gwis_weekly_burned_area,measured,f_sensor_break;f_min_fire_size;f_product_level
ASI,Asia,region,2016-W02,burned_area_km2,3722.5,km2,K2,gwis_weekly_burned_area,measured,f_sensor_break;f_min_fire_size;f_product_level
ASI,Asia,region,2016-W03,burned_area_km2,4454.67,km2,K2,gwis_weekly_burned_area,measured,f_sensor_break;f_min_fire_size;f_product_level
ASI,Asia,region,2016-W04,burned_area_km2,8731.07,km2,K2,gwis_weekly_burned_area,measured,f_sensor_break;f_min_fire_size;f_product_level
ASI,Asia,region,2016-W05,burned_area_km2,9582.35,km2,K2,gwis_weekly_burned_area,measured,f_sensor_break;f_min_fire_size;f_product_level
ASI,Asia,region,2016-W06,burned_area_km2,11304.04,km2,K2,gwis_weekly_burned_area,measured,f_sensor_break;f_min_fire_size;f_product_level
ASI,Asia,region,2016-W07,burned_area_km2,13438.77,km2,K2,gwis_weekly_burned_area,measured,f_sensor_break;f_min_fire_size;f_product_level
ASI,Asia,region,2016-W08,burned_area_km2,11237.14,km2,K2,gwis_weekly_burned_area,measured,f_sensor_break;f_min_fire_size;f_product_level
ASI,Asia,region,2016-W09,burned_area_km2,12625.15,km2,K2,gwis_weekly_burned_area,measured,f_sensor_break;f_min_fire_size;f_product_level
ASI,Asia,region,2016-W10,burned_area_km2,17304.69,km2,K2,gwis_weekly_burned_area,measured,f_sensor_break;f_min_fire_size;f_product_level
ASI,Asia,region,2016-W11,burned_area_km2,30033.57,km2,K2,gwis_weekly_burned_area,measured,f_sensor_break;f_min_fire_size;f_product_level
ASI,Asia,region,2016-W12,burned_area_km2,41810.34,km2,K2,gwis_weekly_burned_area,measured,f_sensor_break;f_min_fire_size;f_product_level
ASI,Asia,region,2016-W13,burned_area_km2,24474.81,km2,K2,gwis_weekly_burned_area,measured,f_sensor_break;f_min_fire_size;f_product_level
ASI,Asia,region,2016-W14,burned_area_km2,29248.21,km2,K2,gwis_weekly_burned_area,measured,f_sensor_break;f_min_fire_size;f_product_level
ASI,Asia,region,2016-W15,burned_area_km2,41830.46,km2,K2,gwis_weekly_burned_area,measured,f_sensor_break;f_min_fire_size;f_product_level
ASI,Asia,region,2016-W16,burned_area_km2,21369.39,km2,K2,gwis_weekly_burned_area,measured,f_sensor_break;f_min_fire_size;f_product_level
ASI,Asia,region,2016-W17,burned_area_km2,17042.93,km2,K2,gwis_weekly_burned_area,measured,f_sensor_break;f_min_fire_size;f_product_level
ASI,Asia,region,2016-W18,burned_area_km2,7695.29,km2,K2,gwis_weekly_burned_area,measured,f_sensor_break;f_min_fire_size;f_product_level
ASI,Asia,region,2016-W19,burned_area_km2,7050.52,km2,K2,gwis_weekly_burned_area,measured,f_sensor_break;f_min_fire_size;f_product_level
ASI,Asia,region,2016-W20,burned_area_km2,2521.94,km2,K2,gwis_weekly_burned_area,measured,f_sensor_break;f_min_fire_size;f_product_level
ASI,Asia,region,2016-W21,burned_area_km2,1420.71,km2,K2,gwis_weekly_burned_area,measured,f_sensor_break;f_min_fire_size;f_product_level
ASI,Asia,region,2016-W22,burned_area_km2,1769.27,km2,K2,gwis_weekly_burned_area,measured,f_sensor_break;f_min_fire_size;f_product_level
ASI,Asia,region,2016-W23,burned_area_km2,1514.25,km2,K2,gwis_weekly_burned_area,measured,f_sensor_break;f_min_fire_size;f_product_level
ASI,Asia,region,2016-W24,burned_area_km2,1294.86,km2,K2,gwis_weekly_burned_area,measured,f_sensor_break;f_min_fire_size;f_product_level
ASI,Asia,region,2016-W25,burned_area_km2,1514.98,km2,K2,gwis_weekly_burned_area,measured,f_sensor_break;f_min_fire_size;f_product_level
ASI,Asia,region,2016-W26,burned_area_km2,1196.34,km2,K2,gwis_weekly_burned_area,measured,f_sensor_break;f_min_fire_size;f_product_level
ASI,Asia,region,2016-W27,burned_area_km2,1705.51,km2,K2,gwis_weekly_burned_area,measured,f_sensor_break;f_min_fire_size;f_product_level
ASI,Asia,region,2016-W28,burned_area_km2,1561.29,km2,K2,gwis_weekly_burned_area,measured,f_sensor_break;f_min_fire_size;f_product_level
ASI,Asia,region,2016-W29,burned_area_km2,984.08,km2,K2,gwis_weekly_burned_area,measured,f_sensor_break;f_min_fire_size;f_product_level
ASI,Asia,region,2016-W30,burned_area_km2,875.88,km2,K2,gwis_weekly_burned_area,measured,f_sensor_break;f_min_fire_size;f_product_level
ASI,Asia,region,2016-W31,burned_area_km2,1505.46,km2,K2,gwis_weekly_burned_area,measured,f_sensor_break;f_min_fire_size;f_product_level
ASI,Asia,region,2016-W32,burned_area_km2,2911.85,km2,K2,gwis_weekly_burned_area,measured,f_sensor_break;f_min_fire_size;f_product_level
ASI,Asia,region,2016-W33,burned_area_km2,3623.11,km2,K2,gwis_weekly_burned_area,measured,f_sensor_break;f_min_fire_size;f_product_level
ASI,Asia,region,2016-W34,burned_area_km2,3083.99,km2,K2,gwis_weekly_burned_area,measured,f_sensor_break;f_min_fire_size;f_product_level
ASI,Asia,region,2016-W35,burned_area_km2,2806.81,km2,K2,gwis_weekly_burned_area,measured,f_sensor_break;f_min_fire_size;f_product_level
ASI,Asia,region,2016-W36,burned_area_km2,2169.77,km2,K2,gwis_weekly_burned_area,measured,f_sensor_break;f_min_fire_size;f_product_level
ASI,Asia,region,2016-W37,burned_area_km2,2408.66,km2,K2,gwis_weekly_burned_area,measured,f_sensor_break;f_min_fire_size;f_product_level
ASI,Asia,region,2016-W38,burned_area_km2,2108.29,km2,K2,gwis_weekly_burned_area,measured,f_sensor_break;f_min_fire_size;f_product_level
ASI,Asia,region,2016-W39,burned_area_km2,1649.02,km2,K2,gwis_weekly_burned_area,measured,f_sensor_break;f_min_fire_size;f_product_level
ASI,Asia,region,2016-W40,burned_area_km2,1595.93,km2,K2,gwis_weekly_burned_area,measured,f_sensor_break;f_min_fire_size;f_product_level
ASI,Asia,region,2016-W41,burned_area_km2,2190.07,km2,K2,gwis_weekly_burned_area,measured,f_sensor_break;f_min_fire_size;f_product_level
ASI,Asia,region,2016-W42,burned_area_km2,2361.83,km2,K2,gwis_weekly_burned_area,measured,f_sensor_break;f_min_fire_size;f_product_level
ASI,Asia,region,2016-W43,burned_area_km2,5479.39,km2,K2,gwis_weekly_burned_area,measured,f_sensor_break;f_min_fire_size;f_product_level
ASI,Asia,region,2016-W44,burned_area_km2,9532.05,km2,K2,gwis_weekly_burned_area,measured,f_sensor_break;f_min_fire_size;f_product_level
ASI,Asia,region,2016-W45,burned_area_km2,5583.44,km2,K2,gwis_weekly_burned_area,measured,f_sensor_break;f_min_fire_size;f_product_level
ASI,Asia,region,2016-W46,burned_area_km2,1963.82,km2,K2,gwis_weekly_burned_area,measured,f_sensor_break;f_min_fire_size;f_product_level
ASI,Asia,region,2016-W47,burned_area_km2,1368.13,km2,K2,gwis_weekly_burned_area,measured,f_sensor_break;f_min_fire_size;f_product_level
ASI,Asia,region,2016-W48,burned_area_km2,1087.19,km2,K2,gwis_weekly_burned_area,measured,f_sensor_break;f_min_fire_size;f_product_level
ASI,Asia,region,2016-W49,burned_area_km2,1500.35,km2,K2,gwis_weekly_burned_area,measured,f_sensor_break;f_min_fire_size;f_product_level
ASI,Asia,region,2016-W50,burned_area_km2,1022.65,km2,K2,gwis_weekly_burned_area,measured,f_sensor_break;f_min_fire_size;f_product_level
ASI,Asia,region,2016-W51,burned_area_km2,1621.84,km2,K2,gwis_weekly_burned_area,measured,f_sensor_break;f_min_fire_size;f_product_level
ASI,Asia,region,2016-W52,burned_area_km2,1337.99,km2,K2,gwis_weekly_burned_area,measured,f_sensor_break;f_min_fire_size;f_product_level
ASI,Asia,region,2017-W01,burned_area_km2,1119.64,km2,K2,gwis_weekly_burned_area,measured,f_sensor_break;f_min_fire_size;f_product_level
ASI,Asia,region,2017-W02,burned_area_km2,923.87,km2,K2,gwis_weekly_burned_area,measured,f_sensor_break;f_min_fire_size;f_product_level
ASI,Asia,region,2017-W03,burned_area_km2,2996.98,km2,K2,gwis_weekly_burned_area,measured,f_sensor_break;f_min_fire_size;f_product_level
ASI,Asia,region,2017-W04,burned_area_km2,3682.54,km2,K2,gwis_weekly_burned_area,measured,f_sensor_break;f_min_fire_size;f_product_level
ASI,Asia,region,2017-W05,burned_area_km2,3563.67,km2,K2,gwis_weekly_burned_area,measured,f_sensor_break;f_min_fire_size;f_product_level
ASI,Asia,region,2017-W06,burned_area_km2,11181.52,km2,K2,gwis_weekly_burned_area,measured,f_sensor_break;f_min_fire_size;f_product_level
ASI,Asia,region,2017-W07,burned_area_km2,11064.75,km2,K2,gwis_weekly_burned_area,measured,f_sensor_break;f_min_fire_size;f_product_level
ASI,Asia,region,2017-W08,burned_area_km2,12583.25,km2,K2,gwis_weekly_burned_area,measured,f_sensor_break;f_min_fire_size;f_product_level
ASI,Asia,region,2017-W09,burned_area_km2,21109.11,km2,K2,gwis_weekly_burned_area,measured,f_sensor_break;f_min_fire_size;f_product_level
ASI,Asia,region,2017-W10,burned_area_km2,9738.37,km2,K2,gwis_weekly_burned_area,measured,f_sensor_break;f_min_fire_size;f_product_level
ASI,Asia,region,2017-W11,burned_area_km2,19063.33,km2,K2,gwis_weekly_burned_area,measured,f_sensor_break;f_min_fire_size;f_product_level
ASI,Asia,region,2017-W12,burned_area_km2,18402.79,km2,K2,gwis_weekly_burned_area,measured,f_sensor_break;f_min_fire_size;f_product_level
ASI,Asia,region,2017-W13,burned_area_km2,21643.82,km2,K2,gwis_weekly_burned_area,measured,f_sensor_break;f_min_fire_size;f_product_level
ASI,Asia,region,2017-W14,burned_area_km2,30187.14,km2,K2,gwis_weekly_burned_area,measured,f_sensor_break;f_min_fire_size;f_product_level
ASI,Asia,region,2017-W15,burned_area_km2,32195.46,km2,K2,gwis_weekly_burned_area,measured,f_sensor_break;f_min_fire_size;f_product_level
ASI,Asia,region,2017-W16,burned_area_km2,10448.64,km2,K2,gwis_weekly_burned_area,measured,f_sensor_break;f_min_fire_size;f_product_level
ASI,Asia,region,2017-W17,burned_area_km2,7623.09,km2,K2,gwis_weekly_burned_area,measured,f_sensor_break;f_min_fire_size;f_product_level
ASI,Asia,region,2017-W18,burned_area_km2,10823.76,km2,K2,gwis_weekly_burned_area,measured,f_sensor_break;f_min_fire_size;f_product_level
ASI,Asia,region,2017-W19,burned_area_km2,3127.66,km2,K2,gwis_weekly_burned_area,measured,f_sensor_break;f_min_fire_size;f_product_level
ASI,Asia,region,2017-W20,burned_area_km2,2420.46,km2,K2,gwis_weekly_burned_area,measured,f_sensor_break;f_min_fire_size;f_product_level
ASI,Asia,region,2017-W21,burned_area_km2,1854.25,km2,K2,gwis_weekly_burned_area,measured,f_sensor_break;f_min_fire_size;f_product_level
ASI,Asia,region,2017-W22,burned_area_km2,1799.12,km2,K2,gwis_weekly_burned_area,measured,f_sensor_break;f_min_fire_size;f_product_level
ASI,Asia,region,2017-W23,burned_area_km2,1389.04,km2,K2,gwis_weekly_burned_area,measured,f_sensor_break;f_min_fire_size;f_product_level
ASI,Asia,region,2017-W24,burned_area_km2,2179.63,km2,K2,gwis_weekly_burned_area,measured,f_sensor_break;f_min_fire_size;f_product_level
ASI,Asia,region,2017-W25,burned_area_km2,1728.15,km2,K2,gwis_weekly_burned_area,measured,f_sensor_break;f_min_fire_size;f_product_level
ASI,Asia,region,2017-W26,burned_area_km2,3946.65,km2,K2,gwis_weekly_burned_area,measured,f_sensor_break;f_min_fire_size;f_product_level
ASI,Asia,region,2017-W27,burned_area_km2,9149.93,km2,K2,gwis_weekly_burned_area,measured,f_sensor_break;f_min_fire_size;f_product_level
ASI,Asia,region,2017-W28,burned_area_km2,3695.31,km2,K2,gwis_weekly_burned_area,measured,f_sensor_break;f_min_fire_size;f_product_level
ASI,Asia,region,2017-W29,burned_area_km2,3249.9,km2,K2,gwis_weekly_burned_area,measured,f_sensor_break;f_min_fire_size;f_product_level
ASI,Asia,region,2017-W30,burned_area_km2,7371.37,km2,K2,gwis_weekly_burned_area,measured,f_sensor_break;f_min_fire_size;f_product_level
ASI,Asia,region,2017-W31,burned_area_km2,4927.46,km2,K2,gwis_weekly_burned_area,measured,f_sensor_break;f_min_fire_size;f_product_level
ASI,Asia,region,2017-W32,burned_area_km2,3617.59,km2,K2,gwis_weekly_burned_area,measured,f_sensor_break;f_min_fire_size;f_product_level
ASI,Asia,region,2017-W33,burned_area_km2,2819.49,km2,K2,gwis_weekly_burned_area,measured,f_sensor_break;f_min_fire_size;f_product_level
ASI,Asia,region,2017-W34,burned_area_km2,4609.18,km2,K2,gwis_weekly_burned_area,measured,f_sensor_break;f_min_fire_size;f_product_level
ASI,Asia,region,2017-W35,burned_area_km2,6534.07,km2,K2,gwis_weekly_burned_area,measured,f_sensor_break;f_min_fire_size;f_product_level
ASI,Asia,region,2017-W36,burned_area_km2,4501.37,km2,K2,gwis_weekly_burned_area,measured,f_sensor_break;f_min_fire_size;f_product_level
ASI,Asia,region,2017-W37,burned_area_km2,2134.29,km2,K2,gwis_weekly_burned_area,measured,f_sensor_break;f_min_fire_size;f_product_level
ASI,Asia,region,2017-W38,burned_area_km2,2587.37,km2,K2,gwis_weekly_burned_area,measured,f_sensor_break;f_min_fire_size;f_product_level
ASI,Asia,region,2017-W39,burned_area_km2,1418.61,km2,K2,gwis_weekly_burned_area,measured,f_sensor_break;f_min_fire_size;f_product_level
ASI,Asia,region,2017-W40,burned_area_km2,1303.91,km2,K2,gwis_weekly_burned_area,measured,f_sensor_break;f_min_fire_size;f_product_level
ASI,Asia,region,2017-W41,burned_area_km2,4176.38,km2,K2,gwis_weekly_burned_area,measured,f_sensor_break;f_min_fire_size;f_product_level
ASI,Asia,region,2017-W42,burned_area_km2,4031.69,km2,K2,gwis_weekly_burned_area,measured,f_sensor_break;f_min_fire_size;f_product_level
ASI,Asia,region,2017-W43,burned_area_km2,8610.12,km2,K2,gwis_weekly_burned_area,measured,f_sensor_break;f_min_fire_size;f_product_level
ASI,Asia,region,2017-W44,burned_area_km2,9551.38,km2,K2,gwis_weekly_burned_area,measured,f_sensor_break;f_min_fire_size;f_product_level
ASI,Asia,region,2017-W45,burned_area_km2,2555.04,km2,K2,gwis_weekly_burned_area,measured,f_sensor_break;f_min_fire_size;f_product_level
ASI,Asia,region,2017-W46,burned_area_km2,1993.39,km2,K2,gwis_weekly_burned_area,measured,f_sensor_break;f_min_fire_size;f_product_level
ASI,Asia,region,2017-W47,burned_area_km2,2057.06,km2,K2,gwis_weekly_burned_area,measured,f_sensor_break;f_min_fire_size;f_product_level
ASI,Asia,region,2017-W48,burned_area_km2,786.0,km2,K2,gwis_weekly_burned_area,measured,f_sensor_break;f_min_fire_size;f_product_level
ASI,Asia,region,2017-W49,burned_area_km2,882.56,km2,K2,gwis_weekly_burned_area,measured,f_sensor_break;f_min_fire_size;f_product_level
ASI,Asia,region,2017-W50,burned_area_km2,1207.55,km2,K2,gwis_weekly_burned_area,measured,f_sensor_break;f_min_fire_size;f_product_level
ASI,Asia,region,2017-W51,burned_area_km2,2140.06,km2,K2,gwis_weekly_burned_area,measured,f_sensor_break;f_min_fire_size;f_product_level
ASI,Asia,region,2017-W52,burned_area_km2,1586.21,km2,K2,gwis_weekly_burned_area,measured,f_sensor_break;f_min_fire_size;f_product_level
ASI,Asia,region,2018-W01,burned_area_km2,1320.5,km2,K2,gwis_weekly_burned_area,measured,f_sensor_break;f_min_fire_size;f_product_level
ASI,Asia,region,2018-W02,burned_area_km2,4295.13,km2,K2,gwis_weekly_burned_area,measured,f_sensor_break;f_min_fire_size;f_product_level
ASI,Asia,region,2018-W03,burned_area_km2,3364.61,km2,K2,gwis_weekly_burned_area,measured,f_sensor_break;f_min_fire_size;f_product_level
ASI,Asia,region,2018-W04,burned_area_km2,2987.56,km2,K2,gwis_weekly_burned_area,measured,f_sensor_break;f_min_fire_size;f_product_level
ASI,Asia,region,2018-W05,burned_area_km2,2004.43,km2,K2,gwis_weekly_burned_area,measured,f_sensor_break;f_min_fire_size;f_product_level
ASI,Asia,region,2018-W06,burned_area_km2,255.77,km2,K2,gwis_weekly_burned_area,measured,f_sensor_break;f_min_fire_size;f_product_level
ASI,Asia,region,2018-W07,burned_area_km2,280.85,km2,K2,gwis_weekly_burned_area,measured,f_sensor_break;f_min_fire_size;f_product_level
ASI,Asia,region,2018-W08,burned_area_km2,379.15,km2,K2,gwis_weekly_burned_area,measured,f_sensor_break;f_min_fire_size;f_product_level
ASI,Asia,region,2018-W09,burned_area_km2,1298.77,km2,K2,gwis_weekly_burned_area,measured,f_sensor_break;f_min_fire_size;f_product_level
ASI,Asia,region,2018-W10,burned_area_km2,21850.44,km2,K2,gwis_weekly_burned_area,measured,f_sensor_break;f_min_fire_size;f_product_level
ASI,Asia,region,2018-W11,burned_area_km2,17152.41,km2,K2,gwis_weekly_burned_area,measured,f_sensor_break;f_min_fire_size;f_product_level
ASI,Asia,region,2018-W12,burned_area_km2,28550.72,km2,K2,gwis_weekly_burned_area,measured,f_sensor_break;f_min_fire_size;f_product_level
ASI,Asia,region,2018-W13,burned_area_km2,19088.52,km2,K2,gwis_weekly_burned_area,measured,f_sensor_break;f_min_fire_size;f_product_level
ASI,Asia,region,2018-W14,burned_area_km2,12249.08,km2,K2,gwis_weekly_burned_area,measured,f_sensor_break;f_min_fire_size;f_product_level
ASI,Asia,region,2018-W15,burned_area_km2,22343.69,km2,K2,gwis_weekly_burned_area,measured,f_sensor_break;f_min_fire_size;f_product_level
ASI,Asia,region,2018-W16,burned_area_km2,8551.82,km2,K2,gwis_weekly_burned_area,measured,f_sensor_break;f_min_fire_size;f_product_level
ASI,Asia,region,2018-W17,burned_area_km2,9127.87,km2,K2,gwis_weekly_burned_area,measured,f_sensor_break;f_min_fire_size;f_product_level
ASI,Asia,region,2018-W18,burned_area_km2,2494.11,km2,K2,gwis_weekly_burned_area,measured,f_sensor_break;f_min_fire_size;f_product_level
ASI,Asia,region,2018-W19,burned_area_km2,4945.8,km2,K2,gwis_weekly_burned_area,measured,f_sensor_break;f_min_fire_size;f_product_level
ASI,Asia,region,2018-W20,burned_area_km2,4283.93,km2,K2,gwis_weekly_burned_area,measured,f_sensor_break;f_min_fire_size;f_product_level
ASI,Asia,region,2018-W21,burned_area_km2,4542.12,km2,K2,gwis_weekly_burned_area,measured,f_sensor_break;f_min_fire_size;f_product_level
ASI,Asia,region,2018-W22,burned_area_km2,1695.54,km2,K2,gwis_weekly_burned_area,measured,f_sensor_break;f_min_fire_size;f_product_level
ASI,Asia,region,2018-W23,burned_area_km2,970.66,km2,K2,gwis_weekly_burned_area,measured,f_sensor_break;f_min_fire_size;f_product_level
ASI,Asia,region,2018-W24,burned_area_km2,1059.47,km2,K2,gwis_weekly_burned_area,measured,f_sensor_break;f_min_fire_size;f_product_level
ASI,Asia,region,2018-W25,burned_area_km2,1458.11,km2,K2,gwis_weekly_burned_area,measured,f_sensor_break;f_min_fire_size;f_product_level
ASI,Asia,region,2018-W26,burned_area_km2,1104.84,km2,K2,gwis_weekly_burned_area,measured,f_sensor_break;f_min_fire_size;f_product_level
ASI,Asia,region,2018-W27,burned_area_km2,1625.41,km2,K2,gwis_weekly_burned_area,measured,f_sensor_break;f_min_fire_size;f_product_level
ASI,Asia,region,2018-W28,burned_area_km2,2443.28,km2,K2,gwis_weekly_burned_area,measured,f_sensor_break;f_min_fire_size;f_product_level
ASI,Asia,region,2018-W29,burned_area_km2,1670.83,km2,K2,gwis_weekly_burned_area,measured,f_sensor_break;f_min_fire_size;f_product_level
ASI,Asia,region,2018-W30,burned_area_km2,2733.17,km2,K2,gwis_weekly_burned_area,measured,f_sensor_break;f_min_fire_size;f_product_level
ASI,Asia,region,2018-W31,burned_area_km2,2014.09,km2,K2,gwis_weekly_burned_area,measured,f_sensor_break;f_min_fire_size;f_product_level
ASI,Asia,region,2018-W32,burned_area_km2,4299.55,km2,K2,gwis_weekly_burned_area,measured,f_sensor_break;f_min_fire_size;f_product_level
ASI,Asia,region,2018-W33,burned_area_km2,4380.23,km2,K2,gwis_weekly_burned_area,measured,f_sensor_break;f_min_fire_size;f_product_level
ASI,Asia,region,2018-W34,burned_area_km2,2242.57,km2,K2,gwis_weekly_burned_area,measured,f_sensor_break;f_min_fire_size;f_product_level
ASI,Asia,region,2018-W35,burned_area_km2,1802.89,km2,K2,gwis_weekly_burned_area,measured,f_sensor_break;f_min_fire_size;f_product_level
ASI,Asia,region,2018-W36,burned_area_km2,2728.84,km2,K2,gwis_weekly_burned_area,measured,f_sensor_break;f_min_fire_size;f_product_level
ASI,Asia,region,2018-W37,burned_area_km2,3813.37,km2,K2,gwis_weekly_burned_area,measured,f_sensor_break;f_min_fire_size;f_product_level
ASI,Asia,region,2018-W38,burned_area_km2,2921.09,km2,K2,gwis_weekly_burned_area,measured,f_sensor_break;f_min_fire_size;f_product_level
ASI,Asia,region,2018-W39,burned_area_km2,4481.73,km2,K2,gwis_weekly_burned_area,measured,f_sensor_break;f_min_fire_size;f_product_level
ASI,Asia,region,2018-W40,burned_area_km2,8425.88,km2,K2,gwis_weekly_burned_area,measured,f_sensor_break;f_min_fire_size;f_product_level
ASI,Asia,region,2018-W41,burned_area_km2,4805.5,km2,K2,gwis_weekly_burned_area,measured,f_sensor_break;f_min_fire_size;f_product_level
ASI,Asia,region,2018-W42,burned_area_km2,4313.84,km2,K2,gwis_weekly_burned_area,measured,f_sensor_break;f_min_fire_size;f_product_level
ASI,Asia,region,2018-W43,burned_area_km2,9309.54,km2,K2,gwis_weekly_burned_area,measured,f_sensor_break;f_min_fire_size;f_product_level
ASI,Asia,region,2018-W44,burned_area_km2,5045.17,km2,K2,gwis_weekly_burned_area,measured,f_sensor_break;f_min_fire_size;f_product_level
ASI,Asia,region,2018-W45,burned_area_km2,568.49,km2,K2,gwis_weekly_burned_area,measured,f_sensor_break;f_min_fire_size;f_product_level
ASI,Asia,region,2018-W46,burned_area_km2,0.0,km2,K2,gwis_weekly_burned_area,measured,f_sensor_break;f_min_fire_size;f_product_level;f_zero_no_detection
ASI,Asia,region,2018-W47,burned_area_km2,0.0,km2,K2,gwis_weekly_burned_area,measured,f_sensor_break;f_min_fire_size;f_product_level;f_zero_no_detection
ASI,Asia,region,2018-W48,burned_area_km2,0.0,km2,K2,gwis_weekly_burned_area,measured,f_sensor_break;f_min_fire_size;f_product_level;f_zero_no_detection
ASI,Asia,region,2018-W49,burned_area_km2,0.0,km2,K2,gwis_weekly_burned_area,measured,f_sensor_break;f_min_fire_size;f_product_level;f_zero_no_detection
ASI,Asia,region,2018-W50,burned_area_km2,2138.84,km2,K2,gwis_weekly_burned_area,measured,f_sensor_break;f_min_fire_size;f_product_level
ASI,Asia,region,2018-W51,burned_area_km2,2893.83,km2,K2,gwis_weekly_burned_area,measured,f_sensor_break;f_min_fire_size;f_product_level
ASI,Asia,region,2018-W52,burned_area_km2,2133.76,km2,K2,gwis_weekly_burned_area,measured,f_sensor_break;f_min_fire_size;f_product_level
ASI,Asia,region,2019-W01,burned_area_km2,4888.92,km2,K2,gwis_weekly_burned_area,measured,f_sensor_break;f_min_fire_size;f_product_level
ASI,Asia,region,2019-W02,burned_area_km2,5267.74,km2,K2,gwis_weekly_burned_area,measured,f_sensor_break;f_min_fire_size;f_product_level
ASI,Asia,region,2019-W03,burned_area_km2,5273.17,km2,K2,gwis_weekly_burned_area,measured,f_sensor_break;f_min_fire_size;f_product_level
ASI,Asia,region,2019-W04,burned_area_km2,6865.9,km2,K2,gwis_weekly_burned_area,measured,f_sensor_break;f_min_fire_size;f_product_level
ASI,Asia,region,2019-W05,burned_area_km2,5505.25,km2,K2,gwis_weekly_burned_area,measured,f_sensor_break;f_min_fire_size;f_product_level
ASI,Asia,region,2019-W06,burned_area_km2,9766.69,km2,K2,gwis_weekly_burned_area,measured,f_sensor_break;f_min_fire_size;f_product_level
ASI,Asia,region,2019-W07,burned_area_km2,9074.82,km2,K2,gwis_weekly_burned_area,measured,f_sensor_break;f_min_fire_size;f_product_level
ASI,Asia,region,2019-W08,burned_area_km2,14733.14,km2,K2,gwis_weekly_burned_area,measured,f_sensor_break;f_min_fire_size;f_product_level
ASI,Asia,region,2019-W09,burned_area_km2,17457.85,km2,K2,gwis_weekly_burned_area,measured,f_sensor_break;f_min_fire_size;f_product_level
ASI,Asia,region,2019-W10,burned_area_km2,22245.11,km2,K2,gwis_weekly_burned_area,measured,f_sensor_break;f_min_fire_size;f_product_level
ASI,Asia,region,2019-W11,burned_area_km2,26198.51,km2,K2,gwis_weekly_burned_area,measured,f_sensor_break;f_min_fire_size;f_product_level
ASI,Asia,region,2019-W12,burned_area_km2,34236.24,km2,K2,gwis_weekly_burned_area,measured,f_sensor_break;f_min_fire_size;f_product_level
ASI,Asia,region,2019-W13,burned_area_km2,30074.47,km2,K2,gwis_weekly_burned_area,measured,f_sensor_break;f_min_fire_size;f_product_level
ASI,Asia,region,2019-W14,burned_area_km2,19550.57,km2,K2,gwis_weekly_burned_area,measured,f_sensor_break;f_min_fire_size;f_product_level
ASI,Asia,region,2019-W15,burned_area_km2,25655.68,km2,K2,gwis_weekly_burned_area,measured,f_sensor_break;f_min_fire_size;f_product_level
ASI,Asia,region,2019-W16,burned_area_km2,17040.47,km2,K2,gwis_weekly_burned_area,measured,f_sensor_break;f_min_fire_size;f_product_level
ASI,Asia,region,2019-W17,burned_area_km2,12526.49,km2,K2,gwis_weekly_burned_area,measured,f_sensor_break;f_min_fire_size;f_product_level
ASI,Asia,region,2019-W18,burned_area_km2,10959.94,km2,K2,gwis_weekly_burned_area,measured,f_sensor_break;f_min_fire_size;f_product_level
ASI,Asia,region,2019-W19,burned_area_km2,9004.33,km2,K2,gwis_weekly_burned_area,measured,f_sensor_break;f_min_fire_size;f_product_level
ASI,Asia,region,2019-W20,burned_area_km2,5649.36,km2,K2,gwis_weekly_burned_area,measured,f_sensor_break;f_min_fire_size;f_product_level
ASI,Asia,region,2019-W21,burned_area_km2,4173.33,km2,K2,gwis_weekly_burned_area,measured,f_sensor_break;f_min_fire_size;f_product_level
ASI,Asia,region,2019-W22,burned_area_km2,3029.75,km2,K2,gwis_weekly_burned_area,measured,f_sensor_break;f_min_fire_size;f_product_level
ASI,Asia,region,2019-W23,burned_area_km2,1924.07,km2,K2,gwis_weekly_burned_area,measured,f_sensor_break;f_min_fire_size;f_product_level
ASI,Asia,region,2019-W24,burned_area_km2,2375.16,km2,K2,gwis_weekly_burned_area,measured,f_sensor_break;f_min_fire_size;f_product_level
ASI,Asia,region,2019-W25,burned_area_km2,2057.23,km2,K2,gwis_weekly_burned_area,measured,f_sensor_break;f_min_fire_size;f_product_level
ASI,Asia,region,2019-W26,burned_area_km2,2909.24,km2,K2,gwis_weekly_burned_area,measured,f_sensor_break;f_min_fire_size;f_product_level
ASI,Asia,region,2019-W27,burned_area_km2,2351.06,km2,K2,gwis_weekly_burned_area,measured,f_sensor_break;f_min_fire_size;f_product_level
ASI,Asia,region,2019-W28,burned_area_km2,3256.68,km2,K2,gwis_weekly_burned_area,measured,f_sensor_break;f_min_fire_size;f_product_level
ASI,Asia,region,2019-W29,burned_area_km2,9453.93,km2,K2,gwis_weekly_burned_area,measured,f_sensor_break;f_min_fire_size;f_product_level
ASI,Asia,region,2019-W30,burned_area_km2,5500.95,km2,K2,gwis_weekly_burned_area,measured,f_sensor_break;f_min_fire_size;f_product_level
ASI,Asia,region,2019-W31,burned_area_km2,4303.07,km2,K2,gwis_weekly_burned_area,measured,f_sensor_break;f_min_fire_size;f_product_level
ASI,Asia,region,2019-W32,burned_area_km2,6018.65,km2,K2,gwis_weekly_burned_area,measured,f_sensor_break;f_min_fire_size;f_product_level
ASI,Asia,region,2019-W33,burned_area_km2,5010.95,km2,K2,gwis_weekly_burned_area,measured,f_sensor_break;f_min_fire_size;f_product_level
ASI,Asia,region,2019-W34,burned_area_km2,3562.52,km2,K2,gwis_weekly_burned_area,measured,f_sensor_break;f_min_fire_size;f_product_level
ASI,Asia,region,2019-W35,burned_area_km2,7607.31,km2,K2,gwis_weekly_burned_area,measured,f_sensor_break;f_min_fire_size;f_product_level
ASI,Asia,region,2019-W36,burned_area_km2,9148.51,km2,K2,gwis_weekly_burned_area,measured,f_sensor_break;f_min_fire_size;f_product_level
ASI,Asia,region,2019-W37,burned_area_km2,9232.4,km2,K2,gwis_weekly_burned_area,measured,f_sensor_break;f_min_fire_size;f_product_level
ASI,Asia,region,2019-W38,burned_area_km2,8244.5,km2,K2,gwis_weekly_burned_area,measured,f_sensor_break;f_min_fire_size;f_product_level
ASI,Asia,region,2019-W39,burned_area_km2,3553.87,km2,K2,gwis_weekly_burned_area,measured,f_sensor_break;f_min_fire_size;f_product_level
ASI,Asia,region,2019-W40,burned_area_km2,4492.74,km2,K2,gwis_weekly_burned_area,measured,f_sensor_break;f_min_fire_size;f_product_level
ASI,Asia,region,2019-W41,burned_area_km2,6297.67,km2,K2,gwis_weekly_burned_area,measured,f_sensor_break;f_min_fire_size;f_product_level
ASI,Asia,region,2019-W42,burned_area_km2,5786.58,km2,K2,gwis_weekly_burned_area,measured,f_sensor_break;f_min_fire_size;f_product_level
ASI,Asia,region,2019-W43,burned_area_km2,6257.88,km2,K2,gwis_weekly_burned_area,measured,f_sensor_break;f_min_fire_size;f_product_level
ASI,Asia,region,2019-W44,burned_area_km2,6278.91,km2,K2,gwis_weekly_burned_area,measured,f_sensor_break;f_min_fire_size;f_product_level
ASI,Asia,region,2019-W45,burned_area_km2,4647.24,km2,K2,gwis_weekly_burned_area,measured,f_sensor_break;f_min_fire_size;f_product_level
ASI,Asia,region,2019-W46,burned_area_km2,1910.31,km2,K2,gwis_weekly_burned_area,measured,f_sensor_break;f_min_fire_size;f_product_level
ASI,Asia,region,2019-W47,burned_area_km2,1726.94,km2,K2,gwis_weekly_burned_area,measured,f_sensor_break;f_min_fire_size;f_product_level
ASI,Asia,region,2019-W48,burned_area_km2,1566.99,km2,K2,gwis_weekly_burned_area,measured,f_sensor_break;f_min_fire_size;f_product_level
ASI,Asia,region,2019-W49,burned_area_km2,2643.45,km2,K2,gwis_weekly_burned_area,measured,f_sensor_break;f_min_fire_size;f_product_level
ASI,Asia,region,2019-W50,burned_area_km2,1889.41,km2,K2,gwis_weekly_burned_area,measured,f_sensor_break;f_min_fire_size;f_product_level
ASI,Asia,region,2019-W51,burned_area_km2,3080.63,km2,K2,gwis_weekly_burned_area,measured,f_sensor_break;f_min_fire_size;f_product_level
ASI,Asia,region,2019-W52,burned_area_km2,4425.37,km2,K2,gwis_weekly_burned_area,measured,f_sensor_break;f_min_fire_size;f_product_level
ASI,Asia,region,2020-W01,burned_area_km2,6054.98,km2,K2,gwis_weekly_burned_area,measured,f_sensor_break;f_min_fire_size;f_product_level
ASI,Asia,region,2020-W02,burned_area_km2,10410.2,km2,K2,gwis_weekly_burned_area,measured,f_sensor_break;f_min_fire_size;f_product_level
ASI,Asia,region,2020-W03,burned_area_km2,7150.15,km2,K2,gwis_weekly_burned_area,measured,f_sensor_break;f_min_fire_size;f_product_level
ASI,Asia,region,2020-W04,burned_area_km2,8904.97,km2,K2,gwis_weekly_burned_area,measured,f_sensor_break;f_min_fire_size;f_product_level
ASI,Asia,region,2020-W05,burned_area_km2,8761.2,km2,K2,gwis_weekly_burned_area,measured,f_sensor_break;f_min_fire_size;f_product_level
ASI,Asia,region,2020-W06,burned_area_km2,8155.28,km2,K2,gwis_weekly_burned_area,measured,f_sensor_break;f_min_fire_size;f_product_level
ASI,Asia,region,2020-W07,burned_area_km2,15650.47,km2,K2,gwis_weekly_burned_area,measured,f_sensor_break;f_min_fire_size;f_product_level
ASI,Asia,region,2020-W08,burned_area_km2,14957.29,km2,K2,gwis_weekly_burned_area,measured,f_sensor_break;f_min_fire_size;f_product_level
ASI,Asia,region,2020-W09,burned_area_km2,10370.45,km2,K2,gwis_weekly_burned_area,measured,f_sensor_break;f_min_fire_size;f_product_level
ASI,Asia,region,2020-W10,burned_area_km2,19382.14,km2,K2,gwis_weekly_burned_area,measured,f_sensor_break;f_min_fire_size;f_product_level
ASI,Asia,region,2020-W11,burned_area_km2,30309.27,km2,K2,gwis_weekly_burned_area,measured,f_sensor_break;f_min_fire_size;f_product_level
ASI,Asia,region,2020-W12,burned_area_km2,32423.71,km2,K2,gwis_weekly_burned_area,measured,f_sensor_break;f_min_fire_size;f_product_level
ASI,Asia,region,2020-W13,burned_area_km2,49710.76,km2,K2,gwis_weekly_burned_area,measured,f_sensor_break;f_min_fire_size;f_product_level
ASI,Asia,region,2020-W14,burned_area_km2,26850.73,km2,K2,gwis_weekly_burned_area,measured,f_sensor_break;f_min_fire_size;f_product_level
ASI,Asia,region,2020-W15,burned_area_km2,19026.24,km2,K2,gwis_weekly_burned_area,measured,f_sensor_break;f_min_fire_size;f_product_level
ASI,Asia,region,2020-W16,burned_area_km2,14571.79,km2,K2,gwis_weekly_burned_area,measured,f_sensor_break;f_min_fire_size;f_product_level
ASI,Asia,region,2020-W17,burned_area_km2,5420.8,km2,K2,gwis_weekly_burned_area,measured,f_sensor_break;f_min_fire_size;f_product_level
ASI,Asia,region,2020-W18,burned_area_km2,4678.12,km2,K2,gwis_weekly_burned_area,measured,f_sensor_break;f_min_fire_size;f_product_level
ASI,Asia,region,2020-W19,burned_area_km2,4282.39,km2,K2,gwis_weekly_burned_area,measured,f_sensor_break;f_min_fire_size;f_product_level
ASI,Asia,region,2020-W20,burned_area_km2,2350.27,km2,K2,gwis_weekly_burned_area,measured,f_sensor_break;f_min_fire_size;f_product_level
ASI,Asia,region,2020-W21,burned_area_km2,1965.24,km2,K2,gwis_weekly_burned_area,measured,f_sensor_break;f_min_fire_size;f_product_level
ASI,Asia,region,2020-W22,burned_area_km2,1334.53,km2,K2,gwis_weekly_burned_area,measured,f_sensor_break;f_min_fire_size;f_product_level
ASI,Asia,region,2020-W23,burned_area_km2,2029.78,km2,K2,gwis_weekly_burned_area,measured,f_sensor_break;f_min_fire_size;f_product_level
ASI,Asia,region,2020-W24,burned_area_km2,2566.81,km2,K2,gwis_weekly_burned_area,measured,f_sensor_break;f_min_fire_size;f_product_level
ASI,Asia,region,2020-W25,burned_area_km2,1954.69,km2,K2,gwis_weekly_burned_area,measured,f_sensor_break;f_min_fire_size;f_product_level
ASI,Asia,region,2020-W26,burned_area_km2,2180.21,km2,K2,gwis_weekly_burned_area,measured,f_sensor_break;f_min_fire_size;f_product_level
ASI,Asia,region,2020-W27,burned_area_km2,1186.17,km2,K2,gwis_weekly_burned_area,measured,f_sensor_break;f_min_fire_size;f_product_level
ASI,Asia,region,2020-W28,burned_area_km2,1993.76,km2,K2,gwis_weekly_burned_area,measured,f_sensor_break;f_min_fire_size;f_product_level
ASI,Asia,region,2020-W29,burned_area_km2,2597.97,km2,K2,gwis_weekly_burned_area,measured,f_sensor_break;f_min_fire_size;f_product_level
ASI,Asia,region,2020-W30,burned_area_km2,1134.65,km2,K2,gwis_weekly_burned_area,measured,f_sensor_break;f_min_fire_size;f_product_level
ASI,Asia,region,2020-W31,burned_area_km2,1261.64,km2,K2,gwis_weekly_burned_area,measured,f_sensor_break;f_min_fire_size;f_product_level
ASI,Asia,region,2020-W32,burned_area_km2,1892.49,km2,K2,gwis_weekly_burned_area,measured,f_sensor_break;f_min_fire_size;f_product_level
ASI,Asia,region,2020-W33,burned_area_km2,1136.4,km2,K2,gwis_weekly_burned_area,measured,f_sensor_break;f_min_fire_size;f_product_level
ASI,Asia,region,2020-W34,burned_area_km2,1970.81,km2,K2,gwis_weekly_burned_area,measured,f_sensor_break;f_min_fire_size;f_product_level
ASI,Asia,region,2020-W35,burned_area_km2,1907.12,km2,K2,gwis_weekly_burned_area,measured,f_sensor_break;f_min_fire_size;f_product_level
ASI,Asia,region,2020-W36,burned_area_km2,1629.2,km2,K2,gwis_weekly_burned_area,measured,f_sensor_break;f_min_fire_size;f_product_level
ASI,Asia,region,2020-W37,burned_area_km2,1676.6,km2,K2,gwis_weekly_burned_area,measured,f_sensor_break;f_min_fire_size;f_product_level
ASI,Asia,region,2020-W38,burned_area_km2,1666.16,km2,K2,gwis_weekly_burned_area,measured,f_sensor_break;f_min_fire_size;f_product_level
ASI,Asia,region,2020-W39,burned_area_km2,1279.92,km2,K2,gwis_weekly_burned_area,measured,f_sensor_break;f_min_fire_size;f_product_level
ASI,Asia,region,2020-W40,burned_area_km2,1529.23,km2,K2,gwis_weekly_burned_area,measured,f_sensor_break;f_min_fire_size;f_product_level
ASI,Asia,region,2020-W41,burned_area_km2,2134.85,km2,K2,gwis_weekly_burned_area,measured,f_sensor_break;f_min_fire_size;f_product_level
ASI,Asia,region,2020-W42,burned_area_km2,3705.74,km2,K2,gwis_weekly_burned_area,measured,f_sensor_break;f_min_fire_size;f_product_level
ASI,Asia,region,2020-W43,burned_area_km2,4050.75,km2,K2,gwis_weekly_burned_area,measured,f_sensor_break;f_min_fire_size;f_product_level
ASI,Asia,region,2020-W44,burned_area_km2,7128.5,km2,K2,gwis_weekly_burned_area,measured,f_sensor_break;f_min_fire_size;f_product_level
ASI,Asia,region,2020-W45,burned_area_km2,5309.64,km2,K2,gwis_weekly_burned_area,measured,f_sensor_break;f_min_fire_size;f_product_level
ASI,Asia,region,2020-W46,burned_area_km2,2591.24,km2,K2,gwis_weekly_burned_area,measured,f_sensor_break;f_min_fire_size;f_product_level
ASI,Asia,region,2020-W47,burned_area_km2,885.44,km2,K2,gwis_weekly_burned_area,measured,f_sensor_break;f_min_fire_size;f_product_level
ASI,Asia,region,2020-W48,burned_area_km2,865.37,km2,K2,gwis_weekly_burned_area,measured,f_sensor_break;f_min_fire_size;f_product_level
ASI,Asia,region,2020-W49,burned_area_km2,1256.75,km2,K2,gwis_weekly_burned_area,measured,f_sensor_break;f_min_fire_size;f_product_level
ASI,Asia,region,2020-W50,burned_area_km2,1001.59,km2,K2,gwis_weekly_burned_area,measured,f_sensor_break;f_min_fire_size;f_product_level
ASI,Asia,region,2020-W51,burned_area_km2,1875.11,km2,K2,gwis_weekly_burned_area,measured,f_sensor_break;f_min_fire_size;f_product_level
ASI,Asia,region,2020-W52,burned_area_km2,3577.81,km2,K2,gwis_weekly_burned_area,measured,f_sensor_break;f_min_fire_size;f_product_level
ASI,Asia,region,2021-W01,burned_area_km2,2506.4,km2,K2,gwis_weekly_burned_area,measured,f_sensor_break;f_min_fire_size;f_product_level
ASI,Asia,region,2021-W02,burned_area_km2,4674.9,km2,K2,gwis_weekly_burned_area,measured,f_sensor_break;f_min_fire_size;f_product_level
ASI,Asia,region,2021-W03,burned_area_km2,4485.39,km2,K2,gwis_weekly_burned_area,measured,f_sensor_break;f_min_fire_size;f_product_level
ASI,Asia,region,2021-W04,burned_area_km2,6523.13,km2,K2,gwis_weekly_burned_area,measured,f_sensor_break;f_min_fire_size;f_product_level
ASI,Asia,region,2021-W05,burned_area_km2,11953.84,km2,K2,gwis_weekly_burned_area,measured,f_sensor_break;f_min_fire_size;f_product_level
ASI,Asia,region,2021-W06,burned_area_km2,6647.84,km2,K2,gwis_weekly_burned_area,measured,f_sensor_break;f_min_fire_size;f_product_level
ASI,Asia,region,2021-W07,burned_area_km2,10694.9,km2,K2,gwis_weekly_burned_area,measured,f_sensor_break;f_min_fire_size;f_product_level
ASI,Asia,region,2021-W08,burned_area_km2,13735.5,km2,K2,gwis_weekly_burned_area,measured,f_sensor_break;f_min_fire_size;f_product_level
ASI,Asia,region,2021-W09,burned_area_km2,30997.46,km2,K2,gwis_weekly_burned_area,measured,f_sensor_break;f_min_fire_size;f_product_level
ASI,Asia,region,2021-W10,burned_area_km2,27581.78,km2,K2,gwis_weekly_burned_area,measured,f_sensor_break;f_min_fire_size;f_product_level
ASI,Asia,region,2021-W11,burned_area_km2,26377.66,km2,K2,gwis_weekly_burned_area,measured,f_sensor_break;f_min_fire_size;f_product_level
ASI,Asia,region,2021-W12,burned_area_km2,34223.72,km2,K2,gwis_weekly_burned_area,measured,f_sensor_break;f_min_fire_size;f_product_level
ASI,Asia,region,2021-W13,burned_area_km2,43855.59,km2,K2,gwis_weekly_burned_area,measured,f_sensor_break;f_min_fire_size;f_product_level
ASI,Asia,region,2021-W14,burned_area_km2,21249.82,km2,K2,gwis_weekly_burned_area,measured,f_sensor_break;f_min_fire_size;f_product_level
ASI,Asia,region,2021-W15,burned_area_km2,20103.6,km2,K2,gwis_weekly_burned_area,measured,f_sensor_break;f_min_fire_size;f_product_level
ASI,Asia,region,2021-W16,burned_area_km2,18052.72,km2,K2,gwis_weekly_burned_area,measured,f_sensor_break;f_min_fire_size;f_product_level
ASI,Asia,region,2021-W17,burned_area_km2,11786.95,km2,K2,gwis_weekly_burned_area,measured,f_sensor_break;f_min_fire_size;f_product_level
ASI,Asia,region,2021-W18,burned_area_km2,3413.61,km2,K2,gwis_weekly_burned_area,measured,f_sensor_break;f_min_fire_size;f_product_level
ASI,Asia,region,2021-W19,burned_area_km2,2235.5,km2,K2,gwis_weekly_burned_area,measured,f_sensor_break;f_min_fire_size;f_product_level
ASI,Asia,region,2021-W20,burned_area_km2,2525.02,km2,K2,gwis_weekly_burned_area,measured,f_sensor_break;f_min_fire_size;f_product_level
ASI,Asia,region,2021-W21,burned_area_km2,2724.97,km2,K2,gwis_weekly_burned_area,measured,f_sensor_break;f_min_fire_size;f_product_level
ASI,Asia,region,2021-W22,burned_area_km2,1852.09,km2,K2,gwis_weekly_burned_area,measured,f_sensor_break;f_min_fire_size;f_product_level
ASI,Asia,region,2021-W23,burned_area_km2,944.39,km2,K2,gwis_weekly_burned_area,measured,f_sensor_break;f_min_fire_size;f_product_level
ASI,Asia,region,2021-W24,burned_area_km2,991.49,km2,K2,gwis_weekly_burned_area,measured,f_sensor_break;f_min_fire_size;f_product_level
ASI,Asia,region,2021-W25,burned_area_km2,2141.39,km2,K2,gwis_weekly_burned_area,measured,f_sensor_break;f_min_fire_size;f_product_level
ASI,Asia,region,2021-W26,burned_area_km2,1881.96,km2,K2,gwis_weekly_burned_area,measured,f_sensor_break;f_min_fire_size;f_product_level
ASI,Asia,region,2021-W27,burned_area_km2,2763.42,km2,K2,gwis_weekly_burned_area,measured,f_sensor_break;f_min_fire_size;f_product_level
ASI,Asia,region,2021-W28,burned_area_km2,630.95,km2,K2,gwis_weekly_burned_area,measured,f_sensor_break;f_min_fire_size;f_product_level
ASI,Asia,region,2021-W29,burned_area_km2,742.06,km2,K2,gwis_weekly_burned_area,measured,f_sensor_break;f_min_fire_size;f_product_level
ASI,Asia,region,2021-W30,burned_area_km2,2402.09,km2,K2,gwis_weekly_burned_area,measured,f_sensor_break;f_min_fire_size;f_product_level
ASI,Asia,region,2021-W31,burned_area_km2,1946.56,km2,K2,gwis_weekly_burned_area,measured,f_sensor_break;f_min_fire_size;f_product_level
ASI,Asia,region,2021-W32,burned_area_km2,1494.83,km2,K2,gwis_weekly_burned_area,measured,f_sensor_break;f_min_fire_size;f_product_level
ASI,Asia,region,2021-W33,burned_area_km2,1356.19,km2,K2,gwis_weekly_burned_area,measured,f_sensor_break;f_min_fire_size;f_product_level
ASI,Asia,region,2021-W34,burned_area_km2,1919.8,km2,K2,gwis_weekly_burned_area,measured,f_sensor_break;f_min_fire_size;f_product_level
ASI,Asia,region,2021-W35,burned_area_km2,1520.59,km2,K2,gwis_weekly_burned_area,measured,f_sensor_break;f_min_fire_size;f_product_level
ASI,Asia,region,2021-W36,burned_area_km2,1592.49,km2,K2,gwis_weekly_burned_area,measured,f_sensor_break;f_min_fire_size;f_product_level
ASI,Asia,region,2021-W37,burned_area_km2,1141.84,km2,K2,gwis_weekly_burned_area,measured,f_sensor_break;f_min_fire_size;f_product_level
ASI,Asia,region,2021-W38,burned_area_km2,1693.77,km2,K2,gwis_weekly_burned_area,measured,f_sensor_break;f_min_fire_size;f_product_level
ASI,Asia,region,2021-W39,burned_area_km2,1013.21,km2,K2,gwis_weekly_burned_area,measured,f_sensor_break;f_min_fire_size;f_product_level
ASI,Asia,region,2021-W40,burned_area_km2,1151.02,km2,K2,gwis_weekly_burned_area,measured,f_sensor_break;f_min_fire_size;f_product_level
ASI,Asia,region,2021-W41,burned_area_km2,1570.01,km2,K2,gwis_weekly_burned_area,measured,f_sensor_break;f_min_fire_size;f_product_level
ASI,Asia,region,2021-W42,burned_area_km2,2218.57,km2,K2,gwis_weekly_burned_area,measured,f_sensor_break;f_min_fire_size;f_product_level
ASI,Asia,region,2021-W43,burned_area_km2,3033.98,km2,K2,gwis_weekly_burned_area,measured,f_sensor_break;f_min_fire_size;f_product_level
ASI,Asia,region,2021-W44,burned_area_km2,7884.11,km2,K2,gwis_weekly_burned_area,measured,f_sensor_break;f_min_fire_size;f_product_level
ASI,Asia,region,2021-W45,burned_area_km2,6893.79,km2,K2,gwis_weekly_burned_area,measured,f_sensor_break;f_min_fire_size;f_product_level
ASI,Asia,region,2021-W46,burned_area_km2,2845.76,km2,K2,gwis_weekly_burned_area,measured,f_sensor_break;f_min_fire_size;f_product_level
ASI,Asia,region,2021-W47,burned_area_km2,1272.3,km2,K2,gwis_weekly_burned_area,measured,f_sensor_break;f_min_fire_size;f_product_level
ASI,Asia,region,2021-W48,burned_area_km2,1220.54,km2,K2,gwis_weekly_burned_area,measured,f_sensor_break;f_min_fire_size;f_product_level
ASI,Asia,region,2021-W49,burned_area_km2,1202.19,km2,K2,gwis_weekly_burned_area,measured,f_sensor_break;f_min_fire_size;f_product_level
ASI,Asia,region,2021-W50,burned_area_km2,1332.2,km2,K2,gwis_weekly_burned_area,measured,f_sensor_break;f_min_fire_size;f_product_level
ASI,Asia,region,2021-W51,burned_area_km2,1162.35,km2,K2,gwis_weekly_burned_area,measured,f_sensor_break;f_min_fire_size;f_product_level
ASI,Asia,region,2021-W52,burned_area_km2,1242.85,km2,K2,gwis_weekly_burned_area,measured,f_sensor_break;f_min_fire_size;f_product_level
ASI,Asia,region,2022-W01,burned_area_km2,1924.03,km2,K2,gwis_weekly_burned_area,measured,f_sensor_break;f_min_fire_size;f_product_level
ASI,Asia,region,2022-W02,burned_area_km2,2418.47,km2,K2,gwis_weekly_burned_area,measured,f_sensor_break;f_min_fire_size;f_product_level
ASI,Asia,region,2022-W03,burned_area_km2,2704.28,km2,K2,gwis_weekly_burned_area,measured,f_sensor_break;f_min_fire_size;f_product_level
ASI,Asia,region,2022-W04,burned_area_km2,3600.12,km2,K2,gwis_weekly_burned_area,measured,f_sensor_break;f_min_fire_size;f_product_level
ASI,Asia,region,2022-W05,burned_area_km2,5515.36,km2,K2,gwis_weekly_burned_area,measured,f_sensor_break;f_min_fire_size;f_product_level
ASI,Asia,region,2022-W06,burned_area_km2,5199.74,km2,K2,gwis_weekly_burned_area,measured,f_sensor_break;f_min_fire_size;f_product_level
ASI,Asia,region,2022-W07,burned_area_km2,3921.92,km2,K2,gwis_weekly_burned_area,measured,f_sensor_break;f_min_fire_size;f_product_level
ASI,Asia,region,2022-W08,burned_area_km2,5989.62,km2,K2,gwis_weekly_burned_area,measured,f_sensor_break;f_min_fire_size;f_product_level
ASI,Asia,region,2022-W09,burned_area_km2,13916.63,km2,K2,gwis_weekly_burned_area,measured,f_sensor_break;f_min_fire_size;f_product_level
ASI,Asia,region,2022-W10,burned_area_km2,16627.2,km2,K2,gwis_weekly_burned_area,measured,f_sensor_break;f_min_fire_size;f_product_level
ASI,Asia,region,2022-W11,burned_area_km2,23291.4,km2,K2,gwis_weekly_burned_area,measured,f_sensor_break;f_min_fire_size;f_product_level
ASI,Asia,region,2022-W12,burned_area_km2,13613.17,km2,K2,gwis_weekly_burned_area,measured,f_sensor_break;f_min_fire_size;f_product_level
ASI,Asia,region,2022-W13,burned_area_km2,17827.07,km2,K2,gwis_weekly_burned_area,measured,f_sensor_break;f_min_fire_size;f_product_level
ASI,Asia,region,2022-W14,burned_area_km2,22034.25,km2,K2,gwis_weekly_burned_area,measured,f_sensor_break;f_min_fire_size;f_product_level
ASI,Asia,region,2022-W15,burned_area_km2,16458.85,km2,K2,gwis_weekly_burned_area,measured,f_sensor_break;f_min_fire_size;f_product_level
ASI,Asia,region,2022-W16,burned_area_km2,17251.31,km2,K2,gwis_weekly_burned_area,measured,f_sensor_break;f_min_fire_size;f_product_level
ASI,Asia,region,2022-W17,burned_area_km2,20535.69,km2,K2,gwis_weekly_burned_area,measured,f_sensor_break;f_min_fire_size;f_product_level
ASI,Asia,region,2022-W18,burned_area_km2,3850.58,km2,K2,gwis_weekly_burned_area,measured,f_sensor_break;f_min_fire_size;f_product_level
ASI,Asia,region,2022-W19,burned_area_km2,3723.33,km2,K2,gwis_weekly_burned_area,measured,f_sensor_break;f_min_fire_size;f_product_level
ASI,Asia,region,2022-W20,burned_area_km2,2307.85,km2,K2,gwis_weekly_burned_area,measured,f_sensor_break;f_min_fire_size;f_product_level
ASI,Asia,region,2022-W21,burned_area_km2,1366.16,km2,K2,gwis_weekly_burned_area,measured,f_sensor_break;f_min_fire_size;f_product_level
ASI,Asia,region,2022-W22,burned_area_km2,1466.34,km2,K2,gwis_weekly_burned_area,measured,f_sensor_break;f_min_fire_size;f_product_level
ASI,Asia,region,2022-W23,burned_area_km2,1780.08,km2,K2,gwis_weekly_burned_area,measured,f_sensor_break;f_min_fire_size;f_product_level
ASI,Asia,region,2022-W24,burned_area_km2,985.31,km2,K2,gwis_weekly_burned_area,measured,f_sensor_break;f_min_fire_size;f_product_level
ASI,Asia,region,2022-W25,burned_area_km2,788.68,km2,K2,gwis_weekly_burned_area,measured,f_sensor_break;f_min_fire_size;f_product_level
ASI,Asia,region,2022-W26,burned_area_km2,1021.16,km2,K2,gwis_weekly_burned_area,measured,f_sensor_break;f_min_fire_size;f_product_level
ASI,Asia,region,2022-W27,burned_area_km2,941.19,km2,K2,gwis_weekly_burned_area,measured,f_sensor_break;f_min_fire_size;f_product_level
ASI,Asia,region,2022-W28,burned_area_km2,752.53,km2,K2,gwis_weekly_burned_area,measured,f_sensor_break;f_min_fire_size;f_product_level
ASI,Asia,region,2022-W29,burned_area_km2,839.81,km2,K2,gwis_weekly_burned_area,measured,f_sensor_break;f_min_fire_size;f_product_level
ASI,Asia,region,2022-W30,burned_area_km2,648.01,km2,K2,gwis_weekly_burned_area,measured,f_sensor_break;f_min_fire_size;f_product_level
ASI,Asia,region,2022-W31,burned_area_km2,454.67,km2,K2,gwis_weekly_burned_area,measured,f_sensor_break;f_min_fire_size;f_product_level
ASI,Asia,region,2022-W32,burned_area_km2,1401.26,km2,K2,gwis_weekly_burned_area,measured,f_sensor_break;f_min_fire_size;f_product_level
ASI,Asia,region,2022-W33,burned_area_km2,1042.39,km2,K2,gwis_weekly_burned_area,measured,f_sensor_break;f_min_fire_size;f_product_level
ASI,Asia,region,2022-W34,burned_area_km2,712.75,km2,K2,gwis_weekly_burned_area,measured,f_sensor_break;f_min_fire_size;f_product_level
ASI,Asia,region,2022-W35,burned_area_km2,1515.68,km2,K2,gwis_weekly_burned_area,measured,f_sensor_break;f_min_fire_size;f_product_level
ASI,Asia,region,2022-W36,burned_area_km2,2832.32,km2,K2,gwis_weekly_burned_area,measured,f_sensor_break;f_min_fire_size;f_product_level
ASI,Asia,region,2022-W37,burned_area_km2,1148.89,km2,K2,gwis_weekly_burned_area,measured,f_sensor_break;f_min_fire_size;f_product_level
ASI,Asia,region,2022-W38,burned_area_km2,1398.1,km2,K2,gwis_weekly_burned_area,measured,f_sensor_break;f_min_fire_size;f_product_level
ASI,Asia,region,2022-W39,burned_area_km2,1158.57,km2,K2,gwis_weekly_burned_area,measured,f_sensor_break;f_min_fire_size;f_product_level
ASI,Asia,region,2022-W40,burned_area_km2,1312.72,km2,K2,gwis_weekly_burned_area,measured,f_sensor_break;f_min_fire_size;f_product_level
ASI,Asia,region,2022-W41,burned_area_km2,1281.54,km2,K2,gwis_weekly_burned_area,measured,f_sensor_break;f_min_fire_size;f_product_level
ASI,Asia,region,2022-W42,burned_area_km2,1702.37,km2,K2,gwis_weekly_burned_area,measured,f_sensor_break;f_min_fire_size;f_product_level
ASI,Asia,region,2022-W43,burned_area_km2,4161.04,km2,K2,gwis_weekly_burned_area,measured,f_sensor_break;f_min_fire_size;f_product_level
ASI,Asia,region,2022-W44,burned_area_km2,4349.4,km2,K2,gwis_weekly_burned_area,measured,f_sensor_break;f_min_fire_size;f_product_level
ASI,Asia,region,2022-W45,burned_area_km2,4544.38,km2,K2,gwis_weekly_burned_area,measured,f_sensor_break;f_min_fire_size;f_product_level
ASI,Asia,region,2022-W46,burned_area_km2,1854.76,km2,K2,gwis_weekly_burned_area,measured,f_sensor_break;f_min_fire_size;f_product_level
ASI,Asia,region,2022-W47,burned_area_km2,891.05,km2,K2,gwis_weekly_burned_area,measured,f_sensor_break;f_min_fire_size;f_product_level
ASI,Asia,region,2022-W48,burned_area_km2,721.5,km2,K2,gwis_weekly_burned_area,measured,f_sensor_break;f_min_fire_size;f_product_level
ASI,Asia,region,2022-W49,burned_area_km2,790.07,km2,K2,gwis_weekly_burned_area,measured,f_sensor_break;f_min_fire_size;f_product_level
ASI,Asia,region,2022-W50,burned_area_km2,1463.31,km2,K2,gwis_weekly_burned_area,measured,f_sensor_break;f_min_fire_size;f_product_level
ASI,Asia,region,2022-W51,burned_area_km2,2075.04,km2,K2,gwis_weekly_burned_area,measured,f_sensor_break;f_min_fire_size;f_product_level
ASI,Asia,region,2022-W52,burned_area_km2,1316.98,km2,K2,gwis_weekly_burned_area,measured,f_sensor_break;f_min_fire_size;f_product_level
ASI,Asia,region,2023-W01,burned_area_km2,1807.03,km2,K2,gwis_weekly_burned_area,measured,f_sensor_break;f_min_fire_size;f_product_level
ASI,Asia,region,2023-W02,burned_area_km2,2583.8,km2,K2,gwis_weekly_burned_area,measured,f_sensor_break;f_min_fire_size;f_product_level
ASI,Asia,region,2023-W03,burned_area_km2,4943.77,km2,K2,gwis_weekly_burned_area,measured,f_sensor_break;f_min_fire_size;f_product_level
ASI,Asia,region,2023-W04,burned_area_km2,6240.83,km2,K2,gwis_weekly_burned_area,measured,f_sensor_break;f_min_fire_size;f_product_level
ASI,Asia,region,2023-W05,burned_area_km2,8590.16,km2,K2,gwis_weekly_burned_area,measured,f_sensor_break;f_min_fire_size;f_product_level
ASI,Asia,region,2023-W06,burned_area_km2,13580.05,km2,K2,gwis_weekly_burned_area,measured,f_sensor_break;f_min_fire_size;f_product_level
ASI,Asia,region,2023-W07,burned_area_km2,9567.6,km2,K2,gwis_weekly_burned_area,measured,f_sensor_break;f_min_fire_size;f_product_level
ASI,Asia,region,2023-W08,burned_area_km2,9376.13,km2,K2,gwis_weekly_burned_area,measured,f_sensor_break;f_min_fire_size;f_product_level
ASI,Asia,region,2023-W09,burned_area_km2,18698.56,km2,K2,gwis_weekly_burned_area,measured,f_sensor_break;f_min_fire_size;f_product_level
ASI,Asia,region,2023-W10,burned_area_km2,19596.23,km2,K2,gwis_weekly_burned_area,measured,f_sensor_break;f_min_fire_size;f_product_level
ASI,Asia,region,2023-W11,burned_area_km2,14173.89,km2,K2,gwis_weekly_burned_area,measured,f_sensor_break;f_min_fire_size;f_product_level
ASI,Asia,region,2023-W12,burned_area_km2,37296.78,km2,K2,gwis_weekly_burned_area,measured,f_sensor_break;f_min_fire_size;f_product_level
ASI,Asia,region,2023-W13,burned_area_km2,27906.54,km2,K2,gwis_weekly_burned_area,measured,f_sensor_break;f_min_fire_size;f_product_level
ASI,Asia,region,2023-W14,burned_area_km2,39571.41,km2,K2,gwis_weekly_burned_area,measured,f_sensor_break;f_min_fire_size;f_product_level
ASI,Asia,region,2023-W15,burned_area_km2,32757.19,km2,K2,gwis_weekly_burned_area,measured,f_sensor_break;f_min_fire_size;f_product_level
ASI,Asia,region,2023-W16,burned_area_km2,19720.22,km2,K2,gwis_weekly_burned_area,measured,f_sensor_break;f_min_fire_size;f_product_level
ASI,Asia,region,2023-W17,burned_area_km2,5373.37,km2,K2,gwis_weekly_burned_area,measured,f_sensor_break;f_min_fire_size;f_product_level
ASI,Asia,region,2023-W18,burned_area_km2,5638.01,km2,K2,gwis_weekly_burned_area,measured,f_sensor_break;f_min_fire_size;f_product_level
ASI,Asia,region,2023-W19,burned_area_km2,4008.16,km2,K2,gwis_weekly_burned_area,measured,f_sensor_break;f_min_fire_size;f_product_level
ASI,Asia,region,2023-W20,burned_area_km2,2356.2,km2,K2,gwis_weekly_burned_area,measured,f_sensor_break;f_min_fire_size;f_product_level
ASI,Asia,region,2023-W21,burned_area_km2,1493.09,km2,K2,gwis_weekly_burned_area,measured,f_sensor_break;f_min_fire_size;f_product_level
ASI,Asia,region,2023-W22,burned_area_km2,1555.88,km2,K2,gwis_weekly_burned_area,measured,f_sensor_break;f_min_fire_size;f_product_level
ASI,Asia,region,2023-W23,burned_area_km2,1810.59,km2,K2,gwis_weekly_burned_area,measured,f_sensor_break;f_min_fire_size;f_product_level
ASI,Asia,region,2023-W24,burned_area_km2,895.78,km2,K2,gwis_weekly_burned_area,measured,f_sensor_break;f_min_fire_size;f_product_level
ASI,Asia,region,2023-W25,burned_area_km2,636.48,km2,K2,gwis_weekly_burned_area,measured,f_sensor_break;f_min_fire_size;f_product_level
ASI,Asia,region,2023-W26,burned_area_km2,518.81,km2,K2,gwis_weekly_burned_area,measured,f_sensor_break;f_min_fire_size;f_product_level
ASI,Asia,region,2023-W27,burned_area_km2,672.28,km2,K2,gwis_weekly_burned_area,measured,f_sensor_break;f_min_fire_size;f_product_level
ASI,Asia,region,2023-W28,burned_area_km2,825.49,km2,K2,gwis_weekly_burned_area,measured,f_sensor_break;f_min_fire_size;f_product_level
ASI,Asia,region,2023-W29,burned_area_km2,1030.08,km2,K2,gwis_weekly_burned_area,measured,f_sensor_break;f_min_fire_size;f_product_level
ASI,Asia,region,2023-W30,burned_area_km2,2217.48,km2,K2,gwis_weekly_burned_area,measured,f_sensor_break;f_min_fire_size;f_product_level
ASI,Asia,region,2023-W31,burned_area_km2,1772.99,km2,K2,gwis_weekly_burned_area,measured,f_sensor_break;f_min_fire_size;f_product_level
ASI,Asia,region,2023-W32,burned_area_km2,1799.82,km2,K2,gwis_weekly_burned_area,measured,f_sensor_break;f_min_fire_size;f_product_level
ASI,Asia,region,2023-W33,burned_area_km2,1943.65,km2,K2,gwis_weekly_burned_area,measured,f_sensor_break;f_min_fire_size;f_product_level
ASI,Asia,region,2023-W34,burned_area_km2,1547.23,km2,K2,gwis_weekly_burned_area,measured,f_sensor_break;f_min_fire_size;f_product_level
ASI,Asia,region,2023-W35,burned_area_km2,3859.41,km2,K2,gwis_weekly_burned_area,measured,f_sensor_break;f_min_fire_size;f_product_level
ASI,Asia,region,2023-W36,burned_area_km2,1708.21,km2,K2,gwis_weekly_burned_area,measured,f_sensor_break;f_min_fire_size;f_product_level
ASI,Asia,region,2023-W37,burned_area_km2,1990.87,km2,K2,gwis_weekly_burned_area,measured,f_sensor_break;f_min_fire_size;f_product_level
ASI,Asia,region,2023-W38,burned_area_km2,3618.84,km2,K2,gwis_weekly_burned_area,measured,f_sensor_break;f_min_fire_size;f_product_level
ASI,Asia,region,2023-W39,burned_area_km2,4773.53,km2,K2,gwis_weekly_burned_area,measured,f_sensor_break;f_min_fire_size;f_product_level
ASI,Asia,region,2023-W40,burned_area_km2,3318.43,km2,K2,gwis_weekly_burned_area,measured,f_sensor_break;f_min_fire_size;f_product_level
ASI,Asia,region,2023-W41,burned_area_km2,3183.93,km2,K2,gwis_weekly_burned_area,measured,f_sensor_break;f_min_fire_size;f_product_level
ASI,Asia,region,2023-W42,burned_area_km2,2904.29,km2,K2,gwis_weekly_burned_area,measured,f_sensor_break;f_min_fire_size;f_product_level
ASI,Asia,region,2023-W43,burned_area_km2,5237.41,km2,K2,gwis_weekly_burned_area,measured,f_sensor_break;f_min_fire_size;f_product_level
ASI,Asia,region,2023-W44,burned_area_km2,4440.39,km2,K2,gwis_weekly_burned_area,measured,f_sensor_break;f_min_fire_size;f_product_level
ASI,Asia,region,2023-W45,burned_area_km2,2813.03,km2,K2,gwis_weekly_burned_area,measured,f_sensor_break;f_min_fire_size;f_product_level
ASI,Asia,region,2023-W46,burned_area_km2,2876.31,km2,K2,gwis_weekly_burned_area,measured,f_sensor_break;f_min_fire_size;f_product_level
ASI,Asia,region,2023-W47,burned_area_km2,1180.72,km2,K2,gwis_weekly_burned_area,measured,f_sensor_break;f_min_fire_size;f_product_level
ASI,Asia,region,2023-W48,burned_area_km2,674.56,km2,K2,gwis_weekly_burned_area,measured,f_sensor_break;f_min_fire_size;f_product_level
ASI,Asia,region,2023-W49,burned_area_km2,672.78,km2,K2,gwis_weekly_burned_area,measured,f_sensor_break;f_min_fire_size;f_product_level
ASI,Asia,region,2023-W50,burned_area_km2,1158.8,km2,K2,gwis_weekly_burned_area,measured,f_sensor_break;f_min_fire_size;f_product_level
ASI,Asia,region,2023-W51,burned_area_km2,1293.92,km2,K2,gwis_weekly_burned_area,measured,f_sensor_break;f_min_fire_size;f_product_level
ASI,Asia,region,2023-W52,burned_area_km2,2416.0,km2,K2,gwis_weekly_burned_area,measured,f_sensor_break;f_min_fire_size;f_product_level
ASI,Asia,region,2024-W01,burned_area_km2,2660.75,km2,K2,gwis_weekly_burned_area,measured,f_sensor_break;f_min_fire_size;f_product_level
ASI,Asia,region,2024-W02,burned_area_km2,2947.69,km2,K2,gwis_weekly_burned_area,measured,f_sensor_break;f_min_fire_size;f_product_level
ASI,Asia,region,2024-W03,burned_area_km2,4098.68,km2,K2,gwis_weekly_burned_area,measured,f_sensor_break;f_min_fire_size;f_product_level
ASI,Asia,region,2024-W04,burned_area_km2,4665.9,km2,K2,gwis_weekly_burned_area,measured,f_sensor_break;f_min_fire_size;f_product_level
ASI,Asia,region,2024-W05,burned_area_km2,2404.04,km2,K2,gwis_weekly_burned_area,measured,f_sensor_break;f_min_fire_size;f_product_level
ASI,Asia,region,2024-W06,burned_area_km2,7329.21,km2,K2,gwis_weekly_burned_area,measured,f_sensor_break;f_min_fire_size;f_product_level
ASI,Asia,region,2024-W07,burned_area_km2,8227.95,km2,K2,gwis_weekly_burned_area,measured,f_sensor_break;f_min_fire_size;f_product_level
ASI,Asia,region,2024-W08,burned_area_km2,7713.17,km2,K2,gwis_weekly_burned_area,measured,f_sensor_break;f_min_fire_size;f_product_level
ASI,Asia,region,2024-W09,burned_area_km2,11200.21,km2,K2,gwis_weekly_burned_area,measured,f_sensor_break;f_min_fire_size;f_product_level
ASI,Asia,region,2024-W10,burned_area_km2,16092.96,km2,K2,gwis_weekly_burned_area,measured,f_sensor_break;f_min_fire_size;f_product_level
ASI,Asia,region,2024-W11,burned_area_km2,16762.83,km2,K2,gwis_weekly_burned_area,measured,f_sensor_break;f_min_fire_size;f_product_level
ASI,Asia,region,2024-W12,burned_area_km2,2389.82,km2,K2,gwis_weekly_burned_area,measured,f_sensor_break;f_min_fire_size;f_product_level
ASI,Asia,region,2024-W13,burned_area_km2,17254.58,km2,K2,gwis_weekly_burned_area,measured,f_sensor_break;f_min_fire_size;f_product_level
ASI,Asia,region,2024-W14,burned_area_km2,28226.55,km2,K2,gwis_weekly_burned_area,measured,f_sensor_break;f_min_fire_size;f_product_level
ASI,Asia,region,2024-W15,burned_area_km2,17089.56,km2,K2,gwis_weekly_burned_area,measured,f_sensor_break;f_min_fire_size;f_product_level
ASI,Asia,region,2024-W16,burned_area_km2,17537.5,km2,K2,gwis_weekly_burned_area,measured,f_sensor_break;f_min_fire_size;f_product_level
ASI,Asia,region,2024-W17,burned_area_km2,16401.12,km2,K2,gwis_weekly_burned_area,measured,f_sensor_break;f_min_fire_size;f_product_level
ASI,Asia,region,2024-W18,burned_area_km2,8649.9,km2,K2,gwis_weekly_burned_area,measured,f_sensor_break;f_min_fire_size;f_product_level
ASI,Asia,region,2024-W19,burned_area_km2,2163.08,km2,K2,gwis_weekly_burned_area,measured,f_sensor_break;f_min_fire_size;f_product_level
ASI,Asia,region,2024-W20,burned_area_km2,2163.09,km2,K2,gwis_weekly_burned_area,measured,f_sensor_break;f_min_fire_size;f_product_level
ASI,Asia,region,2024-W21,burned_area_km2,816.1,km2,K2,gwis_weekly_burned_area,measured,f_sensor_break;f_min_fire_size;f_product_level
ASI,Asia,region,2024-W22,burned_area_km2,1271.87,km2,K2,gwis_weekly_burned_area,measured,f_sensor_break;f_min_fire_size;f_product_level
ASI,Asia,region,2024-W23,burned_area_km2,955.0,km2,K2,gwis_weekly_burned_area,measured,f_sensor_break;f_min_fire_size;f_product_level
ASI,Asia,region,2024-W24,burned_area_km2,1343.24,km2,K2,gwis_weekly_burned_area,measured,f_sensor_break;f_min_fire_size;f_product_level
ASI,Asia,region,2024-W25,burned_area_km2,560.01,km2,K2,gwis_weekly_burned_area,measured,f_sensor_break;f_min_fire_size;f_product_level
ASI,Asia,region,2024-W26,burned_area_km2,519.58,km2,K2,gwis_weekly_burned_area,measured,f_sensor_break;f_min_fire_size;f_product_level
ASI,Asia,region,2024-W27,burned_area_km2,579.58,km2,K2,gwis_weekly_burned_area,measured,f_sensor_break;f_min_fire_size;f_product_level
ASI,Asia,region,2024-W28,burned_area_km2,688.13,km2,K2,gwis_weekly_burned_area,measured,f_sensor_break;f_min_fire_size;f_product_level
ASI,Asia,region,2024-W29,burned_area_km2,689.52,km2,K2,gwis_weekly_burned_area,measured,f_sensor_break;f_min_fire_size;f_product_level
ASI,Asia,region,2024-W30,burned_area_km2,1182.02,km2,K2,gwis_weekly_burned_area,measured,f_sensor_break;f_min_fire_size;f_product_level
ASI,Asia,region,2024-W31,burned_area_km2,659.45,km2,K2,gwis_weekly_burned_area,measured,f_sensor_break;f_min_fire_size;f_product_level
ASI,Asia,region,2024-W32,burned_area_km2,732.67,km2,K2,gwis_weekly_burned_area,measured,f_sensor_break;f_min_fire_size;f_product_level
ASI,Asia,region,2024-W33,burned_area_km2,945.87,km2,K2,gwis_weekly_burned_area,measured,f_sensor_break;f_min_fire_size;f_product_level
ASI,Asia,region,2024-W34,burned_area_km2,696.83,km2,K2,gwis_weekly_burned_area,measured,f_sensor_break;f_min_fire_size;f_product_level
ASI,Asia,region,2024-W35,burned_area_km2,984.69,km2,K2,gwis_weekly_burned_area,measured,f_sensor_break;f_min_fire_size;f_product_level
ASI,Asia,region,2024-W36,burned_area_km2,1611.05,km2,K2,gwis_weekly_burned_area,measured,f_sensor_break;f_min_fire_size;f_product_level
ASI,Asia,region,2024-W37,burned_area_km2,1312.39,km2,K2,gwis_weekly_burned_area,measured,f_sensor_break;f_min_fire_size;f_product_level
ASI,Asia,region,2024-W38,burned_area_km2,891.03,km2,K2,gwis_weekly_burned_area,measured,f_sensor_break;f_min_fire_size;f_product_level
ASI,Asia,region,2024-W39,burned_area_km2,893.65,km2,K2,gwis_weekly_burned_area,measured,f_sensor_break;f_min_fire_size;f_product_level
ASI,Asia,region,2024-W40,burned_area_km2,1366.46,km2,K2,gwis_weekly_burned_area,measured,f_sensor_break;f_min_fire_size;f_product_level
ASI,Asia,region,2024-W41,burned_area_km2,1191.13,km2,K2,gwis_weekly_burned_area,measured,f_sensor_break;f_min_fire_size;f_product_level
ASI,Asia,region,2024-W42,burned_area_km2,1417.5,km2,K2,gwis_weekly_burned_area,measured,f_sensor_break;f_min_fire_size;f_product_level
ASI,Asia,region,2024-W43,burned_area_km2,2067.08,km2,K2,gwis_weekly_burned_area,measured,f_sensor_break;f_min_fire_size;f_product_level
ASI,Asia,region,2024-W44,burned_area_km2,2015.85,km2,K2,gwis_weekly_burned_area,measured,f_sensor_break;f_min_fire_size;f_product_level
ASI,Asia,region,2024-W45,burned_area_km2,3758.24,km2,K2,gwis_weekly_burned_area,measured,f_sensor_break;f_min_fire_size;f_product_level
ASI,Asia,region,2024-W46,burned_area_km2,2317.83,km2,K2,gwis_weekly_burned_area,measured,f_sensor_break;f_min_fire_size;f_product_level
ASI,Asia,region,2024-W47,burned_area_km2,1993.65,km2,K2,gwis_weekly_burned_area,measured,f_sensor_break;f_min_fire_size;f_product_level
ASI,Asia,region,2024-W48,burned_area_km2,882.98,km2,K2,gwis_weekly_burned_area,measured,f_sensor_break;f_min_fire_size;f_product_level
ASI,Asia,region,2024-W49,burned_area_km2,837.6,km2,K2,gwis_weekly_burned_area,measured,f_sensor_break;f_min_fire_size;f_product_level
ASI,Asia,region,2024-W50,burned_area_km2,1530.22,km2,K2,gwis_weekly_burned_area,measured,f_sensor_break;f_min_fire_size;f_product_level
ASI,Asia,region,2024-W51,burned_area_km2,1470.49,km2,K2,gwis_weekly_burned_area,measured,f_sensor_break;f_min_fire_size;f_product_level
ASI,Asia,region,2024-W52,burned_area_km2,1601.54,km2,K2,gwis_weekly_burned_area,measured,f_sensor_break;f_min_fire_size;f_product_level
ASI,Asia,region,2025-W01,burned_area_km2,2514.09,km2,K2,gwis_weekly_burned_area,measured,f_sensor_break;f_min_fire_size;f_product_level
ASI,Asia,region,2025-W02,burned_area_km2,3649.18,km2,K2,gwis_weekly_burned_area,measured,f_sensor_break;f_min_fire_size;f_product_level
ASI,Asia,region,2025-W03,burned_area_km2,2588.09,km2,K2,gwis_weekly_burned_area,measured,f_sensor_break;f_min_fire_size;f_product_level
ASI,Asia,region,2025-W04,burned_area_km2,3585.55,km2,K2,gwis_weekly_burned_area,measured,f_sensor_break;f_min_fire_size;f_product_level
ASI,Asia,region,2025-W05,burned_area_km2,4915.95,km2,K2,gwis_weekly_burned_area,measured,f_sensor_break;f_min_fire_size;f_product_level
ASI,Asia,region,2025-W06,burned_area_km2,5456.88,km2,K2,gwis_weekly_burned_area,measured,f_sensor_break;f_min_fire_size;f_product_level
ASI,Asia,region,2025-W07,burned_area_km2,7737.16,km2,K2,gwis_weekly_burned_area,measured,f_sensor_break;f_min_fire_size;f_product_level
ASI,Asia,region,2025-W08,burned_area_km2,4376.48,km2,K2,gwis_weekly_burned_area,measured,f_sensor_break;f_min_fire_size;f_product_level
ASI,Asia,region,2025-W09,burned_area_km2,11188.86,km2,K2,gwis_weekly_burned_area,measured,f_sensor_break;f_min_fire_size;f_product_level
ASI,Asia,region,2025-W10,burned_area_km2,17936.07,km2,K2,gwis_weekly_burned_area,measured,f_sensor_break;f_min_fire_size;f_product_level
ASI,Asia,region,2025-W11,burned_area_km2,20337.42,km2,K2,gwis_weekly_burned_area,measured,f_sensor_break;f_min_fire_size;f_product_level
ASI,Asia,region,2025-W12,burned_area_km2,23612.47,km2,K2,gwis_weekly_burned_area,measured,f_sensor_break;f_min_fire_size;f_product_level
ASI,Asia,region,2025-W13,burned_area_km2,22345.94,km2,K2,gwis_weekly_burned_area,measured,f_sensor_break;f_min_fire_size;f_product_level
ASI,Asia,region,2025-W14,burned_area_km2,10820.23,km2,K2,gwis_weekly_burned_area,measured,f_sensor_break;f_min_fire_size;f_product_level
ASI,Asia,region,2025-W15,burned_area_km2,6093.88,km2,K2,gwis_weekly_burned_area,measured,f_sensor_break;f_min_fire_size;f_product_level
ASI,Asia,region,2025-W16,burned_area_km2,6609.68,km2,K2,gwis_weekly_burned_area,measured,f_sensor_break;f_min_fire_size;f_product_level
ASI,Asia,region,2025-W17,burned_area_km2,7949.08,km2,K2,gwis_weekly_burned_area,measured,f_sensor_break;f_min_fire_size;f_product_level
ASI,Asia,region,2025-W18,burned_area_km2,2031.93,km2,K2,gwis_weekly_burned_area,measured,f_sensor_break;f_min_fire_size;f_product_level
ASI,Asia,region,2025-W19,burned_area_km2,1988.7,km2,K2,gwis_weekly_burned_area,measured,f_sensor_break;f_min_fire_size;f_product_level
ASI,Asia,region,2025-W20,burned_area_km2,1176.26,km2,K2,gwis_weekly_burned_area,measured,f_sensor_break;f_min_fire_size;f_product_level
ASI,Asia,region,2025-W21,burned_area_km2,578.04,km2,K2,gwis_weekly_burned_area,measured,f_sensor_break;f_min_fire_size;f_product_level
ASI,Asia,region,2025-W22,burned_area_km2,579.23,km2,K2,gwis_weekly_burned_area,measured,f_sensor_break;f_min_fire_size;f_product_level
ASI,Asia,region,2025-W23,burned_area_km2,1182.12,km2,K2,gwis_weekly_burned_area,measured,f_sensor_break;f_min_fire_size;f_product_level
ASI,Asia,region,2025-W24,burned_area_km2,712.32,km2,K2,gwis_weekly_burned_area,measured,f_sensor_break;f_min_fire_size;f_product_level
ASI,Asia,region,2025-W25,burned_area_km2,525.8,km2,K2,gwis_weekly_burned_area,measured,f_sensor_break;f_min_fire_size;f_product_level
ASI,Asia,region,2025-W26,burned_area_km2,702.21,km2,K2,gwis_weekly_burned_area,measured,f_sensor_break;f_min_fire_size;f_product_level
ASI,Asia,region,2025-W27,burned_area_km2,777.53,km2,K2,gwis_weekly_burned_area,measured,f_sensor_break;f_min_fire_size;f_product_level
ASI,Asia,region,2025-W28,burned_area_km2,495.34,km2,K2,gwis_weekly_burned_area,measured,f_sensor_break;f_min_fire_size;f_product_level
ASI,Asia,region,2025-W29,burned_area_km2,1575.55,km2,K2,gwis_weekly_burned_area,measured,f_sensor_break;f_min_fire_size;f_product_level
ASI,Asia,region,2025-W30,burned_area_km2,1623.71,km2,K2,gwis_weekly_burned_area,measured,f_sensor_break;f_min_fire_size;f_product_level
ASI,Asia,region,2025-W31,burned_area_km2,605.07,km2,K2,gwis_weekly_burned_area,measured,f_sensor_break;f_min_fire_size;f_product_level
ASI,Asia,region,2025-W32,burned_area_km2,821.25,km2,K2,gwis_weekly_burned_area,measured,f_sensor_break;f_min_fire_size;f_product_level
ASI,Asia,region,2025-W33,burned_area_km2,886.56,km2,K2,gwis_weekly_burned_area,measured,f_sensor_break;f_min_fire_size;f_product_level
ASI,Asia,region,2025-W34,burned_area_km2,738.54,km2,K2,gwis_weekly_burned_area,measured,f_sensor_break;f_min_fire_size;f_product_level
ASI,Asia,region,2025-W35,burned_area_km2,1320.29,km2,K2,gwis_weekly_burned_area,measured,f_sensor_break;f_min_fire_size;f_product_level
ASI,Asia,region,2025-W36,burned_area_km2,921.02,km2,K2,gwis_weekly_burned_area,measured,f_sensor_break;f_min_fire_size;f_product_level
ASI,Asia,region,2025-W37,burned_area_km2,626.41,km2,K2,gwis_weekly_burned_area,measured,f_sensor_break;f_min_fire_size;f_product_level
ASI,Asia,region,2025-W38,burned_area_km2,1683.08,km2,K2,gwis_weekly_burned_area,measured,f_sensor_break;f_min_fire_size;f_product_level
ASI,Asia,region,2025-W39,burned_area_km2,867.99,km2,K2,gwis_weekly_burned_area,measured,f_sensor_break;f_min_fire_size;f_product_level
ASI,Asia,region,2025-W40,burned_area_km2,853.15,km2,K2,gwis_weekly_burned_area,measured,f_sensor_break;f_min_fire_size;f_product_level
ASI,Asia,region,2025-W41,burned_area_km2,1116.65,km2,K2,gwis_weekly_burned_area,measured,f_sensor_break;f_min_fire_size;f_product_level
ASI,Asia,region,2025-W42,burned_area_km2,1070.66,km2,K2,gwis_weekly_burned_area,measured,f_sensor_break;f_min_fire_size;f_product_level
ASI,Asia,region,2025-W43,burned_area_km2,5215.18,km2,K2,gwis_weekly_burned_area,measured,f_sensor_break;f_min_fire_size;f_product_level
ASI,Asia,region,2025-W44,burned_area_km2,3771.59,km2,K2,gwis_weekly_burned_area,measured,f_sensor_break;f_min_fire_size;f_product_level
ASI,Asia,region,2025-W45,burned_area_km2,2120.72,km2,K2,gwis_weekly_burned_area,measured,f_sensor_break;f_min_fire_size;f_product_level
ASI,Asia,region,2025-W46,burned_area_km2,3352.21,km2,K2,gwis_weekly_burned_area,measured,f_sensor_break;f_min_fire_size;f_product_level
ASI,Asia,region,2025-W47,burned_area_km2,3945.21,km2,K2,gwis_weekly_burned_area,measured,f_sensor_break;f_min_fire_size;f_product_level
ASI,Asia,region,2025-W48,burned_area_km2,1140.99,km2,K2,gwis_weekly_burned_area,measured,f_sensor_break;f_min_fire_size;f_product_level
ASI,Asia,region,2025-W49,burned_area_km2,1247.94,km2,K2,gwis_weekly_burned_area,measured,f_sensor_break;f_min_fire_size;f_product_level
ASI,Asia,region,2025-W50,burned_area_km2,1305.92,km2,K2,gwis_weekly_burned_area,measured,f_sensor_break;f_min_fire_size;f_product_level
ASI,Asia,region,2025-W51,burned_area_km2,1101.48,km2,K2,gwis_weekly_burned_area,measured,f_sensor_break;f_min_fire_size;f_product_level
ASI,Asia,region,2025-W52,burned_area_km2,939.75,km2,K2,gwis_weekly_burned_area,measured,f_sensor_break;f_min_fire_size;f_product_level
ASI,Asia,region,2026-W01,burned_area_km2,1427.37,km2,K2,gwis_weekly_burned_area,measured,f_sensor_break;f_min_fire_size;f_product_level;f_incomplete_year
ASI,Asia,region,2026-W02,burned_area_km2,1855.98,km2,K2,gwis_weekly_burned_area,measured,f_sensor_break;f_min_fire_size;f_product_level;f_incomplete_year
ASI,Asia,region,2026-W03,burned_area_km2,2839.55,km2,K2,gwis_weekly_burned_area,measured,f_sensor_break;f_min_fire_size;f_product_level;f_incomplete_year
ASI,Asia,region,2026-W04,burned_area_km2,3681.9,km2,K2,gwis_weekly_burned_area,measured,f_sensor_break;f_min_fire_size;f_product_level;f_incomplete_year
ASI,Asia,region,2026-W05,burned_area_km2,3655.06,km2,K2,gwis_weekly_burned_area,measured,f_sensor_break;f_min_fire_size;f_product_level;f_incomplete_year
ASI,Asia,region,2026-W06,burned_area_km2,5997.32,km2,K2,gwis_weekly_burned_area,measured,f_sensor_break;f_min_fire_size;f_product_level;f_incomplete_year
ASI,Asia,region,2026-W07,burned_area_km2,9219.77,km2,K2,gwis_weekly_burned_area,measured,f_sensor_break;f_min_fire_size;f_product_level;f_incomplete_year
ASI,Asia,region,2026-W08,burned_area_km2,4335.45,km2,K2,gwis_weekly_burned_area,measured,f_sensor_break;f_min_fire_size;f_product_level;f_incomplete_year
ASI,Asia,region,2026-W09,burned_area_km2,8220.68,km2,K2,gwis_weekly_burned_area,measured,f_sensor_break;f_min_fire_size;f_product_level;f_incomplete_year
ASI,Asia,region,2026-W10,burned_area_km2,9924.5,km2,K2,gwis_weekly_burned_area,measured,f_sensor_break;f_min_fire_size;f_product_level;f_incomplete_year
ASI,Asia,region,2026-W11,burned_area_km2,12209.12,km2,K2,gwis_weekly_burned_area,measured,f_sensor_break;f_min_fire_size;f_product_level;f_incomplete_year
ASI,Asia,region,2026-W12,burned_area_km2,24315.93,km2,K2,gwis_weekly_burned_area,measured,f_sensor_break;f_min_fire_size;f_product_level;f_incomplete_year
ASI,Asia,region,2026-W13,burned_area_km2,28889.15,km2,K2,gwis_weekly_burned_area,measured,f_sensor_break;f_min_fire_size;f_product_level;f_incomplete_year
ASI,Asia,region,2026-W14,burned_area_km2,24564.29,km2,K2,gwis_weekly_burned_area,measured,f_sensor_break;f_min_fire_size;f_product_level;f_incomplete_year
ASI,Asia,region,2026-W15,burned_area_km2,26085.55,km2,K2,gwis_weekly_burned_area,measured,f_sensor_break;f_min_fire_size;f_product_level;f_incomplete_year
ASI,Asia,region,2026-W16,burned_area_km2,10698.53,km2,K2,gwis_weekly_burned_area,measured,f_sensor_break;f_min_fire_size;f_product_level;f_incomplete_year
ASI,Asia,region,2026-W17,burned_area_km2,5554.54,km2,K2,gwis_weekly_burned_area,measured,f_sensor_break;f_min_fire_size;f_product_level;f_incomplete_year
ASI,Asia,region,2026-W18,burned_area_km2,2693.8,km2,K2,gwis_weekly_burned_area,measured,f_sensor_break;f_min_fire_size;f_product_level;f_incomplete_year
ASI,Asia,region,2026-W19,burned_area_km2,2024.58,km2,K2,gwis_weekly_burned_area,measured,f_sensor_break;f_min_fire_size;f_product_level;f_incomplete_year
ASI,Asia,region,2026-W20,burned_area_km2,1206.35,km2,K2,gwis_weekly_burned_area,measured,f_sensor_break;f_min_fire_size;f_product_level;f_incomplete_year
ASI,Asia,region,2026-W21,burned_area_km2,1876.24,km2,K2,gwis_weekly_burned_area,measured,f_sensor_break;f_min_fire_size;f_product_level;f_incomplete_year
ASI,Asia,region,2026-W22,burned_area_km2,807.44,km2,K2,gwis_weekly_burned_area,measured,f_sensor_break;f_min_fire_size;f_product_level;f_incomplete_year
ASI,Asia,region,2026-W23,burned_area_km2,490.62,km2,K2,gwis_weekly_burned_area,measured,f_sensor_break;f_min_fire_size;f_product_level;f_incomplete_year
ASI,Asia,region,2026-W24,burned_area_km2,470.54,km2,K2,gwis_weekly_burned_area,measured,f_sensor_break;f_min_fire_size;f_product_level;f_incomplete_year
ASI,Asia,region,2026-W25,burned_area_km2,585.48,km2,K2,gwis_weekly_burned_area,measured,f_sensor_break;f_min_fire_size;f_product_level;f_incomplete_year
ASI,Asia,region,2026-W26,burned_area_km2,500.32,km2,K2,gwis_weekly_burned_area,measured,f_sensor_break;f_min_fire_size;f_product_level;f_incomplete_year
ASI,Asia,region,2026-W27,burned_area_km2,525.07,km2,K2,gwis_weekly_burned_area,measured,f_sensor_break;f_min_fire_size;f_product_level;f_incomplete_year
ASI,Asia,region,2026-W28,burned_area_km2,559.07,km2,K2,gwis_weekly_burned_area,measured,f_sensor_break;f_min_fire_size;f_product_level;f_incomplete_year
ASI,Asia,region,2026-W29,burned_area_km2,852.96,km2,K2,gwis_weekly_burned_area,measured,f_sensor_break;f_min_fire_size;f_product_level;f_incomplete_year
ASI,Asia,region,2026-W30,burned_area_km2,1303.36,km2,K2,gwis_weekly_burned_area,measured,f_sensor_break;f_min_fire_size;f_product_level;f_incomplete_year
ASI,Asia,region,2026-W31,burned_area_km2,2123.36,km2,K2,gwis_weekly_burned_area,measured,f_sensor_break;f_min_fire_size;f_product_level;f_incomplete_year
EUR,Europa,region,2012-W01,burned_area_km2,0.0,km2,K2,gwis_weekly_burned_area,measured,f_sensor_break;f_min_fire_size;f_product_level;f_zero_no_detection
EUR,Europa,region,2012-W02,burned_area_km2,15.04,km2,K2,gwis_weekly_burned_area,measured,f_sensor_break;f_min_fire_size;f_product_level
EUR,Europa,region,2012-W03,burned_area_km2,46.48,km2,K2,gwis_weekly_burned_area,measured,f_sensor_break;f_min_fire_size;f_product_level
EUR,Europa,region,2012-W04,burned_area_km2,61.38,km2,K2,gwis_weekly_burned_area,measured,f_sensor_break;f_min_fire_size;f_product_level
EUR,Europa,region,2012-W05,burned_area_km2,90.33,km2,K2,gwis_weekly_burned_area,measured,f_sensor_break;f_min_fire_size;f_product_level
EUR,Europa,region,2012-W06,burned_area_km2,90.99,km2,K2,gwis_weekly_burned_area,measured,f_sensor_break;f_min_fire_size;f_product_level
EUR,Europa,region,2012-W07,burned_area_km2,123.84,km2,K2,gwis_weekly_burned_area,measured,f_sensor_break;f_min_fire_size;f_product_level
EUR,Europa,region,2012-W08,burned_area_km2,270.88,km2,K2,gwis_weekly_burned_area,measured,f_sensor_break;f_min_fire_size;f_product_level
EUR,Europa,region,2012-W09,burned_area_km2,786.12,km2,K2,gwis_weekly_burned_area,measured,f_sensor_break;f_min_fire_size;f_product_level
EUR,Europa,region,2012-W10,burned_area_km2,545.1,km2,K2,gwis_weekly_burned_area,measured,f_sensor_break;f_min_fire_size;f_product_level
EUR,Europa,region,2012-W11,burned_area_km2,2742.48,km2,K2,gwis_weekly_burned_area,measured,f_sensor_break;f_min_fire_size;f_product_level
EUR,Europa,region,2012-W12,burned_area_km2,5670.04,km2,K2,gwis_weekly_burned_area,measured,f_sensor_break;f_min_fire_size;f_product_level
EUR,Europa,region,2012-W13,burned_area_km2,4099.59,km2,K2,gwis_weekly_burned_area,measured,f_sensor_break;f_min_fire_size;f_product_level
EUR,Europa,region,2012-W14,burned_area_km2,7830.78,km2,K2,gwis_weekly_burned_area,measured,f_sensor_break;f_min_fire_size;f_product_level
EUR,Europa,region,2012-W15,burned_area_km2,14610.17,km2,K2,gwis_weekly_burned_area,measured,f_sensor_break;f_min_fire_size;f_product_level
EUR,Europa,region,2012-W16,burned_area_km2,18184.6,km2,K2,gwis_weekly_burned_area,measured,f_sensor_break;f_min_fire_size;f_product_level
EUR,Europa,region,2012-W17,burned_area_km2,11818.48,km2,K2,gwis_weekly_burned_area,measured,f_sensor_break;f_min_fire_size;f_product_level
EUR,Europa,region,2012-W18,burned_area_km2,13841.56,km2,K2,gwis_weekly_burned_area,measured,f_sensor_break;f_min_fire_size;f_product_level
EUR,Europa,region,2012-W19,burned_area_km2,7709.37,km2,K2,gwis_weekly_burned_area,measured,f_sensor_break;f_min_fire_size;f_product_level
EUR,Europa,region,2012-W20,burned_area_km2,8187.91,km2,K2,gwis_weekly_burned_area,measured,f_sensor_break;f_min_fire_size;f_product_level
EUR,Europa,region,2012-W21,burned_area_km2,2089.17,km2,K2,gwis_weekly_burned_area,measured,f_sensor_break;f_min_fire_size;f_product_level
EUR,Europa,region,2012-W22,burned_area_km2,4628.17,km2,K2,gwis_weekly_burned_area,measured,f_sensor_break;f_min_fire_size;f_product_level
EUR,Europa,region,2012-W23,burned_area_km2,10051.05,km2,K2,gwis_weekly_burned_area,measured,f_sensor_break;f_min_fire_size;f_product_level
EUR,Europa,region,2012-W24,burned_area_km2,20670.86,km2,K2,gwis_weekly_burned_area,measured,f_sensor_break;f_min_fire_size;f_product_level
EUR,Europa,region,2012-W25,burned_area_km2,15006.79,km2,K2,gwis_weekly_burned_area,measured,f_sensor_break;f_min_fire_size;f_product_level
EUR,Europa,region,2012-W26,burned_area_km2,13681.61,km2,K2,gwis_weekly_burned_area,measured,f_sensor_break;f_min_fire_size;f_product_level
EUR,Europa,region,2012-W27,burned_area_km2,16886.58,km2,K2,gwis_weekly_burned_area,measured,f_sensor_break;f_min_fire_size;f_product_level
EUR,Europa,region,2012-W28,burned_area_km2,12857.96,km2,K2,gwis_weekly_burned_area,measured,f_sensor_break;f_min_fire_size;f_product_level
EUR,Europa,region,2012-W29,burned_area_km2,18878.3,km2,K2,gwis_weekly_burned_area,measured,f_sensor_break;f_min_fire_size;f_product_level
EUR,Europa,region,2012-W30,burned_area_km2,24456.57,km2,K2,gwis_weekly_burned_area,measured,f_sensor_break;f_min_fire_size;f_product_level
EUR,Europa,region,2012-W31,burned_area_km2,11684.3,km2,K2,gwis_weekly_burned_area,measured,f_sensor_break;f_min_fire_size;f_product_level
EUR,Europa,region,2012-W32,burned_area_km2,6933.81,km2,K2,gwis_weekly_burned_area,measured,f_sensor_break;f_min_fire_size;f_product_level
EUR,Europa,region,2012-W33,burned_area_km2,2719.59,km2,K2,gwis_weekly_burned_area,measured,f_sensor_break;f_min_fire_size;f_product_level
EUR,Europa,region,2012-W34,burned_area_km2,4089.93,km2,K2,gwis_weekly_burned_area,measured,f_sensor_break;f_min_fire_size;f_product_level
EUR,Europa,region,2012-W35,burned_area_km2,2875.62,km2,K2,gwis_weekly_burned_area,measured,f_sensor_break;f_min_fire_size;f_product_level
EUR,Europa,region,2012-W36,burned_area_km2,2226.34,km2,K2,gwis_weekly_burned_area,measured,f_sensor_break;f_min_fire_size;f_product_level
EUR,Europa,region,2012-W37,burned_area_km2,3555.89,km2,K2,gwis_weekly_burned_area,measured,f_sensor_break;f_min_fire_size;f_product_level
EUR,Europa,region,2012-W38,burned_area_km2,2412.13,km2,K2,gwis_weekly_burned_area,measured,f_sensor_break;f_min_fire_size;f_product_level
EUR,Europa,region,2012-W39,burned_area_km2,3121.0,km2,K2,gwis_weekly_burned_area,measured,f_sensor_break;f_min_fire_size;f_product_level
EUR,Europa,region,2012-W40,burned_area_km2,1938.82,km2,K2,gwis_weekly_burned_area,measured,f_sensor_break;f_min_fire_size;f_product_level
EUR,Europa,region,2012-W41,burned_area_km2,1148.31,km2,K2,gwis_weekly_burned_area,measured,f_sensor_break;f_min_fire_size;f_product_level
EUR,Europa,region,2012-W42,burned_area_km2,989.5,km2,K2,gwis_weekly_burned_area,measured,f_sensor_break;f_min_fire_size;f_product_level
EUR,Europa,region,2012-W43,burned_area_km2,633.65,km2,K2,gwis_weekly_burned_area,measured,f_sensor_break;f_min_fire_size;f_product_level
EUR,Europa,region,2012-W44,burned_area_km2,483.08,km2,K2,gwis_weekly_burned_area,measured,f_sensor_break;f_min_fire_size;f_product_level
EUR,Europa,region,2012-W45,burned_area_km2,131.5,km2,K2,gwis_weekly_burned_area,measured,f_sensor_break;f_min_fire_size;f_product_level
EUR,Europa,region,2012-W46,burned_area_km2,58.54,km2,K2,gwis_weekly_burned_area,measured,f_sensor_break;f_min_fire_size;f_product_level
EUR,Europa,region,2012-W47,burned_area_km2,96.91,km2,K2,gwis_weekly_burned_area,measured,f_sensor_break;f_min_fire_size;f_product_level
EUR,Europa,region,2012-W48,burned_area_km2,276.64,km2,K2,gwis_weekly_burned_area,measured,f_sensor_break;f_min_fire_size;f_product_level
EUR,Europa,region,2012-W49,burned_area_km2,83.68,km2,K2,gwis_weekly_burned_area,measured,f_sensor_break;f_min_fire_size;f_product_level
EUR,Europa,region,2012-W50,burned_area_km2,43.87,km2,K2,gwis_weekly_burned_area,measured,f_sensor_break;f_min_fire_size;f_product_level
EUR,Europa,region,2012-W51,burned_area_km2,47.38,km2,K2,gwis_weekly_burned_area,measured,f_sensor_break;f_min_fire_size;f_product_level
EUR,Europa,region,2012-W52,burned_area_km2,24.87,km2,K2,gwis_weekly_burned_area,measured,f_sensor_break;f_min_fire_size;f_product_level
EUR,Europa,region,2013-W01,burned_area_km2,29.28,km2,K2,gwis_weekly_burned_area,measured,f_sensor_break;f_min_fire_size;f_product_level
EUR,Europa,region,2013-W02,burned_area_km2,35.22,km2,K2,gwis_weekly_burned_area,measured,f_sensor_break;f_min_fire_size;f_product_level
EUR,Europa,region,2013-W03,burned_area_km2,26.63,km2,K2,gwis_weekly_burned_area,measured,f_sensor_break;f_min_fire_size;f_product_level
EUR,Europa,region,2013-W04,burned_area_km2,40.13,km2,K2,gwis_weekly_burned_area,measured,f_sensor_break;f_min_fire_size;f_product_level
EUR,Europa,region,2013-W05,burned_area_km2,84.93,km2,K2,gwis_weekly_burned_area,measured,f_sensor_break;f_min_fire_size;f_product_level
EUR,Europa,region,2013-W06,burned_area_km2,339.34,km2,K2,gwis_weekly_burned_area,measured,f_sensor_break;f_min_fire_size;f_product_level
EUR,Europa,region,2013-W07,burned_area_km2,81.13,km2,K2,gwis_weekly_burned_area,measured,f_sensor_break;f_min_fire_size;f_product_level
EUR,Europa,region,2013-W08,burned_area_km2,132.22,km2,K2,gwis_weekly_burned_area,measured,f_sensor_break;f_min_fire_size;f_product_level
EUR,Europa,region,2013-W09,burned_area_km2,744.86,km2,K2,gwis_weekly_burned_area,measured,f_sensor_break;f_min_fire_size;f_product_level
EUR,Europa,region,2013-W10,burned_area_km2,929.43,km2,K2,gwis_weekly_burned_area,measured,f_sensor_break;f_min_fire_size;f_product_level
EUR,Europa,region,2013-W11,burned_area_km2,382.34,km2,K2,gwis_weekly_burned_area,measured,f_sensor_break;f_min_fire_size;f_product_level
EUR,Europa,region,2013-W12,burned_area_km2,306.16,km2,K2,gwis_weekly_burned_area,measured,f_sensor_break;f_min_fire_size;f_product_level
EUR,Europa,region,2013-W13,burned_area_km2,601.73,km2,K2,gwis_weekly_burned_area,measured,f_sensor_break;f_min_fire_size;f_product_level
EUR,Europa,region,2013-W14,burned_area_km2,979.64,km2,K2,gwis_weekly_burned_area,measured,f_sensor_break;f_min_fire_size;f_product_level
EUR,Europa,region,2013-W15,burned_area_km2,1966.71,km2,K2,gwis_weekly_burned_area,measured,f_sensor_break;f_min_fire_size;f_product_level
EUR,Europa,region,2013-W16,burned_area_km2,9449.18,km2,K2,gwis_weekly_burned_area,measured,f_sensor_break;f_min_fire_size;f_product_level
EUR,Europa,region,2013-W17,burned_area_km2,11823.5,km2,K2,gwis_weekly_burned_area,measured,f_sensor_break;f_min_fire_size;f_product_level
EUR,Europa,region,2013-W18,burned_area_km2,9711.78,km2,K2,gwis_weekly_burned_area,measured,f_sensor_break;f_min_fire_size;f_product_level
EUR,Europa,region,2013-W19,burned_area_km2,2730.57,km2,K2,gwis_weekly_burned_area,measured,f_sensor_break;f_min_fire_size;f_product_level
EUR,Europa,region,2013-W20,burned_area_km2,1465.32,km2,K2,gwis_weekly_burned_area,measured,f_sensor_break;f_min_fire_size;f_product_level
EUR,Europa,region,2013-W21,burned_area_km2,1089.82,km2,K2,gwis_weekly_burned_area,measured,f_sensor_break;f_min_fire_size;f_product_level
EUR,Europa,region,2013-W22,burned_area_km2,960.56,km2,K2,gwis_weekly_burned_area,measured,f_sensor_break;f_min_fire_size;f_product_level
EUR,Europa,region,2013-W23,burned_area_km2,1438.0,km2,K2,gwis_weekly_burned_area,measured,f_sensor_break;f_min_fire_size;f_product_level
EUR,Europa,region,2013-W24,burned_area_km2,1812.92,km2,K2,gwis_weekly_burned_area,measured,f_sensor_break;f_min_fire_size;f_product_level
EUR,Europa,region,2013-W25,burned_area_km2,5039.63,km2,K2,gwis_weekly_burned_area,measured,f_sensor_break;f_min_fire_size;f_product_level
EUR,Europa,region,2013-W26,burned_area_km2,1389.6,km2,K2,gwis_weekly_burned_area,measured,f_sensor_break;f_min_fire_size;f_product_level
EUR,Europa,region,2013-W27,burned_area_km2,1121.61,km2,K2,gwis_weekly_burned_area,measured,f_sensor_break;f_min_fire_size;f_product_level
EUR,Europa,region,2013-W28,burned_area_km2,1531.15,km2,K2,gwis_weekly_burned_area,measured,f_sensor_break;f_min_fire_size;f_product_level
EUR,Europa,region,2013-W29,burned_area_km2,13730.24,km2,K2,gwis_weekly_burned_area,measured,f_sensor_break;f_min_fire_size;f_product_level
EUR,Europa,region,2013-W30,burned_area_km2,17281.32,km2,K2,gwis_weekly_burned_area,measured,f_sensor_break;f_min_fire_size;f_product_level
EUR,Europa,region,2013-W31,burned_area_km2,9759.54,km2,K2,gwis_weekly_burned_area,measured,f_sensor_break;f_min_fire_size;f_product_level
EUR,Europa,region,2013-W32,burned_area_km2,5243.8,km2,K2,gwis_weekly_burned_area,measured,f_sensor_break;f_min_fire_size;f_product_level
EUR,Europa,region,2013-W33,burned_area_km2,3061.38,km2,K2,gwis_weekly_burned_area,measured,f_sensor_break;f_min_fire_size;f_product_level
EUR,Europa,region,2013-W34,burned_area_km2,2084.97,km2,K2,gwis_weekly_burned_area,measured,f_sensor_break;f_min_fire_size;f_product_level
EUR,Europa,region,2013-W35,burned_area_km2,1197.95,km2,K2,gwis_weekly_burned_area,measured,f_sensor_break;f_min_fire_size;f_product_level
EUR,Europa,region,2013-W36,burned_area_km2,668.18,km2,K2,gwis_weekly_burned_area,measured,f_sensor_break;f_min_fire_size;f_product_level
EUR,Europa,region,2013-W37,burned_area_km2,550.18,km2,K2,gwis_weekly_burned_area,measured,f_sensor_break;f_min_fire_size;f_product_level
EUR,Europa,region,2013-W38,burned_area_km2,604.49,km2,K2,gwis_weekly_burned_area,measured,f_sensor_break;f_min_fire_size;f_product_level
EUR,Europa,region,2013-W39,burned_area_km2,680.12,km2,K2,gwis_weekly_burned_area,measured,f_sensor_break;f_min_fire_size;f_product_level
EUR,Europa,region,2013-W40,burned_area_km2,467.57,km2,K2,gwis_weekly_burned_area,measured,f_sensor_break;f_min_fire_size;f_product_level
EUR,Europa,region,2013-W41,burned_area_km2,749.15,km2,K2,gwis_weekly_burned_area,measured,f_sensor_break;f_min_fire_size;f_product_level
EUR,Europa,region,2013-W42,burned_area_km2,1088.5,km2,K2,gwis_weekly_burned_area,measured,f_sensor_break;f_min_fire_size;f_product_level
EUR,Europa,region,2013-W43,burned_area_km2,1110.58,km2,K2,gwis_weekly_burned_area,measured,f_sensor_break;f_min_fire_size;f_product_level
EUR,Europa,region,2013-W44,burned_area_km2,1553.55,km2,K2,gwis_weekly_burned_area,measured,f_sensor_break;f_min_fire_size;f_product_level
EUR,Europa,region,2013-W45,burned_area_km2,649.95,km2,K2,gwis_weekly_burned_area,measured,f_sensor_break;f_min_fire_size;f_product_level
EUR,Europa,region,2013-W46,burned_area_km2,232.62,km2,K2,gwis_weekly_burned_area,measured,f_sensor_break;f_min_fire_size;f_product_level
EUR,Europa,region,2013-W47,burned_area_km2,355.5,km2,K2,gwis_weekly_burned_area,measured,f_sensor_break;f_min_fire_size;f_product_level
EUR,Europa,region,2013-W48,burned_area_km2,139.38,km2,K2,gwis_weekly_burned_area,measured,f_sensor_break;f_min_fire_size;f_product_level
EUR,Europa,region,2013-W49,burned_area_km2,161.38,km2,K2,gwis_weekly_burned_area,measured,f_sensor_break;f_min_fire_size;f_product_level
EUR,Europa,region,2013-W50,burned_area_km2,88.32,km2,K2,gwis_weekly_burned_area,measured,f_sensor_break;f_min_fire_size;f_product_level
EUR,Europa,region,2013-W51,burned_area_km2,78.0,km2,K2,gwis_weekly_burned_area,measured,f_sensor_break;f_min_fire_size;f_product_level
EUR,Europa,region,2013-W52,burned_area_km2,72.14,km2,K2,gwis_weekly_burned_area,measured,f_sensor_break;f_min_fire_size;f_product_level
EUR,Europa,region,2014-W01,burned_area_km2,32.04,km2,K2,gwis_weekly_burned_area,measured,f_sensor_break;f_min_fire_size;f_product_level
EUR,Europa,region,2014-W02,burned_area_km2,93.16,km2,K2,gwis_weekly_burned_area,measured,f_sensor_break;f_min_fire_size;f_product_level
EUR,Europa,region,2014-W03,burned_area_km2,44.8,km2,K2,gwis_weekly_burned_area,measured,f_sensor_break;f_min_fire_size;f_product_level
EUR,Europa,region,2014-W04,burned_area_km2,50.4,km2,K2,gwis_weekly_burned_area,measured,f_sensor_break;f_min_fire_size;f_product_level
EUR,Europa,region,2014-W05,burned_area_km2,52.61,km2,K2,gwis_weekly_burned_area,measured,f_sensor_break;f_min_fire_size;f_product_level
EUR,Europa,region,2014-W06,burned_area_km2,84.68,km2,K2,gwis_weekly_burned_area,measured,f_sensor_break;f_min_fire_size;f_product_level
EUR,Europa,region,2014-W07,burned_area_km2,231.1,km2,K2,gwis_weekly_burned_area,measured,f_sensor_break;f_min_fire_size;f_product_level
EUR,Europa,region,2014-W08,burned_area_km2,793.44,km2,K2,gwis_weekly_burned_area,measured,f_sensor_break;f_min_fire_size;f_product_level
EUR,Europa,region,2014-W09,burned_area_km2,708.74,km2,K2,gwis_weekly_burned_area,measured,f_sensor_break;f_min_fire_size;f_product_level
EUR,Europa,region,2014-W10,burned_area_km2,4466.21,km2,K2,gwis_weekly_burned_area,measured,f_sensor_break;f_min_fire_size;f_product_level
EUR,Europa,region,2014-W11,burned_area_km2,4248.37,km2,K2,gwis_weekly_burned_area,measured,f_sensor_break;f_min_fire_size;f_product_level
EUR,Europa,region,2014-W12,burned_area_km2,7478.68,km2,K2,gwis_weekly_burned_area,measured,f_sensor_break;f_min_fire_size;f_product_level
EUR,Europa,region,2014-W13,burned_area_km2,11563.7,km2,K2,gwis_weekly_burned_area,measured,f_sensor_break;f_min_fire_size;f_product_level
EUR,Europa,region,2014-W14,burned_area_km2,12428.18,km2,K2,gwis_weekly_burned_area,measured,f_sensor_break;f_min_fire_size;f_product_level
EUR,Europa,region,2014-W15,burned_area_km2,14054.9,km2,K2,gwis_weekly_burned_area,measured,f_sensor_break;f_min_fire_size;f_product_level
EUR,Europa,region,2014-W16,burned_area_km2,17979.42,km2,K2,gwis_weekly_burned_area,measured,f_sensor_break;f_min_fire_size;f_product_level
EUR,Europa,region,2014-W17,burned_area_km2,14669.35,km2,K2,gwis_weekly_burned_area,measured,f_sensor_break;f_min_fire_size;f_product_level
EUR,Europa,region,2014-W18,burned_area_km2,15967.65,km2,K2,gwis_weekly_burned_area,measured,f_sensor_break;f_min_fire_size;f_product_level
EUR,Europa,region,2014-W19,burned_area_km2,8714.87,km2,K2,gwis_weekly_burned_area,measured,f_sensor_break;f_min_fire_size;f_product_level
EUR,Europa,region,2014-W20,burned_area_km2,3700.04,km2,K2,gwis_weekly_burned_area,measured,f_sensor_break;f_min_fire_size;f_product_level
EUR,Europa,region,2014-W21,burned_area_km2,813.71,km2,K2,gwis_weekly_burned_area,measured,f_sensor_break;f_min_fire_size;f_product_level
EUR,Europa,region,2014-W22,burned_area_km2,467.31,km2,K2,gwis_weekly_burned_area,measured,f_sensor_break;f_min_fire_size;f_product_level
EUR,Europa,region,2014-W23,burned_area_km2,683.14,km2,K2,gwis_weekly_burned_area,measured,f_sensor_break;f_min_fire_size;f_product_level
EUR,Europa,region,2014-W24,burned_area_km2,703.01,km2,K2,gwis_weekly_burned_area,measured,f_sensor_break;f_min_fire_size;f_product_level
EUR,Europa,region,2014-W25,burned_area_km2,4971.01,km2,K2,gwis_weekly_burned_area,measured,f_sensor_break;f_min_fire_size;f_product_level
EUR,Europa,region,2014-W26,burned_area_km2,2436.47,km2,K2,gwis_weekly_burned_area,measured,f_sensor_break;f_min_fire_size;f_product_level
EUR,Europa,region,2014-W27,burned_area_km2,4273.95,km2,K2,gwis_weekly_burned_area,measured,f_sensor_break;f_min_fire_size;f_product_level
EUR,Europa,region,2014-W28,burned_area_km2,25935.48,km2,K2,gwis_weekly_burned_area,measured,f_sensor_break;f_min_fire_size;f_product_level
EUR,Europa,region,2014-W29,burned_area_km2,7769.14,km2,K2,gwis_weekly_burned_area,measured,f_sensor_break;f_min_fire_size;f_product_level
EUR,Europa,region,2014-W30,burned_area_km2,6692.07,km2,K2,gwis_weekly_burned_area,measured,f_sensor_break;f_min_fire_size;f_product_level
EUR,Europa,region,2014-W31,burned_area_km2,7141.71,km2,K2,gwis_weekly_burned_area,measured,f_sensor_break;f_min_fire_size;f_product_level
EUR,Europa,region,2014-W32,burned_area_km2,4294.15,km2,K2,gwis_weekly_burned_area,measured,f_sensor_break;f_min_fire_size;f_product_level
EUR,Europa,region,2014-W33,burned_area_km2,5334.82,km2,K2,gwis_weekly_burned_area,measured,f_sensor_break;f_min_fire_size;f_product_level
EUR,Europa,region,2014-W34,burned_area_km2,2413.77,km2,K2,gwis_weekly_burned_area,measured,f_sensor_break;f_min_fire_size;f_product_level
EUR,Europa,region,2014-W35,burned_area_km2,3196.13,km2,K2,gwis_weekly_burned_area,measured,f_sensor_break;f_min_fire_size;f_product_level
EUR,Europa,region,2014-W36,burned_area_km2,2747.4,km2,K2,gwis_weekly_burned_area,measured,f_sensor_break;f_min_fire_size;f_product_level
EUR,Europa,region,2014-W37,burned_area_km2,2333.22,km2,K2,gwis_weekly_burned_area,measured,f_sensor_break;f_min_fire_size;f_product_level
EUR,Europa,region,2014-W38,burned_area_km2,4016.5,km2,K2,gwis_weekly_burned_area,measured,f_sensor_break;f_min_fire_size;f_product_level
EUR,Europa,region,2014-W39,burned_area_km2,2741.63,km2,K2,gwis_weekly_burned_area,measured,f_sensor_break;f_min_fire_size;f_product_level
EUR,Europa,region,2014-W40,burned_area_km2,4537.41,km2,K2,gwis_weekly_burned_area,measured,f_sensor_break;f_min_fire_size;f_product_level
EUR,Europa,region,2014-W41,burned_area_km2,6975.03,km2,K2,gwis_weekly_burned_area,measured,f_sensor_break;f_min_fire_size;f_product_level
EUR,Europa,region,2014-W42,burned_area_km2,3432.2,km2,K2,gwis_weekly_burned_area,measured,f_sensor_break;f_min_fire_size;f_product_level
EUR,Europa,region,2014-W43,burned_area_km2,2701.81,km2,K2,gwis_weekly_burned_area,measured,f_sensor_break;f_min_fire_size;f_product_level
EUR,Europa,region,2014-W44,burned_area_km2,1759.86,km2,K2,gwis_weekly_burned_area,measured,f_sensor_break;f_min_fire_size;f_product_level
EUR,Europa,region,2014-W45,burned_area_km2,1212.79,km2,K2,gwis_weekly_burned_area,measured,f_sensor_break;f_min_fire_size;f_product_level
EUR,Europa,region,2014-W46,burned_area_km2,283.28,km2,K2,gwis_weekly_burned_area,measured,f_sensor_break;f_min_fire_size;f_product_level
EUR,Europa,region,2014-W47,burned_area_km2,276.55,km2,K2,gwis_weekly_burned_area,measured,f_sensor_break;f_min_fire_size;f_product_level
EUR,Europa,region,2014-W48,burned_area_km2,70.91,km2,K2,gwis_weekly_burned_area,measured,f_sensor_break;f_min_fire_size;f_product_level
EUR,Europa,region,2014-W49,burned_area_km2,36.69,km2,K2,gwis_weekly_burned_area,measured,f_sensor_break;f_min_fire_size;f_product_level
EUR,Europa,region,2014-W50,burned_area_km2,42.23,km2,K2,gwis_weekly_burned_area,measured,f_sensor_break;f_min_fire_size;f_product_level
EUR,Europa,region,2014-W51,burned_area_km2,26.48,km2,K2,gwis_weekly_burned_area,measured,f_sensor_break;f_min_fire_size;f_product_level
EUR,Europa,region,2014-W52,burned_area_km2,200.88,km2,K2,gwis_weekly_burned_area,measured,f_sensor_break;f_min_fire_size;f_product_level
EUR,Europa,region,2015-W01,burned_area_km2,104.76,km2,K2,gwis_weekly_burned_area,measured,f_sensor_break;f_min_fire_size;f_product_level
EUR,Europa,region,2015-W02,burned_area_km2,91.57,km2,K2,gwis_weekly_burned_area,measured,f_sensor_break;f_min_fire_size;f_product_level
EUR,Europa,region,2015-W03,burned_area_km2,56.5,km2,K2,gwis_weekly_burned_area,measured,f_sensor_break;f_min_fire_size;f_product_level
EUR,Europa,region,2015-W04,burned_area_km2,22.54,km2,K2,gwis_weekly_burned_area,measured,f_sensor_break;f_min_fire_size;f_product_level
EUR,Europa,region,2015-W05,burned_area_km2,182.87,km2,K2,gwis_weekly_burned_area,measured,f_sensor_break;f_min_fire_size;f_product_level
EUR,Europa,region,2015-W06,burned_area_km2,159.2,km2,K2,gwis_weekly_burned_area,measured,f_sensor_break;f_min_fire_size;f_product_level
EUR,Europa,region,2015-W07,burned_area_km2,1047.02,km2,K2,gwis_weekly_burned_area,measured,f_sensor_break;f_min_fire_size;f_product_level
EUR,Europa,region,2015-W08,burned_area_km2,619.55,km2,K2,gwis_weekly_burned_area,measured,f_sensor_break;f_min_fire_size;f_product_level
EUR,Europa,region,2015-W09,burned_area_km2,243.2,km2,K2,gwis_weekly_burned_area,measured,f_sensor_break;f_min_fire_size;f_product_level
EUR,Europa,region,2015-W10,burned_area_km2,2979.6,km2,K2,gwis_weekly_burned_area,measured,f_sensor_break;f_min_fire_size;f_product_level
EUR,Europa,region,2015-W11,burned_area_km2,4038.45,km2,K2,gwis_weekly_burned_area,measured,f_sensor_break;f_min_fire_size;f_product_level
EUR,Europa,region,2015-W12,burned_area_km2,5589.68,km2,K2,gwis_weekly_burned_area,measured,f_sensor_break;f_min_fire_size;f_product_level
EUR,Europa,region,2015-W13,burned_area_km2,6540.59,km2,K2,gwis_weekly_burned_area,measured,f_sensor_break;f_min_fire_size;f_product_level
EUR,Europa,region,2015-W14,burned_area_km2,3561.59,km2,K2,gwis_weekly_burned_area,measured,f_sensor_break;f_min_fire_size;f_product_level
EUR,Europa,region,2015-W15,burned_area_km2,18499.22,km2,K2,gwis_weekly_burned_area,measured,f_sensor_break;f_min_fire_size;f_product_level
EUR,Europa,region,2015-W16,burned_area_km2,2874.8,km2,K2,gwis_weekly_burned_area,measured,f_sensor_break;f_min_fire_size;f_product_level
EUR,Europa,region,2015-W17,burned_area_km2,7319.1,km2,K2,gwis_weekly_burned_area,measured,f_sensor_break;f_min_fire_size;f_product_level
EUR,Europa,region,2015-W18,burned_area_km2,5313.83,km2,K2,gwis_weekly_burned_area,measured,f_sensor_break;f_min_fire_size;f_product_level
EUR,Europa,region,2015-W19,burned_area_km2,8089.23,km2,K2,gwis_weekly_burned_area,measured,f_sensor_break;f_min_fire_size;f_product_level
EUR,Europa,region,2015-W20,burned_area_km2,5991.51,km2,K2,gwis_weekly_burned_area,measured,f_sensor_break;f_min_fire_size;f_product_level
EUR,Europa,region,2015-W21,burned_area_km2,2626.72,km2,K2,gwis_weekly_burned_area,measured,f_sensor_break;f_min_fire_size;f_product_level
EUR,Europa,region,2015-W22,burned_area_km2,629.69,km2,K2,gwis_weekly_burned_area,measured,f_sensor_break;f_min_fire_size;f_product_level
EUR,Europa,region,2015-W23,burned_area_km2,658.69,km2,K2,gwis_weekly_burned_area,measured,f_sensor_break;f_min_fire_size;f_product_level
EUR,Europa,region,2015-W24,burned_area_km2,2817.4,km2,K2,gwis_weekly_burned_area,measured,f_sensor_break;f_min_fire_size;f_product_level
EUR,Europa,region,2015-W25,burned_area_km2,1999.66,km2,K2,gwis_weekly_burned_area,measured,f_sensor_break;f_min_fire_size;f_product_level
EUR,Europa,region,2015-W26,burned_area_km2,1958.41,km2,K2,gwis_weekly_burned_area,measured,f_sensor_break;f_min_fire_size;f_product_level
EUR,Europa,region,2015-W27,burned_area_km2,5393.7,km2,K2,gwis_weekly_burned_area,measured,f_sensor_break;f_min_fire_size;f_product_level
EUR,Europa,region,2015-W28,burned_area_km2,8574.79,km2,K2,gwis_weekly_burned_area,measured,f_sensor_break;f_min_fire_size;f_product_level
EUR,Europa,region,2015-W29,burned_area_km2,9548.69,km2,K2,gwis_weekly_burned_area,measured,f_sensor_break;f_min_fire_size;f_product_level
EUR,Europa,region,2015-W30,burned_area_km2,6127.56,km2,K2,gwis_weekly_burned_area,measured,f_sensor_break;f_min_fire_size;f_product_level
EUR,Europa,region,2015-W31,burned_area_km2,5588.91,km2,K2,gwis_weekly_burned_area,measured,f_sensor_break;f_min_fire_size;f_product_level
EUR,Europa,region,2015-W32,burned_area_km2,6704.4,km2,K2,gwis_weekly_burned_area,measured,f_sensor_break;f_min_fire_size;f_product_level
EUR,Europa,region,2015-W33,burned_area_km2,7150.12,km2,K2,gwis_weekly_burned_area,measured,f_sensor_break;f_min_fire_size;f_product_level
EUR,Europa,region,2015-W34,burned_area_km2,7034.5,km2,K2,gwis_weekly_burned_area,measured,f_sensor_break;f_min_fire_size;f_product_level
EUR,Europa,region,2015-W35,burned_area_km2,3904.83,km2,K2,gwis_weekly_burned_area,measured,f_sensor_break;f_min_fire_size;f_product_level
EUR,Europa,region,2015-W36,burned_area_km2,2356.8,km2,K2,gwis_weekly_burned_area,measured,f_sensor_break;f_min_fire_size;f_product_level
EUR,Europa,region,2015-W37,burned_area_km2,1394.99,km2,K2,gwis_weekly_burned_area,measured,f_sensor_break;f_min_fire_size;f_product_level
EUR,Europa,region,2015-W38,burned_area_km2,3116.87,km2,K2,gwis_weekly_burned_area,measured,f_sensor_break;f_min_fire_size;f_product_level
EUR,Europa,region,2015-W39,burned_area_km2,4182.7,km2,K2,gwis_weekly_burned_area,measured,f_sensor_break;f_min_fire_size;f_product_level
EUR,Europa,region,2015-W40,burned_area_km2,3367.72,km2,K2,gwis_weekly_burned_area,measured,f_sensor_break;f_min_fire_size;f_product_level
EUR,Europa,region,2015-W41,burned_area_km2,3173.6,km2,K2,gwis_weekly_burned_area,measured,f_sensor_break;f_min_fire_size;f_product_level
EUR,Europa,region,2015-W42,burned_area_km2,3590.91,km2,K2,gwis_weekly_burned_area,measured,f_sensor_break;f_min_fire_size;f_product_level
EUR,Europa,region,2015-W43,burned_area_km2,3142.42,km2,K2,gwis_weekly_burned_area,measured,f_sensor_break;f_min_fire_size;f_product_level
EUR,Europa,region,2015-W44,burned_area_km2,1778.74,km2,K2,gwis_weekly_burned_area,measured,f_sensor_break;f_min_fire_size;f_product_level
EUR,Europa,region,2015-W45,burned_area_km2,1439.35,km2,K2,gwis_weekly_burned_area,measured,f_sensor_break;f_min_fire_size;f_product_level
EUR,Europa,region,2015-W46,burned_area_km2,501.97,km2,K2,gwis_weekly_burned_area,measured,f_sensor_break;f_min_fire_size;f_product_level
EUR,Europa,region,2015-W47,burned_area_km2,474.89,km2,K2,gwis_weekly_burned_area,measured,f_sensor_break;f_min_fire_size;f_product_level
EUR,Europa,region,2015-W48,burned_area_km2,139.6,km2,K2,gwis_weekly_burned_area,measured,f_sensor_break;f_min_fire_size;f_product_level
EUR,Europa,region,2015-W49,burned_area_km2,84.16,km2,K2,gwis_weekly_burned_area,measured,f_sensor_break;f_min_fire_size;f_product_level
EUR,Europa,region,2015-W50,burned_area_km2,96.04,km2,K2,gwis_weekly_burned_area,measured,f_sensor_break;f_min_fire_size;f_product_level
EUR,Europa,region,2015-W51,burned_area_km2,282.48,km2,K2,gwis_weekly_burned_area,measured,f_sensor_break;f_min_fire_size;f_product_level
EUR,Europa,region,2015-W52,burned_area_km2,345.07,km2,K2,gwis_weekly_burned_area,measured,f_sensor_break;f_min_fire_size;f_product_level
EUR,Europa,region,2016-W01,burned_area_km2,66.99,km2,K2,gwis_weekly_burned_area,measured,f_sensor_break;f_min_fire_size;f_product_level
EUR,Europa,region,2016-W02,burned_area_km2,44.59,km2,K2,gwis_weekly_burned_area,measured,f_sensor_break;f_min_fire_size;f_product_level
EUR,Europa,region,2016-W03,burned_area_km2,27.74,km2,K2,gwis_weekly_burned_area,measured,f_sensor_break;f_min_fire_size;f_product_level
EUR,Europa,region,2016-W04,burned_area_km2,79.37,km2,K2,gwis_weekly_burned_area,measured,f_sensor_break;f_min_fire_size;f_product_level
EUR,Europa,region,2016-W05,burned_area_km2,53.36,km2,K2,gwis_weekly_burned_area,measured,f_sensor_break;f_min_fire_size;f_product_level
EUR,Europa,region,2016-W06,burned_area_km2,101.85,km2,K2,gwis_weekly_burned_area,measured,f_sensor_break;f_min_fire_size;f_product_level
EUR,Europa,region,2016-W07,burned_area_km2,95.05,km2,K2,gwis_weekly_burned_area,measured,f_sensor_break;f_min_fire_size;f_product_level
EUR,Europa,region,2016-W08,burned_area_km2,139.8,km2,K2,gwis_weekly_burned_area,measured,f_sensor_break;f_min_fire_size;f_product_level
EUR,Europa,region,2016-W09,burned_area_km2,249.22,km2,K2,gwis_weekly_burned_area,measured,f_sensor_break;f_min_fire_size;f_product_level
EUR,Europa,region,2016-W10,burned_area_km2,303.45,km2,K2,gwis_weekly_burned_area,measured,f_sensor_break;f_min_fire_size;f_product_level
EUR,Europa,region,2016-W11,burned_area_km2,261.68,km2,K2,gwis_weekly_burned_area,measured,f_sensor_break;f_min_fire_size;f_product_level
EUR,Europa,region,2016-W12,burned_area_km2,1114.16,km2,K2,gwis_weekly_burned_area,measured,f_sensor_break;f_min_fire_size;f_product_level
EUR,Europa,region,2016-W13,burned_area_km2,2004.43,km2,K2,gwis_weekly_burned_area,measured,f_sensor_break;f_min_fire_size;f_product_level
EUR,Europa,region,2016-W14,burned_area_km2,2611.26,km2,K2,gwis_weekly_burned_area,measured,f_sensor_break;f_min_fire_size;f_product_level
EUR,Europa,region,2016-W15,burned_area_km2,4492.75,km2,K2,gwis_weekly_burned_area,measured,f_sensor_break;f_min_fire_size;f_product_level
EUR,Europa,region,2016-W16,burned_area_km2,5006.66,km2,K2,gwis_weekly_burned_area,measured,f_sensor_break;f_min_fire_size;f_product_level
EUR,Europa,region,2016-W17,burned_area_km2,4516.11,km2,K2,gwis_weekly_burned_area,measured,f_sensor_break;f_min_fire_size;f_product_level
EUR,Europa,region,2016-W18,burned_area_km2,6010.86,km2,K2,gwis_weekly_burned_area,measured,f_sensor_break;f_min_fire_size;f_product_level
EUR,Europa,region,2016-W19,burned_area_km2,16688.73,km2,K2,gwis_weekly_burned_area,measured,f_sensor_break;f_min_fire_size;f_product_level
EUR,Europa,region,2016-W20,burned_area_km2,6933.72,km2,K2,gwis_weekly_burned_area,measured,f_sensor_break;f_min_fire_size;f_product_level
EUR,Europa,region,2016-W21,burned_area_km2,7555.4,km2,K2,gwis_weekly_burned_area,measured,f_sensor_break;f_min_fire_size;f_product_level
EUR,Europa,region,2016-W22,burned_area_km2,3865.89,km2,K2,gwis_weekly_burned_area,measured,f_sensor_break;f_min_fire_size;f_product_level
EUR,Europa,region,2016-W23,burned_area_km2,2088.83,km2,K2,gwis_weekly_burned_area,measured,f_sensor_break;f_min_fire_size;f_product_level
EUR,Europa,region,2016-W24,burned_area_km2,4099.0,km2,K2,gwis_weekly_burned_area,measured,f_sensor_break;f_min_fire_size;f_product_level
EUR,Europa,region,2016-W25,burned_area_km2,4092.93,km2,K2,gwis_weekly_burned_area,measured,f_sensor_break;f_min_fire_size;f_product_level
EUR,Europa,region,2016-W26,burned_area_km2,7424.64,km2,K2,gwis_weekly_burned_area,measured,f_sensor_break;f_min_fire_size;f_product_level
EUR,Europa,region,2016-W27,burned_area_km2,9184.65,km2,K2,gwis_weekly_burned_area,measured,f_sensor_break;f_min_fire_size;f_product_level
EUR,Europa,region,2016-W28,burned_area_km2,12124.13,km2,K2,gwis_weekly_burned_area,measured,f_sensor_break;f_min_fire_size;f_product_level
EUR,Europa,region,2016-W29,burned_area_km2,12455.44,km2,K2,gwis_weekly_burned_area,measured,f_sensor_break;f_min_fire_size;f_product_level
EUR,Europa,region,2016-W30,burned_area_km2,5314.95,km2,K2,gwis_weekly_burned_area,measured,f_sensor_break;f_min_fire_size;f_product_level
EUR,Europa,region,2016-W31,burned_area_km2,5858.45,km2,K2,gwis_weekly_burned_area,measured,f_sensor_break;f_min_fire_size;f_product_level
EUR,Europa,region,2016-W32,burned_area_km2,6488.25,km2,K2,gwis_weekly_burned_area,measured,f_sensor_break;f_min_fire_size;f_product_level
EUR,Europa,region,2016-W33,burned_area_km2,3647.99,km2,K2,gwis_weekly_burned_area,measured,f_sensor_break;f_min_fire_size;f_product_level
EUR,Europa,region,2016-W34,burned_area_km2,2636.62,km2,K2,gwis_weekly_burned_area,measured,f_sensor_break;f_min_fire_size;f_product_level
EUR,Europa,region,2016-W35,burned_area_km2,2386.38,km2,K2,gwis_weekly_burned_area,measured,f_sensor_break;f_min_fire_size;f_product_level
EUR,Europa,region,2016-W36,burned_area_km2,8225.75,km2,K2,gwis_weekly_burned_area,measured,f_sensor_break;f_min_fire_size;f_product_level
EUR,Europa,region,2016-W37,burned_area_km2,8432.49,km2,K2,gwis_weekly_burned_area,measured,f_sensor_break;f_min_fire_size;f_product_level
EUR,Europa,region,2016-W38,burned_area_km2,3620.66,km2,K2,gwis_weekly_burned_area,measured,f_sensor_break;f_min_fire_size;f_product_level
EUR,Europa,region,2016-W39,burned_area_km2,2348.06,km2,K2,gwis_weekly_burned_area,measured,f_sensor_break;f_min_fire_size;f_product_level
EUR,Europa,region,2016-W40,burned_area_km2,1382.91,km2,K2,gwis_weekly_burned_area,measured,f_sensor_break;f_min_fire_size;f_product_level
EUR,Europa,region,2016-W41,burned_area_km2,786.09,km2,K2,gwis_weekly_burned_area,measured,f_sensor_break;f_min_fire_size;f_product_level
EUR,Europa,region,2016-W42,burned_area_km2,506.23,km2,K2,gwis_weekly_burned_area,measured,f_sensor_break;f_min_fire_size;f_product_level
EUR,Europa,region,2016-W43,burned_area_km2,5241.57,km2,K2,gwis_weekly_burned_area,measured,f_sensor_break;f_min_fire_size;f_product_level
EUR,Europa,region,2016-W44,burned_area_km2,3734.13,km2,K2,gwis_weekly_burned_area,measured,f_sensor_break;f_min_fire_size;f_product_level
EUR,Europa,region,2016-W45,burned_area_km2,797.01,km2,K2,gwis_weekly_burned_area,measured,f_sensor_break;f_min_fire_size;f_product_level
EUR,Europa,region,2016-W46,burned_area_km2,179.78,km2,K2,gwis_weekly_burned_area,measured,f_sensor_break;f_min_fire_size;f_product_level
EUR,Europa,region,2016-W47,burned_area_km2,146.31,km2,K2,gwis_weekly_burned_area,measured,f_sensor_break;f_min_fire_size;f_product_level
EUR,Europa,region,2016-W48,burned_area_km2,91.02,km2,K2,gwis_weekly_burned_area,measured,f_sensor_break;f_min_fire_size;f_product_level
EUR,Europa,region,2016-W49,burned_area_km2,117.08,km2,K2,gwis_weekly_burned_area,measured,f_sensor_break;f_min_fire_size;f_product_level
EUR,Europa,region,2016-W50,burned_area_km2,250.03,km2,K2,gwis_weekly_burned_area,measured,f_sensor_break;f_min_fire_size;f_product_level
EUR,Europa,region,2016-W51,burned_area_km2,253.54,km2,K2,gwis_weekly_burned_area,measured,f_sensor_break;f_min_fire_size;f_product_level
EUR,Europa,region,2016-W52,burned_area_km2,224.9,km2,K2,gwis_weekly_burned_area,measured,f_sensor_break;f_min_fire_size;f_product_level
EUR,Europa,region,2017-W01,burned_area_km2,186.8,km2,K2,gwis_weekly_burned_area,measured,f_sensor_break;f_min_fire_size;f_product_level
EUR,Europa,region,2017-W02,burned_area_km2,70.43,km2,K2,gwis_weekly_burned_area,measured,f_sensor_break;f_min_fire_size;f_product_level
EUR,Europa,region,2017-W03,burned_area_km2,126.7,km2,K2,gwis_weekly_burned_area,measured,f_sensor_break;f_min_fire_size;f_product_level
EUR,Europa,region,2017-W04,burned_area_km2,98.29,km2,K2,gwis_weekly_burned_area,measured,f_sensor_break;f_min_fire_size;f_product_level
EUR,Europa,region,2017-W05,burned_area_km2,68.39,km2,K2,gwis_weekly_burned_area,measured,f_sensor_break;f_min_fire_size;f_product_level
EUR,Europa,region,2017-W06,burned_area_km2,65.92,km2,K2,gwis_weekly_burned_area,measured,f_sensor_break;f_min_fire_size;f_product_level
EUR,Europa,region,2017-W07,burned_area_km2,286.7,km2,K2,gwis_weekly_burned_area,measured,f_sensor_break;f_min_fire_size;f_product_level
EUR,Europa,region,2017-W08,burned_area_km2,388.72,km2,K2,gwis_weekly_burned_area,measured,f_sensor_break;f_min_fire_size;f_product_level
EUR,Europa,region,2017-W09,burned_area_km2,1025.99,km2,K2,gwis_weekly_burned_area,measured,f_sensor_break;f_min_fire_size;f_product_level
EUR,Europa,region,2017-W10,burned_area_km2,3190.35,km2,K2,gwis_weekly_burned_area,measured,f_sensor_break;f_min_fire_size;f_product_level
EUR,Europa,region,2017-W11,burned_area_km2,1908.65,km2,K2,gwis_weekly_burned_area,measured,f_sensor_break;f_min_fire_size;f_product_level
EUR,Europa,region,2017-W12,burned_area_km2,2366.43,km2,K2,gwis_weekly_burned_area,measured,f_sensor_break;f_min_fire_size;f_product_level
EUR,Europa,region,2017-W13,burned_area_km2,6108.08,km2,K2,gwis_weekly_burned_area,measured,f_sensor_break;f_min_fire_size;f_product_level
EUR,Europa,region,2017-W14,burned_area_km2,5347.53,km2,K2,gwis_weekly_burned_area,measured,f_sensor_break;f_min_fire_size;f_product_level
EUR,Europa,region,2017-W15,burned_area_km2,6026.63,km2,K2,gwis_weekly_burned_area,measured,f_sensor_break;f_min_fire_size;f_product_level
EUR,Europa,region,2017-W16,burned_area_km2,4946.78,km2,K2,gwis_weekly_burned_area,measured,f_sensor_break;f_min_fire_size;f_product_level
EUR,Europa,region,2017-W17,burned_area_km2,12988.68,km2,K2,gwis_weekly_burned_area,measured,f_sensor_break;f_min_fire_size;f_product_level
EUR,Europa,region,2017-W18,burned_area_km2,4771.75,km2,K2,gwis_weekly_burned_area,measured,f_sensor_break;f_min_fire_size;f_product_level
EUR,Europa,region,2017-W19,burned_area_km2,1552.96,km2,K2,gwis_weekly_burned_area,measured,f_sensor_break;f_min_fire_size;f_product_level
EUR,Europa,region,2017-W20,burned_area_km2,913.04,km2,K2,gwis_weekly_burned_area,measured,f_sensor_break;f_min_fire_size;f_product_level
EUR,Europa,region,2017-W21,burned_area_km2,2270.87,km2,K2,gwis_weekly_burned_area,measured,f_sensor_break;f_min_fire_size;f_product_level
EUR,Europa,region,2017-W22,burned_area_km2,905.86,km2,K2,gwis_weekly_burned_area,measured,f_sensor_break;f_min_fire_size;f_product_level
EUR,Europa,region,2017-W23,burned_area_km2,1406.8,km2,K2,gwis_weekly_burned_area,measured,f_sensor_break;f_min_fire_size;f_product_level
EUR,Europa,region,2017-W24,burned_area_km2,2612.16,km2,K2,gwis_weekly_burned_area,measured,f_sensor_break;f_min_fire_size;f_product_level
EUR,Europa,region,2017-W25,burned_area_km2,6155.35,km2,K2,gwis_weekly_burned_area,measured,f_sensor_break;f_min_fire_size;f_product_level
EUR,Europa,region,2017-W26,burned_area_km2,7764.63,km2,K2,gwis_weekly_burned_area,measured,f_sensor_break;f_min_fire_size;f_product_level
EUR,Europa,region,2017-W27,burned_area_km2,4875.74,km2,K2,gwis_weekly_burned_area,measured,f_sensor_break;f_min_fire_size;f_product_level
EUR,Europa,region,2017-W28,burned_area_km2,4230.41,km2,K2,gwis_weekly_burned_area,measured,f_sensor_break;f_min_fire_size;f_product_level
EUR,Europa,region,2017-W29,burned_area_km2,5746.92,km2,K2,gwis_weekly_burned_area,measured,f_sensor_break;f_min_fire_size;f_product_level
EUR,Europa,region,2017-W30,burned_area_km2,7165.87,km2,K2,gwis_weekly_burned_area,measured,f_sensor_break;f_min_fire_size;f_product_level
EUR,Europa,region,2017-W31,burned_area_km2,12453.18,km2,K2,gwis_weekly_burned_area,measured,f_sensor_break;f_min_fire_size;f_product_level
EUR,Europa,region,2017-W32,burned_area_km2,7858.94,km2,K2,gwis_weekly_burned_area,measured,f_sensor_break;f_min_fire_size;f_product_level
EUR,Europa,region,2017-W33,burned_area_km2,7102.66,km2,K2,gwis_weekly_burned_area,measured,f_sensor_break;f_min_fire_size;f_product_level
EUR,Europa,region,2017-W34,burned_area_km2,4249.75,km2,K2,gwis_weekly_burned_area,measured,f_sensor_break;f_min_fire_size;f_product_level
EUR,Europa,region,2017-W35,burned_area_km2,2077.55,km2,K2,gwis_weekly_burned_area,measured,f_sensor_break;f_min_fire_size;f_product_level
EUR,Europa,region,2017-W36,burned_area_km2,1052.69,km2,K2,gwis_weekly_burned_area,measured,f_sensor_break;f_min_fire_size;f_product_level
EUR,Europa,region,2017-W37,burned_area_km2,2099.87,km2,K2,gwis_weekly_burned_area,measured,f_sensor_break;f_min_fire_size;f_product_level
EUR,Europa,region,2017-W38,burned_area_km2,3106.52,km2,K2,gwis_weekly_burned_area,measured,f_sensor_break;f_min_fire_size;f_product_level
EUR,Europa,region,2017-W39,burned_area_km2,2063.63,km2,K2,gwis_weekly_burned_area,measured,f_sensor_break;f_min_fire_size;f_product_level
EUR,Europa,region,2017-W40,burned_area_km2,2470.34,km2,K2,gwis_weekly_burned_area,measured,f_sensor_break;f_min_fire_size;f_product_level
EUR,Europa,region,2017-W41,burned_area_km2,2322.92,km2,K2,gwis_weekly_burned_area,measured,f_sensor_break;f_min_fire_size;f_product_level
EUR,Europa,region,2017-W42,burned_area_km2,2939.76,km2,K2,gwis_weekly_burned_area,measured,f_sensor_break;f_min_fire_size;f_product_level
EUR,Europa,region,2017-W43,burned_area_km2,2668.06,km2,K2,gwis_weekly_burned_area,measured,f_sensor_break;f_min_fire_size;f_product_level
EUR,Europa,region,2017-W44,burned_area_km2,1221.86,km2,K2,gwis_weekly_burned_area,measured,f_sensor_break;f_min_fire_size;f_product_level
EUR,Europa,region,2017-W45,burned_area_km2,596.91,km2,K2,gwis_weekly_burned_area,measured,f_sensor_break;f_min_fire_size;f_product_level
EUR,Europa,region,2017-W46,burned_area_km2,291.17,km2,K2,gwis_weekly_burned_area,measured,f_sensor_break;f_min_fire_size;f_product_level
EUR,Europa,region,2017-W47,burned_area_km2,198.12,km2,K2,gwis_weekly_burned_area,measured,f_sensor_break;f_min_fire_size;f_product_level
EUR,Europa,region,2017-W48,burned_area_km2,37.82,km2,K2,gwis_weekly_burned_area,measured,f_sensor_break;f_min_fire_size;f_product_level
EUR,Europa,region,2017-W49,burned_area_km2,79.64,km2,K2,gwis_weekly_burned_area,measured,f_sensor_break;f_min_fire_size;f_product_level
EUR,Europa,region,2017-W50,burned_area_km2,77.32,km2,K2,gwis_weekly_burned_area,measured,f_sensor_break;f_min_fire_size;f_product_level
EUR,Europa,region,2017-W51,burned_area_km2,41.42,km2,K2,gwis_weekly_burned_area,measured,f_sensor_break;f_min_fire_size;f_product_level
EUR,Europa,region,2017-W52,burned_area_km2,48.5,km2,K2,gwis_weekly_burned_area,measured,f_sensor_break;f_min_fire_size;f_product_level
EUR,Europa,region,2018-W01,burned_area_km2,60.84,km2,K2,gwis_weekly_burned_area,measured,f_sensor_break;f_min_fire_size;f_product_level
EUR,Europa,region,2018-W02,burned_area_km2,22.3,km2,K2,gwis_weekly_burned_area,measured,f_sensor_break;f_min_fire_size;f_product_level
EUR,Europa,region,2018-W03,burned_area_km2,39.01,km2,K2,gwis_weekly_burned_area,measured,f_sensor_break;f_min_fire_size;f_product_level
EUR,Europa,region,2018-W04,burned_area_km2,48.62,km2,K2,gwis_weekly_burned_area,measured,f_sensor_break;f_min_fire_size;f_product_level
EUR,Europa,region,2018-W05,burned_area_km2,20.47,km2,K2,gwis_weekly_burned_area,measured,f_sensor_break;f_min_fire_size;f_product_level
EUR,Europa,region,2018-W06,burned_area_km2,0.0,km2,K2,gwis_weekly_burned_area,measured,f_sensor_break;f_min_fire_size;f_product_level;f_zero_no_detection
EUR,Europa,region,2018-W07,burned_area_km2,2.36,km2,K2,gwis_weekly_burned_area,measured,f_sensor_break;f_min_fire_size;f_product_level
EUR,Europa,region,2018-W08,burned_area_km2,27.19,km2,K2,gwis_weekly_burned_area,measured,f_sensor_break;f_min_fire_size;f_product_level
EUR,Europa,region,2018-W09,burned_area_km2,6.02,km2,K2,gwis_weekly_burned_area,measured,f_sensor_break;f_min_fire_size;f_product_level
EUR,Europa,region,2018-W10,burned_area_km2,146.88,km2,K2,gwis_weekly_burned_area,measured,f_sensor_break;f_min_fire_size;f_product_level
EUR,Europa,region,2018-W11,burned_area_km2,327.1,km2,K2,gwis_weekly_burned_area,measured,f_sensor_break;f_min_fire_size;f_product_level
EUR,Europa,region,2018-W12,burned_area_km2,2032.43,km2,K2,gwis_weekly_burned_area,measured,f_sensor_break;f_min_fire_size;f_product_level
EUR,Europa,region,2018-W13,burned_area_km2,6270.1,km2,K2,gwis_weekly_burned_area,measured,f_sensor_break;f_min_fire_size;f_product_level
EUR,Europa,region,2018-W14,burned_area_km2,8535.56,km2,K2,gwis_weekly_burned_area,measured,f_sensor_break;f_min_fire_size;f_product_level
EUR,Europa,region,2018-W15,burned_area_km2,8817.25,km2,K2,gwis_weekly_burned_area,measured,f_sensor_break;f_min_fire_size;f_product_level
EUR,Europa,region,2018-W16,burned_area_km2,12688.56,km2,K2,gwis_weekly_burned_area,measured,f_sensor_break;f_min_fire_size;f_product_level
EUR,Europa,region,2018-W17,burned_area_km2,15503.17,km2,K2,gwis_weekly_burned_area,measured,f_sensor_break;f_min_fire_size;f_product_level
EUR,Europa,region,2018-W18,burned_area_km2,8175.0,km2,K2,gwis_weekly_burned_area,measured,f_sensor_break;f_min_fire_size;f_product_level
EUR,Europa,region,2018-W19,burned_area_km2,5398.94,km2,K2,gwis_weekly_burned_area,measured,f_sensor_break;f_min_fire_size;f_product_level
EUR,Europa,region,2018-W20,burned_area_km2,3527.95,km2,K2,gwis_weekly_burned_area,measured,f_sensor_break;f_min_fire_size;f_product_level
EUR,Europa,region,2018-W21,burned_area_km2,2291.95,km2,K2,gwis_weekly_burned_area,measured,f_sensor_break;f_min_fire_size;f_product_level
EUR,Europa,region,2018-W22,burned_area_km2,5422.24,km2,K2,gwis_weekly_burned_area,measured,f_sensor_break;f_min_fire_size;f_product_level
EUR,Europa,region,2018-W23,burned_area_km2,1453.42,km2,K2,gwis_weekly_burned_area,measured,f_sensor_break;f_min_fire_size;f_product_level
EUR,Europa,region,2018-W24,burned_area_km2,1505.38,km2,K2,gwis_weekly_burned_area,measured,f_sensor_break;f_min_fire_size;f_product_level
EUR,Europa,region,2018-W25,burned_area_km2,5198.14,km2,K2,gwis_weekly_burned_area,measured,f_sensor_break;f_min_fire_size;f_product_level
EUR,Europa,region,2018-W26,burned_area_km2,7867.3,km2,K2,gwis_weekly_burned_area,measured,f_sensor_break;f_min_fire_size;f_product_level
EUR,Europa,region,2018-W27,burned_area_km2,5472.86,km2,K2,gwis_weekly_burned_area,measured,f_sensor_break;f_min_fire_size;f_product_level
EUR,Europa,region,2018-W28,burned_area_km2,9643.51,km2,K2,gwis_weekly_burned_area,measured,f_sensor_break;f_min_fire_size;f_product_level
EUR,Europa,region,2018-W29,burned_area_km2,5403.98,km2,K2,gwis_weekly_burned_area,measured,f_sensor_break;f_min_fire_size;f_product_level
EUR,Europa,region,2018-W30,burned_area_km2,4898.96,km2,K2,gwis_weekly_burned_area,measured,f_sensor_break;f_min_fire_size;f_product_level
EUR,Europa,region,2018-W31,burned_area_km2,4106.33,km2,K2,gwis_weekly_burned_area,measured,f_sensor_break;f_min_fire_size;f_product_level
EUR,Europa,region,2018-W32,burned_area_km2,6537.49,km2,K2,gwis_weekly_burned_area,measured,f_sensor_break;f_min_fire_size;f_product_level
EUR,Europa,region,2018-W33,burned_area_km2,2610.45,km2,K2,gwis_weekly_burned_area,measured,f_sensor_break;f_min_fire_size;f_product_level
EUR,Europa,region,2018-W34,burned_area_km2,1691.91,km2,K2,gwis_weekly_burned_area,measured,f_sensor_break;f_min_fire_size;f_product_level
EUR,Europa,region,2018-W35,burned_area_km2,1611.92,km2,K2,gwis_weekly_burned_area,measured,f_sensor_break;f_min_fire_size;f_product_level
EUR,Europa,region,2018-W36,burned_area_km2,1141.86,km2,K2,gwis_weekly_burned_area,measured,f_sensor_break;f_min_fire_size;f_product_level
EUR,Europa,region,2018-W37,burned_area_km2,895.45,km2,K2,gwis_weekly_burned_area,measured,f_sensor_break;f_min_fire_size;f_product_level
EUR,Europa,region,2018-W38,burned_area_km2,1915.67,km2,K2,gwis_weekly_burned_area,measured,f_sensor_break;f_min_fire_size;f_product_level
EUR,Europa,region,2018-W39,burned_area_km2,2077.46,km2,K2,gwis_weekly_burned_area,measured,f_sensor_break;f_min_fire_size;f_product_level
EUR,Europa,region,2018-W40,burned_area_km2,3468.22,km2,K2,gwis_weekly_burned_area,measured,f_sensor_break;f_min_fire_size;f_product_level
EUR,Europa,region,2018-W41,burned_area_km2,4866.78,km2,K2,gwis_weekly_burned_area,measured,f_sensor_break;f_min_fire_size;f_product_level
EUR,Europa,region,2018-W42,burned_area_km2,4909.21,km2,K2,gwis_weekly_burned_area,measured,f_sensor_break;f_min_fire_size;f_product_level
EUR,Europa,region,2018-W43,burned_area_km2,1566.51,km2,K2,gwis_weekly_burned_area,measured,f_sensor_break;f_min_fire_size;f_product_level
EUR,Europa,region,2018-W44,burned_area_km2,906.86,km2,K2,gwis_weekly_burned_area,measured,f_sensor_break;f_min_fire_size;f_product_level
EUR,Europa,region,2018-W45,burned_area_km2,152.2,km2,K2,gwis_weekly_burned_area,measured,f_sensor_break;f_min_fire_size;f_product_level
EUR,Europa,region,2018-W46,burned_area_km2,0.0,km2,K2,gwis_weekly_burned_area,measured,f_sensor_break;f_min_fire_size;f_product_level;f_zero_no_detection
EUR,Europa,region,2018-W47,burned_area_km2,0.0,km2,K2,gwis_weekly_burned_area,measured,f_sensor_break;f_min_fire_size;f_product_level;f_zero_no_detection
EUR,Europa,region,2018-W48,burned_area_km2,0.0,km2,K2,gwis_weekly_burned_area,measured,f_sensor_break;f_min_fire_size;f_product_level;f_zero_no_detection
EUR,Europa,region,2018-W49,burned_area_km2,0.0,km2,K2,gwis_weekly_burned_area,measured,f_sensor_break;f_min_fire_size;f_product_level;f_zero_no_detection
EUR,Europa,region,2018-W50,burned_area_km2,64.58,km2,K2,gwis_weekly_burned_area,measured,f_sensor_break;f_min_fire_size;f_product_level
EUR,Europa,region,2018-W51,burned_area_km2,158.69,km2,K2,gwis_weekly_burned_area,measured,f_sensor_break;f_min_fire_size;f_product_level
EUR,Europa,region,2018-W52,burned_area_km2,173.71,km2,K2,gwis_weekly_burned_area,measured,f_sensor_break;f_min_fire_size;f_product_level
EUR,Europa,region,2019-W01,burned_area_km2,273.37,km2,K2,gwis_weekly_burned_area,measured,f_sensor_break;f_min_fire_size;f_product_level
EUR,Europa,region,2019-W02,burned_area_km2,192.03,km2,K2,gwis_weekly_burned_area,measured,f_sensor_break;f_min_fire_size;f_product_level
EUR,Europa,region,2019-W03,burned_area_km2,168.36,km2,K2,gwis_weekly_burned_area,measured,f_sensor_break;f_min_fire_size;f_product_level
EUR,Europa,region,2019-W04,burned_area_km2,202.16,km2,K2,gwis_weekly_burned_area,measured,f_sensor_break;f_min_fire_size;f_product_level
EUR,Europa,region,2019-W05,burned_area_km2,258.35,km2,K2,gwis_weekly_burned_area,measured,f_sensor_break;f_min_fire_size;f_product_level
EUR,Europa,region,2019-W06,burned_area_km2,289.94,km2,K2,gwis_weekly_burned_area,measured,f_sensor_break;f_min_fire_size;f_product_level
EUR,Europa,region,2019-W07,burned_area_km2,1194.71,km2,K2,gwis_weekly_burned_area,measured,f_sensor_break;f_min_fire_size;f_product_level
EUR,Europa,region,2019-W08,burned_area_km2,3592.3,km2,K2,gwis_weekly_burned_area,measured,f_sensor_break;f_min_fire_size;f_product_level
EUR,Europa,region,2019-W09,burned_area_km2,3474.72,km2,K2,gwis_weekly_burned_area,measured,f_sensor_break;f_min_fire_size;f_product_level
EUR,Europa,region,2019-W10,burned_area_km2,3219.77,km2,K2,gwis_weekly_burned_area,measured,f_sensor_break;f_min_fire_size;f_product_level
EUR,Europa,region,2019-W11,burned_area_km2,2336.43,km2,K2,gwis_weekly_burned_area,measured,f_sensor_break;f_min_fire_size;f_product_level
EUR,Europa,region,2019-W12,burned_area_km2,1839.83,km2,K2,gwis_weekly_burned_area,measured,f_sensor_break;f_min_fire_size;f_product_level
EUR,Europa,region,2019-W13,burned_area_km2,4536.95,km2,K2,gwis_weekly_burned_area,measured,f_sensor_break;f_min_fire_size;f_product_level
EUR,Europa,region,2019-W14,burned_area_km2,6116.52,km2,K2,gwis_weekly_burned_area,measured,f_sensor_break;f_min_fire_size;f_product_level
EUR,Europa,region,2019-W15,burned_area_km2,7916.76,km2,K2,gwis_weekly_burned_area,measured,f_sensor_break;f_min_fire_size;f_product_level
EUR,Europa,region,2019-W16,burned_area_km2,9999.43,km2,K2,gwis_weekly_burned_area,measured,f_sensor_break;f_min_fire_size;f_product_level
EUR,Europa,region,2019-W17,burned_area_km2,7100.87,km2,K2,gwis_weekly_burned_area,measured,f_sensor_break;f_min_fire_size;f_product_level
EUR,Europa,region,2019-W18,burned_area_km2,9263.61,km2,K2,gwis_weekly_burned_area,measured,f_sensor_break;f_min_fire_size;f_product_level
EUR,Europa,region,2019-W19,burned_area_km2,4870.65,km2,K2,gwis_weekly_burned_area,measured,f_sensor_break;f_min_fire_size;f_product_level
EUR,Europa,region,2019-W20,burned_area_km2,2328.1,km2,K2,gwis_weekly_burned_area,measured,f_sensor_break;f_min_fire_size;f_product_level
EUR,Europa,region,2019-W21,burned_area_km2,743.77,km2,K2,gwis_weekly_burned_area,measured,f_sensor_break;f_min_fire_size;f_product_level
EUR,Europa,region,2019-W22,burned_area_km2,710.36,km2,K2,gwis_weekly_burned_area,measured,f_sensor_break;f_min_fire_size;f_product_level
EUR,Europa,region,2019-W23,burned_area_km2,2657.8,km2,K2,gwis_weekly_burned_area,measured,f_sensor_break;f_min_fire_size;f_product_level
EUR,Europa,region,2019-W24,burned_area_km2,3304.83,km2,K2,gwis_weekly_burned_area,measured,f_sensor_break;f_min_fire_size;f_product_level
EUR,Europa,region,2019-W25,burned_area_km2,5012.64,km2,K2,gwis_weekly_burned_area,measured,f_sensor_break;f_min_fire_size;f_product_level
EUR,Europa,region,2019-W26,burned_area_km2,6968.91,km2,K2,gwis_weekly_burned_area,measured,f_sensor_break;f_min_fire_size;f_product_level
EUR,Europa,region,2019-W27,burned_area_km2,9827.04,km2,K2,gwis_weekly_burned_area,measured,f_sensor_break;f_min_fire_size;f_product_level
EUR,Europa,region,2019-W28,burned_area_km2,18451.46,km2,K2,gwis_weekly_burned_area,measured,f_sensor_break;f_min_fire_size;f_product_level
EUR,Europa,region,2019-W29,burned_area_km2,15737.7,km2,K2,gwis_weekly_burned_area,measured,f_sensor_break;f_min_fire_size;f_product_level
EUR,Europa,region,2019-W30,burned_area_km2,7697.43,km2,K2,gwis_weekly_burned_area,measured,f_sensor_break;f_min_fire_size;f_product_level
EUR,Europa,region,2019-W31,burned_area_km2,12291.99,km2,K2,gwis_weekly_burned_area,measured,f_sensor_break;f_min_fire_size;f_product_level
EUR,Europa,region,2019-W32,burned_area_km2,7624.86,km2,K2,gwis_weekly_burned_area,measured,f_sensor_break;f_min_fire_size;f_product_level
EUR,Europa,region,2019-W33,burned_area_km2,2994.9,km2,K2,gwis_weekly_burned_area,measured,f_sensor_break;f_min_fire_size;f_product_level
EUR,Europa,region,2019-W34,burned_area_km2,2468.26,km2,K2,gwis_weekly_burned_area,measured,f_sensor_break;f_min_fire_size;f_product_level
EUR,Europa,region,2019-W35,burned_area_km2,1856.37,km2,K2,gwis_weekly_burned_area,measured,f_sensor_break;f_min_fire_size;f_product_level
EUR,Europa,region,2019-W36,burned_area_km2,1544.4,km2,K2,gwis_weekly_burned_area,measured,f_sensor_break;f_min_fire_size;f_product_level
EUR,Europa,region,2019-W37,burned_area_km2,2537.57,km2,K2,gwis_weekly_burned_area,measured,f_sensor_break;f_min_fire_size;f_product_level
EUR,Europa,region,2019-W38,burned_area_km2,1541.81,km2,K2,gwis_weekly_burned_area,measured,f_sensor_break;f_min_fire_size;f_product_level
EUR,Europa,region,2019-W39,burned_area_km2,1023.37,km2,K2,gwis_weekly_burned_area,measured,f_sensor_break;f_min_fire_size;f_product_level
EUR,Europa,region,2019-W40,burned_area_km2,1849.3,km2,K2,gwis_weekly_burned_area,measured,f_sensor_break;f_min_fire_size;f_product_level
EUR,Europa,region,2019-W41,burned_area_km2,2758.86,km2,K2,gwis_weekly_burned_area,measured,f_sensor_break;f_min_fire_size;f_product_level
EUR,Europa,region,2019-W42,burned_area_km2,3370.85,km2,K2,gwis_weekly_burned_area,measured,f_sensor_break;f_min_fire_size;f_product_level
EUR,Europa,region,2019-W43,burned_area_km2,1679.83,km2,K2,gwis_weekly_burned_area,measured,f_sensor_break;f_min_fire_size;f_product_level
EUR,Europa,region,2019-W44,burned_area_km2,835.49,km2,K2,gwis_weekly_burned_area,measured,f_sensor_break;f_min_fire_size;f_product_level
EUR,Europa,region,2019-W45,burned_area_km2,1036.95,km2,K2,gwis_weekly_burned_area,measured,f_sensor_break;f_min_fire_size;f_product_level
EUR,Europa,region,2019-W46,burned_area_km2,377.89,km2,K2,gwis_weekly_burned_area,measured,f_sensor_break;f_min_fire_size;f_product_level
EUR,Europa,region,2019-W47,burned_area_km2,290.93,km2,K2,gwis_weekly_burned_area,measured,f_sensor_break;f_min_fire_size;f_product_level
EUR,Europa,region,2019-W48,burned_area_km2,73.48,km2,K2,gwis_weekly_burned_area,measured,f_sensor_break;f_min_fire_size;f_product_level
EUR,Europa,region,2019-W49,burned_area_km2,54.32,km2,K2,gwis_weekly_burned_area,measured,f_sensor_break;f_min_fire_size;f_product_level
EUR,Europa,region,2019-W50,burned_area_km2,68.67,km2,K2,gwis_weekly_burned_area,measured,f_sensor_break;f_min_fire_size;f_product_level
EUR,Europa,region,2019-W51,burned_area_km2,145.4,km2,K2,gwis_weekly_burned_area,measured,f_sensor_break;f_min_fire_size;f_product_level
EUR,Europa,region,2019-W52,burned_area_km2,105.7,km2,K2,gwis_weekly_burned_area,measured,f_sensor_break;f_min_fire_size;f_product_level
EUR,Europa,region,2020-W01,burned_area_km2,85.54,km2,K2,gwis_weekly_burned_area,measured,f_sensor_break;f_min_fire_size;f_product_level
EUR,Europa,region,2020-W02,burned_area_km2,150.76,km2,K2,gwis_weekly_burned_area,measured,f_sensor_break;f_min_fire_size;f_product_level
EUR,Europa,region,2020-W03,burned_area_km2,90.66,km2,K2,gwis_weekly_burned_area,measured,f_sensor_break;f_min_fire_size;f_product_level
EUR,Europa,region,2020-W04,burned_area_km2,233.61,km2,K2,gwis_weekly_burned_area,measured,f_sensor_break;f_min_fire_size;f_product_level
EUR,Europa,region,2020-W05,burned_area_km2,140.01,km2,K2,gwis_weekly_burned_area,measured,f_sensor_break;f_min_fire_size;f_product_level
EUR,Europa,region,2020-W06,burned_area_km2,173.82,km2,K2,gwis_weekly_burned_area,measured,f_sensor_break;f_min_fire_size;f_product_level
EUR,Europa,region,2020-W07,burned_area_km2,179.3,km2,K2,gwis_weekly_burned_area,measured,f_sensor_break;f_min_fire_size;f_product_level
EUR,Europa,region,2020-W08,burned_area_km2,425.86,km2,K2,gwis_weekly_burned_area,measured,f_sensor_break;f_min_fire_size;f_product_level
EUR,Europa,region,2020-W09,burned_area_km2,642.2,km2,K2,gwis_weekly_burned_area,measured,f_sensor_break;f_min_fire_size;f_product_level
EUR,Europa,region,2020-W10,burned_area_km2,1992.85,km2,K2,gwis_weekly_burned_area,measured,f_sensor_break;f_min_fire_size;f_product_level
EUR,Europa,region,2020-W11,burned_area_km2,1908.54,km2,K2,gwis_weekly_burned_area,measured,f_sensor_break;f_min_fire_size;f_product_level
EUR,Europa,region,2020-W12,burned_area_km2,5217.49,km2,K2,gwis_weekly_burned_area,measured,f_sensor_break;f_min_fire_size;f_product_level
EUR,Europa,region,2020-W13,burned_area_km2,8157.04,km2,K2,gwis_weekly_burned_area,measured,f_sensor_break;f_min_fire_size;f_product_level
EUR,Europa,region,2020-W14,burned_area_km2,9833.74,km2,K2,gwis_weekly_burned_area,measured,f_sensor_break;f_min_fire_size;f_product_level
EUR,Europa,region,2020-W15,burned_area_km2,11926.54,km2,K2,gwis_weekly_burned_area,measured,f_sensor_break;f_min_fire_size;f_product_level
EUR,Europa,region,2020-W16,burned_area_km2,13880.6,km2,K2,gwis_weekly_burned_area,measured,f_sensor_break;f_min_fire_size;f_product_level
EUR,Europa,region,2020-W17,burned_area_km2,6721.02,km2,K2,gwis_weekly_burned_area,measured,f_sensor_break;f_min_fire_size;f_product_level
EUR,Europa,region,2020-W18,burned_area_km2,2309.81,km2,K2,gwis_weekly_burned_area,measured,f_sensor_break;f_min_fire_size;f_product_level
EUR,Europa,region,2020-W19,burned_area_km2,1998.87,km2,K2,gwis_weekly_burned_area,measured,f_sensor_break;f_min_fire_size;f_product_level
EUR,Europa,region,2020-W20,burned_area_km2,704.85,km2,K2,gwis_weekly_burned_area,measured,f_sensor_break;f_min_fire_size;f_product_level
EUR,Europa,region,2020-W21,burned_area_km2,739.36,km2,K2,gwis_weekly_burned_area,measured,f_sensor_break;f_min_fire_size;f_product_level
EUR,Europa,region,2020-W22,burned_area_km2,678.43,km2,K2,gwis_weekly_burned_area,measured,f_sensor_break;f_min_fire_size;f_product_level
EUR,Europa,region,2020-W23,burned_area_km2,604.58,km2,K2,gwis_weekly_burned_area,measured,f_sensor_break;f_min_fire_size;f_product_level
EUR,Europa,region,2020-W24,burned_area_km2,5260.19,km2,K2,gwis_weekly_burned_area,measured,f_sensor_break;f_min_fire_size;f_product_level
EUR,Europa,region,2020-W25,burned_area_km2,11634.83,km2,K2,gwis_weekly_burned_area,measured,f_sensor_break;f_min_fire_size;f_product_level
EUR,Europa,region,2020-W26,burned_area_km2,11382.27,km2,K2,gwis_weekly_burned_area,measured,f_sensor_break;f_min_fire_size;f_product_level
EUR,Europa,region,2020-W27,burned_area_km2,5421.87,km2,K2,gwis_weekly_burned_area,measured,f_sensor_break;f_min_fire_size;f_product_level
EUR,Europa,region,2020-W28,burned_area_km2,8554.16,km2,K2,gwis_weekly_burned_area,measured,f_sensor_break;f_min_fire_size;f_product_level
EUR,Europa,region,2020-W29,burned_area_km2,13308.6,km2,K2,gwis_weekly_burned_area,measured,f_sensor_break;f_min_fire_size;f_product_level
EUR,Europa,region,2020-W30,burned_area_km2,6852.38,km2,K2,gwis_weekly_burned_area,measured,f_sensor_break;f_min_fire_size;f_product_level
EUR,Europa,region,2020-W31,burned_area_km2,10684.0,km2,K2,gwis_weekly_burned_area,measured,f_sensor_break;f_min_fire_size;f_product_level
EUR,Europa,region,2020-W32,burned_area_km2,4784.88,km2,K2,gwis_weekly_burned_area,measured,f_sensor_break;f_min_fire_size;f_product_level
EUR,Europa,region,2020-W33,burned_area_km2,5578.14,km2,K2,gwis_weekly_burned_area,measured,f_sensor_break;f_min_fire_size;f_product_level
EUR,Europa,region,2020-W34,burned_area_km2,3067.26,km2,K2,gwis_weekly_burned_area,measured,f_sensor_break;f_min_fire_size;f_product_level
EUR,Europa,region,2020-W35,burned_area_km2,3249.46,km2,K2,gwis_weekly_burned_area,measured,f_sensor_break;f_min_fire_size;f_product_level
EUR,Europa,region,2020-W36,burned_area_km2,2736.49,km2,K2,gwis_weekly_burned_area,measured,f_sensor_break;f_min_fire_size;f_product_level
EUR,Europa,region,2020-W37,burned_area_km2,6085.15,km2,K2,gwis_weekly_burned_area,measured,f_sensor_break;f_min_fire_size;f_product_level
EUR,Europa,region,2020-W38,burned_area_km2,4464.06,km2,K2,gwis_weekly_burned_area,measured,f_sensor_break;f_min_fire_size;f_product_level
EUR,Europa,region,2020-W39,burned_area_km2,3223.79,km2,K2,gwis_weekly_burned_area,measured,f_sensor_break;f_min_fire_size;f_product_level
EUR,Europa,region,2020-W40,burned_area_km2,1983.68,km2,K2,gwis_weekly_burned_area,measured,f_sensor_break;f_min_fire_size;f_product_level
EUR,Europa,region,2020-W41,burned_area_km2,2172.07,km2,K2,gwis_weekly_burned_area,measured,f_sensor_break;f_min_fire_size;f_product_level
EUR,Europa,region,2020-W42,burned_area_km2,2313.15,km2,K2,gwis_weekly_burned_area,measured,f_sensor_break;f_min_fire_size;f_product_level
EUR,Europa,region,2020-W43,burned_area_km2,996.5,km2,K2,gwis_weekly_burned_area,measured,f_sensor_break;f_min_fire_size;f_product_level
EUR,Europa,region,2020-W44,burned_area_km2,415.27,km2,K2,gwis_weekly_burned_area,measured,f_sensor_break;f_min_fire_size;f_product_level
EUR,Europa,region,2020-W45,burned_area_km2,489.5,km2,K2,gwis_weekly_burned_area,measured,f_sensor_break;f_min_fire_size;f_product_level
EUR,Europa,region,2020-W46,burned_area_km2,525.25,km2,K2,gwis_weekly_burned_area,measured,f_sensor_break;f_min_fire_size;f_product_level
EUR,Europa,region,2020-W47,burned_area_km2,118.31,km2,K2,gwis_weekly_burned_area,measured,f_sensor_break;f_min_fire_size;f_product_level
EUR,Europa,region,2020-W48,burned_area_km2,471.61,km2,K2,gwis_weekly_burned_area,measured,f_sensor_break;f_min_fire_size;f_product_level
EUR,Europa,region,2020-W49,burned_area_km2,155.0,km2,K2,gwis_weekly_burned_area,measured,f_sensor_break;f_min_fire_size;f_product_level
EUR,Europa,region,2020-W50,burned_area_km2,92.06,km2,K2,gwis_weekly_burned_area,measured,f_sensor_break;f_min_fire_size;f_product_level
EUR,Europa,region,2020-W51,burned_area_km2,139.01,km2,K2,gwis_weekly_burned_area,measured,f_sensor_break;f_min_fire_size;f_product_level
EUR,Europa,region,2020-W52,burned_area_km2,60.07,km2,K2,gwis_weekly_burned_area,measured,f_sensor_break;f_min_fire_size;f_product_level
EUR,Europa,region,2021-W01,burned_area_km2,141.47,km2,K2,gwis_weekly_burned_area,measured,f_sensor_break;f_min_fire_size;f_product_level
EUR,Europa,region,2021-W02,burned_area_km2,103.17,km2,K2,gwis_weekly_burned_area,measured,f_sensor_break;f_min_fire_size;f_product_level
EUR,Europa,region,2021-W03,burned_area_km2,96.53,km2,K2,gwis_weekly_burned_area,measured,f_sensor_break;f_min_fire_size;f_product_level
EUR,Europa,region,2021-W04,burned_area_km2,49.77,km2,K2,gwis_weekly_burned_area,measured,f_sensor_break;f_min_fire_size;f_product_level
EUR,Europa,region,2021-W05,burned_area_km2,58.25,km2,K2,gwis_weekly_burned_area,measured,f_sensor_break;f_min_fire_size;f_product_level
EUR,Europa,region,2021-W06,burned_area_km2,175.64,km2,K2,gwis_weekly_burned_area,measured,f_sensor_break;f_min_fire_size;f_product_level
EUR,Europa,region,2021-W07,burned_area_km2,156.79,km2,K2,gwis_weekly_burned_area,measured,f_sensor_break;f_min_fire_size;f_product_level
EUR,Europa,region,2021-W08,burned_area_km2,232.1,km2,K2,gwis_weekly_burned_area,measured,f_sensor_break;f_min_fire_size;f_product_level
EUR,Europa,region,2021-W09,burned_area_km2,426.95,km2,K2,gwis_weekly_burned_area,measured,f_sensor_break;f_min_fire_size;f_product_level
EUR,Europa,region,2021-W10,burned_area_km2,461.95,km2,K2,gwis_weekly_burned_area,measured,f_sensor_break;f_min_fire_size;f_product_level
EUR,Europa,region,2021-W11,burned_area_km2,948.62,km2,K2,gwis_weekly_burned_area,measured,f_sensor_break;f_min_fire_size;f_product_level
EUR,Europa,region,2021-W12,burned_area_km2,982.64,km2,K2,gwis_weekly_burned_area,measured,f_sensor_break;f_min_fire_size;f_product_level
EUR,Europa,region,2021-W13,burned_area_km2,1375.59,km2,K2,gwis_weekly_burned_area,measured,f_sensor_break;f_min_fire_size;f_product_level
EUR,Europa,region,2021-W14,burned_area_km2,3073.72,km2,K2,gwis_weekly_burned_area,measured,f_sensor_break;f_min_fire_size;f_product_level
EUR,Europa,region,2021-W15,burned_area_km2,5800.47,km2,K2,gwis_weekly_burned_area,measured,f_sensor_break;f_min_fire_size;f_product_level
EUR,Europa,region,2021-W16,burned_area_km2,12419.97,km2,K2,gwis_weekly_burned_area,measured,f_sensor_break;f_min_fire_size;f_product_level
EUR,Europa,region,2021-W17,burned_area_km2,8665.06,km2,K2,gwis_weekly_burned_area,measured,f_sensor_break;f_min_fire_size;f_product_level
EUR,Europa,region,2021-W18,burned_area_km2,10842.92,km2,K2,gwis_weekly_burned_area,measured,f_sensor_break;f_min_fire_size;f_product_level
EUR,Europa,region,2021-W19,burned_area_km2,7197.37,km2,K2,gwis_weekly_burned_area,measured,f_sensor_break;f_min_fire_size;f_product_level
EUR,Europa,region,2021-W20,burned_area_km2,2346.46,km2,K2,gwis_weekly_burned_area,measured,f_sensor_break;f_min_fire_size;f_product_level
EUR,Europa,region,2021-W21,burned_area_km2,1371.89,km2,K2,gwis_weekly_burned_area,measured,f_sensor_break;f_min_fire_size;f_product_level
EUR,Europa,region,2021-W22,burned_area_km2,1112.7,km2,K2,gwis_weekly_burned_area,measured,f_sensor_break;f_min_fire_size;f_product_level
EUR,Europa,region,2021-W23,burned_area_km2,754.12,km2,K2,gwis_weekly_burned_area,measured,f_sensor_break;f_min_fire_size;f_product_level
EUR,Europa,region,2021-W24,burned_area_km2,734.78,km2,K2,gwis_weekly_burned_area,measured,f_sensor_break;f_min_fire_size;f_product_level
EUR,Europa,region,2021-W25,burned_area_km2,5941.18,km2,K2,gwis_weekly_burned_area,measured,f_sensor_break;f_min_fire_size;f_product_level
EUR,Europa,region,2021-W26,burned_area_km2,10178.7,km2,K2,gwis_weekly_burned_area,measured,f_sensor_break;f_min_fire_size;f_product_level
EUR,Europa,region,2021-W27,burned_area_km2,10782.01,km2,K2,gwis_weekly_burned_area,measured,f_sensor_break;f_min_fire_size;f_product_level
EUR,Europa,region,2021-W28,burned_area_km2,25962.59,km2,K2,gwis_weekly_burned_area,measured,f_sensor_break;f_min_fire_size;f_product_level
EUR,Europa,region,2021-W29,burned_area_km2,6991.41,km2,K2,gwis_weekly_burned_area,measured,f_sensor_break;f_min_fire_size;f_product_level
EUR,Europa,region,2021-W30,burned_area_km2,25283.94,km2,K2,gwis_weekly_burned_area,measured,f_sensor_break;f_min_fire_size;f_product_level
EUR,Europa,region,2021-W31,burned_area_km2,9819.42,km2,K2,gwis_weekly_burned_area,measured,f_sensor_break;f_min_fire_size;f_product_level
EUR,Europa,region,2021-W32,burned_area_km2,6689.6,km2,K2,gwis_weekly_burned_area,measured,f_sensor_break;f_min_fire_size;f_product_level
EUR,Europa,region,2021-W33,burned_area_km2,2924.03,km2,K2,gwis_weekly_burned_area,measured,f_sensor_break;f_min_fire_size;f_product_level
EUR,Europa,region,2021-W34,burned_area_km2,3130.3,km2,K2,gwis_weekly_burned_area,measured,f_sensor_break;f_min_fire_size;f_product_level
EUR,Europa,region,2021-W35,burned_area_km2,3179.03,km2,K2,gwis_weekly_burned_area,measured,f_sensor_break;f_min_fire_size;f_product_level
EUR,Europa,region,2021-W36,burned_area_km2,3539.71,km2,K2,gwis_weekly_burned_area,measured,f_sensor_break;f_min_fire_size;f_product_level
EUR,Europa,region,2021-W37,burned_area_km2,1450.22,km2,K2,gwis_weekly_burned_area,measured,f_sensor_break;f_min_fire_size;f_product_level
EUR,Europa,region,2021-W38,burned_area_km2,785.55,km2,K2,gwis_weekly_burned_area,measured,f_sensor_break;f_min_fire_size;f_product_level
EUR,Europa,region,2021-W39,burned_area_km2,640.59,km2,K2,gwis_weekly_burned_area,measured,f_sensor_break;f_min_fire_size;f_product_level
EUR,Europa,region,2021-W40,burned_area_km2,1204.45,km2,K2,gwis_weekly_burned_area,measured,f_sensor_break;f_min_fire_size;f_product_level
EUR,Europa,region,2021-W41,burned_area_km2,1432.34,km2,K2,gwis_weekly_burned_area,measured,f_sensor_break;f_min_fire_size;f_product_level
EUR,Europa,region,2021-W42,burned_area_km2,1992.07,km2,K2,gwis_weekly_burned_area,measured,f_sensor_break;f_min_fire_size;f_product_level
EUR,Europa,region,2021-W43,burned_area_km2,3724.81,km2,K2,gwis_weekly_burned_area,measured,f_sensor_break;f_min_fire_size;f_product_level
EUR,Europa,region,2021-W44,burned_area_km2,1607.95,km2,K2,gwis_weekly_burned_area,measured,f_sensor_break;f_min_fire_size;f_product_level
EUR,Europa,region,2021-W45,burned_area_km2,416.85,km2,K2,gwis_weekly_burned_area,measured,f_sensor_break;f_min_fire_size;f_product_level
EUR,Europa,region,2021-W46,burned_area_km2,341.4,km2,K2,gwis_weekly_burned_area,measured,f_sensor_break;f_min_fire_size;f_product_level
EUR,Europa,region,2021-W47,burned_area_km2,128.27,km2,K2,gwis_weekly_burned_area,measured,f_sensor_break;f_min_fire_size;f_product_level
EUR,Europa,region,2021-W48,burned_area_km2,65.65,km2,K2,gwis_weekly_burned_area,measured,f_sensor_break;f_min_fire_size;f_product_level
EUR,Europa,region,2021-W49,burned_area_km2,113.6,km2,K2,gwis_weekly_burned_area,measured,f_sensor_break;f_min_fire_size;f_product_level
EUR,Europa,region,2021-W50,burned_area_km2,77.41,km2,K2,gwis_weekly_burned_area,measured,f_sensor_break;f_min_fire_size;f_product_level
EUR,Europa,region,2021-W51,burned_area_km2,89.3,km2,K2,gwis_weekly_burned_area,measured,f_sensor_break;f_min_fire_size;f_product_level
EUR,Europa,region,2021-W52,burned_area_km2,73.87,km2,K2,gwis_weekly_burned_area,measured,f_sensor_break;f_min_fire_size;f_product_level
EUR,Europa,region,2022-W01,burned_area_km2,114.08,km2,K2,gwis_weekly_burned_area,measured,f_sensor_break;f_min_fire_size;f_product_level
EUR,Europa,region,2022-W02,burned_area_km2,50.49,km2,K2,gwis_weekly_burned_area,measured,f_sensor_break;f_min_fire_size;f_product_level
EUR,Europa,region,2022-W03,burned_area_km2,113.32,km2,K2,gwis_weekly_burned_area,measured,f_sensor_break;f_min_fire_size;f_product_level
EUR,Europa,region,2022-W04,burned_area_km2,219.7,km2,K2,gwis_weekly_burned_area,measured,f_sensor_break;f_min_fire_size;f_product_level
EUR,Europa,region,2022-W05,burned_area_km2,269.62,km2,K2,gwis_weekly_burned_area,measured,f_sensor_break;f_min_fire_size;f_product_level
EUR,Europa,region,2022-W06,burned_area_km2,228.73,km2,K2,gwis_weekly_burned_area,measured,f_sensor_break;f_min_fire_size;f_product_level
EUR,Europa,region,2022-W07,burned_area_km2,158.23,km2,K2,gwis_weekly_burned_area,measured,f_sensor_break;f_min_fire_size;f_product_level
EUR,Europa,region,2022-W08,burned_area_km2,401.66,km2,K2,gwis_weekly_burned_area,measured,f_sensor_break;f_min_fire_size;f_product_level
EUR,Europa,region,2022-W09,burned_area_km2,405.37,km2,K2,gwis_weekly_burned_area,measured,f_sensor_break;f_min_fire_size;f_product_level
EUR,Europa,region,2022-W10,burned_area_km2,881.86,km2,K2,gwis_weekly_burned_area,measured,f_sensor_break;f_min_fire_size;f_product_level
EUR,Europa,region,2022-W11,burned_area_km2,1607.01,km2,K2,gwis_weekly_burned_area,measured,f_sensor_break;f_min_fire_size;f_product_level
EUR,Europa,region,2022-W12,burned_area_km2,6942.09,km2,K2,gwis_weekly_burned_area,measured,f_sensor_break;f_min_fire_size;f_product_level
EUR,Europa,region,2022-W13,burned_area_km2,3694.84,km2,K2,gwis_weekly_burned_area,measured,f_sensor_break;f_min_fire_size;f_product_level
EUR,Europa,region,2022-W14,burned_area_km2,2422.51,km2,K2,gwis_weekly_burned_area,measured,f_sensor_break;f_min_fire_size;f_product_level
EUR,Europa,region,2022-W15,burned_area_km2,15149.62,km2,K2,gwis_weekly_burned_area,measured,f_sensor_break;f_min_fire_size;f_product_level
EUR,Europa,region,2022-W16,burned_area_km2,10242.57,km2,K2,gwis_weekly_burned_area,measured,f_sensor_break;f_min_fire_size;f_product_level
EUR,Europa,region,2022-W17,burned_area_km2,7355.62,km2,K2,gwis_weekly_burned_area,measured,f_sensor_break;f_min_fire_size;f_product_level
EUR,Europa,region,2022-W18,burned_area_km2,7803.84,km2,K2,gwis_weekly_burned_area,measured,f_sensor_break;f_min_fire_size;f_product_level
EUR,Europa,region,2022-W19,burned_area_km2,9544.93,km2,K2,gwis_weekly_burned_area,measured,f_sensor_break;f_min_fire_size;f_product_level
EUR,Europa,region,2022-W20,burned_area_km2,3038.44,km2,K2,gwis_weekly_burned_area,measured,f_sensor_break;f_min_fire_size;f_product_level
EUR,Europa,region,2022-W21,burned_area_km2,1450.0,km2,K2,gwis_weekly_burned_area,measured,f_sensor_break;f_min_fire_size;f_product_level
EUR,Europa,region,2022-W22,burned_area_km2,339.85,km2,K2,gwis_weekly_burned_area,measured,f_sensor_break;f_min_fire_size;f_product_level
EUR,Europa,region,2022-W23,burned_area_km2,1007.33,km2,K2,gwis_weekly_burned_area,measured,f_sensor_break;f_min_fire_size;f_product_level
EUR,Europa,region,2022-W24,burned_area_km2,2291.83,km2,K2,gwis_weekly_burned_area,measured,f_sensor_break;f_min_fire_size;f_product_level
EUR,Europa,region,2022-W25,burned_area_km2,1550.92,km2,K2,gwis_weekly_burned_area,measured,f_sensor_break;f_min_fire_size;f_product_level
EUR,Europa,region,2022-W26,burned_area_km2,3934.2,km2,K2,gwis_weekly_burned_area,measured,f_sensor_break;f_min_fire_size;f_product_level
EUR,Europa,region,2022-W27,burned_area_km2,4870.72,km2,K2,gwis_weekly_burned_area,measured,f_sensor_break;f_min_fire_size;f_product_level
EUR,Europa,region,2022-W28,burned_area_km2,4481.61,km2,K2,gwis_weekly_burned_area,measured,f_sensor_break;f_min_fire_size;f_product_level
EUR,Europa,region,2022-W29,burned_area_km2,6593.58,km2,K2,gwis_weekly_burned_area,measured,f_sensor_break;f_min_fire_size;f_product_level
EUR,Europa,region,2022-W30,burned_area_km2,6748.41,km2,K2,gwis_weekly_burned_area,measured,f_sensor_break;f_min_fire_size;f_product_level
EUR,Europa,region,2022-W31,burned_area_km2,3326.43,km2,K2,gwis_weekly_burned_area,measured,f_sensor_break;f_min_fire_size;f_product_level
EUR,Europa,region,2022-W32,burned_area_km2,2554.38,km2,K2,gwis_weekly_burned_area,measured,f_sensor_break;f_min_fire_size;f_product_level
EUR,Europa,region,2022-W33,burned_area_km2,2409.34,km2,K2,gwis_weekly_burned_area,measured,f_sensor_break;f_min_fire_size;f_product_level
EUR,Europa,region,2022-W34,burned_area_km2,1559.33,km2,K2,gwis_weekly_burned_area,measured,f_sensor_break;f_min_fire_size;f_product_level
EUR,Europa,region,2022-W35,burned_area_km2,1702.69,km2,K2,gwis_weekly_burned_area,measured,f_sensor_break;f_min_fire_size;f_product_level
EUR,Europa,region,2022-W36,burned_area_km2,1047.28,km2,K2,gwis_weekly_burned_area,measured,f_sensor_break;f_min_fire_size;f_product_level
EUR,Europa,region,2022-W37,burned_area_km2,651.0,km2,K2,gwis_weekly_burned_area,measured,f_sensor_break;f_min_fire_size;f_product_level
EUR,Europa,region,2022-W38,burned_area_km2,1571.18,km2,K2,gwis_weekly_burned_area,measured,f_sensor_break;f_min_fire_size;f_product_level
EUR,Europa,region,2022-W39,burned_area_km2,410.83,km2,K2,gwis_weekly_burned_area,measured,f_sensor_break;f_min_fire_size;f_product_level
EUR,Europa,region,2022-W40,burned_area_km2,640.73,km2,K2,gwis_weekly_burned_area,measured,f_sensor_break;f_min_fire_size;f_product_level
EUR,Europa,region,2022-W41,burned_area_km2,1849.04,km2,K2,gwis_weekly_burned_area,measured,f_sensor_break;f_min_fire_size;f_product_level
EUR,Europa,region,2022-W42,burned_area_km2,1466.48,km2,K2,gwis_weekly_burned_area,measured,f_sensor_break;f_min_fire_size;f_product_level
EUR,Europa,region,2022-W43,burned_area_km2,1474.16,km2,K2,gwis_weekly_burned_area,measured,f_sensor_break;f_min_fire_size;f_product_level
EUR,Europa,region,2022-W44,burned_area_km2,515.45,km2,K2,gwis_weekly_burned_area,measured,f_sensor_break;f_min_fire_size;f_product_level
EUR,Europa,region,2022-W45,burned_area_km2,533.57,km2,K2,gwis_weekly_burned_area,measured,f_sensor_break;f_min_fire_size;f_product_level
EUR,Europa,region,2022-W46,burned_area_km2,231.92,km2,K2,gwis_weekly_burned_area,measured,f_sensor_break;f_min_fire_size;f_product_level
EUR,Europa,region,2022-W47,burned_area_km2,105.03,km2,K2,gwis_weekly_burned_area,measured,f_sensor_break;f_min_fire_size;f_product_level
EUR,Europa,region,2022-W48,burned_area_km2,80.43,km2,K2,gwis_weekly_burned_area,measured,f_sensor_break;f_min_fire_size;f_product_level
EUR,Europa,region,2022-W49,burned_area_km2,66.31,km2,K2,gwis_weekly_burned_area,measured,f_sensor_break;f_min_fire_size;f_product_level
EUR,Europa,region,2022-W50,burned_area_km2,86.01,km2,K2,gwis_weekly_burned_area,measured,f_sensor_break;f_min_fire_size;f_product_level
EUR,Europa,region,2022-W51,burned_area_km2,52.75,km2,K2,gwis_weekly_burned_area,measured,f_sensor_break;f_min_fire_size;f_product_level
EUR,Europa,region,2022-W52,burned_area_km2,75.46,km2,K2,gwis_weekly_burned_area,measured,f_sensor_break;f_min_fire_size;f_product_level
EUR,Europa,region,2023-W01,burned_area_km2,69.35,km2,K2,gwis_weekly_burned_area,measured,f_sensor_break;f_min_fire_size;f_product_level
EUR,Europa,region,2023-W02,burned_area_km2,73.29,km2,K2,gwis_weekly_burned_area,measured,f_sensor_break;f_min_fire_size;f_product_level
EUR,Europa,region,2023-W03,burned_area_km2,76.11,km2,K2,gwis_weekly_burned_area,measured,f_sensor_break;f_min_fire_size;f_product_level
EUR,Europa,region,2023-W04,burned_area_km2,109.74,km2,K2,gwis_weekly_burned_area,measured,f_sensor_break;f_min_fire_size;f_product_level
EUR,Europa,region,2023-W05,burned_area_km2,88.61,km2,K2,gwis_weekly_burned_area,measured,f_sensor_break;f_min_fire_size;f_product_level
EUR,Europa,region,2023-W06,burned_area_km2,117.76,km2,K2,gwis_weekly_burned_area,measured,f_sensor_break;f_min_fire_size;f_product_level
EUR,Europa,region,2023-W07,burned_area_km2,395.98,km2,K2,gwis_weekly_burned_area,measured,f_sensor_break;f_min_fire_size;f_product_level
EUR,Europa,region,2023-W08,burned_area_km2,149.09,km2,K2,gwis_weekly_burned_area,measured,f_sensor_break;f_min_fire_size;f_product_level
EUR,Europa,region,2023-W09,burned_area_km2,151.88,km2,K2,gwis_weekly_burned_area,measured,f_sensor_break;f_min_fire_size;f_product_level
EUR,Europa,region,2023-W10,burned_area_km2,493.63,km2,K2,gwis_weekly_burned_area,measured,f_sensor_break;f_min_fire_size;f_product_level
EUR,Europa,region,2023-W11,burned_area_km2,1116.89,km2,K2,gwis_weekly_burned_area,measured,f_sensor_break;f_min_fire_size;f_product_level
EUR,Europa,region,2023-W12,burned_area_km2,1234.17,km2,K2,gwis_weekly_burned_area,measured,f_sensor_break;f_min_fire_size;f_product_level
EUR,Europa,region,2023-W13,burned_area_km2,4224.1,km2,K2,gwis_weekly_burned_area,measured,f_sensor_break;f_min_fire_size;f_product_level
EUR,Europa,region,2023-W14,burned_area_km2,2246.83,km2,K2,gwis_weekly_burned_area,measured,f_sensor_break;f_min_fire_size;f_product_level
EUR,Europa,region,2023-W15,burned_area_km2,2289.74,km2,K2,gwis_weekly_burned_area,measured,f_sensor_break;f_min_fire_size;f_product_level
EUR,Europa,region,2023-W16,burned_area_km2,3914.3,km2,K2,gwis_weekly_burned_area,measured,f_sensor_break;f_min_fire_size;f_product_level
EUR,Europa,region,2023-W17,burned_area_km2,8316.14,km2,K2,gwis_weekly_burned_area,measured,f_sensor_break;f_min_fire_size;f_product_level
EUR,Europa,region,2023-W18,burned_area_km2,15111.29,km2,K2,gwis_weekly_burned_area,measured,f_sensor_break;f_min_fire_size;f_product_level
EUR,Europa,region,2023-W19,burned_area_km2,8156.28,km2,K2,gwis_weekly_burned_area,measured,f_sensor_break;f_min_fire_size;f_product_level
EUR,Europa,region,2023-W20,burned_area_km2,3006.05,km2,K2,gwis_weekly_burned_area,measured,f_sensor_break;f_min_fire_size;f_product_level
EUR,Europa,region,2023-W21,burned_area_km2,1298.19,km2,K2,gwis_weekly_burned_area,measured,f_sensor_break;f_min_fire_size;f_product_level
EUR,Europa,region,2023-W22,burned_area_km2,1096.8,km2,K2,gwis_weekly_burned_area,measured,f_sensor_break;f_min_fire_size;f_product_level
EUR,Europa,region,2023-W23,burned_area_km2,2080.75,km2,K2,gwis_weekly_burned_area,measured,f_sensor_break;f_min_fire_size;f_product_level
EUR,Europa,region,2023-W24,burned_area_km2,1424.34,km2,K2,gwis_weekly_burned_area,measured,f_sensor_break;f_min_fire_size;f_product_level
EUR,Europa,region,2023-W25,burned_area_km2,605.57,km2,K2,gwis_weekly_burned_area,measured,f_sensor_break;f_min_fire_size;f_product_level
EUR,Europa,region,2023-W26,burned_area_km2,6001.87,km2,K2,gwis_weekly_burned_area,measured,f_sensor_break;f_min_fire_size;f_product_level
EUR,Europa,region,2023-W27,burned_area_km2,8367.79,km2,K2,gwis_weekly_burned_area,measured,f_sensor_break;f_min_fire_size;f_product_level
EUR,Europa,region,2023-W28,burned_area_km2,7181.93,km2,K2,gwis_weekly_burned_area,measured,f_sensor_break;f_min_fire_size;f_product_level
EUR,Europa,region,2023-W29,burned_area_km2,5223.36,km2,K2,gwis_weekly_burned_area,measured,f_sensor_break;f_min_fire_size;f_product_level
EUR,Europa,region,2023-W30,burned_area_km2,5512.01,km2,K2,gwis_weekly_burned_area,measured,f_sensor_break;f_min_fire_size;f_product_level
EUR,Europa,region,2023-W31,burned_area_km2,5275.66,km2,K2,gwis_weekly_burned_area,measured,f_sensor_break;f_min_fire_size;f_product_level
EUR,Europa,region,2023-W32,burned_area_km2,3789.84,km2,K2,gwis_weekly_burned_area,measured,f_sensor_break;f_min_fire_size;f_product_level
EUR,Europa,region,2023-W33,burned_area_km2,2493.07,km2,K2,gwis_weekly_burned_area,measured,f_sensor_break;f_min_fire_size;f_product_level
EUR,Europa,region,2023-W34,burned_area_km2,1797.24,km2,K2,gwis_weekly_burned_area,measured,f_sensor_break;f_min_fire_size;f_product_level
EUR,Europa,region,2023-W35,burned_area_km2,1459.37,km2,K2,gwis_weekly_burned_area,measured,f_sensor_break;f_min_fire_size;f_product_level
EUR,Europa,region,2023-W36,burned_area_km2,802.54,km2,K2,gwis_weekly_burned_area,measured,f_sensor_break;f_min_fire_size;f_product_level
EUR,Europa,region,2023-W37,burned_area_km2,698.64,km2,K2,gwis_weekly_burned_area,measured,f_sensor_break;f_min_fire_size;f_product_level
EUR,Europa,region,2023-W38,burned_area_km2,1414.27,km2,K2,gwis_weekly_burned_area,measured,f_sensor_break;f_min_fire_size;f_product_level
EUR,Europa,region,2023-W39,burned_area_km2,2014.53,km2,K2,gwis_weekly_burned_area,measured,f_sensor_break;f_min_fire_size;f_product_level
EUR,Europa,region,2023-W40,burned_area_km2,1101.98,km2,K2,gwis_weekly_burned_area,measured,f_sensor_break;f_min_fire_size;f_product_level
EUR,Europa,region,2023-W41,burned_area_km2,1499.74,km2,K2,gwis_weekly_burned_area,measured,f_sensor_break;f_min_fire_size;f_product_level
EUR,Europa,region,2023-W42,burned_area_km2,929.11,km2,K2,gwis_weekly_burned_area,measured,f_sensor_break;f_min_fire_size;f_product_level
EUR,Europa,region,2023-W43,burned_area_km2,788.08,km2,K2,gwis_weekly_burned_area,measured,f_sensor_break;f_min_fire_size;f_product_level
EUR,Europa,region,2023-W44,burned_area_km2,389.35,km2,K2,gwis_weekly_burned_area,measured,f_sensor_break;f_min_fire_size;f_product_level
EUR,Europa,region,2023-W45,burned_area_km2,146.21,km2,K2,gwis_weekly_burned_area,measured,f_sensor_break;f_min_fire_size;f_product_level
EUR,Europa,region,2023-W46,burned_area_km2,77.65,km2,K2,gwis_weekly_burned_area,measured,f_sensor_break;f_min_fire_size;f_product_level
EUR,Europa,region,2023-W47,burned_area_km2,75.15,km2,K2,gwis_weekly_burned_area,measured,f_sensor_break;f_min_fire_size;f_product_level
EUR,Europa,region,2023-W48,burned_area_km2,64.77,km2,K2,gwis_weekly_burned_area,measured,f_sensor_break;f_min_fire_size;f_product_level
EUR,Europa,region,2023-W49,burned_area_km2,63.33,km2,K2,gwis_weekly_burned_area,measured,f_sensor_break;f_min_fire_size;f_product_level
EUR,Europa,region,2023-W50,burned_area_km2,31.48,km2,K2,gwis_weekly_burned_area,measured,f_sensor_break;f_min_fire_size;f_product_level
EUR,Europa,region,2023-W51,burned_area_km2,114.86,km2,K2,gwis_weekly_burned_area,measured,f_sensor_break;f_min_fire_size;f_product_level
EUR,Europa,region,2023-W52,burned_area_km2,80.67,km2,K2,gwis_weekly_burned_area,measured,f_sensor_break;f_min_fire_size;f_product_level
EUR,Europa,region,2024-W01,burned_area_km2,57.4,km2,K2,gwis_weekly_burned_area,measured,f_sensor_break;f_min_fire_size;f_product_level
EUR,Europa,region,2024-W02,burned_area_km2,56.64,km2,K2,gwis_weekly_burned_area,measured,f_sensor_break;f_min_fire_size;f_product_level
EUR,Europa,region,2024-W03,burned_area_km2,24.64,km2,K2,gwis_weekly_burned_area,measured,f_sensor_break;f_min_fire_size;f_product_level
EUR,Europa,region,2024-W04,burned_area_km2,61.53,km2,K2,gwis_weekly_burned_area,measured,f_sensor_break;f_min_fire_size;f_product_level
EUR,Europa,region,2024-W05,burned_area_km2,135.42,km2,K2,gwis_weekly_burned_area,measured,f_sensor_break;f_min_fire_size;f_product_level
EUR,Europa,region,2024-W06,burned_area_km2,222.31,km2,K2,gwis_weekly_burned_area,measured,f_sensor_break;f_min_fire_size;f_product_level
EUR,Europa,region,2024-W07,burned_area_km2,121.19,km2,K2,gwis_weekly_burned_area,measured,f_sensor_break;f_min_fire_size;f_product_level
EUR,Europa,region,2024-W08,burned_area_km2,104.4,km2,K2,gwis_weekly_burned_area,measured,f_sensor_break;f_min_fire_size;f_product_level
EUR,Europa,region,2024-W09,burned_area_km2,773.57,km2,K2,gwis_weekly_burned_area,measured,f_sensor_break;f_min_fire_size;f_product_level
EUR,Europa,region,2024-W10,burned_area_km2,640.31,km2,K2,gwis_weekly_burned_area,measured,f_sensor_break;f_min_fire_size;f_product_level
EUR,Europa,region,2024-W11,burned_area_km2,774.54,km2,K2,gwis_weekly_burned_area,measured,f_sensor_break;f_min_fire_size;f_product_level
EUR,Europa,region,2024-W12,burned_area_km2,139.83,km2,K2,gwis_weekly_burned_area,measured,f_sensor_break;f_min_fire_size;f_product_level
EUR,Europa,region,2024-W13,burned_area_km2,1427.17,km2,K2,gwis_weekly_burned_area,measured,f_sensor_break;f_min_fire_size;f_product_level
EUR,Europa,region,2024-W14,burned_area_km2,1994.01,km2,K2,gwis_weekly_burned_area,measured,f_sensor_break;f_min_fire_size;f_product_level
EUR,Europa,region,2024-W15,burned_area_km2,2657.38,km2,K2,gwis_weekly_burned_area,measured,f_sensor_break;f_min_fire_size;f_product_level
EUR,Europa,region,2024-W16,burned_area_km2,1004.13,km2,K2,gwis_weekly_burned_area,measured,f_sensor_break;f_min_fire_size;f_product_level
EUR,Europa,region,2024-W17,burned_area_km2,2672.04,km2,K2,gwis_weekly_burned_area,measured,f_sensor_break;f_min_fire_size;f_product_level
EUR,Europa,region,2024-W18,burned_area_km2,4629.94,km2,K2,gwis_weekly_burned_area,measured,f_sensor_break;f_min_fire_size;f_product_level
EUR,Europa,region,2024-W19,burned_area_km2,2887.17,km2,K2,gwis_weekly_burned_area,measured,f_sensor_break;f_min_fire_size;f_product_level
EUR,Europa,region,2024-W20,burned_area_km2,3143.64,km2,K2,gwis_weekly_burned_area,measured,f_sensor_break;f_min_fire_size;f_product_level
EUR,Europa,region,2024-W21,burned_area_km2,3274.73,km2,K2,gwis_weekly_burned_area,measured,f_sensor_break;f_min_fire_size;f_product_level
EUR,Europa,region,2024-W22,burned_area_km2,3770.36,km2,K2,gwis_weekly_burned_area,measured,f_sensor_break;f_min_fire_size;f_product_level
EUR,Europa,region,2024-W23,burned_area_km2,2258.82,km2,K2,gwis_weekly_burned_area,measured,f_sensor_break;f_min_fire_size;f_product_level
EUR,Europa,region,2024-W24,burned_area_km2,2645.89,km2,K2,gwis_weekly_burned_area,measured,f_sensor_break;f_min_fire_size;f_product_level
EUR,Europa,region,2024-W25,burned_area_km2,16016.47,km2,K2,gwis_weekly_burned_area,measured,f_sensor_break;f_min_fire_size;f_product_level
EUR,Europa,region,2024-W26,burned_area_km2,15113.61,km2,K2,gwis_weekly_burned_area,measured,f_sensor_break;f_min_fire_size;f_product_level
EUR,Europa,region,2024-W27,burned_area_km2,12381.86,km2,K2,gwis_weekly_burned_area,measured,f_sensor_break;f_min_fire_size;f_product_level
EUR,Europa,region,2024-W28,burned_area_km2,8009.08,km2,K2,gwis_weekly_burned_area,measured,f_sensor_break;f_min_fire_size;f_product_level
EUR,Europa,region,2024-W29,burned_area_km2,8159.61,km2,K2,gwis_weekly_burned_area,measured,f_sensor_break;f_min_fire_size;f_product_level
EUR,Europa,region,2024-W30,burned_area_km2,6476.87,km2,K2,gwis_weekly_burned_area,measured,f_sensor_break;f_min_fire_size;f_product_level
EUR,Europa,region,2024-W31,burned_area_km2,5264.42,km2,K2,gwis_weekly_burned_area,measured,f_sensor_break;f_min_fire_size;f_product_level
EUR,Europa,region,2024-W32,burned_area_km2,4504.45,km2,K2,gwis_weekly_burned_area,measured,f_sensor_break;f_min_fire_size;f_product_level
EUR,Europa,region,2024-W33,burned_area_km2,5883.36,km2,K2,gwis_weekly_burned_area,measured,f_sensor_break;f_min_fire_size;f_product_level
EUR,Europa,region,2024-W34,burned_area_km2,2435.48,km2,K2,gwis_weekly_burned_area,measured,f_sensor_break;f_min_fire_size;f_product_level
EUR,Europa,region,2024-W35,burned_area_km2,2033.84,km2,K2,gwis_weekly_burned_area,measured,f_sensor_break;f_min_fire_size;f_product_level
EUR,Europa,region,2024-W36,burned_area_km2,1914.69,km2,K2,gwis_weekly_burned_area,measured,f_sensor_break;f_min_fire_size;f_product_level
EUR,Europa,region,2024-W37,burned_area_km2,2499.08,km2,K2,gwis_weekly_burned_area,measured,f_sensor_break;f_min_fire_size;f_product_level
EUR,Europa,region,2024-W38,burned_area_km2,3923.76,km2,K2,gwis_weekly_burned_area,measured,f_sensor_break;f_min_fire_size;f_product_level
EUR,Europa,region,2024-W39,burned_area_km2,2617.08,km2,K2,gwis_weekly_burned_area,measured,f_sensor_break;f_min_fire_size;f_product_level
EUR,Europa,region,2024-W40,burned_area_km2,3313.54,km2,K2,gwis_weekly_burned_area,measured,f_sensor_break;f_min_fire_size;f_product_level
EUR,Europa,region,2024-W41,burned_area_km2,1279.94,km2,K2,gwis_weekly_burned_area,measured,f_sensor_break;f_min_fire_size;f_product_level
EUR,Europa,region,2024-W42,burned_area_km2,833.46,km2,K2,gwis_weekly_burned_area,measured,f_sensor_break;f_min_fire_size;f_product_level
EUR,Europa,region,2024-W43,burned_area_km2,310.34,km2,K2,gwis_weekly_burned_area,measured,f_sensor_break;f_min_fire_size;f_product_level
EUR,Europa,region,2024-W44,burned_area_km2,239.94,km2,K2,gwis_weekly_burned_area,measured,f_sensor_break;f_min_fire_size;f_product_level
EUR,Europa,region,2024-W45,burned_area_km2,162.16,km2,K2,gwis_weekly_burned_area,measured,f_sensor_break;f_min_fire_size;f_product_level
EUR,Europa,region,2024-W46,burned_area_km2,132.9,km2,K2,gwis_weekly_burned_area,measured,f_sensor_break;f_min_fire_size;f_product_level
EUR,Europa,region,2024-W47,burned_area_km2,207.67,km2,K2,gwis_weekly_burned_area,measured,f_sensor_break;f_min_fire_size;f_product_level
EUR,Europa,region,2024-W48,burned_area_km2,89.62,km2,K2,gwis_weekly_burned_area,measured,f_sensor_break;f_min_fire_size;f_product_level
EUR,Europa,region,2024-W49,burned_area_km2,74.67,km2,K2,gwis_weekly_burned_area,measured,f_sensor_break;f_min_fire_size;f_product_level
EUR,Europa,region,2024-W50,burned_area_km2,66.94,km2,K2,gwis_weekly_burned_area,measured,f_sensor_break;f_min_fire_size;f_product_level
EUR,Europa,region,2024-W51,burned_area_km2,66.38,km2,K2,gwis_weekly_burned_area,measured,f_sensor_break;f_min_fire_size;f_product_level
EUR,Europa,region,2024-W52,burned_area_km2,47.54,km2,K2,gwis_weekly_burned_area,measured,f_sensor_break;f_min_fire_size;f_product_level
EUR,Europa,region,2025-W01,burned_area_km2,75.84,km2,K2,gwis_weekly_burned_area,measured,f_sensor_break;f_min_fire_size;f_product_level
EUR,Europa,region,2025-W02,burned_area_km2,60.71,km2,K2,gwis_weekly_burned_area,measured,f_sensor_break;f_min_fire_size;f_product_level
EUR,Europa,region,2025-W03,burned_area_km2,52.28,km2,K2,gwis_weekly_burned_area,measured,f_sensor_break;f_min_fire_size;f_product_level
EUR,Europa,region,2025-W04,burned_area_km2,91.28,km2,K2,gwis_weekly_burned_area,measured,f_sensor_break;f_min_fire_size;f_product_level
EUR,Europa,region,2025-W05,burned_area_km2,63.09,km2,K2,gwis_weekly_burned_area,measured,f_sensor_break;f_min_fire_size;f_product_level
EUR,Europa,region,2025-W06,burned_area_km2,88.68,km2,K2,gwis_weekly_burned_area,measured,f_sensor_break;f_min_fire_size;f_product_level
EUR,Europa,region,2025-W07,burned_area_km2,636.61,km2,K2,gwis_weekly_burned_area,measured,f_sensor_break;f_min_fire_size;f_product_level
EUR,Europa,region,2025-W08,burned_area_km2,618.88,km2,K2,gwis_weekly_burned_area,measured,f_sensor_break;f_min_fire_size;f_product_level
EUR,Europa,region,2025-W09,burned_area_km2,373.49,km2,K2,gwis_weekly_burned_area,measured,f_sensor_break;f_min_fire_size;f_product_level
EUR,Europa,region,2025-W10,burned_area_km2,2009.57,km2,K2,gwis_weekly_burned_area,measured,f_sensor_break;f_min_fire_size;f_product_level
EUR,Europa,region,2025-W11,burned_area_km2,974.91,km2,K2,gwis_weekly_burned_area,measured,f_sensor_break;f_min_fire_size;f_product_level
EUR,Europa,region,2025-W12,burned_area_km2,992.83,km2,K2,gwis_weekly_burned_area,measured,f_sensor_break;f_min_fire_size;f_product_level
EUR,Europa,region,2025-W13,burned_area_km2,1036.59,km2,K2,gwis_weekly_burned_area,measured,f_sensor_break;f_min_fire_size;f_product_level
EUR,Europa,region,2025-W14,burned_area_km2,3107.09,km2,K2,gwis_weekly_burned_area,measured,f_sensor_break;f_min_fire_size;f_product_level
EUR,Europa,region,2025-W15,burned_area_km2,6864.99,km2,K2,gwis_weekly_burned_area,measured,f_sensor_break;f_min_fire_size;f_product_level
EUR,Europa,region,2025-W16,burned_area_km2,3549.2,km2,K2,gwis_weekly_burned_area,measured,f_sensor_break;f_min_fire_size;f_product_level
EUR,Europa,region,2025-W17,burned_area_km2,2386.48,km2,K2,gwis_weekly_burned_area,measured,f_sensor_break;f_min_fire_size;f_product_level
EUR,Europa,region,2025-W18,burned_area_km2,6358.23,km2,K2,gwis_weekly_burned_area,measured,f_sensor_break;f_min_fire_size;f_product_level
EUR,Europa,region,2025-W19,burned_area_km2,10791.64,km2,K2,gwis_weekly_burned_area,measured,f_sensor_break;f_min_fire_size;f_product_level
EUR,Europa,region,2025-W20,burned_area_km2,8467.77,km2,K2,gwis_weekly_burned_area,measured,f_sensor_break;f_min_fire_size;f_product_level
EUR,Europa,region,2025-W21,burned_area_km2,5699.12,km2,K2,gwis_weekly_burned_area,measured,f_sensor_break;f_min_fire_size;f_product_level
EUR,Europa,region,2025-W22,burned_area_km2,2277.89,km2,K2,gwis_weekly_burned_area,measured,f_sensor_break;f_min_fire_size;f_product_level
EUR,Europa,region,2025-W23,burned_area_km2,2523.27,km2,K2,gwis_weekly_burned_area,measured,f_sensor_break;f_min_fire_size;f_product_level
EUR,Europa,region,2025-W24,burned_area_km2,825.89,km2,K2,gwis_weekly_burned_area,measured,f_sensor_break;f_min_fire_size;f_product_level
EUR,Europa,region,2025-W25,burned_area_km2,3061.06,km2,K2,gwis_weekly_burned_area,measured,f_sensor_break;f_min_fire_size;f_product_level
EUR,Europa,region,2025-W26,burned_area_km2,1143.86,km2,K2,gwis_weekly_burned_area,measured,f_sensor_break;f_min_fire_size;f_product_level
EUR,Europa,region,2025-W27,burned_area_km2,923.2,km2,K2,gwis_weekly_burned_area,measured,f_sensor_break;f_min_fire_size;f_product_level
EUR,Europa,region,2025-W28,burned_area_km2,1015.45,km2,K2,gwis_weekly_burned_area,measured,f_sensor_break;f_min_fire_size;f_product_level
EUR,Europa,region,2025-W29,burned_area_km2,1170.74,km2,K2,gwis_weekly_burned_area,measured,f_sensor_break;f_min_fire_size;f_product_level
EUR,Europa,region,2025-W30,burned_area_km2,2496.29,km2,K2,gwis_weekly_burned_area,measured,f_sensor_break;f_min_fire_size;f_product_level
EUR,Europa,region,2025-W31,burned_area_km2,1502.01,km2,K2,gwis_weekly_burned_area,measured,f_sensor_break;f_min_fire_size;f_product_level
EUR,Europa,region,2025-W32,burned_area_km2,3665.19,km2,K2,gwis_weekly_burned_area,measured,f_sensor_break;f_min_fire_size;f_product_level
EUR,Europa,region,2025-W33,burned_area_km2,3455.0,km2,K2,gwis_weekly_burned_area,measured,f_sensor_break;f_min_fire_size;f_product_level
EUR,Europa,region,2025-W34,burned_area_km2,866.07,km2,K2,gwis_weekly_burned_area,measured,f_sensor_break;f_min_fire_size;f_product_level
EUR,Europa,region,2025-W35,burned_area_km2,733.79,km2,K2,gwis_weekly_burned_area,measured,f_sensor_break;f_min_fire_size;f_product_level
EUR,Europa,region,2025-W36,burned_area_km2,539.45,km2,K2,gwis_weekly_burned_area,measured,f_sensor_break;f_min_fire_size;f_product_level
EUR,Europa,region,2025-W37,burned_area_km2,714.75,km2,K2,gwis_weekly_burned_area,measured,f_sensor_break;f_min_fire_size;f_product_level
EUR,Europa,region,2025-W38,burned_area_km2,931.03,km2,K2,gwis_weekly_burned_area,measured,f_sensor_break;f_min_fire_size;f_product_level
EUR,Europa,region,2025-W39,burned_area_km2,654.7,km2,K2,gwis_weekly_burned_area,measured,f_sensor_break;f_min_fire_size;f_product_level
EUR,Europa,region,2025-W40,burned_area_km2,562.34,km2,K2,gwis_weekly_burned_area,measured,f_sensor_break;f_min_fire_size;f_product_level
EUR,Europa,region,2025-W41,burned_area_km2,438.27,km2,K2,gwis_weekly_burned_area,measured,f_sensor_break;f_min_fire_size;f_product_level
EUR,Europa,region,2025-W42,burned_area_km2,585.61,km2,K2,gwis_weekly_burned_area,measured,f_sensor_break;f_min_fire_size;f_product_level
EUR,Europa,region,2025-W43,burned_area_km2,856.32,km2,K2,gwis_weekly_burned_area,measured,f_sensor_break;f_min_fire_size;f_product_level
EUR,Europa,region,2025-W44,burned_area_km2,482.51,km2,K2,gwis_weekly_burned_area,measured,f_sensor_break;f_min_fire_size;f_product_level
EUR,Europa,region,2025-W45,burned_area_km2,130.69,km2,K2,gwis_weekly_burned_area,measured,f_sensor_break;f_min_fire_size;f_product_level
EUR,Europa,region,2025-W46,burned_area_km2,204.38,km2,K2,gwis_weekly_burned_area,measured,f_sensor_break;f_min_fire_size;f_product_level
EUR,Europa,region,2025-W47,burned_area_km2,289.38,km2,K2,gwis_weekly_burned_area,measured,f_sensor_break;f_min_fire_size;f_product_level
EUR,Europa,region,2025-W48,burned_area_km2,52.93,km2,K2,gwis_weekly_burned_area,measured,f_sensor_break;f_min_fire_size;f_product_level
EUR,Europa,region,2025-W49,burned_area_km2,88.48,km2,K2,gwis_weekly_burned_area,measured,f_sensor_break;f_min_fire_size;f_product_level
EUR,Europa,region,2025-W50,burned_area_km2,52.07,km2,K2,gwis_weekly_burned_area,measured,f_sensor_break;f_min_fire_size;f_product_level
EUR,Europa,region,2025-W51,burned_area_km2,37.4,km2,K2,gwis_weekly_burned_area,measured,f_sensor_break;f_min_fire_size;f_product_level
EUR,Europa,region,2025-W52,burned_area_km2,39.65,km2,K2,gwis_weekly_burned_area,measured,f_sensor_break;f_min_fire_size;f_product_level
EUR,Europa,region,2026-W01,burned_area_km2,47.77,km2,K2,gwis_weekly_burned_area,measured,f_sensor_break;f_min_fire_size;f_product_level;f_incomplete_year
EUR,Europa,region,2026-W02,burned_area_km2,53.57,km2,K2,gwis_weekly_burned_area,measured,f_sensor_break;f_min_fire_size;f_product_level;f_incomplete_year
EUR,Europa,region,2026-W03,burned_area_km2,45.42,km2,K2,gwis_weekly_burned_area,measured,f_sensor_break;f_min_fire_size;f_product_level;f_incomplete_year
EUR,Europa,region,2026-W04,burned_area_km2,30.06,km2,K2,gwis_weekly_burned_area,measured,f_sensor_break;f_min_fire_size;f_product_level;f_incomplete_year
EUR,Europa,region,2026-W05,burned_area_km2,26.1,km2,K2,gwis_weekly_burned_area,measured,f_sensor_break;f_min_fire_size;f_product_level;f_incomplete_year
EUR,Europa,region,2026-W06,burned_area_km2,44.7,km2,K2,gwis_weekly_burned_area,measured,f_sensor_break;f_min_fire_size;f_product_level;f_incomplete_year
EUR,Europa,region,2026-W07,burned_area_km2,81.62,km2,K2,gwis_weekly_burned_area,measured,f_sensor_break;f_min_fire_size;f_product_level;f_incomplete_year
EUR,Europa,region,2026-W08,burned_area_km2,393.34,km2,K2,gwis_weekly_burned_area,measured,f_sensor_break;f_min_fire_size;f_product_level;f_incomplete_year
EUR,Europa,region,2026-W09,burned_area_km2,210.84,km2,K2,gwis_weekly_burned_area,measured,f_sensor_break;f_min_fire_size;f_product_level;f_incomplete_year
EUR,Europa,region,2026-W10,burned_area_km2,420.96,km2,K2,gwis_weekly_burned_area,measured,f_sensor_break;f_min_fire_size;f_product_level;f_incomplete_year
EUR,Europa,region,2026-W11,burned_area_km2,838.14,km2,K2,gwis_weekly_burned_area,measured,f_sensor_break;f_min_fire_size;f_product_level;f_incomplete_year
EUR,Europa,region,2026-W12,burned_area_km2,530.44,km2,K2,gwis_weekly_burned_area,measured,f_sensor_break;f_min_fire_size;f_product_level;f_incomplete_year
EUR,Europa,region,2026-W13,burned_area_km2,1227.37,km2,K2,gwis_weekly_burned_area,measured,f_sensor_break;f_min_fire_size;f_product_level;f_incomplete_year
EUR,Europa,region,2026-W14,burned_area_km2,2002.18,km2,K2,gwis_weekly_burned_area,measured,f_sensor_break;f_min_fire_size;f_product_level;f_incomplete_year
EUR,Europa,region,2026-W15,burned_area_km2,1208.0,km2,K2,gwis_weekly_burned_area,measured,f_sensor_break;f_min_fire_size;f_product_level;f_incomplete_year
EUR,Europa,region,2026-W16,burned_area_km2,1184.76,km2,K2,gwis_weekly_burned_area,measured,f_sensor_break;f_min_fire_size;f_product_level;f_incomplete_year
EUR,Europa,region,2026-W17,burned_area_km2,1097.23,km2,K2,gwis_weekly_burned_area,measured,f_sensor_break;f_min_fire_size;f_product_level;f_incomplete_year
EUR,Europa,region,2026-W18,burned_area_km2,2805.23,km2,K2,gwis_weekly_burned_area,measured,f_sensor_break;f_min_fire_size;f_product_level;f_incomplete_year
EUR,Europa,region,2026-W19,burned_area_km2,4487.31,km2,K2,gwis_weekly_burned_area,measured,f_sensor_break;f_min_fire_size;f_product_level;f_incomplete_year
EUR,Europa,region,2026-W20,burned_area_km2,3850.21,km2,K2,gwis_weekly_burned_area,measured,f_sensor_break;f_min_fire_size;f_product_level;f_incomplete_year
EUR,Europa,region,2026-W21,burned_area_km2,820.61,km2,K2,gwis_weekly_burned_area,measured,f_sensor_break;f_min_fire_size;f_product_level;f_incomplete_year
EUR,Europa,region,2026-W22,burned_area_km2,231.68,km2,K2,gwis_weekly_burned_area,measured,f_sensor_break;f_min_fire_size;f_product_level;f_incomplete_year
EUR,Europa,region,2026-W23,burned_area_km2,1312.95,km2,K2,gwis_weekly_burned_area,measured,f_sensor_break;f_min_fire_size;f_product_level;f_incomplete_year
EUR,Europa,region,2026-W24,burned_area_km2,3087.26,km2,K2,gwis_weekly_burned_area,measured,f_sensor_break;f_min_fire_size;f_product_level;f_incomplete_year
EUR,Europa,region,2026-W25,burned_area_km2,1431.54,km2,K2,gwis_weekly_burned_area,measured,f_sensor_break;f_min_fire_size;f_product_level;f_incomplete_year
EUR,Europa,region,2026-W26,burned_area_km2,2223.17,km2,K2,gwis_weekly_burned_area,measured,f_sensor_break;f_min_fire_size;f_product_level;f_incomplete_year
EUR,Europa,region,2026-W27,burned_area_km2,2250.68,km2,K2,gwis_weekly_burned_area,measured,f_sensor_break;f_min_fire_size;f_product_level;f_incomplete_year
EUR,Europa,region,2026-W28,burned_area_km2,778.75,km2,K2,gwis_weekly_burned_area,measured,f_sensor_break;f_min_fire_size;f_product_level;f_incomplete_year
EUR,Europa,region,2026-W29,burned_area_km2,4751.74,km2,K2,gwis_weekly_burned_area,measured,f_sensor_break;f_min_fire_size;f_product_level;f_incomplete_year
EUR,Europa,region,2026-W30,burned_area_km2,3942.48,km2,K2,gwis_weekly_burned_area,measured,f_sensor_break;f_min_fire_size;f_product_level;f_incomplete_year
EUR,Europa,region,2026-W31,burned_area_km2,6161.26,km2,K2,gwis_weekly_burned_area,measured,f_sensor_break;f_min_fire_size;f_product_level;f_incomplete_year
NAC,Nord-Amerika,region,2012-W01,burned_area_km2,102.25,km2,K2,gwis_weekly_burned_area,measured,f_sensor_break;f_min_fire_size;f_product_level
NAC,Nord-Amerika,region,2012-W02,burned_area_km2,23.62,km2,K2,gwis_weekly_burned_area,measured,f_sensor_break;f_min_fire_size;f_product_level
NAC,Nord-Amerika,region,2012-W03,burned_area_km2,388.4,km2,K2,gwis_weekly_burned_area,measured,f_sensor_break;f_min_fire_size;f_product_level
NAC,Nord-Amerika,region,2012-W04,burned_area_km2,879.35,km2,K2,gwis_weekly_burned_area,measured,f_sensor_break;f_min_fire_size;f_product_level
NAC,Nord-Amerika,region,2012-W05,burned_area_km2,984.01,km2,K2,gwis_weekly_burned_area,measured,f_sensor_break;f_min_fire_size;f_product_level
NAC,Nord-Amerika,region,2012-W06,burned_area_km2,579.01,km2,K2,gwis_weekly_burned_area,measured,f_sensor_break;f_min_fire_size;f_product_level
NAC,Nord-Amerika,region,2012-W07,burned_area_km2,737.15,km2,K2,gwis_weekly_burned_area,measured,f_sensor_break;f_min_fire_size;f_product_level
NAC,Nord-Amerika,region,2012-W08,burned_area_km2,1398.82,km2,K2,gwis_weekly_burned_area,measured,f_sensor_break;f_min_fire_size;f_product_level
NAC,Nord-Amerika,region,2012-W09,burned_area_km2,2159.63,km2,K2,gwis_weekly_burned_area,measured,f_sensor_break;f_min_fire_size;f_product_level
NAC,Nord-Amerika,region,2012-W10,burned_area_km2,3181.27,km2,K2,gwis_weekly_burned_area,measured,f_sensor_break;f_min_fire_size;f_product_level
NAC,Nord-Amerika,region,2012-W11,burned_area_km2,3124.17,km2,K2,gwis_weekly_burned_area,measured,f_sensor_break;f_min_fire_size;f_product_level
NAC,Nord-Amerika,region,2012-W12,burned_area_km2,2703.0,km2,K2,gwis_weekly_burned_area,measured,f_sensor_break;f_min_fire_size;f_product_level
NAC,Nord-Amerika,region,2012-W13,burned_area_km2,3848.25,km2,K2,gwis_weekly_burned_area,measured,f_sensor_break;f_min_fire_size;f_product_level
NAC,Nord-Amerika,region,2012-W14,burned_area_km2,3959.47,km2,K2,gwis_weekly_burned_area,measured,f_sensor_break;f_min_fire_size;f_product_level
NAC,Nord-Amerika,region,2012-W15,burned_area_km2,5619.13,km2,K2,gwis_weekly_burned_area,measured,f_sensor_break;f_min_fire_size;f_product_level
NAC,Nord-Amerika,region,2012-W16,burned_area_km2,6534.39,km2,K2,gwis_weekly_burned_area,measured,f_sensor_break;f_min_fire_size;f_product_level
NAC,Nord-Amerika,region,2012-W17,burned_area_km2,8757.88,km2,K2,gwis_weekly_burned_area,measured,f_sensor_break;f_min_fire_size;f_product_level
NAC,Nord-Amerika,region,2012-W18,burned_area_km2,7847.7,km2,K2,gwis_weekly_burned_area,measured,f_sensor_break;f_min_fire_size;f_product_level
NAC,Nord-Amerika,region,2012-W19,burned_area_km2,9660.59,km2,K2,gwis_weekly_burned_area,measured,f_sensor_break;f_min_fire_size;f_product_level
NAC,Nord-Amerika,region,2012-W20,burned_area_km2,5278.42,km2,K2,gwis_weekly_burned_area,measured,f_sensor_break;f_min_fire_size;f_product_level
NAC,Nord-Amerika,region,2012-W21,burned_area_km2,5134.77,km2,K2,gwis_weekly_burned_area,measured,f_sensor_break;f_min_fire_size;f_product_level
NAC,Nord-Amerika,region,2012-W22,burned_area_km2,4058.01,km2,K2,gwis_weekly_burned_area,measured,f_sensor_break;f_min_fire_size;f_product_level
NAC,Nord-Amerika,region,2012-W23,burned_area_km2,3707.69,km2,K2,gwis_weekly_burned_area,measured,f_sensor_break;f_min_fire_size;f_product_level
NAC,Nord-Amerika,region,2012-W24,burned_area_km2,2540.67,km2,K2,gwis_weekly_burned_area,measured,f_sensor_break;f_min_fire_size;f_product_level
NAC,Nord-Amerika,region,2012-W25,burned_area_km2,2616.21,km2,K2,gwis_weekly_burned_area,measured,f_sensor_break;f_min_fire_size;f_product_level
NAC,Nord-Amerika,region,2012-W26,burned_area_km2,4695.57,km2,K2,gwis_weekly_burned_area,measured,f_sensor_break;f_min_fire_size;f_product_level
NAC,Nord-Amerika,region,2012-W27,burned_area_km2,3359.72,km2,K2,gwis_weekly_burned_area,measured,f_sensor_break;f_min_fire_size;f_product_level
NAC,Nord-Amerika,region,2012-W28,burned_area_km2,6965.27,km2,K2,gwis_weekly_burned_area,measured,f_sensor_break;f_min_fire_size;f_product_level
NAC,Nord-Amerika,region,2012-W29,burned_area_km2,2031.02,km2,K2,gwis_weekly_burned_area,measured,f_sensor_break;f_min_fire_size;f_product_level
NAC,Nord-Amerika,region,2012-W30,burned_area_km2,3232.94,km2,K2,gwis_weekly_burned_area,measured,f_sensor_break;f_min_fire_size;f_product_level
NAC,Nord-Amerika,region,2012-W31,burned_area_km2,5277.62,km2,K2,gwis_weekly_burned_area,measured,f_sensor_break;f_min_fire_size;f_product_level
NAC,Nord-Amerika,region,2012-W32,burned_area_km2,5525.5,km2,K2,gwis_weekly_burned_area,measured,f_sensor_break;f_min_fire_size;f_product_level
NAC,Nord-Amerika,region,2012-W33,burned_area_km2,3322.55,km2,K2,gwis_weekly_burned_area,measured,f_sensor_break;f_min_fire_size;f_product_level
NAC,Nord-Amerika,region,2012-W34,burned_area_km2,1877.18,km2,K2,gwis_weekly_burned_area,measured,f_sensor_break;f_min_fire_size;f_product_level
NAC,Nord-Amerika,region,2012-W35,burned_area_km2,1911.22,km2,K2,gwis_weekly_burned_area,measured,f_sensor_break;f_min_fire_size;f_product_level
NAC,Nord-Amerika,region,2012-W36,burned_area_km2,2049.85,km2,K2,gwis_weekly_burned_area,measured,f_sensor_break;f_min_fire_size;f_product_level
NAC,Nord-Amerika,region,2012-W37,burned_area_km2,2991.32,km2,K2,gwis_weekly_burned_area,measured,f_sensor_break;f_min_fire_size;f_product_level
NAC,Nord-Amerika,region,2012-W38,burned_area_km2,1646.8,km2,K2,gwis_weekly_burned_area,measured,f_sensor_break;f_min_fire_size;f_product_level
NAC,Nord-Amerika,region,2012-W39,burned_area_km2,1552.15,km2,K2,gwis_weekly_burned_area,measured,f_sensor_break;f_min_fire_size;f_product_level
NAC,Nord-Amerika,region,2012-W40,burned_area_km2,1457.14,km2,K2,gwis_weekly_burned_area,measured,f_sensor_break;f_min_fire_size;f_product_level
NAC,Nord-Amerika,region,2012-W41,burned_area_km2,1197.49,km2,K2,gwis_weekly_burned_area,measured,f_sensor_break;f_min_fire_size;f_product_level
NAC,Nord-Amerika,region,2012-W42,burned_area_km2,1323.82,km2,K2,gwis_weekly_burned_area,measured,f_sensor_break;f_min_fire_size;f_product_level
NAC,Nord-Amerika,region,2012-W43,burned_area_km2,1485.71,km2,K2,gwis_weekly_burned_area,measured,f_sensor_break;f_min_fire_size;f_product_level
NAC,Nord-Amerika,region,2012-W44,burned_area_km2,1562.76,km2,K2,gwis_weekly_burned_area,measured,f_sensor_break;f_min_fire_size;f_product_level
NAC,Nord-Amerika,region,2012-W45,burned_area_km2,1791.53,km2,K2,gwis_weekly_burned_area,measured,f_sensor_break;f_min_fire_size;f_product_level
NAC,Nord-Amerika,region,2012-W46,burned_area_km2,1073.08,km2,K2,gwis_weekly_burned_area,measured,f_sensor_break;f_min_fire_size;f_product_level
NAC,Nord-Amerika,region,2012-W47,burned_area_km2,1038.46,km2,K2,gwis_weekly_burned_area,measured,f_sensor_break;f_min_fire_size;f_product_level
NAC,Nord-Amerika,region,2012-W48,burned_area_km2,923.58,km2,K2,gwis_weekly_burned_area,measured,f_sensor_break;f_min_fire_size;f_product_level
NAC,Nord-Amerika,region,2012-W49,burned_area_km2,614.01,km2,K2,gwis_weekly_burned_area,measured,f_sensor_break;f_min_fire_size;f_product_level
NAC,Nord-Amerika,region,2012-W50,burned_area_km2,590.46,km2,K2,gwis_weekly_burned_area,measured,f_sensor_break;f_min_fire_size;f_product_level
NAC,Nord-Amerika,region,2012-W51,burned_area_km2,652.8,km2,K2,gwis_weekly_burned_area,measured,f_sensor_break;f_min_fire_size;f_product_level
NAC,Nord-Amerika,region,2012-W52,burned_area_km2,371.23,km2,K2,gwis_weekly_burned_area,measured,f_sensor_break;f_min_fire_size;f_product_level
NAC,Nord-Amerika,region,2013-W01,burned_area_km2,484.08,km2,K2,gwis_weekly_burned_area,measured,f_sensor_break;f_min_fire_size;f_product_level
NAC,Nord-Amerika,region,2013-W02,burned_area_km2,723.17,km2,K2,gwis_weekly_burned_area,measured,f_sensor_break;f_min_fire_size;f_product_level
NAC,Nord-Amerika,region,2013-W03,burned_area_km2,963.69,km2,K2,gwis_weekly_burned_area,measured,f_sensor_break;f_min_fire_size;f_product_level
NAC,Nord-Amerika,region,2013-W04,burned_area_km2,1268.29,km2,K2,gwis_weekly_burned_area,measured,f_sensor_break;f_min_fire_size;f_product_level
NAC,Nord-Amerika,region,2013-W05,burned_area_km2,1438.03,km2,K2,gwis_weekly_burned_area,measured,f_sensor_break;f_min_fire_size;f_product_level
NAC,Nord-Amerika,region,2013-W06,burned_area_km2,1562.44,km2,K2,gwis_weekly_burned_area,measured,f_sensor_break;f_min_fire_size;f_product_level
NAC,Nord-Amerika,region,2013-W07,burned_area_km2,1934.87,km2,K2,gwis_weekly_burned_area,measured,f_sensor_break;f_min_fire_size;f_product_level
NAC,Nord-Amerika,region,2013-W08,burned_area_km2,1915.27,km2,K2,gwis_weekly_burned_area,measured,f_sensor_break;f_min_fire_size;f_product_level
NAC,Nord-Amerika,region,2013-W09,burned_area_km2,4264.6,km2,K2,gwis_weekly_burned_area,measured,f_sensor_break;f_min_fire_size;f_product_level
NAC,Nord-Amerika,region,2013-W10,burned_area_km2,5685.49,km2,K2,gwis_weekly_burned_area,measured,f_sensor_break;f_min_fire_size;f_product_level
NAC,Nord-Amerika,region,2013-W11,burned_area_km2,4984.04,km2,K2,gwis_weekly_burned_area,measured,f_sensor_break;f_min_fire_size;f_product_level
NAC,Nord-Amerika,region,2013-W12,burned_area_km2,5058.13,km2,K2,gwis_weekly_burned_area,measured,f_sensor_break;f_min_fire_size;f_product_level
NAC,Nord-Amerika,region,2013-W13,burned_area_km2,6343.81,km2,K2,gwis_weekly_burned_area,measured,f_sensor_break;f_min_fire_size;f_product_level
NAC,Nord-Amerika,region,2013-W14,burned_area_km2,6704.99,km2,K2,gwis_weekly_burned_area,measured,f_sensor_break;f_min_fire_size;f_product_level
NAC,Nord-Amerika,region,2013-W15,burned_area_km2,8547.84,km2,K2,gwis_weekly_burned_area,measured,f_sensor_break;f_min_fire_size;f_product_level
NAC,Nord-Amerika,region,2013-W16,burned_area_km2,8253.72,km2,K2,gwis_weekly_burned_area,measured,f_sensor_break;f_min_fire_size;f_product_level
NAC,Nord-Amerika,region,2013-W17,burned_area_km2,11316.61,km2,K2,gwis_weekly_burned_area,measured,f_sensor_break;f_min_fire_size;f_product_level
NAC,Nord-Amerika,region,2013-W18,burned_area_km2,9194.17,km2,K2,gwis_weekly_burned_area,measured,f_sensor_break;f_min_fire_size;f_product_level
NAC,Nord-Amerika,region,2013-W19,burned_area_km2,9416.87,km2,K2,gwis_weekly_burned_area,measured,f_sensor_break;f_min_fire_size;f_product_level
NAC,Nord-Amerika,region,2013-W20,burned_area_km2,9976.11,km2,K2,gwis_weekly_burned_area,measured,f_sensor_break;f_min_fire_size;f_product_level
NAC,Nord-Amerika,region,2013-W21,burned_area_km2,3839.02,km2,K2,gwis_weekly_burned_area,measured,f_sensor_break;f_min_fire_size;f_product_level
NAC,Nord-Amerika,region,2013-W22,burned_area_km2,3282.44,km2,K2,gwis_weekly_burned_area,measured,f_sensor_break;f_min_fire_size;f_product_level
NAC,Nord-Amerika,region,2013-W23,burned_area_km2,3228.27,km2,K2,gwis_weekly_burned_area,measured,f_sensor_break;f_min_fire_size;f_product_level
NAC,Nord-Amerika,region,2013-W24,burned_area_km2,5335.26,km2,K2,gwis_weekly_burned_area,measured,f_sensor_break;f_min_fire_size;f_product_level
NAC,Nord-Amerika,region,2013-W25,burned_area_km2,6216.07,km2,K2,gwis_weekly_burned_area,measured,f_sensor_break;f_min_fire_size;f_product_level
NAC,Nord-Amerika,region,2013-W26,burned_area_km2,10823.95,km2,K2,gwis_weekly_burned_area,measured,f_sensor_break;f_min_fire_size;f_product_level
NAC,Nord-Amerika,region,2013-W27,burned_area_km2,5821.94,km2,K2,gwis_weekly_burned_area,measured,f_sensor_break;f_min_fire_size;f_product_level
NAC,Nord-Amerika,region,2013-W28,burned_area_km2,3333.96,km2,K2,gwis_weekly_burned_area,measured,f_sensor_break;f_min_fire_size;f_product_level
NAC,Nord-Amerika,region,2013-W29,burned_area_km2,2529.98,km2,K2,gwis_weekly_burned_area,measured,f_sensor_break;f_min_fire_size;f_product_level
NAC,Nord-Amerika,region,2013-W30,burned_area_km2,3185.71,km2,K2,gwis_weekly_burned_area,measured,f_sensor_break;f_min_fire_size;f_product_level
NAC,Nord-Amerika,region,2013-W31,burned_area_km2,4450.06,km2,K2,gwis_weekly_burned_area,measured,f_sensor_break;f_min_fire_size;f_product_level
NAC,Nord-Amerika,region,2013-W32,burned_area_km2,5172.7,km2,K2,gwis_weekly_burned_area,measured,f_sensor_break;f_min_fire_size;f_product_level
NAC,Nord-Amerika,region,2013-W33,burned_area_km2,3213.53,km2,K2,gwis_weekly_burned_area,measured,f_sensor_break;f_min_fire_size;f_product_level
NAC,Nord-Amerika,region,2013-W34,burned_area_km2,894.08,km2,K2,gwis_weekly_burned_area,measured,f_sensor_break;f_min_fire_size;f_product_level
NAC,Nord-Amerika,region,2013-W35,burned_area_km2,937.33,km2,K2,gwis_weekly_burned_area,measured,f_sensor_break;f_min_fire_size;f_product_level
NAC,Nord-Amerika,region,2013-W36,burned_area_km2,1041.53,km2,K2,gwis_weekly_burned_area,measured,f_sensor_break;f_min_fire_size;f_product_level
NAC,Nord-Amerika,region,2013-W37,burned_area_km2,1204.71,km2,K2,gwis_weekly_burned_area,measured,f_sensor_break;f_min_fire_size;f_product_level
NAC,Nord-Amerika,region,2013-W38,burned_area_km2,693.59,km2,K2,gwis_weekly_burned_area,measured,f_sensor_break;f_min_fire_size;f_product_level
NAC,Nord-Amerika,region,2013-W39,burned_area_km2,813.03,km2,K2,gwis_weekly_burned_area,measured,f_sensor_break;f_min_fire_size;f_product_level
NAC,Nord-Amerika,region,2013-W40,burned_area_km2,972.22,km2,K2,gwis_weekly_burned_area,measured,f_sensor_break;f_min_fire_size;f_product_level
NAC,Nord-Amerika,region,2013-W41,burned_area_km2,1333.49,km2,K2,gwis_weekly_burned_area,measured,f_sensor_break;f_min_fire_size;f_product_level
NAC,Nord-Amerika,region,2013-W42,burned_area_km2,1155.69,km2,K2,gwis_weekly_burned_area,measured,f_sensor_break;f_min_fire_size;f_product_level
NAC,Nord-Amerika,region,2013-W43,burned_area_km2,2099.2,km2,K2,gwis_weekly_burned_area,measured,f_sensor_break;f_min_fire_size;f_product_level
NAC,Nord-Amerika,region,2013-W44,burned_area_km2,1872.33,km2,K2,gwis_weekly_burned_area,measured,f_sensor_break;f_min_fire_size;f_product_level
NAC,Nord-Amerika,region,2013-W45,burned_area_km2,1201.61,km2,K2,gwis_weekly_burned_area,measured,f_sensor_break;f_min_fire_size;f_product_level
NAC,Nord-Amerika,region,2013-W46,burned_area_km2,1176.23,km2,K2,gwis_weekly_burned_area,measured,f_sensor_break;f_min_fire_size;f_product_level
NAC,Nord-Amerika,region,2013-W47,burned_area_km2,860.99,km2,K2,gwis_weekly_burned_area,measured,f_sensor_break;f_min_fire_size;f_product_level
NAC,Nord-Amerika,region,2013-W48,burned_area_km2,507.99,km2,K2,gwis_weekly_burned_area,measured,f_sensor_break;f_min_fire_size;f_product_level
NAC,Nord-Amerika,region,2013-W49,burned_area_km2,514.45,km2,K2,gwis_weekly_burned_area,measured,f_sensor_break;f_min_fire_size;f_product_level
NAC,Nord-Amerika,region,2013-W50,burned_area_km2,600.99,km2,K2,gwis_weekly_burned_area,measured,f_sensor_break;f_min_fire_size;f_product_level
NAC,Nord-Amerika,region,2013-W51,burned_area_km2,837.99,km2,K2,gwis_weekly_burned_area,measured,f_sensor_break;f_min_fire_size;f_product_level
NAC,Nord-Amerika,region,2013-W52,burned_area_km2,207.44,km2,K2,gwis_weekly_burned_area,measured,f_sensor_break;f_min_fire_size;f_product_level
NAC,Nord-Amerika,region,2014-W01,burned_area_km2,333.8,km2,K2,gwis_weekly_burned_area,measured,f_sensor_break;f_min_fire_size;f_product_level
NAC,Nord-Amerika,region,2014-W02,burned_area_km2,723.59,km2,K2,gwis_weekly_burned_area,measured,f_sensor_break;f_min_fire_size;f_product_level
NAC,Nord-Amerika,region,2014-W03,burned_area_km2,1400.22,km2,K2,gwis_weekly_burned_area,measured,f_sensor_break;f_min_fire_size;f_product_level
NAC,Nord-Amerika,region,2014-W04,burned_area_km2,1150.07,km2,K2,gwis_weekly_burned_area,measured,f_sensor_break;f_min_fire_size;f_product_level
NAC,Nord-Amerika,region,2014-W05,burned_area_km2,538.81,km2,K2,gwis_weekly_burned_area,measured,f_sensor_break;f_min_fire_size;f_product_level
NAC,Nord-Amerika,region,2014-W06,burned_area_km2,531.16,km2,K2,gwis_weekly_burned_area,measured,f_sensor_break;f_min_fire_size;f_product_level
NAC,Nord-Amerika,region,2014-W07,burned_area_km2,1267.47,km2,K2,gwis_weekly_burned_area,measured,f_sensor_break;f_min_fire_size;f_product_level
NAC,Nord-Amerika,region,2014-W08,burned_area_km2,1486.99,km2,K2,gwis_weekly_burned_area,measured,f_sensor_break;f_min_fire_size;f_product_level
NAC,Nord-Amerika,region,2014-W09,burned_area_km2,1378.2,km2,K2,gwis_weekly_burned_area,measured,f_sensor_break;f_min_fire_size;f_product_level
NAC,Nord-Amerika,region,2014-W10,burned_area_km2,2300.62,km2,K2,gwis_weekly_burned_area,measured,f_sensor_break;f_min_fire_size;f_product_level
NAC,Nord-Amerika,region,2014-W11,burned_area_km2,2758.68,km2,K2,gwis_weekly_burned_area,measured,f_sensor_break;f_min_fire_size;f_product_level
NAC,Nord-Amerika,region,2014-W12,burned_area_km2,3973.78,km2,K2,gwis_weekly_burned_area,measured,f_sensor_break;f_min_fire_size;f_product_level
NAC,Nord-Amerika,region,2014-W13,burned_area_km2,4947.11,km2,K2,gwis_weekly_burned_area,measured,f_sensor_break;f_min_fire_size;f_product_level
NAC,Nord-Amerika,region,2014-W14,burned_area_km2,5873.55,km2,K2,gwis_weekly_burned_area,measured,f_sensor_break;f_min_fire_size;f_product_level
NAC,Nord-Amerika,region,2014-W15,burned_area_km2,7964.78,km2,K2,gwis_weekly_burned_area,measured,f_sensor_break;f_min_fire_size;f_product_level
NAC,Nord-Amerika,region,2014-W16,burned_area_km2,5537.63,km2,K2,gwis_weekly_burned_area,measured,f_sensor_break;f_min_fire_size;f_product_level
NAC,Nord-Amerika,region,2014-W17,burned_area_km2,7888.93,km2,K2,gwis_weekly_burned_area,measured,f_sensor_break;f_min_fire_size;f_product_level
NAC,Nord-Amerika,region,2014-W18,burned_area_km2,4443.79,km2,K2,gwis_weekly_burned_area,measured,f_sensor_break;f_min_fire_size;f_product_level
NAC,Nord-Amerika,region,2014-W19,burned_area_km2,4234.89,km2,K2,gwis_weekly_burned_area,measured,f_sensor_break;f_min_fire_size;f_product_level
NAC,Nord-Amerika,region,2014-W20,burned_area_km2,3304.87,km2,K2,gwis_weekly_burned_area,measured,f_sensor_break;f_min_fire_size;f_product_level
NAC,Nord-Amerika,region,2014-W21,burned_area_km2,2067.25,km2,K2,gwis_weekly_burned_area,measured,f_sensor_break;f_min_fire_size;f_product_level
NAC,Nord-Amerika,region,2014-W22,burned_area_km2,1672.95,km2,K2,gwis_weekly_burned_area,measured,f_sensor_break;f_min_fire_size;f_product_level
NAC,Nord-Amerika,region,2014-W23,burned_area_km2,1264.18,km2,K2,gwis_weekly_burned_area,measured,f_sensor_break;f_min_fire_size;f_product_level
NAC,Nord-Amerika,region,2014-W24,burned_area_km2,1535.55,km2,K2,gwis_weekly_burned_area,measured,f_sensor_break;f_min_fire_size;f_product_level
NAC,Nord-Amerika,region,2014-W25,burned_area_km2,4643.49,km2,K2,gwis_weekly_burned_area,measured,f_sensor_break;f_min_fire_size;f_product_level
NAC,Nord-Amerika,region,2014-W26,burned_area_km2,4535.89,km2,K2,gwis_weekly_burned_area,measured,f_sensor_break;f_min_fire_size;f_product_level
NAC,Nord-Amerika,region,2014-W27,burned_area_km2,2903.69,km2,K2,gwis_weekly_burned_area,measured,f_sensor_break;f_min_fire_size;f_product_level
NAC,Nord-Amerika,region,2014-W28,burned_area_km2,8062.68,km2,K2,gwis_weekly_burned_area,measured,f_sensor_break;f_min_fire_size;f_product_level
NAC,Nord-Amerika,region,2014-W29,burned_area_km2,8693.79,km2,K2,gwis_weekly_burned_area,measured,f_sensor_break;f_min_fire_size;f_product_level
NAC,Nord-Amerika,region,2014-W30,burned_area_km2,3984.78,km2,K2,gwis_weekly_burned_area,measured,f_sensor_break;f_min_fire_size;f_product_level
NAC,Nord-Amerika,region,2014-W31,burned_area_km2,6979.45,km2,K2,gwis_weekly_burned_area,measured,f_sensor_break;f_min_fire_size;f_product_level
NAC,Nord-Amerika,region,2014-W32,burned_area_km2,4521.79,km2,K2,gwis_weekly_burned_area,measured,f_sensor_break;f_min_fire_size;f_product_level
NAC,Nord-Amerika,region,2014-W33,burned_area_km2,2243.81,km2,K2,gwis_weekly_burned_area,measured,f_sensor_break;f_min_fire_size;f_product_level
NAC,Nord-Amerika,region,2014-W34,burned_area_km2,2003.64,km2,K2,gwis_weekly_burned_area,measured,f_sensor_break;f_min_fire_size;f_product_level
NAC,Nord-Amerika,region,2014-W35,burned_area_km2,554.54,km2,K2,gwis_weekly_burned_area,measured,f_sensor_break;f_min_fire_size;f_product_level
NAC,Nord-Amerika,region,2014-W36,burned_area_km2,859.49,km2,K2,gwis_weekly_burned_area,measured,f_sensor_break;f_min_fire_size;f_product_level
NAC,Nord-Amerika,region,2014-W37,burned_area_km2,1434.65,km2,K2,gwis_weekly_burned_area,measured,f_sensor_break;f_min_fire_size;f_product_level
NAC,Nord-Amerika,region,2014-W38,burned_area_km2,1004.34,km2,K2,gwis_weekly_burned_area,measured,f_sensor_break;f_min_fire_size;f_product_level
NAC,Nord-Amerika,region,2014-W39,burned_area_km2,932.38,km2,K2,gwis_weekly_burned_area,measured,f_sensor_break;f_min_fire_size;f_product_level
NAC,Nord-Amerika,region,2014-W40,burned_area_km2,1040.99,km2,K2,gwis_weekly_burned_area,measured,f_sensor_break;f_min_fire_size;f_product_level
NAC,Nord-Amerika,region,2014-W41,burned_area_km2,1020.27,km2,K2,gwis_weekly_burned_area,measured,f_sensor_break;f_min_fire_size;f_product_level
NAC,Nord-Amerika,region,2014-W42,burned_area_km2,1986.9,km2,K2,gwis_weekly_burned_area,measured,f_sensor_break;f_min_fire_size;f_product_level
NAC,Nord-Amerika,region,2014-W43,burned_area_km2,2070.73,km2,K2,gwis_weekly_burned_area,measured,f_sensor_break;f_min_fire_size;f_product_level
NAC,Nord-Amerika,region,2014-W44,burned_area_km2,1796.48,km2,K2,gwis_weekly_burned_area,measured,f_sensor_break;f_min_fire_size;f_product_level
NAC,Nord-Amerika,region,2014-W45,burned_area_km2,1410.71,km2,K2,gwis_weekly_burned_area,measured,f_sensor_break;f_min_fire_size;f_product_level
NAC,Nord-Amerika,region,2014-W46,burned_area_km2,1139.84,km2,K2,gwis_weekly_burned_area,measured,f_sensor_break;f_min_fire_size;f_product_level
NAC,Nord-Amerika,region,2014-W47,burned_area_km2,926.54,km2,K2,gwis_weekly_burned_area,measured,f_sensor_break;f_min_fire_size;f_product_level
NAC,Nord-Amerika,region,2014-W48,burned_area_km2,607.19,km2,K2,gwis_weekly_burned_area,measured,f_sensor_break;f_min_fire_size;f_product_level
NAC,Nord-Amerika,region,2014-W49,burned_area_km2,850.49,km2,K2,gwis_weekly_burned_area,measured,f_sensor_break;f_min_fire_size;f_product_level
NAC,Nord-Amerika,region,2014-W50,burned_area_km2,1205.19,km2,K2,gwis_weekly_burned_area,measured,f_sensor_break;f_min_fire_size;f_product_level
NAC,Nord-Amerika,region,2014-W51,burned_area_km2,455.59,km2,K2,gwis_weekly_burned_area,measured,f_sensor_break;f_min_fire_size;f_product_level
NAC,Nord-Amerika,region,2014-W52,burned_area_km2,241.77,km2,K2,gwis_weekly_burned_area,measured,f_sensor_break;f_min_fire_size;f_product_level
NAC,Nord-Amerika,region,2015-W01,burned_area_km2,644.74,km2,K2,gwis_weekly_burned_area,measured,f_sensor_break;f_min_fire_size;f_product_level
NAC,Nord-Amerika,region,2015-W02,burned_area_km2,565.76,km2,K2,gwis_weekly_burned_area,measured,f_sensor_break;f_min_fire_size;f_product_level
NAC,Nord-Amerika,region,2015-W03,burned_area_km2,1279.97,km2,K2,gwis_weekly_burned_area,measured,f_sensor_break;f_min_fire_size;f_product_level
NAC,Nord-Amerika,region,2015-W04,burned_area_km2,1557.18,km2,K2,gwis_weekly_burned_area,measured,f_sensor_break;f_min_fire_size;f_product_level
NAC,Nord-Amerika,region,2015-W05,burned_area_km2,1209.26,km2,K2,gwis_weekly_burned_area,measured,f_sensor_break;f_min_fire_size;f_product_level
NAC,Nord-Amerika,region,2015-W06,burned_area_km2,1863.44,km2,K2,gwis_weekly_burned_area,measured,f_sensor_break;f_min_fire_size;f_product_level
NAC,Nord-Amerika,region,2015-W07,burned_area_km2,2076.87,km2,K2,gwis_weekly_burned_area,measured,f_sensor_break;f_min_fire_size;f_product_level
NAC,Nord-Amerika,region,2015-W08,burned_area_km2,1432.75,km2,K2,gwis_weekly_burned_area,measured,f_sensor_break;f_min_fire_size;f_product_level
NAC,Nord-Amerika,region,2015-W09,burned_area_km2,1795.74,km2,K2,gwis_weekly_burned_area,measured,f_sensor_break;f_min_fire_size;f_product_level
NAC,Nord-Amerika,region,2015-W10,burned_area_km2,3308.38,km2,K2,gwis_weekly_burned_area,measured,f_sensor_break;f_min_fire_size;f_product_level
NAC,Nord-Amerika,region,2015-W11,burned_area_km2,3117.11,km2,K2,gwis_weekly_burned_area,measured,f_sensor_break;f_min_fire_size;f_product_level
NAC,Nord-Amerika,region,2015-W12,burned_area_km2,3268.66,km2,K2,gwis_weekly_burned_area,measured,f_sensor_break;f_min_fire_size;f_product_level
NAC,Nord-Amerika,region,2015-W13,burned_area_km2,4636.71,km2,K2,gwis_weekly_burned_area,measured,f_sensor_break;f_min_fire_size;f_product_level
NAC,Nord-Amerika,region,2015-W14,burned_area_km2,4785.72,km2,K2,gwis_weekly_burned_area,measured,f_sensor_break;f_min_fire_size;f_product_level
NAC,Nord-Amerika,region,2015-W15,burned_area_km2,6065.75,km2,K2,gwis_weekly_burned_area,measured,f_sensor_break;f_min_fire_size;f_product_level
NAC,Nord-Amerika,region,2015-W16,burned_area_km2,9547.82,km2,K2,gwis_weekly_burned_area,measured,f_sensor_break;f_min_fire_size;f_product_level
NAC,Nord-Amerika,region,2015-W17,burned_area_km2,9732.42,km2,K2,gwis_weekly_burned_area,measured,f_sensor_break;f_min_fire_size;f_product_level
NAC,Nord-Amerika,region,2015-W18,burned_area_km2,6809.65,km2,K2,gwis_weekly_burned_area,measured,f_sensor_break;f_min_fire_size;f_product_level
NAC,Nord-Amerika,region,2015-W19,burned_area_km2,4968.82,km2,K2,gwis_weekly_burned_area,measured,f_sensor_break;f_min_fire_size;f_product_level
NAC,Nord-Amerika,region,2015-W20,burned_area_km2,4359.93,km2,K2,gwis_weekly_burned_area,measured,f_sensor_break;f_min_fire_size;f_product_level
NAC,Nord-Amerika,region,2015-W21,burned_area_km2,5111.0,km2,K2,gwis_weekly_burned_area,measured,f_sensor_break;f_min_fire_size;f_product_level
NAC,Nord-Amerika,region,2015-W22,burned_area_km2,2059.83,km2,K2,gwis_weekly_burned_area,measured,f_sensor_break;f_min_fire_size;f_product_level
NAC,Nord-Amerika,region,2015-W23,burned_area_km2,1731.35,km2,K2,gwis_weekly_burned_area,measured,f_sensor_break;f_min_fire_size;f_product_level
NAC,Nord-Amerika,region,2015-W24,burned_area_km2,2227.85,km2,K2,gwis_weekly_burned_area,measured,f_sensor_break;f_min_fire_size;f_product_level
NAC,Nord-Amerika,region,2015-W25,burned_area_km2,12507.0,km2,K2,gwis_weekly_burned_area,measured,f_sensor_break;f_min_fire_size;f_product_level
NAC,Nord-Amerika,region,2015-W26,burned_area_km2,17029.22,km2,K2,gwis_weekly_burned_area,measured,f_sensor_break;f_min_fire_size;f_product_level
NAC,Nord-Amerika,region,2015-W27,burned_area_km2,8074.74,km2,K2,gwis_weekly_burned_area,measured,f_sensor_break;f_min_fire_size;f_product_level
NAC,Nord-Amerika,region,2015-W28,burned_area_km2,2800.05,km2,K2,gwis_weekly_burned_area,measured,f_sensor_break;f_min_fire_size;f_product_level
NAC,Nord-Amerika,region,2015-W29,burned_area_km2,1666.5,km2,K2,gwis_weekly_burned_area,measured,f_sensor_break;f_min_fire_size;f_product_level
NAC,Nord-Amerika,region,2015-W30,burned_area_km2,2060.18,km2,K2,gwis_weekly_burned_area,measured,f_sensor_break;f_min_fire_size;f_product_level
NAC,Nord-Amerika,region,2015-W31,burned_area_km2,4863.49,km2,K2,gwis_weekly_burned_area,measured,f_sensor_break;f_min_fire_size;f_product_level
NAC,Nord-Amerika,region,2015-W32,burned_area_km2,4744.56,km2,K2,gwis_weekly_burned_area,measured,f_sensor_break;f_min_fire_size;f_product_level
NAC,Nord-Amerika,region,2015-W33,burned_area_km2,6277.6,km2,K2,gwis_weekly_burned_area,measured,f_sensor_break;f_min_fire_size;f_product_level
NAC,Nord-Amerika,region,2015-W34,burned_area_km2,1756.45,km2,K2,gwis_weekly_burned_area,measured,f_sensor_break;f_min_fire_size;f_product_level
NAC,Nord-Amerika,region,2015-W35,burned_area_km2,1099.61,km2,K2,gwis_weekly_burned_area,measured,f_sensor_break;f_min_fire_size;f_product_level
NAC,Nord-Amerika,region,2015-W36,burned_area_km2,988.35,km2,K2,gwis_weekly_burned_area,measured,f_sensor_break;f_min_fire_size;f_product_level
NAC,Nord-Amerika,region,2015-W37,burned_area_km2,1534.35,km2,K2,gwis_weekly_burned_area,measured,f_sensor_break;f_min_fire_size;f_product_level
NAC,Nord-Amerika,region,2015-W38,burned_area_km2,1252.89,km2,K2,gwis_weekly_burned_area,measured,f_sensor_break;f_min_fire_size;f_product_level
NAC,Nord-Amerika,region,2015-W39,burned_area_km2,879.97,km2,K2,gwis_weekly_burned_area,measured,f_sensor_break;f_min_fire_size;f_product_level
NAC,Nord-Amerika,region,2015-W40,burned_area_km2,1129.33,km2,K2,gwis_weekly_burned_area,measured,f_sensor_break;f_min_fire_size;f_product_level
NAC,Nord-Amerika,region,2015-W41,burned_area_km2,1903.69,km2,K2,gwis_weekly_burned_area,measured,f_sensor_break;f_min_fire_size;f_product_level
NAC,Nord-Amerika,region,2015-W42,burned_area_km2,2430.56,km2,K2,gwis_weekly_burned_area,measured,f_sensor_break;f_min_fire_size;f_product_level
NAC,Nord-Amerika,region,2015-W43,burned_area_km2,1174.88,km2,K2,gwis_weekly_burned_area,measured,f_sensor_break;f_min_fire_size;f_product_level
NAC,Nord-Amerika,region,2015-W44,burned_area_km2,1585.84,km2,K2,gwis_weekly_burned_area,measured,f_sensor_break;f_min_fire_size;f_product_level
NAC,Nord-Amerika,region,2015-W45,burned_area_km2,1914.76,km2,K2,gwis_weekly_burned_area,measured,f_sensor_break;f_min_fire_size;f_product_level
NAC,Nord-Amerika,region,2015-W46,burned_area_km2,1248.02,km2,K2,gwis_weekly_burned_area,measured,f_sensor_break;f_min_fire_size;f_product_level
NAC,Nord-Amerika,region,2015-W47,burned_area_km2,1242.85,km2,K2,gwis_weekly_burned_area,measured,f_sensor_break;f_min_fire_size;f_product_level
NAC,Nord-Amerika,region,2015-W48,burned_area_km2,859.29,km2,K2,gwis_weekly_burned_area,measured,f_sensor_break;f_min_fire_size;f_product_level
NAC,Nord-Amerika,region,2015-W49,burned_area_km2,1434.72,km2,K2,gwis_weekly_burned_area,measured,f_sensor_break;f_min_fire_size;f_product_level
NAC,Nord-Amerika,region,2015-W50,burned_area_km2,580.11,km2,K2,gwis_weekly_burned_area,measured,f_sensor_break;f_min_fire_size;f_product_level
NAC,Nord-Amerika,region,2015-W51,burned_area_km2,333.16,km2,K2,gwis_weekly_burned_area,measured,f_sensor_break;f_min_fire_size;f_product_level
NAC,Nord-Amerika,region,2015-W52,burned_area_km2,270.98,km2,K2,gwis_weekly_burned_area,measured,f_sensor_break;f_min_fire_size;f_product_level
NAC,Nord-Amerika,region,2016-W01,burned_area_km2,405.36,km2,K2,gwis_weekly_burned_area,measured,f_sensor_break;f_min_fire_size;f_product_level
NAC,Nord-Amerika,region,2016-W02,burned_area_km2,791.76,km2,K2,gwis_weekly_burned_area,measured,f_sensor_break;f_min_fire_size;f_product_level
NAC,Nord-Amerika,region,2016-W03,burned_area_km2,708.44,km2,K2,gwis_weekly_burned_area,measured,f_sensor_break;f_min_fire_size;f_product_level
NAC,Nord-Amerika,region,2016-W04,burned_area_km2,898.86,km2,K2,gwis_weekly_burned_area,measured,f_sensor_break;f_min_fire_size;f_product_level
NAC,Nord-Amerika,region,2016-W05,burned_area_km2,1550.49,km2,K2,gwis_weekly_burned_area,measured,f_sensor_break;f_min_fire_size;f_product_level
NAC,Nord-Amerika,region,2016-W06,burned_area_km2,2470.97,km2,K2,gwis_weekly_burned_area,measured,f_sensor_break;f_min_fire_size;f_product_level
NAC,Nord-Amerika,region,2016-W07,burned_area_km2,3088.12,km2,K2,gwis_weekly_burned_area,measured,f_sensor_break;f_min_fire_size;f_product_level
NAC,Nord-Amerika,region,2016-W08,burned_area_km2,1880.63,km2,K2,gwis_weekly_burned_area,measured,f_sensor_break;f_min_fire_size;f_product_level
NAC,Nord-Amerika,region,2016-W09,burned_area_km2,2537.41,km2,K2,gwis_weekly_burned_area,measured,f_sensor_break;f_min_fire_size;f_product_level
NAC,Nord-Amerika,region,2016-W10,burned_area_km2,2579.81,km2,K2,gwis_weekly_burned_area,measured,f_sensor_break;f_min_fire_size;f_product_level
NAC,Nord-Amerika,region,2016-W11,burned_area_km2,3430.59,km2,K2,gwis_weekly_burned_area,measured,f_sensor_break;f_min_fire_size;f_product_level
NAC,Nord-Amerika,region,2016-W12,burned_area_km2,4704.17,km2,K2,gwis_weekly_burned_area,measured,f_sensor_break;f_min_fire_size;f_product_level
NAC,Nord-Amerika,region,2016-W13,burned_area_km2,4619.8,km2,K2,gwis_weekly_burned_area,measured,f_sensor_break;f_min_fire_size;f_product_level
NAC,Nord-Amerika,region,2016-W14,burned_area_km2,8833.34,km2,K2,gwis_weekly_burned_area,measured,f_sensor_break;f_min_fire_size;f_product_level
NAC,Nord-Amerika,region,2016-W15,burned_area_km2,9843.58,km2,K2,gwis_weekly_burned_area,measured,f_sensor_break;f_min_fire_size;f_product_level
NAC,Nord-Amerika,region,2016-W16,burned_area_km2,6220.47,km2,K2,gwis_weekly_burned_area,measured,f_sensor_break;f_min_fire_size;f_product_level
NAC,Nord-Amerika,region,2016-W17,burned_area_km2,8517.69,km2,K2,gwis_weekly_burned_area,measured,f_sensor_break;f_min_fire_size;f_product_level
NAC,Nord-Amerika,region,2016-W18,burned_area_km2,9312.23,km2,K2,gwis_weekly_burned_area,measured,f_sensor_break;f_min_fire_size;f_product_level
NAC,Nord-Amerika,region,2016-W19,burned_area_km2,10102.95,km2,K2,gwis_weekly_burned_area,measured,f_sensor_break;f_min_fire_size;f_product_level
NAC,Nord-Amerika,region,2016-W20,burned_area_km2,5842.21,km2,K2,gwis_weekly_burned_area,measured,f_sensor_break;f_min_fire_size;f_product_level
NAC,Nord-Amerika,region,2016-W21,burned_area_km2,5982.05,km2,K2,gwis_weekly_burned_area,measured,f_sensor_break;f_min_fire_size;f_product_level
NAC,Nord-Amerika,region,2016-W22,burned_area_km2,4729.81,km2,K2,gwis_weekly_burned_area,measured,f_sensor_break;f_min_fire_size;f_product_level
NAC,Nord-Amerika,region,2016-W23,burned_area_km2,3207.73,km2,K2,gwis_weekly_burned_area,measured,f_sensor_break;f_min_fire_size;f_product_level
NAC,Nord-Amerika,region,2016-W24,burned_area_km2,1938.98,km2,K2,gwis_weekly_burned_area,measured,f_sensor_break;f_min_fire_size;f_product_level
NAC,Nord-Amerika,region,2016-W25,burned_area_km2,1319.33,km2,K2,gwis_weekly_burned_area,measured,f_sensor_break;f_min_fire_size;f_product_level
NAC,Nord-Amerika,region,2016-W26,burned_area_km2,2198.23,km2,K2,gwis_weekly_burned_area,measured,f_sensor_break;f_min_fire_size;f_product_level
NAC,Nord-Amerika,region,2016-W27,burned_area_km2,1460.44,km2,K2,gwis_weekly_burned_area,measured,f_sensor_break;f_min_fire_size;f_product_level
NAC,Nord-Amerika,region,2016-W28,burned_area_km2,2483.87,km2,K2,gwis_weekly_burned_area,measured,f_sensor_break;f_min_fire_size;f_product_level
NAC,Nord-Amerika,region,2016-W29,burned_area_km2,2896.0,km2,K2,gwis_weekly_burned_area,measured,f_sensor_break;f_min_fire_size;f_product_level
NAC,Nord-Amerika,region,2016-W30,burned_area_km2,1986.35,km2,K2,gwis_weekly_burned_area,measured,f_sensor_break;f_min_fire_size;f_product_level
NAC,Nord-Amerika,region,2016-W31,burned_area_km2,1843.44,km2,K2,gwis_weekly_burned_area,measured,f_sensor_break;f_min_fire_size;f_product_level
NAC,Nord-Amerika,region,2016-W32,burned_area_km2,1223.08,km2,K2,gwis_weekly_burned_area,measured,f_sensor_break;f_min_fire_size;f_product_level
NAC,Nord-Amerika,region,2016-W33,burned_area_km2,1432.87,km2,K2,gwis_weekly_burned_area,measured,f_sensor_break;f_min_fire_size;f_product_level
NAC,Nord-Amerika,region,2016-W34,burned_area_km2,1344.19,km2,K2,gwis_weekly_burned_area,measured,f_sensor_break;f_min_fire_size;f_product_level
NAC,Nord-Amerika,region,2016-W35,burned_area_km2,916.43,km2,K2,gwis_weekly_burned_area,measured,f_sensor_break;f_min_fire_size;f_product_level
NAC,Nord-Amerika,region,2016-W36,burned_area_km2,922.29,km2,K2,gwis_weekly_burned_area,measured,f_sensor_break;f_min_fire_size;f_product_level
NAC,Nord-Amerika,region,2016-W37,burned_area_km2,1498.0,km2,K2,gwis_weekly_burned_area,measured,f_sensor_break;f_min_fire_size;f_product_level
NAC,Nord-Amerika,region,2016-W38,burned_area_km2,1302.86,km2,K2,gwis_weekly_burned_area,measured,f_sensor_break;f_min_fire_size;f_product_level
NAC,Nord-Amerika,region,2016-W39,burned_area_km2,1276.97,km2,K2,gwis_weekly_burned_area,measured,f_sensor_break;f_min_fire_size;f_product_level
NAC,Nord-Amerika,region,2016-W40,burned_area_km2,1305.47,km2,K2,gwis_weekly_burned_area,measured,f_sensor_break;f_min_fire_size;f_product_level
NAC,Nord-Amerika,region,2016-W41,burned_area_km2,2001.45,km2,K2,gwis_weekly_burned_area,measured,f_sensor_break;f_min_fire_size;f_product_level
NAC,Nord-Amerika,region,2016-W42,burned_area_km2,1257.4,km2,K2,gwis_weekly_burned_area,measured,f_sensor_break;f_min_fire_size;f_product_level
NAC,Nord-Amerika,region,2016-W43,burned_area_km2,1506.37,km2,K2,gwis_weekly_burned_area,measured,f_sensor_break;f_min_fire_size;f_product_level
NAC,Nord-Amerika,region,2016-W44,burned_area_km2,2135.47,km2,K2,gwis_weekly_burned_area,measured,f_sensor_break;f_min_fire_size;f_product_level
NAC,Nord-Amerika,region,2016-W45,burned_area_km2,2031.26,km2,K2,gwis_weekly_burned_area,measured,f_sensor_break;f_min_fire_size;f_product_level
NAC,Nord-Amerika,region,2016-W46,burned_area_km2,1638.16,km2,K2,gwis_weekly_burned_area,measured,f_sensor_break;f_min_fire_size;f_product_level
NAC,Nord-Amerika,region,2016-W47,burned_area_km2,896.63,km2,K2,gwis_weekly_burned_area,measured,f_sensor_break;f_min_fire_size;f_product_level
NAC,Nord-Amerika,region,2016-W48,burned_area_km2,667.04,km2,K2,gwis_weekly_burned_area,measured,f_sensor_break;f_min_fire_size;f_product_level
NAC,Nord-Amerika,region,2016-W49,burned_area_km2,517.35,km2,K2,gwis_weekly_burned_area,measured,f_sensor_break;f_min_fire_size;f_product_level
NAC,Nord-Amerika,region,2016-W50,burned_area_km2,604.92,km2,K2,gwis_weekly_burned_area,measured,f_sensor_break;f_min_fire_size;f_product_level
NAC,Nord-Amerika,region,2016-W51,burned_area_km2,600.88,km2,K2,gwis_weekly_burned_area,measured,f_sensor_break;f_min_fire_size;f_product_level
NAC,Nord-Amerika,region,2016-W52,burned_area_km2,669.91,km2,K2,gwis_weekly_burned_area,measured,f_sensor_break;f_min_fire_size;f_product_level
NAC,Nord-Amerika,region,2017-W01,burned_area_km2,552.59,km2,K2,gwis_weekly_burned_area,measured,f_sensor_break;f_min_fire_size;f_product_level
NAC,Nord-Amerika,region,2017-W02,burned_area_km2,1613.85,km2,K2,gwis_weekly_burned_area,measured,f_sensor_break;f_min_fire_size;f_product_level
NAC,Nord-Amerika,region,2017-W03,burned_area_km2,1322.59,km2,K2,gwis_weekly_burned_area,measured,f_sensor_break;f_min_fire_size;f_product_level
NAC,Nord-Amerika,region,2017-W04,burned_area_km2,1804.63,km2,K2,gwis_weekly_burned_area,measured,f_sensor_break;f_min_fire_size;f_product_level
NAC,Nord-Amerika,region,2017-W05,burned_area_km2,2700.75,km2,K2,gwis_weekly_burned_area,measured,f_sensor_break;f_min_fire_size;f_product_level
NAC,Nord-Amerika,region,2017-W06,burned_area_km2,2524.29,km2,K2,gwis_weekly_burned_area,measured,f_sensor_break;f_min_fire_size;f_product_level
NAC,Nord-Amerika,region,2017-W07,burned_area_km2,2742.5,km2,K2,gwis_weekly_burned_area,measured,f_sensor_break;f_min_fire_size;f_product_level
NAC,Nord-Amerika,region,2017-W08,burned_area_km2,3293.75,km2,K2,gwis_weekly_burned_area,measured,f_sensor_break;f_min_fire_size;f_product_level
NAC,Nord-Amerika,region,2017-W09,burned_area_km2,4372.78,km2,K2,gwis_weekly_burned_area,measured,f_sensor_break;f_min_fire_size;f_product_level
NAC,Nord-Amerika,region,2017-W10,burned_area_km2,4163.11,km2,K2,gwis_weekly_burned_area,measured,f_sensor_break;f_min_fire_size;f_product_level
NAC,Nord-Amerika,region,2017-W11,burned_area_km2,3767.78,km2,K2,gwis_weekly_burned_area,measured,f_sensor_break;f_min_fire_size;f_product_level
NAC,Nord-Amerika,region,2017-W12,burned_area_km2,7886.27,km2,K2,gwis_weekly_burned_area,measured,f_sensor_break;f_min_fire_size;f_product_level
NAC,Nord-Amerika,region,2017-W13,burned_area_km2,6199.84,km2,K2,gwis_weekly_burned_area,measured,f_sensor_break;f_min_fire_size;f_product_level
NAC,Nord-Amerika,region,2017-W14,burned_area_km2,8005.41,km2,K2,gwis_weekly_burned_area,measured,f_sensor_break;f_min_fire_size;f_product_level
NAC,Nord-Amerika,region,2017-W15,burned_area_km2,8377.45,km2,K2,gwis_weekly_burned_area,measured,f_sensor_break;f_min_fire_size;f_product_level
NAC,Nord-Amerika,region,2017-W16,burned_area_km2,6375.09,km2,K2,gwis_weekly_burned_area,measured,f_sensor_break;f_min_fire_size;f_product_level
NAC,Nord-Amerika,region,2017-W17,burned_area_km2,10396.19,km2,K2,gwis_weekly_burned_area,measured,f_sensor_break;f_min_fire_size;f_product_level
NAC,Nord-Amerika,region,2017-W18,burned_area_km2,6567.6,km2,K2,gwis_weekly_burned_area,measured,f_sensor_break;f_min_fire_size;f_product_level
NAC,Nord-Amerika,region,2017-W19,burned_area_km2,5303.33,km2,K2,gwis_weekly_burned_area,measured,f_sensor_break;f_min_fire_size;f_product_level
NAC,Nord-Amerika,region,2017-W20,burned_area_km2,6599.67,km2,K2,gwis_weekly_burned_area,measured,f_sensor_break;f_min_fire_size;f_product_level
NAC,Nord-Amerika,region,2017-W21,burned_area_km2,4827.98,km2,K2,gwis_weekly_burned_area,measured,f_sensor_break;f_min_fire_size;f_product_level
NAC,Nord-Amerika,region,2017-W22,burned_area_km2,4408.91,km2,K2,gwis_weekly_burned_area,measured,f_sensor_break;f_min_fire_size;f_product_level
NAC,Nord-Amerika,region,2017-W23,burned_area_km2,4312.84,km2,K2,gwis_weekly_burned_area,measured,f_sensor_break;f_min_fire_size;f_product_level
NAC,Nord-Amerika,region,2017-W24,burned_area_km2,2293.13,km2,K2,gwis_weekly_burned_area,measured,f_sensor_break;f_min_fire_size;f_product_level
NAC,Nord-Amerika,region,2017-W25,burned_area_km2,2375.58,km2,K2,gwis_weekly_burned_area,measured,f_sensor_break;f_min_fire_size;f_product_level
NAC,Nord-Amerika,region,2017-W26,burned_area_km2,2024.47,km2,K2,gwis_weekly_burned_area,measured,f_sensor_break;f_min_fire_size;f_product_level
NAC,Nord-Amerika,region,2017-W27,burned_area_km2,7026.09,km2,K2,gwis_weekly_burned_area,measured,f_sensor_break;f_min_fire_size;f_product_level
NAC,Nord-Amerika,region,2017-W28,burned_area_km2,4433.83,km2,K2,gwis_weekly_burned_area,measured,f_sensor_break;f_min_fire_size;f_product_level
NAC,Nord-Amerika,region,2017-W29,burned_area_km2,6024.55,km2,K2,gwis_weekly_burned_area,measured,f_sensor_break;f_min_fire_size;f_product_level
NAC,Nord-Amerika,region,2017-W30,burned_area_km2,8370.24,km2,K2,gwis_weekly_burned_area,measured,f_sensor_break;f_min_fire_size;f_product_level
NAC,Nord-Amerika,region,2017-W31,burned_area_km2,6620.28,km2,K2,gwis_weekly_burned_area,measured,f_sensor_break;f_min_fire_size;f_product_level
NAC,Nord-Amerika,region,2017-W32,burned_area_km2,7963.64,km2,K2,gwis_weekly_burned_area,measured,f_sensor_break;f_min_fire_size;f_product_level
NAC,Nord-Amerika,region,2017-W33,burned_area_km2,3536.47,km2,K2,gwis_weekly_burned_area,measured,f_sensor_break;f_min_fire_size;f_product_level
NAC,Nord-Amerika,region,2017-W34,burned_area_km2,3571.33,km2,K2,gwis_weekly_burned_area,measured,f_sensor_break;f_min_fire_size;f_product_level
NAC,Nord-Amerika,region,2017-W35,burned_area_km2,5936.89,km2,K2,gwis_weekly_burned_area,measured,f_sensor_break;f_min_fire_size;f_product_level
NAC,Nord-Amerika,region,2017-W36,burned_area_km2,2441.55,km2,K2,gwis_weekly_burned_area,measured,f_sensor_break;f_min_fire_size;f_product_level
NAC,Nord-Amerika,region,2017-W37,burned_area_km2,1670.7,km2,K2,gwis_weekly_burned_area,measured,f_sensor_break;f_min_fire_size;f_product_level
NAC,Nord-Amerika,region,2017-W38,burned_area_km2,666.64,km2,K2,gwis_weekly_burned_area,measured,f_sensor_break;f_min_fire_size;f_product_level
NAC,Nord-Amerika,region,2017-W39,burned_area_km2,1293.19,km2,K2,gwis_weekly_burned_area,measured,f_sensor_break;f_min_fire_size;f_product_level
NAC,Nord-Amerika,region,2017-W40,burned_area_km2,1291.48,km2,K2,gwis_weekly_burned_area,measured,f_sensor_break;f_min_fire_size;f_product_level
NAC,Nord-Amerika,region,2017-W41,burned_area_km2,2464.78,km2,K2,gwis_weekly_burned_area,measured,f_sensor_break;f_min_fire_size;f_product_level
NAC,Nord-Amerika,region,2017-W42,burned_area_km2,2532.33,km2,K2,gwis_weekly_burned_area,measured,f_sensor_break;f_min_fire_size;f_product_level
NAC,Nord-Amerika,region,2017-W43,burned_area_km2,2746.96,km2,K2,gwis_weekly_burned_area,measured,f_sensor_break;f_min_fire_size;f_product_level
NAC,Nord-Amerika,region,2017-W44,burned_area_km2,1753.88,km2,K2,gwis_weekly_burned_area,measured,f_sensor_break;f_min_fire_size;f_product_level
NAC,Nord-Amerika,region,2017-W45,burned_area_km2,901.42,km2,K2,gwis_weekly_burned_area,measured,f_sensor_break;f_min_fire_size;f_product_level
NAC,Nord-Amerika,region,2017-W46,burned_area_km2,1480.46,km2,K2,gwis_weekly_burned_area,measured,f_sensor_break;f_min_fire_size;f_product_level
NAC,Nord-Amerika,region,2017-W47,burned_area_km2,983.65,km2,K2,gwis_weekly_burned_area,measured,f_sensor_break;f_min_fire_size;f_product_level
NAC,Nord-Amerika,region,2017-W48,burned_area_km2,1787.98,km2,K2,gwis_weekly_burned_area,measured,f_sensor_break;f_min_fire_size;f_product_level
NAC,Nord-Amerika,region,2017-W49,burned_area_km2,2257.93,km2,K2,gwis_weekly_burned_area,measured,f_sensor_break;f_min_fire_size;f_product_level
NAC,Nord-Amerika,region,2017-W50,burned_area_km2,1350.92,km2,K2,gwis_weekly_burned_area,measured,f_sensor_break;f_min_fire_size;f_product_level
NAC,Nord-Amerika,region,2017-W51,burned_area_km2,418.01,km2,K2,gwis_weekly_burned_area,measured,f_sensor_break;f_min_fire_size;f_product_level
NAC,Nord-Amerika,region,2017-W52,burned_area_km2,335.39,km2,K2,gwis_weekly_burned_area,measured,f_sensor_break;f_min_fire_size;f_product_level
NAC,Nord-Amerika,region,2018-W01,burned_area_km2,893.62,km2,K2,gwis_weekly_burned_area,measured,f_sensor_break;f_min_fire_size;f_product_level
NAC,Nord-Amerika,region,2018-W02,burned_area_km2,799.46,km2,K2,gwis_weekly_burned_area,measured,f_sensor_break;f_min_fire_size;f_product_level
NAC,Nord-Amerika,region,2018-W03,burned_area_km2,1110.12,km2,K2,gwis_weekly_burned_area,measured,f_sensor_break;f_min_fire_size;f_product_level
NAC,Nord-Amerika,region,2018-W04,burned_area_km2,1551.27,km2,K2,gwis_weekly_burned_area,measured,f_sensor_break;f_min_fire_size;f_product_level
NAC,Nord-Amerika,region,2018-W05,burned_area_km2,433.39,km2,K2,gwis_weekly_burned_area,measured,f_sensor_break;f_min_fire_size;f_product_level
NAC,Nord-Amerika,region,2018-W06,burned_area_km2,72.69,km2,K2,gwis_weekly_burned_area,measured,f_sensor_break;f_min_fire_size;f_product_level
NAC,Nord-Amerika,region,2018-W07,burned_area_km2,85.09,km2,K2,gwis_weekly_burned_area,measured,f_sensor_break;f_min_fire_size;f_product_level
NAC,Nord-Amerika,region,2018-W08,burned_area_km2,45.52,km2,K2,gwis_weekly_burned_area,measured,f_sensor_break;f_min_fire_size;f_product_level
NAC,Nord-Amerika,region,2018-W09,burned_area_km2,220.87,km2,K2,gwis_weekly_burned_area,measured,f_sensor_break;f_min_fire_size;f_product_level
NAC,Nord-Amerika,region,2018-W10,burned_area_km2,3460.62,km2,K2,gwis_weekly_burned_area,measured,f_sensor_break;f_min_fire_size;f_product_level
NAC,Nord-Amerika,region,2018-W11,burned_area_km2,4680.28,km2,K2,gwis_weekly_burned_area,measured,f_sensor_break;f_min_fire_size;f_product_level
NAC,Nord-Amerika,region,2018-W12,burned_area_km2,5779.09,km2,K2,gwis_weekly_burned_area,measured,f_sensor_break;f_min_fire_size;f_product_level
NAC,Nord-Amerika,region,2018-W13,burned_area_km2,4957.39,km2,K2,gwis_weekly_burned_area,measured,f_sensor_break;f_min_fire_size;f_product_level
NAC,Nord-Amerika,region,2018-W14,burned_area_km2,6828.94,km2,K2,gwis_weekly_burned_area,measured,f_sensor_break;f_min_fire_size;f_product_level
NAC,Nord-Amerika,region,2018-W15,burned_area_km2,8372.54,km2,K2,gwis_weekly_burned_area,measured,f_sensor_break;f_min_fire_size;f_product_level
NAC,Nord-Amerika,region,2018-W16,burned_area_km2,7611.34,km2,K2,gwis_weekly_burned_area,measured,f_sensor_break;f_min_fire_size;f_product_level
NAC,Nord-Amerika,region,2018-W17,burned_area_km2,6606.03,km2,K2,gwis_weekly_burned_area,measured,f_sensor_break;f_min_fire_size;f_product_level
NAC,Nord-Amerika,region,2018-W18,burned_area_km2,5547.57,km2,K2,gwis_weekly_burned_area,measured,f_sensor_break;f_min_fire_size;f_product_level
NAC,Nord-Amerika,region,2018-W19,burned_area_km2,5601.04,km2,K2,gwis_weekly_burned_area,measured,f_sensor_break;f_min_fire_size;f_product_level
NAC,Nord-Amerika,region,2018-W20,burned_area_km2,6397.84,km2,K2,gwis_weekly_burned_area,measured,f_sensor_break;f_min_fire_size;f_product_level
NAC,Nord-Amerika,region,2018-W21,burned_area_km2,4926.97,km2,K2,gwis_weekly_burned_area,measured,f_sensor_break;f_min_fire_size;f_product_level
NAC,Nord-Amerika,region,2018-W22,burned_area_km2,4021.13,km2,K2,gwis_weekly_burned_area,measured,f_sensor_break;f_min_fire_size;f_product_level
NAC,Nord-Amerika,region,2018-W23,burned_area_km2,1994.77,km2,K2,gwis_weekly_burned_area,measured,f_sensor_break;f_min_fire_size;f_product_level
NAC,Nord-Amerika,region,2018-W24,burned_area_km2,1173.11,km2,K2,gwis_weekly_burned_area,measured,f_sensor_break;f_min_fire_size;f_product_level
NAC,Nord-Amerika,region,2018-W25,burned_area_km2,2170.85,km2,K2,gwis_weekly_burned_area,measured,f_sensor_break;f_min_fire_size;f_product_level
NAC,Nord-Amerika,region,2018-W26,burned_area_km2,2345.12,km2,K2,gwis_weekly_burned_area,measured,f_sensor_break;f_min_fire_size;f_product_level
NAC,Nord-Amerika,region,2018-W27,burned_area_km2,2897.0,km2,K2,gwis_weekly_burned_area,measured,f_sensor_break;f_min_fire_size;f_product_level
NAC,Nord-Amerika,region,2018-W28,burned_area_km2,2426.62,km2,K2,gwis_weekly_burned_area,measured,f_sensor_break;f_min_fire_size;f_product_level
NAC,Nord-Amerika,region,2018-W29,burned_area_km2,3890.41,km2,K2,gwis_weekly_burned_area,measured,f_sensor_break;f_min_fire_size;f_product_level
NAC,Nord-Amerika,region,2018-W30,burned_area_km2,7632.05,km2,K2,gwis_weekly_burned_area,measured,f_sensor_break;f_min_fire_size;f_product_level
NAC,Nord-Amerika,region,2018-W31,burned_area_km2,8515.37,km2,K2,gwis_weekly_burned_area,measured,f_sensor_break;f_min_fire_size;f_product_level
NAC,Nord-Amerika,region,2018-W32,burned_area_km2,8144.71,km2,K2,gwis_weekly_burned_area,measured,f_sensor_break;f_min_fire_size;f_product_level
NAC,Nord-Amerika,region,2018-W33,burned_area_km2,4519.94,km2,K2,gwis_weekly_burned_area,measured,f_sensor_break;f_min_fire_size;f_product_level
NAC,Nord-Amerika,region,2018-W34,burned_area_km2,1872.35,km2,K2,gwis_weekly_burned_area,measured,f_sensor_break;f_min_fire_size;f_product_level
NAC,Nord-Amerika,region,2018-W35,burned_area_km2,1291.4,km2,K2,gwis_weekly_burned_area,measured,f_sensor_break;f_min_fire_size;f_product_level
NAC,Nord-Amerika,region,2018-W36,burned_area_km2,1447.35,km2,K2,gwis_weekly_burned_area,measured,f_sensor_break;f_min_fire_size;f_product_level
NAC,Nord-Amerika,region,2018-W37,burned_area_km2,1811.6,km2,K2,gwis_weekly_burned_area,measured,f_sensor_break;f_min_fire_size;f_product_level
NAC,Nord-Amerika,region,2018-W38,burned_area_km2,1081.15,km2,K2,gwis_weekly_burned_area,measured,f_sensor_break;f_min_fire_size;f_product_level
NAC,Nord-Amerika,region,2018-W39,burned_area_km2,924.15,km2,K2,gwis_weekly_burned_area,measured,f_sensor_break;f_min_fire_size;f_product_level
NAC,Nord-Amerika,region,2018-W40,burned_area_km2,1140.17,km2,K2,gwis_weekly_burned_area,measured,f_sensor_break;f_min_fire_size;f_product_level
NAC,Nord-Amerika,region,2018-W41,burned_area_km2,1382.63,km2,K2,gwis_weekly_burned_area,measured,f_sensor_break;f_min_fire_size;f_product_level
NAC,Nord-Amerika,region,2018-W42,burned_area_km2,1753.5,km2,K2,gwis_weekly_burned_area,measured,f_sensor_break;f_min_fire_size;f_product_level
NAC,Nord-Amerika,region,2018-W43,burned_area_km2,2388.2,km2,K2,gwis_weekly_burned_area,measured,f_sensor_break;f_min_fire_size;f_product_level
NAC,Nord-Amerika,region,2018-W44,burned_area_km2,1773.55,km2,K2,gwis_weekly_burned_area,measured,f_sensor_break;f_min_fire_size;f_product_level
NAC,Nord-Amerika,region,2018-W45,burned_area_km2,101.47,km2,K2,gwis_weekly_burned_area,measured,f_sensor_break;f_min_fire_size;f_product_level
NAC,Nord-Amerika,region,2018-W46,burned_area_km2,0.0,km2,K2,gwis_weekly_burned_area,measured,f_sensor_break;f_min_fire_size;f_product_level;f_zero_no_detection
NAC,Nord-Amerika,region,2018-W47,burned_area_km2,0.0,km2,K2,gwis_weekly_burned_area,measured,f_sensor_break;f_min_fire_size;f_product_level;f_zero_no_detection
NAC,Nord-Amerika,region,2018-W48,burned_area_km2,0.0,km2,K2,gwis_weekly_burned_area,measured,f_sensor_break;f_min_fire_size;f_product_level;f_zero_no_detection
NAC,Nord-Amerika,region,2018-W49,burned_area_km2,0.0,km2,K2,gwis_weekly_burned_area,measured,f_sensor_break;f_min_fire_size;f_product_level;f_zero_no_detection
NAC,Nord-Amerika,region,2018-W50,burned_area_km2,462.71,km2,K2,gwis_weekly_burned_area,measured,f_sensor_break;f_min_fire_size;f_product_level
NAC,Nord-Amerika,region,2018-W51,burned_area_km2,674.2,km2,K2,gwis_weekly_burned_area,measured,f_sensor_break;f_min_fire_size;f_product_level
NAC,Nord-Amerika,region,2018-W52,burned_area_km2,351.5,km2,K2,gwis_weekly_burned_area,measured,f_sensor_break;f_min_fire_size;f_product_level
NAC,Nord-Amerika,region,2019-W01,burned_area_km2,569.84,km2,K2,gwis_weekly_burned_area,measured,f_sensor_break;f_min_fire_size;f_product_level
NAC,Nord-Amerika,region,2019-W02,burned_area_km2,1037.22,km2,K2,gwis_weekly_burned_area,measured,f_sensor_break;f_min_fire_size;f_product_level
NAC,Nord-Amerika,region,2019-W03,burned_area_km2,689.0,km2,K2,gwis_weekly_burned_area,measured,f_sensor_break;f_min_fire_size;f_product_level
NAC,Nord-Amerika,region,2019-W04,burned_area_km2,948.33,km2,K2,gwis_weekly_burned_area,measured,f_sensor_break;f_min_fire_size;f_product_level
NAC,Nord-Amerika,region,2019-W05,burned_area_km2,823.49,km2,K2,gwis_weekly_burned_area,measured,f_sensor_break;f_min_fire_size;f_product_level
NAC,Nord-Amerika,region,2019-W06,burned_area_km2,1272.28,km2,K2,gwis_weekly_burned_area,measured,f_sensor_break;f_min_fire_size;f_product_level
NAC,Nord-Amerika,region,2019-W07,burned_area_km2,1111.36,km2,K2,gwis_weekly_burned_area,measured,f_sensor_break;f_min_fire_size;f_product_level
NAC,Nord-Amerika,region,2019-W08,burned_area_km2,1422.72,km2,K2,gwis_weekly_burned_area,measured,f_sensor_break;f_min_fire_size;f_product_level
NAC,Nord-Amerika,region,2019-W09,burned_area_km2,1529.92,km2,K2,gwis_weekly_burned_area,measured,f_sensor_break;f_min_fire_size;f_product_level
NAC,Nord-Amerika,region,2019-W10,burned_area_km2,3453.81,km2,K2,gwis_weekly_burned_area,measured,f_sensor_break;f_min_fire_size;f_product_level
NAC,Nord-Amerika,region,2019-W11,burned_area_km2,5146.14,km2,K2,gwis_weekly_burned_area,measured,f_sensor_break;f_min_fire_size;f_product_level
NAC,Nord-Amerika,region,2019-W12,burned_area_km2,7338.59,km2,K2,gwis_weekly_burned_area,measured,f_sensor_break;f_min_fire_size;f_product_level
NAC,Nord-Amerika,region,2019-W13,burned_area_km2,7851.83,km2,K2,gwis_weekly_burned_area,measured,f_sensor_break;f_min_fire_size;f_product_level
NAC,Nord-Amerika,region,2019-W14,burned_area_km2,6559.29,km2,K2,gwis_weekly_burned_area,measured,f_sensor_break;f_min_fire_size;f_product_level
NAC,Nord-Amerika,region,2019-W15,burned_area_km2,9117.86,km2,K2,gwis_weekly_burned_area,measured,f_sensor_break;f_min_fire_size;f_product_level
NAC,Nord-Amerika,region,2019-W16,burned_area_km2,9922.11,km2,K2,gwis_weekly_burned_area,measured,f_sensor_break;f_min_fire_size;f_product_level
NAC,Nord-Amerika,region,2019-W17,burned_area_km2,10746.52,km2,K2,gwis_weekly_burned_area,measured,f_sensor_break;f_min_fire_size;f_product_level
NAC,Nord-Amerika,region,2019-W18,burned_area_km2,10523.92,km2,K2,gwis_weekly_burned_area,measured,f_sensor_break;f_min_fire_size;f_product_level
NAC,Nord-Amerika,region,2019-W19,burned_area_km2,10594.0,km2,K2,gwis_weekly_burned_area,measured,f_sensor_break;f_min_fire_size;f_product_level
NAC,Nord-Amerika,region,2019-W20,burned_area_km2,12352.57,km2,K2,gwis_weekly_burned_area,measured,f_sensor_break;f_min_fire_size;f_product_level
NAC,Nord-Amerika,region,2019-W21,burned_area_km2,4608.73,km2,K2,gwis_weekly_burned_area,measured,f_sensor_break;f_min_fire_size;f_product_level
NAC,Nord-Amerika,region,2019-W22,burned_area_km2,3276.15,km2,K2,gwis_weekly_burned_area,measured,f_sensor_break;f_min_fire_size;f_product_level
NAC,Nord-Amerika,region,2019-W23,burned_area_km2,4262.28,km2,K2,gwis_weekly_burned_area,measured,f_sensor_break;f_min_fire_size;f_product_level
NAC,Nord-Amerika,region,2019-W24,burned_area_km2,2549.98,km2,K2,gwis_weekly_burned_area,measured,f_sensor_break;f_min_fire_size;f_product_level
NAC,Nord-Amerika,region,2019-W25,burned_area_km2,5589.96,km2,K2,gwis_weekly_burned_area,measured,f_sensor_break;f_min_fire_size;f_product_level
NAC,Nord-Amerika,region,2019-W26,burned_area_km2,4685.79,km2,K2,gwis_weekly_burned_area,measured,f_sensor_break;f_min_fire_size;f_product_level
NAC,Nord-Amerika,region,2019-W27,burned_area_km2,5194.18,km2,K2,gwis_weekly_burned_area,measured,f_sensor_break;f_min_fire_size;f_product_level
NAC,Nord-Amerika,region,2019-W28,burned_area_km2,2422.69,km2,K2,gwis_weekly_burned_area,measured,f_sensor_break;f_min_fire_size;f_product_level
NAC,Nord-Amerika,region,2019-W29,burned_area_km2,3345.68,km2,K2,gwis_weekly_burned_area,measured,f_sensor_break;f_min_fire_size;f_product_level
NAC,Nord-Amerika,region,2019-W30,burned_area_km2,1985.8,km2,K2,gwis_weekly_burned_area,measured,f_sensor_break;f_min_fire_size;f_product_level
NAC,Nord-Amerika,region,2019-W31,burned_area_km2,1437.24,km2,K2,gwis_weekly_burned_area,measured,f_sensor_break;f_min_fire_size;f_product_level
NAC,Nord-Amerika,region,2019-W32,burned_area_km2,931.01,km2,K2,gwis_weekly_burned_area,measured,f_sensor_break;f_min_fire_size;f_product_level
NAC,Nord-Amerika,region,2019-W33,burned_area_km2,1668.94,km2,K2,gwis_weekly_burned_area,measured,f_sensor_break;f_min_fire_size;f_product_level
NAC,Nord-Amerika,region,2019-W34,burned_area_km2,1348.7,km2,K2,gwis_weekly_burned_area,measured,f_sensor_break;f_min_fire_size;f_product_level
NAC,Nord-Amerika,region,2019-W35,burned_area_km2,1225.4,km2,K2,gwis_weekly_burned_area,measured,f_sensor_break;f_min_fire_size;f_product_level
NAC,Nord-Amerika,region,2019-W36,burned_area_km2,2571.69,km2,K2,gwis_weekly_burned_area,measured,f_sensor_break;f_min_fire_size;f_product_level
NAC,Nord-Amerika,region,2019-W37,burned_area_km2,1291.52,km2,K2,gwis_weekly_burned_area,measured,f_sensor_break;f_min_fire_size;f_product_level
NAC,Nord-Amerika,region,2019-W38,burned_area_km2,985.33,km2,K2,gwis_weekly_burned_area,measured,f_sensor_break;f_min_fire_size;f_product_level
NAC,Nord-Amerika,region,2019-W39,burned_area_km2,1105.31,km2,K2,gwis_weekly_burned_area,measured,f_sensor_break;f_min_fire_size;f_product_level
NAC,Nord-Amerika,region,2019-W40,burned_area_km2,1389.27,km2,K2,gwis_weekly_burned_area,measured,f_sensor_break;f_min_fire_size;f_product_level
NAC,Nord-Amerika,region,2019-W41,burned_area_km2,1377.78,km2,K2,gwis_weekly_burned_area,measured,f_sensor_break;f_min_fire_size;f_product_level
NAC,Nord-Amerika,region,2019-W42,burned_area_km2,1315.89,km2,K2,gwis_weekly_burned_area,measured,f_sensor_break;f_min_fire_size;f_product_level
NAC,Nord-Amerika,region,2019-W43,burned_area_km2,2197.95,km2,K2,gwis_weekly_burned_area,measured,f_sensor_break;f_min_fire_size;f_product_level
NAC,Nord-Amerika,region,2019-W44,burned_area_km2,1019.96,km2,K2,gwis_weekly_burned_area,measured,f_sensor_break;f_min_fire_size;f_product_level
NAC,Nord-Amerika,region,2019-W45,burned_area_km2,901.96,km2,K2,gwis_weekly_burned_area,measured,f_sensor_break;f_min_fire_size;f_product_level
NAC,Nord-Amerika,region,2019-W46,burned_area_km2,905.83,km2,K2,gwis_weekly_burned_area,measured,f_sensor_break;f_min_fire_size;f_product_level
NAC,Nord-Amerika,region,2019-W47,burned_area_km2,1313.27,km2,K2,gwis_weekly_burned_area,measured,f_sensor_break;f_min_fire_size;f_product_level
NAC,Nord-Amerika,region,2019-W48,burned_area_km2,711.78,km2,K2,gwis_weekly_burned_area,measured,f_sensor_break;f_min_fire_size;f_product_level
NAC,Nord-Amerika,region,2019-W49,burned_area_km2,1472.35,km2,K2,gwis_weekly_burned_area,measured,f_sensor_break;f_min_fire_size;f_product_level
NAC,Nord-Amerika,region,2019-W50,burned_area_km2,581.44,km2,K2,gwis_weekly_burned_area,measured,f_sensor_break;f_min_fire_size;f_product_level
NAC,Nord-Amerika,region,2019-W51,burned_area_km2,426.16,km2,K2,gwis_weekly_burned_area,measured,f_sensor_break;f_min_fire_size;f_product_level
NAC,Nord-Amerika,region,2019-W52,burned_area_km2,308.02,km2,K2,gwis_weekly_burned_area,measured,f_sensor_break;f_min_fire_size;f_product_level
NAC,Nord-Amerika,region,2020-W01,burned_area_km2,912.07,km2,K2,gwis_weekly_burned_area,measured,f_sensor_break;f_min_fire_size;f_product_level
NAC,Nord-Amerika,region,2020-W02,burned_area_km2,1270.21,km2,K2,gwis_weekly_burned_area,measured,f_sensor_break;f_min_fire_size;f_product_level
NAC,Nord-Amerika,region,2020-W03,burned_area_km2,851.8,km2,K2,gwis_weekly_burned_area,measured,f_sensor_break;f_min_fire_size;f_product_level
NAC,Nord-Amerika,region,2020-W04,burned_area_km2,1059.63,km2,K2,gwis_weekly_burned_area,measured,f_sensor_break;f_min_fire_size;f_product_level
NAC,Nord-Amerika,region,2020-W05,burned_area_km2,889.48,km2,K2,gwis_weekly_burned_area,measured,f_sensor_break;f_min_fire_size;f_product_level
NAC,Nord-Amerika,region,2020-W06,burned_area_km2,1179.24,km2,K2,gwis_weekly_burned_area,measured,f_sensor_break;f_min_fire_size;f_product_level
NAC,Nord-Amerika,region,2020-W07,burned_area_km2,1421.81,km2,K2,gwis_weekly_burned_area,measured,f_sensor_break;f_min_fire_size;f_product_level
NAC,Nord-Amerika,region,2020-W08,burned_area_km2,1370.02,km2,K2,gwis_weekly_burned_area,measured,f_sensor_break;f_min_fire_size;f_product_level
NAC,Nord-Amerika,region,2020-W09,burned_area_km2,2920.4,km2,K2,gwis_weekly_burned_area,measured,f_sensor_break;f_min_fire_size;f_product_level
NAC,Nord-Amerika,region,2020-W10,burned_area_km2,3525.5,km2,K2,gwis_weekly_burned_area,measured,f_sensor_break;f_min_fire_size;f_product_level
NAC,Nord-Amerika,region,2020-W11,burned_area_km2,2528.21,km2,K2,gwis_weekly_burned_area,measured,f_sensor_break;f_min_fire_size;f_product_level
NAC,Nord-Amerika,region,2020-W12,burned_area_km2,5023.45,km2,K2,gwis_weekly_burned_area,measured,f_sensor_break;f_min_fire_size;f_product_level
NAC,Nord-Amerika,region,2020-W13,burned_area_km2,6717.51,km2,K2,gwis_weekly_burned_area,measured,f_sensor_break;f_min_fire_size;f_product_level
NAC,Nord-Amerika,region,2020-W14,burned_area_km2,8955.98,km2,K2,gwis_weekly_burned_area,measured,f_sensor_break;f_min_fire_size;f_product_level
NAC,Nord-Amerika,region,2020-W15,burned_area_km2,11656.72,km2,K2,gwis_weekly_burned_area,measured,f_sensor_break;f_min_fire_size;f_product_level
NAC,Nord-Amerika,region,2020-W16,burned_area_km2,11890.79,km2,K2,gwis_weekly_burned_area,measured,f_sensor_break;f_min_fire_size;f_product_level
NAC,Nord-Amerika,region,2020-W17,burned_area_km2,10906.03,km2,K2,gwis_weekly_burned_area,measured,f_sensor_break;f_min_fire_size;f_product_level
NAC,Nord-Amerika,region,2020-W18,burned_area_km2,8376.86,km2,K2,gwis_weekly_burned_area,measured,f_sensor_break;f_min_fire_size;f_product_level
NAC,Nord-Amerika,region,2020-W19,burned_area_km2,5809.13,km2,K2,gwis_weekly_burned_area,measured,f_sensor_break;f_min_fire_size;f_product_level
NAC,Nord-Amerika,region,2020-W20,burned_area_km2,6829.32,km2,K2,gwis_weekly_burned_area,measured,f_sensor_break;f_min_fire_size;f_product_level
NAC,Nord-Amerika,region,2020-W21,burned_area_km2,3938.98,km2,K2,gwis_weekly_burned_area,measured,f_sensor_break;f_min_fire_size;f_product_level
NAC,Nord-Amerika,region,2020-W22,burned_area_km2,2575.65,km2,K2,gwis_weekly_burned_area,measured,f_sensor_break;f_min_fire_size;f_product_level
NAC,Nord-Amerika,region,2020-W23,burned_area_km2,2953.77,km2,K2,gwis_weekly_burned_area,measured,f_sensor_break;f_min_fire_size;f_product_level
NAC,Nord-Amerika,region,2020-W24,burned_area_km2,2453.85,km2,K2,gwis_weekly_burned_area,measured,f_sensor_break;f_min_fire_size;f_product_level
NAC,Nord-Amerika,region,2020-W25,burned_area_km2,1248.11,km2,K2,gwis_weekly_burned_area,measured,f_sensor_break;f_min_fire_size;f_product_level
NAC,Nord-Amerika,region,2020-W26,burned_area_km2,1122.99,km2,K2,gwis_weekly_burned_area,measured,f_sensor_break;f_min_fire_size;f_product_level
NAC,Nord-Amerika,region,2020-W27,burned_area_km2,668.78,km2,K2,gwis_weekly_burned_area,measured,f_sensor_break;f_min_fire_size;f_product_level
NAC,Nord-Amerika,region,2020-W28,burned_area_km2,1304.92,km2,K2,gwis_weekly_burned_area,measured,f_sensor_break;f_min_fire_size;f_product_level
NAC,Nord-Amerika,region,2020-W29,burned_area_km2,1021.93,km2,K2,gwis_weekly_burned_area,measured,f_sensor_break;f_min_fire_size;f_product_level
NAC,Nord-Amerika,region,2020-W30,burned_area_km2,1503.23,km2,K2,gwis_weekly_burned_area,measured,f_sensor_break;f_min_fire_size;f_product_level
NAC,Nord-Amerika,region,2020-W31,burned_area_km2,1811.19,km2,K2,gwis_weekly_burned_area,measured,f_sensor_break;f_min_fire_size;f_product_level
NAC,Nord-Amerika,region,2020-W32,burned_area_km2,1133.08,km2,K2,gwis_weekly_burned_area,measured,f_sensor_break;f_min_fire_size;f_product_level
NAC,Nord-Amerika,region,2020-W33,burned_area_km2,13514.68,km2,K2,gwis_weekly_burned_area,measured,f_sensor_break;f_min_fire_size;f_product_level
NAC,Nord-Amerika,region,2020-W34,burned_area_km2,3046.46,km2,K2,gwis_weekly_burned_area,measured,f_sensor_break;f_min_fire_size;f_product_level
NAC,Nord-Amerika,region,2020-W35,burned_area_km2,1411.36,km2,K2,gwis_weekly_burned_area,measured,f_sensor_break;f_min_fire_size;f_product_level
NAC,Nord-Amerika,region,2020-W36,burned_area_km2,10012.36,km2,K2,gwis_weekly_burned_area,measured,f_sensor_break;f_min_fire_size;f_product_level
NAC,Nord-Amerika,region,2020-W37,burned_area_km2,1401.84,km2,K2,gwis_weekly_burned_area,measured,f_sensor_break;f_min_fire_size;f_product_level
NAC,Nord-Amerika,region,2020-W38,burned_area_km2,1687.29,km2,K2,gwis_weekly_burned_area,measured,f_sensor_break;f_min_fire_size;f_product_level
NAC,Nord-Amerika,region,2020-W39,burned_area_km2,1820.94,km2,K2,gwis_weekly_burned_area,measured,f_sensor_break;f_min_fire_size;f_product_level
NAC,Nord-Amerika,region,2020-W40,burned_area_km2,2446.91,km2,K2,gwis_weekly_burned_area,measured,f_sensor_break;f_min_fire_size;f_product_level
NAC,Nord-Amerika,region,2020-W41,burned_area_km2,1254.79,km2,K2,gwis_weekly_burned_area,measured,f_sensor_break;f_min_fire_size;f_product_level
NAC,Nord-Amerika,region,2020-W42,burned_area_km2,2256.06,km2,K2,gwis_weekly_burned_area,measured,f_sensor_break;f_min_fire_size;f_product_level
NAC,Nord-Amerika,region,2020-W43,burned_area_km2,916.02,km2,K2,gwis_weekly_burned_area,measured,f_sensor_break;f_min_fire_size;f_product_level
NAC,Nord-Amerika,region,2020-W44,burned_area_km2,1751.26,km2,K2,gwis_weekly_burned_area,measured,f_sensor_break;f_min_fire_size;f_product_level
NAC,Nord-Amerika,region,2020-W45,burned_area_km2,1477.51,km2,K2,gwis_weekly_burned_area,measured,f_sensor_break;f_min_fire_size;f_product_level
NAC,Nord-Amerika,region,2020-W46,burned_area_km2,1492.38,km2,K2,gwis_weekly_burned_area,measured,f_sensor_break;f_min_fire_size;f_product_level
NAC,Nord-Amerika,region,2020-W47,burned_area_km2,1804.24,km2,K2,gwis_weekly_burned_area,measured,f_sensor_break;f_min_fire_size;f_product_level
NAC,Nord-Amerika,region,2020-W48,burned_area_km2,687.32,km2,K2,gwis_weekly_burned_area,measured,f_sensor_break;f_min_fire_size;f_product_level
NAC,Nord-Amerika,region,2020-W49,burned_area_km2,1211.06,km2,K2,gwis_weekly_burned_area,measured,f_sensor_break;f_min_fire_size;f_product_level
NAC,Nord-Amerika,region,2020-W50,burned_area_km2,1156.42,km2,K2,gwis_weekly_burned_area,measured,f_sensor_break;f_min_fire_size;f_product_level
NAC,Nord-Amerika,region,2020-W51,burned_area_km2,509.68,km2,K2,gwis_weekly_burned_area,measured,f_sensor_break;f_min_fire_size;f_product_level
NAC,Nord-Amerika,region,2020-W52,burned_area_km2,644.35,km2,K2,gwis_weekly_burned_area,measured,f_sensor_break;f_min_fire_size;f_product_level
NAC,Nord-Amerika,region,2021-W01,burned_area_km2,862.83,km2,K2,gwis_weekly_burned_area,measured,f_sensor_break;f_min_fire_size;f_product_level
NAC,Nord-Amerika,region,2021-W02,burned_area_km2,667.5,km2,K2,gwis_weekly_burned_area,measured,f_sensor_break;f_min_fire_size;f_product_level
NAC,Nord-Amerika,region,2021-W03,burned_area_km2,1205.08,km2,K2,gwis_weekly_burned_area,measured,f_sensor_break;f_min_fire_size;f_product_level
NAC,Nord-Amerika,region,2021-W04,burned_area_km2,717.47,km2,K2,gwis_weekly_burned_area,measured,f_sensor_break;f_min_fire_size;f_product_level
NAC,Nord-Amerika,region,2021-W05,burned_area_km2,1353.21,km2,K2,gwis_weekly_burned_area,measured,f_sensor_break;f_min_fire_size;f_product_level
NAC,Nord-Amerika,region,2021-W06,burned_area_km2,790.36,km2,K2,gwis_weekly_burned_area,measured,f_sensor_break;f_min_fire_size;f_product_level
NAC,Nord-Amerika,region,2021-W07,burned_area_km2,970.91,km2,K2,gwis_weekly_burned_area,measured,f_sensor_break;f_min_fire_size;f_product_level
NAC,Nord-Amerika,region,2021-W08,burned_area_km2,1973.68,km2,K2,gwis_weekly_burned_area,measured,f_sensor_break;f_min_fire_size;f_product_level
NAC,Nord-Amerika,region,2021-W09,burned_area_km2,2441.79,km2,K2,gwis_weekly_burned_area,measured,f_sensor_break;f_min_fire_size;f_product_level
NAC,Nord-Amerika,region,2021-W10,burned_area_km2,4550.44,km2,K2,gwis_weekly_burned_area,measured,f_sensor_break;f_min_fire_size;f_product_level
NAC,Nord-Amerika,region,2021-W11,burned_area_km2,3321.52,km2,K2,gwis_weekly_burned_area,measured,f_sensor_break;f_min_fire_size;f_product_level
NAC,Nord-Amerika,region,2021-W12,burned_area_km2,4644.2,km2,K2,gwis_weekly_burned_area,measured,f_sensor_break;f_min_fire_size;f_product_level
NAC,Nord-Amerika,region,2021-W13,burned_area_km2,7104.76,km2,K2,gwis_weekly_burned_area,measured,f_sensor_break;f_min_fire_size;f_product_level
NAC,Nord-Amerika,region,2021-W14,burned_area_km2,4929.3,km2,K2,gwis_weekly_burned_area,measured,f_sensor_break;f_min_fire_size;f_product_level
NAC,Nord-Amerika,region,2021-W15,burned_area_km2,7074.4,km2,K2,gwis_weekly_burned_area,measured,f_sensor_break;f_min_fire_size;f_product_level
NAC,Nord-Amerika,region,2021-W16,burned_area_km2,6796.1,km2,K2,gwis_weekly_burned_area,measured,f_sensor_break;f_min_fire_size;f_product_level
NAC,Nord-Amerika,region,2021-W17,burned_area_km2,7187.32,km2,K2,gwis_weekly_burned_area,measured,f_sensor_break;f_min_fire_size;f_product_level
NAC,Nord-Amerika,region,2021-W18,burned_area_km2,5890.63,km2,K2,gwis_weekly_burned_area,measured,f_sensor_break;f_min_fire_size;f_product_level
NAC,Nord-Amerika,region,2021-W19,burned_area_km2,3571.99,km2,K2,gwis_weekly_burned_area,measured,f_sensor_break;f_min_fire_size;f_product_level
NAC,Nord-Amerika,region,2021-W20,burned_area_km2,8180.04,km2,K2,gwis_weekly_burned_area,measured,f_sensor_break;f_min_fire_size;f_product_level
NAC,Nord-Amerika,region,2021-W21,burned_area_km2,5396.75,km2,K2,gwis_weekly_burned_area,measured,f_sensor_break;f_min_fire_size;f_product_level
NAC,Nord-Amerika,region,2021-W22,burned_area_km2,3352.5,km2,K2,gwis_weekly_burned_area,measured,f_sensor_break;f_min_fire_size;f_product_level
NAC,Nord-Amerika,region,2021-W23,burned_area_km2,3242.28,km2,K2,gwis_weekly_burned_area,measured,f_sensor_break;f_min_fire_size;f_product_level
NAC,Nord-Amerika,region,2021-W24,burned_area_km2,1795.83,km2,K2,gwis_weekly_burned_area,measured,f_sensor_break;f_min_fire_size;f_product_level
NAC,Nord-Amerika,region,2021-W25,burned_area_km2,4041.63,km2,K2,gwis_weekly_burned_area,measured,f_sensor_break;f_min_fire_size;f_product_level
NAC,Nord-Amerika,region,2021-W26,burned_area_km2,6755.59,km2,K2,gwis_weekly_burned_area,measured,f_sensor_break;f_min_fire_size;f_product_level
NAC,Nord-Amerika,region,2021-W27,burned_area_km2,7910.78,km2,K2,gwis_weekly_burned_area,measured,f_sensor_break;f_min_fire_size;f_product_level
NAC,Nord-Amerika,region,2021-W28,burned_area_km2,15875.16,km2,K2,gwis_weekly_burned_area,measured,f_sensor_break;f_min_fire_size;f_product_level
NAC,Nord-Amerika,region,2021-W29,burned_area_km2,4986.01,km2,K2,gwis_weekly_burned_area,measured,f_sensor_break;f_min_fire_size;f_product_level
NAC,Nord-Amerika,region,2021-W30,burned_area_km2,5104.98,km2,K2,gwis_weekly_burned_area,measured,f_sensor_break;f_min_fire_size;f_product_level
NAC,Nord-Amerika,region,2021-W31,burned_area_km2,9789.39,km2,K2,gwis_weekly_burned_area,measured,f_sensor_break;f_min_fire_size;f_product_level
NAC,Nord-Amerika,region,2021-W32,burned_area_km2,4185.93,km2,K2,gwis_weekly_burned_area,measured,f_sensor_break;f_min_fire_size;f_product_level
NAC,Nord-Amerika,region,2021-W33,burned_area_km2,3525.03,km2,K2,gwis_weekly_burned_area,measured,f_sensor_break;f_min_fire_size;f_product_level
NAC,Nord-Amerika,region,2021-W34,burned_area_km2,1108.42,km2,K2,gwis_weekly_burned_area,measured,f_sensor_break;f_min_fire_size;f_product_level
NAC,Nord-Amerika,region,2021-W35,burned_area_km2,1137.77,km2,K2,gwis_weekly_burned_area,measured,f_sensor_break;f_min_fire_size;f_product_level
NAC,Nord-Amerika,region,2021-W36,burned_area_km2,1198.62,km2,K2,gwis_weekly_burned_area,measured,f_sensor_break;f_min_fire_size;f_product_level
NAC,Nord-Amerika,region,2021-W37,burned_area_km2,2496.39,km2,K2,gwis_weekly_burned_area,measured,f_sensor_break;f_min_fire_size;f_product_level
NAC,Nord-Amerika,region,2021-W38,burned_area_km2,836.22,km2,K2,gwis_weekly_burned_area,measured,f_sensor_break;f_min_fire_size;f_product_level
NAC,Nord-Amerika,region,2021-W39,burned_area_km2,1183.64,km2,K2,gwis_weekly_burned_area,measured,f_sensor_break;f_min_fire_size;f_product_level
NAC,Nord-Amerika,region,2021-W40,burned_area_km2,1278.16,km2,K2,gwis_weekly_burned_area,measured,f_sensor_break;f_min_fire_size;f_product_level
NAC,Nord-Amerika,region,2021-W41,burned_area_km2,1023.48,km2,K2,gwis_weekly_burned_area,measured,f_sensor_break;f_min_fire_size;f_product_level
NAC,Nord-Amerika,region,2021-W42,burned_area_km2,1839.91,km2,K2,gwis_weekly_burned_area,measured,f_sensor_break;f_min_fire_size;f_product_level
NAC,Nord-Amerika,region,2021-W43,burned_area_km2,1536.28,km2,K2,gwis_weekly_burned_area,measured,f_sensor_break;f_min_fire_size;f_product_level
NAC,Nord-Amerika,region,2021-W44,burned_area_km2,1909.21,km2,K2,gwis_weekly_burned_area,measured,f_sensor_break;f_min_fire_size;f_product_level
NAC,Nord-Amerika,region,2021-W45,burned_area_km2,2062.51,km2,K2,gwis_weekly_burned_area,measured,f_sensor_break;f_min_fire_size;f_product_level
NAC,Nord-Amerika,region,2021-W46,burned_area_km2,1743.97,km2,K2,gwis_weekly_burned_area,measured,f_sensor_break;f_min_fire_size;f_product_level
NAC,Nord-Amerika,region,2021-W47,burned_area_km2,974.23,km2,K2,gwis_weekly_burned_area,measured,f_sensor_break;f_min_fire_size;f_product_level
NAC,Nord-Amerika,region,2021-W48,burned_area_km2,1818.09,km2,K2,gwis_weekly_burned_area,measured,f_sensor_break;f_min_fire_size;f_product_level
NAC,Nord-Amerika,region,2021-W49,burned_area_km2,996.9,km2,K2,gwis_weekly_burned_area,measured,f_sensor_break;f_min_fire_size;f_product_level
NAC,Nord-Amerika,region,2021-W50,burned_area_km2,754.22,km2,K2,gwis_weekly_burned_area,measured,f_sensor_break;f_min_fire_size;f_product_level
NAC,Nord-Amerika,region,2021-W51,burned_area_km2,330.08,km2,K2,gwis_weekly_burned_area,measured,f_sensor_break;f_min_fire_size;f_product_level
NAC,Nord-Amerika,region,2021-W52,burned_area_km2,485.27,km2,K2,gwis_weekly_burned_area,measured,f_sensor_break;f_min_fire_size;f_product_level
NAC,Nord-Amerika,region,2022-W01,burned_area_km2,761.77,km2,K2,gwis_weekly_burned_area,measured,f_sensor_break;f_min_fire_size;f_product_level
NAC,Nord-Amerika,region,2022-W02,burned_area_km2,1246.3,km2,K2,gwis_weekly_burned_area,measured,f_sensor_break;f_min_fire_size;f_product_level
NAC,Nord-Amerika,region,2022-W03,burned_area_km2,960.02,km2,K2,gwis_weekly_burned_area,measured,f_sensor_break;f_min_fire_size;f_product_level
NAC,Nord-Amerika,region,2022-W04,burned_area_km2,1147.24,km2,K2,gwis_weekly_burned_area,measured,f_sensor_break;f_min_fire_size;f_product_level
NAC,Nord-Amerika,region,2022-W05,burned_area_km2,1851.29,km2,K2,gwis_weekly_burned_area,measured,f_sensor_break;f_min_fire_size;f_product_level
NAC,Nord-Amerika,region,2022-W06,burned_area_km2,2294.99,km2,K2,gwis_weekly_burned_area,measured,f_sensor_break;f_min_fire_size;f_product_level
NAC,Nord-Amerika,region,2022-W07,burned_area_km2,2845.62,km2,K2,gwis_weekly_burned_area,measured,f_sensor_break;f_min_fire_size;f_product_level
NAC,Nord-Amerika,region,2022-W08,burned_area_km2,2307.71,km2,K2,gwis_weekly_burned_area,measured,f_sensor_break;f_min_fire_size;f_product_level
NAC,Nord-Amerika,region,2022-W09,burned_area_km2,4564.64,km2,K2,gwis_weekly_burned_area,measured,f_sensor_break;f_min_fire_size;f_product_level
NAC,Nord-Amerika,region,2022-W10,burned_area_km2,2837.55,km2,K2,gwis_weekly_burned_area,measured,f_sensor_break;f_min_fire_size;f_product_level
NAC,Nord-Amerika,region,2022-W11,burned_area_km2,4077.23,km2,K2,gwis_weekly_burned_area,measured,f_sensor_break;f_min_fire_size;f_product_level
NAC,Nord-Amerika,region,2022-W12,burned_area_km2,5054.82,km2,K2,gwis_weekly_burned_area,measured,f_sensor_break;f_min_fire_size;f_product_level
NAC,Nord-Amerika,region,2022-W13,burned_area_km2,6348.12,km2,K2,gwis_weekly_burned_area,measured,f_sensor_break;f_min_fire_size;f_product_level
NAC,Nord-Amerika,region,2022-W14,burned_area_km2,4500.13,km2,K2,gwis_weekly_burned_area,measured,f_sensor_break;f_min_fire_size;f_product_level
NAC,Nord-Amerika,region,2022-W15,burned_area_km2,5033.8,km2,K2,gwis_weekly_burned_area,measured,f_sensor_break;f_min_fire_size;f_product_level
NAC,Nord-Amerika,region,2022-W16,burned_area_km2,9578.34,km2,K2,gwis_weekly_burned_area,measured,f_sensor_break;f_min_fire_size;f_product_level
NAC,Nord-Amerika,region,2022-W17,burned_area_km2,5665.53,km2,K2,gwis_weekly_burned_area,measured,f_sensor_break;f_min_fire_size;f_product_level
NAC,Nord-Amerika,region,2022-W18,burned_area_km2,5764.09,km2,K2,gwis_weekly_burned_area,measured,f_sensor_break;f_min_fire_size;f_product_level
NAC,Nord-Amerika,region,2022-W19,burned_area_km2,7552.04,km2,K2,gwis_weekly_burned_area,measured,f_sensor_break;f_min_fire_size;f_product_level
NAC,Nord-Amerika,region,2022-W20,burned_area_km2,9492.97,km2,K2,gwis_weekly_burned_area,measured,f_sensor_break;f_min_fire_size;f_product_level
NAC,Nord-Amerika,region,2022-W21,burned_area_km2,3827.74,km2,K2,gwis_weekly_burned_area,measured,f_sensor_break;f_min_fire_size;f_product_level
NAC,Nord-Amerika,region,2022-W22,burned_area_km2,2980.46,km2,K2,gwis_weekly_burned_area,measured,f_sensor_break;f_min_fire_size;f_product_level
NAC,Nord-Amerika,region,2022-W23,burned_area_km2,4791.67,km2,K2,gwis_weekly_burned_area,measured,f_sensor_break;f_min_fire_size;f_product_level
NAC,Nord-Amerika,region,2022-W24,burned_area_km2,2494.88,km2,K2,gwis_weekly_burned_area,measured,f_sensor_break;f_min_fire_size;f_product_level
NAC,Nord-Amerika,region,2022-W25,burned_area_km2,4174.02,km2,K2,gwis_weekly_burned_area,measured,f_sensor_break;f_min_fire_size;f_product_level
NAC,Nord-Amerika,region,2022-W26,burned_area_km2,4077.34,km2,K2,gwis_weekly_burned_area,measured,f_sensor_break;f_min_fire_size;f_product_level
NAC,Nord-Amerika,region,2022-W27,burned_area_km2,3760.2,km2,K2,gwis_weekly_burned_area,measured,f_sensor_break;f_min_fire_size;f_product_level
NAC,Nord-Amerika,region,2022-W28,burned_area_km2,3647.07,km2,K2,gwis_weekly_burned_area,measured,f_sensor_break;f_min_fire_size;f_product_level
NAC,Nord-Amerika,region,2022-W29,burned_area_km2,1869.83,km2,K2,gwis_weekly_burned_area,measured,f_sensor_break;f_min_fire_size;f_product_level
NAC,Nord-Amerika,region,2022-W30,burned_area_km2,618.27,km2,K2,gwis_weekly_burned_area,measured,f_sensor_break;f_min_fire_size;f_product_level
NAC,Nord-Amerika,region,2022-W31,burned_area_km2,1813.67,km2,K2,gwis_weekly_burned_area,measured,f_sensor_break;f_min_fire_size;f_product_level
NAC,Nord-Amerika,region,2022-W32,burned_area_km2,900.75,km2,K2,gwis_weekly_burned_area,measured,f_sensor_break;f_min_fire_size;f_product_level
NAC,Nord-Amerika,region,2022-W33,burned_area_km2,2718.48,km2,K2,gwis_weekly_burned_area,measured,f_sensor_break;f_min_fire_size;f_product_level
NAC,Nord-Amerika,region,2022-W34,burned_area_km2,1793.61,km2,K2,gwis_weekly_burned_area,measured,f_sensor_break;f_min_fire_size;f_product_level
NAC,Nord-Amerika,region,2022-W35,burned_area_km2,3472.76,km2,K2,gwis_weekly_burned_area,measured,f_sensor_break;f_min_fire_size;f_product_level
NAC,Nord-Amerika,region,2022-W36,burned_area_km2,1944.53,km2,K2,gwis_weekly_burned_area,measured,f_sensor_break;f_min_fire_size;f_product_level
NAC,Nord-Amerika,region,2022-W37,burned_area_km2,1630.77,km2,K2,gwis_weekly_burned_area,measured,f_sensor_break;f_min_fire_size;f_product_level
NAC,Nord-Amerika,region,2022-W38,burned_area_km2,1556.9,km2,K2,gwis_weekly_burned_area,measured,f_sensor_break;f_min_fire_size;f_product_level
NAC,Nord-Amerika,region,2022-W39,burned_area_km2,1635.65,km2,K2,gwis_weekly_burned_area,measured,f_sensor_break;f_min_fire_size;f_product_level
NAC,Nord-Amerika,region,2022-W40,burned_area_km2,1979.69,km2,K2,gwis_weekly_burned_area,measured,f_sensor_break;f_min_fire_size;f_product_level
NAC,Nord-Amerika,region,2022-W41,burned_area_km2,1419.04,km2,K2,gwis_weekly_burned_area,measured,f_sensor_break;f_min_fire_size;f_product_level
NAC,Nord-Amerika,region,2022-W42,burned_area_km2,1579.03,km2,K2,gwis_weekly_burned_area,measured,f_sensor_break;f_min_fire_size;f_product_level
NAC,Nord-Amerika,region,2022-W43,burned_area_km2,1179.59,km2,K2,gwis_weekly_burned_area,measured,f_sensor_break;f_min_fire_size;f_product_level
NAC,Nord-Amerika,region,2022-W44,burned_area_km2,1537.48,km2,K2,gwis_weekly_burned_area,measured,f_sensor_break;f_min_fire_size;f_product_level
NAC,Nord-Amerika,region,2022-W45,burned_area_km2,1030.95,km2,K2,gwis_weekly_burned_area,measured,f_sensor_break;f_min_fire_size;f_product_level
NAC,Nord-Amerika,region,2022-W46,burned_area_km2,956.99,km2,K2,gwis_weekly_burned_area,measured,f_sensor_break;f_min_fire_size;f_product_level
NAC,Nord-Amerika,region,2022-W47,burned_area_km2,692.2,km2,K2,gwis_weekly_burned_area,measured,f_sensor_break;f_min_fire_size;f_product_level
NAC,Nord-Amerika,region,2022-W48,burned_area_km2,901.41,km2,K2,gwis_weekly_burned_area,measured,f_sensor_break;f_min_fire_size;f_product_level
NAC,Nord-Amerika,region,2022-W49,burned_area_km2,527.46,km2,K2,gwis_weekly_burned_area,measured,f_sensor_break;f_min_fire_size;f_product_level
NAC,Nord-Amerika,region,2022-W50,burned_area_km2,685.82,km2,K2,gwis_weekly_burned_area,measured,f_sensor_break;f_min_fire_size;f_product_level
NAC,Nord-Amerika,region,2022-W51,burned_area_km2,527.15,km2,K2,gwis_weekly_burned_area,measured,f_sensor_break;f_min_fire_size;f_product_level
NAC,Nord-Amerika,region,2022-W52,burned_area_km2,592.07,km2,K2,gwis_weekly_burned_area,measured,f_sensor_break;f_min_fire_size;f_product_level
NAC,Nord-Amerika,region,2023-W01,burned_area_km2,1019.89,km2,K2,gwis_weekly_burned_area,measured,f_sensor_break;f_min_fire_size;f_product_level
NAC,Nord-Amerika,region,2023-W02,burned_area_km2,1327.46,km2,K2,gwis_weekly_burned_area,measured,f_sensor_break;f_min_fire_size;f_product_level
NAC,Nord-Amerika,region,2023-W03,burned_area_km2,1190.36,km2,K2,gwis_weekly_burned_area,measured,f_sensor_break;f_min_fire_size;f_product_level
NAC,Nord-Amerika,region,2023-W04,burned_area_km2,1431.45,km2,K2,gwis_weekly_burned_area,measured,f_sensor_break;f_min_fire_size;f_product_level
NAC,Nord-Amerika,region,2023-W05,burned_area_km2,1261.78,km2,K2,gwis_weekly_burned_area,measured,f_sensor_break;f_min_fire_size;f_product_level
NAC,Nord-Amerika,region,2023-W06,burned_area_km2,1965.56,km2,K2,gwis_weekly_burned_area,measured,f_sensor_break;f_min_fire_size;f_product_level
NAC,Nord-Amerika,region,2023-W07,burned_area_km2,2163.62,km2,K2,gwis_weekly_burned_area,measured,f_sensor_break;f_min_fire_size;f_product_level
NAC,Nord-Amerika,region,2023-W08,burned_area_km2,2326.39,km2,K2,gwis_weekly_burned_area,measured,f_sensor_break;f_min_fire_size;f_product_level
NAC,Nord-Amerika,region,2023-W09,burned_area_km2,3120.31,km2,K2,gwis_weekly_burned_area,measured,f_sensor_break;f_min_fire_size;f_product_level
NAC,Nord-Amerika,region,2023-W10,burned_area_km2,2070.11,km2,K2,gwis_weekly_burned_area,measured,f_sensor_break;f_min_fire_size;f_product_level
NAC,Nord-Amerika,region,2023-W11,burned_area_km2,3223.85,km2,K2,gwis_weekly_burned_area,measured,f_sensor_break;f_min_fire_size;f_product_level
NAC,Nord-Amerika,region,2023-W12,burned_area_km2,4075.69,km2,K2,gwis_weekly_burned_area,measured,f_sensor_break;f_min_fire_size;f_product_level
NAC,Nord-Amerika,region,2023-W13,burned_area_km2,6346.05,km2,K2,gwis_weekly_burned_area,measured,f_sensor_break;f_min_fire_size;f_product_level
NAC,Nord-Amerika,region,2023-W14,burned_area_km2,7452.37,km2,K2,gwis_weekly_burned_area,measured,f_sensor_break;f_min_fire_size;f_product_level
NAC,Nord-Amerika,region,2023-W15,burned_area_km2,8832.51,km2,K2,gwis_weekly_burned_area,measured,f_sensor_break;f_min_fire_size;f_product_level
NAC,Nord-Amerika,region,2023-W16,burned_area_km2,7970.93,km2,K2,gwis_weekly_burned_area,measured,f_sensor_break;f_min_fire_size;f_product_level
NAC,Nord-Amerika,region,2023-W17,burned_area_km2,9034.08,km2,K2,gwis_weekly_burned_area,measured,f_sensor_break;f_min_fire_size;f_product_level
NAC,Nord-Amerika,region,2023-W18,burned_area_km2,14387.0,km2,K2,gwis_weekly_burned_area,measured,f_sensor_break;f_min_fire_size;f_product_level
NAC,Nord-Amerika,region,2023-W19,burned_area_km2,16498.5,km2,K2,gwis_weekly_burned_area,measured,f_sensor_break;f_min_fire_size;f_product_level
NAC,Nord-Amerika,region,2023-W20,burned_area_km2,9694.88,km2,K2,gwis_weekly_burned_area,measured,f_sensor_break;f_min_fire_size;f_product_level
NAC,Nord-Amerika,region,2023-W21,burned_area_km2,10129.69,km2,K2,gwis_weekly_burned_area,measured,f_sensor_break;f_min_fire_size;f_product_level
NAC,Nord-Amerika,region,2023-W22,burned_area_km2,14997.25,km2,K2,gwis_weekly_burned_area,measured,f_sensor_break;f_min_fire_size;f_product_level
NAC,Nord-Amerika,region,2023-W23,burned_area_km2,10847.19,km2,K2,gwis_weekly_burned_area,measured,f_sensor_break;f_min_fire_size;f_product_level
NAC,Nord-Amerika,region,2023-W24,burned_area_km2,10781.5,km2,K2,gwis_weekly_burned_area,measured,f_sensor_break;f_min_fire_size;f_product_level
NAC,Nord-Amerika,region,2023-W25,burned_area_km2,12466.88,km2,K2,gwis_weekly_burned_area,measured,f_sensor_break;f_min_fire_size;f_product_level
NAC,Nord-Amerika,region,2023-W26,burned_area_km2,6280.81,km2,K2,gwis_weekly_burned_area,measured,f_sensor_break;f_min_fire_size;f_product_level
NAC,Nord-Amerika,region,2023-W27,burned_area_km2,16913.78,km2,K2,gwis_weekly_burned_area,measured,f_sensor_break;f_min_fire_size;f_product_level
NAC,Nord-Amerika,region,2023-W28,burned_area_km2,7403.04,km2,K2,gwis_weekly_burned_area,measured,f_sensor_break;f_min_fire_size;f_product_level
NAC,Nord-Amerika,region,2023-W29,burned_area_km2,4919.09,km2,K2,gwis_weekly_burned_area,measured,f_sensor_break;f_min_fire_size;f_product_level
NAC,Nord-Amerika,region,2023-W30,burned_area_km2,9133.25,km2,K2,gwis_weekly_burned_area,measured,f_sensor_break;f_min_fire_size;f_product_level
NAC,Nord-Amerika,region,2023-W31,burned_area_km2,6712.88,km2,K2,gwis_weekly_burned_area,measured,f_sensor_break;f_min_fire_size;f_product_level
NAC,Nord-Amerika,region,2023-W32,burned_area_km2,3780.25,km2,K2,gwis_weekly_burned_area,measured,f_sensor_break;f_min_fire_size;f_product_level
NAC,Nord-Amerika,region,2023-W33,burned_area_km2,9240.38,km2,K2,gwis_weekly_burned_area,measured,f_sensor_break;f_min_fire_size;f_product_level
NAC,Nord-Amerika,region,2023-W34,burned_area_km2,10384.9,km2,K2,gwis_weekly_burned_area,measured,f_sensor_break;f_min_fire_size;f_product_level
NAC,Nord-Amerika,region,2023-W35,burned_area_km2,3963.93,km2,K2,gwis_weekly_burned_area,measured,f_sensor_break;f_min_fire_size;f_product_level
NAC,Nord-Amerika,region,2023-W36,burned_area_km2,6308.28,km2,K2,gwis_weekly_burned_area,measured,f_sensor_break;f_min_fire_size;f_product_level
NAC,Nord-Amerika,region,2023-W37,burned_area_km2,5469.59,km2,K2,gwis_weekly_burned_area,measured,f_sensor_break;f_min_fire_size;f_product_level
NAC,Nord-Amerika,region,2023-W38,burned_area_km2,4132.97,km2,K2,gwis_weekly_burned_area,measured,f_sensor_break;f_min_fire_size;f_product_level
NAC,Nord-Amerika,region,2023-W39,burned_area_km2,644.7,km2,K2,gwis_weekly_burned_area,measured,f_sensor_break;f_min_fire_size;f_product_level
NAC,Nord-Amerika,region,2023-W40,burned_area_km2,374.6,km2,K2,gwis_weekly_burned_area,measured,f_sensor_break;f_min_fire_size;f_product_level
NAC,Nord-Amerika,region,2023-W41,burned_area_km2,458.8,km2,K2,gwis_weekly_burned_area,measured,f_sensor_break;f_min_fire_size;f_product_level
NAC,Nord-Amerika,region,2023-W42,burned_area_km2,695.5,km2,K2,gwis_weekly_burned_area,measured,f_sensor_break;f_min_fire_size;f_product_level
NAC,Nord-Amerika,region,2023-W43,burned_area_km2,388.35,km2,K2,gwis_weekly_burned_area,measured,f_sensor_break;f_min_fire_size;f_product_level
NAC,Nord-Amerika,region,2023-W44,burned_area_km2,671.51,km2,K2,gwis_weekly_burned_area,measured,f_sensor_break;f_min_fire_size;f_product_level
NAC,Nord-Amerika,region,2023-W45,burned_area_km2,865.38,km2,K2,gwis_weekly_burned_area,measured,f_sensor_break;f_min_fire_size;f_product_level
NAC,Nord-Amerika,region,2023-W46,burned_area_km2,759.22,km2,K2,gwis_weekly_burned_area,measured,f_sensor_break;f_min_fire_size;f_product_level
NAC,Nord-Amerika,region,2023-W47,burned_area_km2,469.94,km2,K2,gwis_weekly_burned_area,measured,f_sensor_break;f_min_fire_size;f_product_level
NAC,Nord-Amerika,region,2023-W48,burned_area_km2,762.54,km2,K2,gwis_weekly_burned_area,measured,f_sensor_break;f_min_fire_size;f_product_level
NAC,Nord-Amerika,region,2023-W49,burned_area_km2,776.14,km2,K2,gwis_weekly_burned_area,measured,f_sensor_break;f_min_fire_size;f_product_level
NAC,Nord-Amerika,region,2023-W50,burned_area_km2,555.51,km2,K2,gwis_weekly_burned_area,measured,f_sensor_break;f_min_fire_size;f_product_level
NAC,Nord-Amerika,region,2023-W51,burned_area_km2,419.54,km2,K2,gwis_weekly_burned_area,measured,f_sensor_break;f_min_fire_size;f_product_level
NAC,Nord-Amerika,region,2023-W52,burned_area_km2,396.59,km2,K2,gwis_weekly_burned_area,measured,f_sensor_break;f_min_fire_size;f_product_level
NAC,Nord-Amerika,region,2024-W01,burned_area_km2,283.25,km2,K2,gwis_weekly_burned_area,measured,f_sensor_break;f_min_fire_size;f_product_level
NAC,Nord-Amerika,region,2024-W02,burned_area_km2,345.99,km2,K2,gwis_weekly_burned_area,measured,f_sensor_break;f_min_fire_size;f_product_level
NAC,Nord-Amerika,region,2024-W03,burned_area_km2,389.99,km2,K2,gwis_weekly_burned_area,measured,f_sensor_break;f_min_fire_size;f_product_level
NAC,Nord-Amerika,region,2024-W04,burned_area_km2,486.37,km2,K2,gwis_weekly_burned_area,measured,f_sensor_break;f_min_fire_size;f_product_level
NAC,Nord-Amerika,region,2024-W05,burned_area_km2,1265.03,km2,K2,gwis_weekly_burned_area,measured,f_sensor_break;f_min_fire_size;f_product_level
NAC,Nord-Amerika,region,2024-W06,burned_area_km2,962.42,km2,K2,gwis_weekly_burned_area,measured,f_sensor_break;f_min_fire_size;f_product_level
NAC,Nord-Amerika,region,2024-W07,burned_area_km2,1314.22,km2,K2,gwis_weekly_burned_area,measured,f_sensor_break;f_min_fire_size;f_product_level
NAC,Nord-Amerika,region,2024-W08,burned_area_km2,4016.57,km2,K2,gwis_weekly_burned_area,measured,f_sensor_break;f_min_fire_size;f_product_level
NAC,Nord-Amerika,region,2024-W09,burned_area_km2,2875.05,km2,K2,gwis_weekly_burned_area,measured,f_sensor_break;f_min_fire_size;f_product_level
NAC,Nord-Amerika,region,2024-W10,burned_area_km2,2060.51,km2,K2,gwis_weekly_burned_area,measured,f_sensor_break;f_min_fire_size;f_product_level
NAC,Nord-Amerika,region,2024-W11,burned_area_km2,3295.98,km2,K2,gwis_weekly_burned_area,measured,f_sensor_break;f_min_fire_size;f_product_level
NAC,Nord-Amerika,region,2024-W12,burned_area_km2,1240.04,km2,K2,gwis_weekly_burned_area,measured,f_sensor_break;f_min_fire_size;f_product_level
NAC,Nord-Amerika,region,2024-W13,burned_area_km2,6703.6,km2,K2,gwis_weekly_burned_area,measured,f_sensor_break;f_min_fire_size;f_product_level
NAC,Nord-Amerika,region,2024-W14,burned_area_km2,4996.06,km2,K2,gwis_weekly_burned_area,measured,f_sensor_break;f_min_fire_size;f_product_level
NAC,Nord-Amerika,region,2024-W15,burned_area_km2,5846.99,km2,K2,gwis_weekly_burned_area,measured,f_sensor_break;f_min_fire_size;f_product_level
NAC,Nord-Amerika,region,2024-W16,burned_area_km2,6048.55,km2,K2,gwis_weekly_burned_area,measured,f_sensor_break;f_min_fire_size;f_product_level
NAC,Nord-Amerika,region,2024-W17,burned_area_km2,6952.97,km2,K2,gwis_weekly_burned_area,measured,f_sensor_break;f_min_fire_size;f_product_level
NAC,Nord-Amerika,region,2024-W18,burned_area_km2,6486.21,km2,K2,gwis_weekly_burned_area,measured,f_sensor_break;f_min_fire_size;f_product_level
NAC,Nord-Amerika,region,2024-W19,burned_area_km2,10287.04,km2,K2,gwis_weekly_burned_area,measured,f_sensor_break;f_min_fire_size;f_product_level
NAC,Nord-Amerika,region,2024-W20,burned_area_km2,7604.02,km2,K2,gwis_weekly_burned_area,measured,f_sensor_break;f_min_fire_size;f_product_level
NAC,Nord-Amerika,region,2024-W21,burned_area_km2,7392.32,km2,K2,gwis_weekly_burned_area,measured,f_sensor_break;f_min_fire_size;f_product_level
NAC,Nord-Amerika,region,2024-W22,burned_area_km2,4590.41,km2,K2,gwis_weekly_burned_area,measured,f_sensor_break;f_min_fire_size;f_product_level
NAC,Nord-Amerika,region,2024-W23,burned_area_km2,4015.61,km2,K2,gwis_weekly_burned_area,measured,f_sensor_break;f_min_fire_size;f_product_level
NAC,Nord-Amerika,region,2024-W24,burned_area_km2,979.62,km2,K2,gwis_weekly_burned_area,measured,f_sensor_break;f_min_fire_size;f_product_level
NAC,Nord-Amerika,region,2024-W25,burned_area_km2,1508.57,km2,K2,gwis_weekly_burned_area,measured,f_sensor_break;f_min_fire_size;f_product_level
NAC,Nord-Amerika,region,2024-W26,burned_area_km2,3521.8,km2,K2,gwis_weekly_burned_area,measured,f_sensor_break;f_min_fire_size;f_product_level
NAC,Nord-Amerika,region,2024-W27,burned_area_km2,5263.26,km2,K2,gwis_weekly_burned_area,measured,f_sensor_break;f_min_fire_size;f_product_level
NAC,Nord-Amerika,region,2024-W28,burned_area_km2,6694.79,km2,K2,gwis_weekly_burned_area,measured,f_sensor_break;f_min_fire_size;f_product_level
NAC,Nord-Amerika,region,2024-W29,burned_area_km2,9836.95,km2,K2,gwis_weekly_burned_area,measured,f_sensor_break;f_min_fire_size;f_product_level
NAC,Nord-Amerika,region,2024-W30,burned_area_km2,5655.04,km2,K2,gwis_weekly_burned_area,measured,f_sensor_break;f_min_fire_size;f_product_level
NAC,Nord-Amerika,region,2024-W31,burned_area_km2,8486.92,km2,K2,gwis_weekly_burned_area,measured,f_sensor_break;f_min_fire_size;f_product_level
NAC,Nord-Amerika,region,2024-W32,burned_area_km2,11521.61,km2,K2,gwis_weekly_burned_area,measured,f_sensor_break;f_min_fire_size;f_product_level
NAC,Nord-Amerika,region,2024-W33,burned_area_km2,4597.28,km2,K2,gwis_weekly_burned_area,measured,f_sensor_break;f_min_fire_size;f_product_level
NAC,Nord-Amerika,region,2024-W34,burned_area_km2,2594.31,km2,K2,gwis_weekly_burned_area,measured,f_sensor_break;f_min_fire_size;f_product_level
NAC,Nord-Amerika,region,2024-W35,burned_area_km2,2400.88,km2,K2,gwis_weekly_burned_area,measured,f_sensor_break;f_min_fire_size;f_product_level
NAC,Nord-Amerika,region,2024-W36,burned_area_km2,3750.31,km2,K2,gwis_weekly_burned_area,measured,f_sensor_break;f_min_fire_size;f_product_level
NAC,Nord-Amerika,region,2024-W37,burned_area_km2,1079.12,km2,K2,gwis_weekly_burned_area,measured,f_sensor_break;f_min_fire_size;f_product_level
NAC,Nord-Amerika,region,2024-W38,burned_area_km2,456.72,km2,K2,gwis_weekly_burned_area,measured,f_sensor_break;f_min_fire_size;f_product_level
NAC,Nord-Amerika,region,2024-W39,burned_area_km2,1872.21,km2,K2,gwis_weekly_burned_area,measured,f_sensor_break;f_min_fire_size;f_product_level
NAC,Nord-Amerika,region,2024-W40,burned_area_km2,755.18,km2,K2,gwis_weekly_burned_area,measured,f_sensor_break;f_min_fire_size;f_product_level
NAC,Nord-Amerika,region,2024-W41,burned_area_km2,566.24,km2,K2,gwis_weekly_burned_area,measured,f_sensor_break;f_min_fire_size;f_product_level
NAC,Nord-Amerika,region,2024-W42,burned_area_km2,605.61,km2,K2,gwis_weekly_burned_area,measured,f_sensor_break;f_min_fire_size;f_product_level
NAC,Nord-Amerika,region,2024-W43,burned_area_km2,704.86,km2,K2,gwis_weekly_burned_area,measured,f_sensor_break;f_min_fire_size;f_product_level
NAC,Nord-Amerika,region,2024-W44,burned_area_km2,765.0,km2,K2,gwis_weekly_burned_area,measured,f_sensor_break;f_min_fire_size;f_product_level
NAC,Nord-Amerika,region,2024-W45,burned_area_km2,907.74,km2,K2,gwis_weekly_burned_area,measured,f_sensor_break;f_min_fire_size;f_product_level
NAC,Nord-Amerika,region,2024-W46,burned_area_km2,530.98,km2,K2,gwis_weekly_burned_area,measured,f_sensor_break;f_min_fire_size;f_product_level
NAC,Nord-Amerika,region,2024-W47,burned_area_km2,507.0,km2,K2,gwis_weekly_burned_area,measured,f_sensor_break;f_min_fire_size;f_product_level
NAC,Nord-Amerika,region,2024-W48,burned_area_km2,184.86,km2,K2,gwis_weekly_burned_area,measured,f_sensor_break;f_min_fire_size;f_product_level
NAC,Nord-Amerika,region,2024-W49,burned_area_km2,603.16,km2,K2,gwis_weekly_burned_area,measured,f_sensor_break;f_min_fire_size;f_product_level
NAC,Nord-Amerika,region,2024-W50,burned_area_km2,404.03,km2,K2,gwis_weekly_burned_area,measured,f_sensor_break;f_min_fire_size;f_product_level
NAC,Nord-Amerika,region,2024-W51,burned_area_km2,360.56,km2,K2,gwis_weekly_burned_area,measured,f_sensor_break;f_min_fire_size;f_product_level
NAC,Nord-Amerika,region,2024-W52,burned_area_km2,340.48,km2,K2,gwis_weekly_burned_area,measured,f_sensor_break;f_min_fire_size;f_product_level
NAC,Nord-Amerika,region,2025-W01,burned_area_km2,595.18,km2,K2,gwis_weekly_burned_area,measured,f_sensor_break;f_min_fire_size;f_product_level
NAC,Nord-Amerika,region,2025-W02,burned_area_km2,537.14,km2,K2,gwis_weekly_burned_area,measured,f_sensor_break;f_min_fire_size;f_product_level
NAC,Nord-Amerika,region,2025-W03,burned_area_km2,569.31,km2,K2,gwis_weekly_burned_area,measured,f_sensor_break;f_min_fire_size;f_product_level
NAC,Nord-Amerika,region,2025-W04,burned_area_km2,873.59,km2,K2,gwis_weekly_burned_area,measured,f_sensor_break;f_min_fire_size;f_product_level
NAC,Nord-Amerika,region,2025-W05,burned_area_km2,1087.17,km2,K2,gwis_weekly_burned_area,measured,f_sensor_break;f_min_fire_size;f_product_level
NAC,Nord-Amerika,region,2025-W06,burned_area_km2,669.84,km2,K2,gwis_weekly_burned_area,measured,f_sensor_break;f_min_fire_size;f_product_level
NAC,Nord-Amerika,region,2025-W07,burned_area_km2,854.89,km2,K2,gwis_weekly_burned_area,measured,f_sensor_break;f_min_fire_size;f_product_level
NAC,Nord-Amerika,region,2025-W08,burned_area_km2,1373.5,km2,K2,gwis_weekly_burned_area,measured,f_sensor_break;f_min_fire_size;f_product_level
NAC,Nord-Amerika,region,2025-W09,burned_area_km2,2182.07,km2,K2,gwis_weekly_burned_area,measured,f_sensor_break;f_min_fire_size;f_product_level
NAC,Nord-Amerika,region,2025-W10,burned_area_km2,2332.13,km2,K2,gwis_weekly_burned_area,measured,f_sensor_break;f_min_fire_size;f_product_level
NAC,Nord-Amerika,region,2025-W11,burned_area_km2,2634.47,km2,K2,gwis_weekly_burned_area,measured,f_sensor_break;f_min_fire_size;f_product_level
NAC,Nord-Amerika,region,2025-W12,burned_area_km2,2582.52,km2,K2,gwis_weekly_burned_area,measured,f_sensor_break;f_min_fire_size;f_product_level
NAC,Nord-Amerika,region,2025-W13,burned_area_km2,2171.68,km2,K2,gwis_weekly_burned_area,measured,f_sensor_break;f_min_fire_size;f_product_level
NAC,Nord-Amerika,region,2025-W14,burned_area_km2,2533.19,km2,K2,gwis_weekly_burned_area,measured,f_sensor_break;f_min_fire_size;f_product_level
NAC,Nord-Amerika,region,2025-W15,burned_area_km2,4127.12,km2,K2,gwis_weekly_burned_area,measured,f_sensor_break;f_min_fire_size;f_product_level
NAC,Nord-Amerika,region,2025-W16,burned_area_km2,3198.18,km2,K2,gwis_weekly_burned_area,measured,f_sensor_break;f_min_fire_size;f_product_level
NAC,Nord-Amerika,region,2025-W17,burned_area_km2,3753.45,km2,K2,gwis_weekly_burned_area,measured,f_sensor_break;f_min_fire_size;f_product_level
NAC,Nord-Amerika,region,2025-W18,burned_area_km2,3086.05,km2,K2,gwis_weekly_burned_area,measured,f_sensor_break;f_min_fire_size;f_product_level
NAC,Nord-Amerika,region,2025-W19,burned_area_km2,3822.44,km2,K2,gwis_weekly_burned_area,measured,f_sensor_break;f_min_fire_size;f_product_level
NAC,Nord-Amerika,region,2025-W20,burned_area_km2,8012.74,km2,K2,gwis_weekly_burned_area,measured,f_sensor_break;f_min_fire_size;f_product_level
NAC,Nord-Amerika,region,2025-W21,burned_area_km2,11341.48,km2,K2,gwis_weekly_burned_area,measured,f_sensor_break;f_min_fire_size;f_product_level
NAC,Nord-Amerika,region,2025-W22,burned_area_km2,9435.58,km2,K2,gwis_weekly_burned_area,measured,f_sensor_break;f_min_fire_size;f_product_level
NAC,Nord-Amerika,region,2025-W23,burned_area_km2,2969.71,km2,K2,gwis_weekly_burned_area,measured,f_sensor_break;f_min_fire_size;f_product_level
NAC,Nord-Amerika,region,2025-W24,burned_area_km2,2935.92,km2,K2,gwis_weekly_burned_area,measured,f_sensor_break;f_min_fire_size;f_product_level
NAC,Nord-Amerika,region,2025-W25,burned_area_km2,2220.71,km2,K2,gwis_weekly_burned_area,measured,f_sensor_break;f_min_fire_size;f_product_level
NAC,Nord-Amerika,region,2025-W26,burned_area_km2,4344.98,km2,K2,gwis_weekly_burned_area,measured,f_sensor_break;f_min_fire_size;f_product_level
NAC,Nord-Amerika,region,2025-W27,burned_area_km2,9398.73,km2,K2,gwis_weekly_burned_area,measured,f_sensor_break;f_min_fire_size;f_product_level
NAC,Nord-Amerika,region,2025-W28,burned_area_km2,6981.01,km2,K2,gwis_weekly_burned_area,measured,f_sensor_break;f_min_fire_size;f_product_level
NAC,Nord-Amerika,region,2025-W29,burned_area_km2,6592.38,km2,K2,gwis_weekly_burned_area,measured,f_sensor_break;f_min_fire_size;f_product_level
NAC,Nord-Amerika,region,2025-W30,burned_area_km2,7985.58,km2,K2,gwis_weekly_burned_area,measured,f_sensor_break;f_min_fire_size;f_product_level
NAC,Nord-Amerika,region,2025-W31,burned_area_km2,7161.02,km2,K2,gwis_weekly_burned_area,measured,f_sensor_break;f_min_fire_size;f_product_level
NAC,Nord-Amerika,region,2025-W32,burned_area_km2,1676.31,km2,K2,gwis_weekly_burned_area,measured,f_sensor_break;f_min_fire_size;f_product_level
NAC,Nord-Amerika,region,2025-W33,burned_area_km2,1973.59,km2,K2,gwis_weekly_burned_area,measured,f_sensor_break;f_min_fire_size;f_product_level
NAC,Nord-Amerika,region,2025-W34,burned_area_km2,3590.62,km2,K2,gwis_weekly_burned_area,measured,f_sensor_break;f_min_fire_size;f_product_level
NAC,Nord-Amerika,region,2025-W35,burned_area_km2,4940.88,km2,K2,gwis_weekly_burned_area,measured,f_sensor_break;f_min_fire_size;f_product_level
NAC,Nord-Amerika,region,2025-W36,burned_area_km2,1089.16,km2,K2,gwis_weekly_burned_area,measured,f_sensor_break;f_min_fire_size;f_product_level
NAC,Nord-Amerika,region,2025-W37,burned_area_km2,1295.58,km2,K2,gwis_weekly_burned_area,measured,f_sensor_break;f_min_fire_size;f_product_level
NAC,Nord-Amerika,region,2025-W38,burned_area_km2,1414.03,km2,K2,gwis_weekly_burned_area,measured,f_sensor_break;f_min_fire_size;f_product_level
NAC,Nord-Amerika,region,2025-W39,burned_area_km2,744.41,km2,K2,gwis_weekly_burned_area,measured,f_sensor_break;f_min_fire_size;f_product_level
NAC,Nord-Amerika,region,2025-W40,burned_area_km2,570.96,km2,K2,gwis_weekly_burned_area,measured,f_sensor_break;f_min_fire_size;f_product_level
NAC,Nord-Amerika,region,2025-W41,burned_area_km2,581.21,km2,K2,gwis_weekly_burned_area,measured,f_sensor_break;f_min_fire_size;f_product_level
NAC,Nord-Amerika,region,2025-W42,burned_area_km2,621.12,km2,K2,gwis_weekly_burned_area,measured,f_sensor_break;f_min_fire_size;f_product_level
NAC,Nord-Amerika,region,2025-W43,burned_area_km2,744.8,km2,K2,gwis_weekly_burned_area,measured,f_sensor_break;f_min_fire_size;f_product_level
NAC,Nord-Amerika,region,2025-W44,burned_area_km2,1075.05,km2,K2,gwis_weekly_burned_area,measured,f_sensor_break;f_min_fire_size;f_product_level
NAC,Nord-Amerika,region,2025-W45,burned_area_km2,963.22,km2,K2,gwis_weekly_burned_area,measured,f_sensor_break;f_min_fire_size;f_product_level
NAC,Nord-Amerika,region,2025-W46,burned_area_km2,729.31,km2,K2,gwis_weekly_burned_area,measured,f_sensor_break;f_min_fire_size;f_product_level
NAC,Nord-Amerika,region,2025-W47,burned_area_km2,592.48,km2,K2,gwis_weekly_burned_area,measured,f_sensor_break;f_min_fire_size;f_product_level
NAC,Nord-Amerika,region,2025-W48,burned_area_km2,224.96,km2,K2,gwis_weekly_burned_area,measured,f_sensor_break;f_min_fire_size;f_product_level
NAC,Nord-Amerika,region,2025-W49,burned_area_km2,298.04,km2,K2,gwis_weekly_burned_area,measured,f_sensor_break;f_min_fire_size;f_product_level
NAC,Nord-Amerika,region,2025-W50,burned_area_km2,394.22,km2,K2,gwis_weekly_burned_area,measured,f_sensor_break;f_min_fire_size;f_product_level
NAC,Nord-Amerika,region,2025-W51,burned_area_km2,423.54,km2,K2,gwis_weekly_burned_area,measured,f_sensor_break;f_min_fire_size;f_product_level
NAC,Nord-Amerika,region,2025-W52,burned_area_km2,289.94,km2,K2,gwis_weekly_burned_area,measured,f_sensor_break;f_min_fire_size;f_product_level
NAC,Nord-Amerika,region,2026-W01,burned_area_km2,319.85,km2,K2,gwis_weekly_burned_area,measured,f_sensor_break;f_min_fire_size;f_product_level;f_incomplete_year
NAC,Nord-Amerika,region,2026-W02,burned_area_km2,615.06,km2,K2,gwis_weekly_burned_area,measured,f_sensor_break;f_min_fire_size;f_product_level;f_incomplete_year
NAC,Nord-Amerika,region,2026-W03,burned_area_km2,985.45,km2,K2,gwis_weekly_burned_area,measured,f_sensor_break;f_min_fire_size;f_product_level;f_incomplete_year
NAC,Nord-Amerika,region,2026-W04,burned_area_km2,350.85,km2,K2,gwis_weekly_burned_area,measured,f_sensor_break;f_min_fire_size;f_product_level;f_incomplete_year
NAC,Nord-Amerika,region,2026-W05,burned_area_km2,1082.65,km2,K2,gwis_weekly_burned_area,measured,f_sensor_break;f_min_fire_size;f_product_level;f_incomplete_year
NAC,Nord-Amerika,region,2026-W06,burned_area_km2,1652.88,km2,K2,gwis_weekly_burned_area,measured,f_sensor_break;f_min_fire_size;f_product_level;f_incomplete_year
NAC,Nord-Amerika,region,2026-W07,burned_area_km2,1353.41,km2,K2,gwis_weekly_burned_area,measured,f_sensor_break;f_min_fire_size;f_product_level;f_incomplete_year
NAC,Nord-Amerika,region,2026-W08,burned_area_km2,1853.64,km2,K2,gwis_weekly_burned_area,measured,f_sensor_break;f_min_fire_size;f_product_level;f_incomplete_year
NAC,Nord-Amerika,region,2026-W09,burned_area_km2,1954.51,km2,K2,gwis_weekly_burned_area,measured,f_sensor_break;f_min_fire_size;f_product_level;f_incomplete_year
NAC,Nord-Amerika,region,2026-W10,burned_area_km2,1335.4,km2,K2,gwis_weekly_burned_area,measured,f_sensor_break;f_min_fire_size;f_product_level;f_incomplete_year
NAC,Nord-Amerika,region,2026-W11,burned_area_km2,2571.04,km2,K2,gwis_weekly_burned_area,measured,f_sensor_break;f_min_fire_size;f_product_level;f_incomplete_year
NAC,Nord-Amerika,region,2026-W12,burned_area_km2,3510.25,km2,K2,gwis_weekly_burned_area,measured,f_sensor_break;f_min_fire_size;f_product_level;f_incomplete_year
NAC,Nord-Amerika,region,2026-W13,burned_area_km2,1575.44,km2,K2,gwis_weekly_burned_area,measured,f_sensor_break;f_min_fire_size;f_product_level;f_incomplete_year
NAC,Nord-Amerika,region,2026-W14,burned_area_km2,1797.84,km2,K2,gwis_weekly_burned_area,measured,f_sensor_break;f_min_fire_size;f_product_level;f_incomplete_year
NAC,Nord-Amerika,region,2026-W15,burned_area_km2,2326.03,km2,K2,gwis_weekly_burned_area,measured,f_sensor_break;f_min_fire_size;f_product_level;f_incomplete_year
NAC,Nord-Amerika,region,2026-W16,burned_area_km2,1674.89,km2,K2,gwis_weekly_burned_area,measured,f_sensor_break;f_min_fire_size;f_product_level;f_incomplete_year
NAC,Nord-Amerika,region,2026-W17,burned_area_km2,2699.45,km2,K2,gwis_weekly_burned_area,measured,f_sensor_break;f_min_fire_size;f_product_level;f_incomplete_year
NAC,Nord-Amerika,region,2026-W18,burned_area_km2,2182.73,km2,K2,gwis_weekly_burned_area,measured,f_sensor_break;f_min_fire_size;f_product_level;f_incomplete_year
NAC,Nord-Amerika,region,2026-W19,burned_area_km2,2373.29,km2,K2,gwis_weekly_burned_area,measured,f_sensor_break;f_min_fire_size;f_product_level;f_incomplete_year
NAC,Nord-Amerika,region,2026-W20,burned_area_km2,3157.52,km2,K2,gwis_weekly_burned_area,measured,f_sensor_break;f_min_fire_size;f_product_level;f_incomplete_year
NAC,Nord-Amerika,region,2026-W21,burned_area_km2,1842.08,km2,K2,gwis_weekly_burned_area,measured,f_sensor_break;f_min_fire_size;f_product_level;f_incomplete_year
NAC,Nord-Amerika,region,2026-W22,burned_area_km2,859.07,km2,K2,gwis_weekly_burned_area,measured,f_sensor_break;f_min_fire_size;f_product_level;f_incomplete_year
NAC,Nord-Amerika,region,2026-W23,burned_area_km2,602.05,km2,K2,gwis_weekly_burned_area,measured,f_sensor_break;f_min_fire_size;f_product_level;f_incomplete_year
NAC,Nord-Amerika,region,2026-W24,burned_area_km2,634.79,km2,K2,gwis_weekly_burned_area,measured,f_sensor_break;f_min_fire_size;f_product_level;f_incomplete_year
NAC,Nord-Amerika,region,2026-W25,burned_area_km2,1609.88,km2,K2,gwis_weekly_burned_area,measured,f_sensor_break;f_min_fire_size;f_product_level;f_incomplete_year
NAC,Nord-Amerika,region,2026-W26,burned_area_km2,8475.9,km2,K2,gwis_weekly_burned_area,measured,f_sensor_break;f_min_fire_size;f_product_level;f_incomplete_year
NAC,Nord-Amerika,region,2026-W27,burned_area_km2,4428.55,km2,K2,gwis_weekly_burned_area,measured,f_sensor_break;f_min_fire_size;f_product_level;f_incomplete_year
NAC,Nord-Amerika,region,2026-W28,burned_area_km2,1833.03,km2,K2,gwis_weekly_burned_area,measured,f_sensor_break;f_min_fire_size;f_product_level;f_incomplete_year
NAC,Nord-Amerika,region,2026-W29,burned_area_km2,8576.42,km2,K2,gwis_weekly_burned_area,measured,f_sensor_break;f_min_fire_size;f_product_level;f_incomplete_year
NAC,Nord-Amerika,region,2026-W30,burned_area_km2,5476.6,km2,K2,gwis_weekly_burned_area,measured,f_sensor_break;f_min_fire_size;f_product_level;f_incomplete_year
NAC,Nord-Amerika,region,2026-W31,burned_area_km2,2324.42,km2,K2,gwis_weekly_burned_area,measured,f_sensor_break;f_min_fire_size;f_product_level;f_incomplete_year
OCE,Oseania,region,2012-W01,burned_area_km2,1746.05,km2,K2,gwis_weekly_burned_area,measured,f_sensor_break;f_min_fire_size;f_product_level
OCE,Oseania,region,2012-W02,burned_area_km2,1168.77,km2,K2,gwis_weekly_burned_area,measured,f_sensor_break;f_min_fire_size;f_product_level
OCE,Oseania,region,2012-W03,burned_area_km2,2527.57,km2,K2,gwis_weekly_burned_area,measured,f_sensor_break;f_min_fire_size;f_product_level
OCE,Oseania,region,2012-W04,burned_area_km2,2457.08,km2,K2,gwis_weekly_burned_area,measured,f_sensor_break;f_min_fire_size;f_product_level
OCE,Oseania,region,2012-W05,burned_area_km2,2825.15,km2,K2,gwis_weekly_burned_area,measured,f_sensor_break;f_min_fire_size;f_product_level
OCE,Oseania,region,2012-W06,burned_area_km2,3742.06,km2,K2,gwis_weekly_burned_area,measured,f_sensor_break;f_min_fire_size;f_product_level
OCE,Oseania,region,2012-W07,burned_area_km2,6118.26,km2,K2,gwis_weekly_burned_area,measured,f_sensor_break;f_min_fire_size;f_product_level
OCE,Oseania,region,2012-W08,burned_area_km2,4281.58,km2,K2,gwis_weekly_burned_area,measured,f_sensor_break;f_min_fire_size;f_product_level
OCE,Oseania,region,2012-W09,burned_area_km2,682.6,km2,K2,gwis_weekly_burned_area,measured,f_sensor_break;f_min_fire_size;f_product_level
OCE,Oseania,region,2012-W10,burned_area_km2,610.84,km2,K2,gwis_weekly_burned_area,measured,f_sensor_break;f_min_fire_size;f_product_level
OCE,Oseania,region,2012-W11,burned_area_km2,764.28,km2,K2,gwis_weekly_burned_area,measured,f_sensor_break;f_min_fire_size;f_product_level
OCE,Oseania,region,2012-W12,burned_area_km2,967.06,km2,K2,gwis_weekly_burned_area,measured,f_sensor_break;f_min_fire_size;f_product_level
OCE,Oseania,region,2012-W13,burned_area_km2,2421.8,km2,K2,gwis_weekly_burned_area,measured,f_sensor_break;f_min_fire_size;f_product_level
OCE,Oseania,region,2012-W14,burned_area_km2,6011.51,km2,K2,gwis_weekly_burned_area,measured,f_sensor_break;f_min_fire_size;f_product_level
OCE,Oseania,region,2012-W15,burned_area_km2,11586.38,km2,K2,gwis_weekly_burned_area,measured,f_sensor_break;f_min_fire_size;f_product_level
OCE,Oseania,region,2012-W16,burned_area_km2,11632.17,km2,K2,gwis_weekly_burned_area,measured,f_sensor_break;f_min_fire_size;f_product_level
OCE,Oseania,region,2012-W17,burned_area_km2,4285.59,km2,K2,gwis_weekly_burned_area,measured,f_sensor_break;f_min_fire_size;f_product_level
OCE,Oseania,region,2012-W18,burned_area_km2,13397.52,km2,K2,gwis_weekly_burned_area,measured,f_sensor_break;f_min_fire_size;f_product_level
OCE,Oseania,region,2012-W19,burned_area_km2,13035.44,km2,K2,gwis_weekly_burned_area,measured,f_sensor_break;f_min_fire_size;f_product_level
OCE,Oseania,region,2012-W20,burned_area_km2,11823.6,km2,K2,gwis_weekly_burned_area,measured,f_sensor_break;f_min_fire_size;f_product_level
OCE,Oseania,region,2012-W21,burned_area_km2,9932.22,km2,K2,gwis_weekly_burned_area,measured,f_sensor_break;f_min_fire_size;f_product_level
OCE,Oseania,region,2012-W22,burned_area_km2,8023.49,km2,K2,gwis_weekly_burned_area,measured,f_sensor_break;f_min_fire_size;f_product_level
OCE,Oseania,region,2012-W23,burned_area_km2,8794.35,km2,K2,gwis_weekly_burned_area,measured,f_sensor_break;f_min_fire_size;f_product_level
OCE,Oseania,region,2012-W24,burned_area_km2,11337.84,km2,K2,gwis_weekly_burned_area,measured,f_sensor_break;f_min_fire_size;f_product_level
OCE,Oseania,region,2012-W25,burned_area_km2,11378.35,km2,K2,gwis_weekly_burned_area,measured,f_sensor_break;f_min_fire_size;f_product_level
OCE,Oseania,region,2012-W26,burned_area_km2,11236.56,km2,K2,gwis_weekly_burned_area,measured,f_sensor_break;f_min_fire_size;f_product_level
OCE,Oseania,region,2012-W27,burned_area_km2,9294.5,km2,K2,gwis_weekly_burned_area,measured,f_sensor_break;f_min_fire_size;f_product_level
OCE,Oseania,region,2012-W28,burned_area_km2,3767.12,km2,K2,gwis_weekly_burned_area,measured,f_sensor_break;f_min_fire_size;f_product_level
OCE,Oseania,region,2012-W29,burned_area_km2,8864.81,km2,K2,gwis_weekly_burned_area,measured,f_sensor_break;f_min_fire_size;f_product_level
OCE,Oseania,region,2012-W30,burned_area_km2,10635.45,km2,K2,gwis_weekly_burned_area,measured,f_sensor_break;f_min_fire_size;f_product_level
OCE,Oseania,region,2012-W31,burned_area_km2,11354.27,km2,K2,gwis_weekly_burned_area,measured,f_sensor_break;f_min_fire_size;f_product_level
OCE,Oseania,region,2012-W32,burned_area_km2,16747.79,km2,K2,gwis_weekly_burned_area,measured,f_sensor_break;f_min_fire_size;f_product_level
OCE,Oseania,region,2012-W33,burned_area_km2,9459.18,km2,K2,gwis_weekly_burned_area,measured,f_sensor_break;f_min_fire_size;f_product_level
OCE,Oseania,region,2012-W34,burned_area_km2,14859.66,km2,K2,gwis_weekly_burned_area,measured,f_sensor_break;f_min_fire_size;f_product_level
OCE,Oseania,region,2012-W35,burned_area_km2,18470.15,km2,K2,gwis_weekly_burned_area,measured,f_sensor_break;f_min_fire_size;f_product_level
OCE,Oseania,region,2012-W36,burned_area_km2,24026.97,km2,K2,gwis_weekly_burned_area,measured,f_sensor_break;f_min_fire_size;f_product_level
OCE,Oseania,region,2012-W37,burned_area_km2,20330.96,km2,K2,gwis_weekly_burned_area,measured,f_sensor_break;f_min_fire_size;f_product_level
OCE,Oseania,region,2012-W38,burned_area_km2,28097.77,km2,K2,gwis_weekly_burned_area,measured,f_sensor_break;f_min_fire_size;f_product_level
OCE,Oseania,region,2012-W39,burned_area_km2,24236.55,km2,K2,gwis_weekly_burned_area,measured,f_sensor_break;f_min_fire_size;f_product_level
OCE,Oseania,region,2012-W40,burned_area_km2,20642.02,km2,K2,gwis_weekly_burned_area,measured,f_sensor_break;f_min_fire_size;f_product_level
OCE,Oseania,region,2012-W41,burned_area_km2,26655.55,km2,K2,gwis_weekly_burned_area,measured,f_sensor_break;f_min_fire_size;f_product_level
OCE,Oseania,region,2012-W42,burned_area_km2,42542.34,km2,K2,gwis_weekly_burned_area,measured,f_sensor_break;f_min_fire_size;f_product_level
OCE,Oseania,region,2012-W43,burned_area_km2,35674.36,km2,K2,gwis_weekly_burned_area,measured,f_sensor_break;f_min_fire_size;f_product_level
OCE,Oseania,region,2012-W44,burned_area_km2,29328.02,km2,K2,gwis_weekly_burned_area,measured,f_sensor_break;f_min_fire_size;f_product_level
OCE,Oseania,region,2012-W45,burned_area_km2,29214.19,km2,K2,gwis_weekly_burned_area,measured,f_sensor_break;f_min_fire_size;f_product_level
OCE,Oseania,region,2012-W46,burned_area_km2,20874.37,km2,K2,gwis_weekly_burned_area,measured,f_sensor_break;f_min_fire_size;f_product_level
OCE,Oseania,region,2012-W47,burned_area_km2,29947.65,km2,K2,gwis_weekly_burned_area,measured,f_sensor_break;f_min_fire_size;f_product_level
OCE,Oseania,region,2012-W48,burned_area_km2,20235.73,km2,K2,gwis_weekly_burned_area,measured,f_sensor_break;f_min_fire_size;f_product_level
OCE,Oseania,region,2012-W49,burned_area_km2,19958.75,km2,K2,gwis_weekly_burned_area,measured,f_sensor_break;f_min_fire_size;f_product_level
OCE,Oseania,region,2012-W50,burned_area_km2,9616.44,km2,K2,gwis_weekly_burned_area,measured,f_sensor_break;f_min_fire_size;f_product_level
OCE,Oseania,region,2012-W51,burned_area_km2,4482.65,km2,K2,gwis_weekly_burned_area,measured,f_sensor_break;f_min_fire_size;f_product_level
OCE,Oseania,region,2012-W52,burned_area_km2,5784.16,km2,K2,gwis_weekly_burned_area,measured,f_sensor_break;f_min_fire_size;f_product_level
OCE,Oseania,region,2013-W01,burned_area_km2,8530.39,km2,K2,gwis_weekly_burned_area,measured,f_sensor_break;f_min_fire_size;f_product_level
OCE,Oseania,region,2013-W02,burned_area_km2,11040.69,km2,K2,gwis_weekly_burned_area,measured,f_sensor_break;f_min_fire_size;f_product_level
OCE,Oseania,region,2013-W03,burned_area_km2,3667.15,km2,K2,gwis_weekly_burned_area,measured,f_sensor_break;f_min_fire_size;f_product_level
OCE,Oseania,region,2013-W04,burned_area_km2,2323.89,km2,K2,gwis_weekly_burned_area,measured,f_sensor_break;f_min_fire_size;f_product_level
OCE,Oseania,region,2013-W05,burned_area_km2,4625.18,km2,K2,gwis_weekly_burned_area,measured,f_sensor_break;f_min_fire_size;f_product_level
OCE,Oseania,region,2013-W06,burned_area_km2,2304.19,km2,K2,gwis_weekly_burned_area,measured,f_sensor_break;f_min_fire_size;f_product_level
OCE,Oseania,region,2013-W07,burned_area_km2,1573.57,km2,K2,gwis_weekly_burned_area,measured,f_sensor_break;f_min_fire_size;f_product_level
OCE,Oseania,region,2013-W08,burned_area_km2,1044.58,km2,K2,gwis_weekly_burned_area,measured,f_sensor_break;f_min_fire_size;f_product_level
OCE,Oseania,region,2013-W09,burned_area_km2,353.38,km2,K2,gwis_weekly_burned_area,measured,f_sensor_break;f_min_fire_size;f_product_level
OCE,Oseania,region,2013-W10,burned_area_km2,621.6,km2,K2,gwis_weekly_burned_area,measured,f_sensor_break;f_min_fire_size;f_product_level
OCE,Oseania,region,2013-W11,burned_area_km2,1730.24,km2,K2,gwis_weekly_burned_area,measured,f_sensor_break;f_min_fire_size;f_product_level
OCE,Oseania,region,2013-W12,burned_area_km2,1921.14,km2,K2,gwis_weekly_burned_area,measured,f_sensor_break;f_min_fire_size;f_product_level
OCE,Oseania,region,2013-W13,burned_area_km2,961.58,km2,K2,gwis_weekly_burned_area,measured,f_sensor_break;f_min_fire_size;f_product_level
OCE,Oseania,region,2013-W14,burned_area_km2,2688.89,km2,K2,gwis_weekly_burned_area,measured,f_sensor_break;f_min_fire_size;f_product_level
OCE,Oseania,region,2013-W15,burned_area_km2,5988.12,km2,K2,gwis_weekly_burned_area,measured,f_sensor_break;f_min_fire_size;f_product_level
OCE,Oseania,region,2013-W16,burned_area_km2,6091.37,km2,K2,gwis_weekly_burned_area,measured,f_sensor_break;f_min_fire_size;f_product_level
OCE,Oseania,region,2013-W17,burned_area_km2,9498.53,km2,K2,gwis_weekly_burned_area,measured,f_sensor_break;f_min_fire_size;f_product_level
OCE,Oseania,region,2013-W18,burned_area_km2,6166.02,km2,K2,gwis_weekly_burned_area,measured,f_sensor_break;f_min_fire_size;f_product_level
OCE,Oseania,region,2013-W19,burned_area_km2,5065.9,km2,K2,gwis_weekly_burned_area,measured,f_sensor_break;f_min_fire_size;f_product_level
OCE,Oseania,region,2013-W20,burned_area_km2,1307.54,km2,K2,gwis_weekly_burned_area,measured,f_sensor_break;f_min_fire_size;f_product_level
OCE,Oseania,region,2013-W21,burned_area_km2,1309.05,km2,K2,gwis_weekly_burned_area,measured,f_sensor_break;f_min_fire_size;f_product_level
OCE,Oseania,region,2013-W22,burned_area_km2,2430.55,km2,K2,gwis_weekly_burned_area,measured,f_sensor_break;f_min_fire_size;f_product_level
OCE,Oseania,region,2013-W23,burned_area_km2,2725.51,km2,K2,gwis_weekly_burned_area,measured,f_sensor_break;f_min_fire_size;f_product_level
OCE,Oseania,region,2013-W24,burned_area_km2,5530.4,km2,K2,gwis_weekly_burned_area,measured,f_sensor_break;f_min_fire_size;f_product_level
OCE,Oseania,region,2013-W25,burned_area_km2,4320.37,km2,K2,gwis_weekly_burned_area,measured,f_sensor_break;f_min_fire_size;f_product_level
OCE,Oseania,region,2013-W26,burned_area_km2,6133.01,km2,K2,gwis_weekly_burned_area,measured,f_sensor_break;f_min_fire_size;f_product_level
OCE,Oseania,region,2013-W27,burned_area_km2,3619.48,km2,K2,gwis_weekly_burned_area,measured,f_sensor_break;f_min_fire_size;f_product_level
OCE,Oseania,region,2013-W28,burned_area_km2,3480.35,km2,K2,gwis_weekly_burned_area,measured,f_sensor_break;f_min_fire_size;f_product_level
OCE,Oseania,region,2013-W29,burned_area_km2,4577.88,km2,K2,gwis_weekly_burned_area,measured,f_sensor_break;f_min_fire_size;f_product_level
OCE,Oseania,region,2013-W30,burned_area_km2,8311.08,km2,K2,gwis_weekly_burned_area,measured,f_sensor_break;f_min_fire_size;f_product_level
OCE,Oseania,region,2013-W31,burned_area_km2,5880.23,km2,K2,gwis_weekly_burned_area,measured,f_sensor_break;f_min_fire_size;f_product_level
OCE,Oseania,region,2013-W32,burned_area_km2,6718.69,km2,K2,gwis_weekly_burned_area,measured,f_sensor_break;f_min_fire_size;f_product_level
OCE,Oseania,region,2013-W33,burned_area_km2,6587.38,km2,K2,gwis_weekly_burned_area,measured,f_sensor_break;f_min_fire_size;f_product_level
OCE,Oseania,region,2013-W34,burned_area_km2,6688.82,km2,K2,gwis_weekly_burned_area,measured,f_sensor_break;f_min_fire_size;f_product_level
OCE,Oseania,region,2013-W35,burned_area_km2,5866.63,km2,K2,gwis_weekly_burned_area,measured,f_sensor_break;f_min_fire_size;f_product_level
OCE,Oseania,region,2013-W36,burned_area_km2,5427.0,km2,K2,gwis_weekly_burned_area,measured,f_sensor_break;f_min_fire_size;f_product_level
OCE,Oseania,region,2013-W37,burned_area_km2,8072.61,km2,K2,gwis_weekly_burned_area,measured,f_sensor_break;f_min_fire_size;f_product_level
OCE,Oseania,region,2013-W38,burned_area_km2,8734.66,km2,K2,gwis_weekly_burned_area,measured,f_sensor_break;f_min_fire_size;f_product_level
OCE,Oseania,region,2013-W39,burned_area_km2,8180.28,km2,K2,gwis_weekly_burned_area,measured,f_sensor_break;f_min_fire_size;f_product_level
OCE,Oseania,region,2013-W40,burned_area_km2,9060.81,km2,K2,gwis_weekly_burned_area,measured,f_sensor_break;f_min_fire_size;f_product_level
OCE,Oseania,region,2013-W41,burned_area_km2,7392.16,km2,K2,gwis_weekly_burned_area,measured,f_sensor_break;f_min_fire_size;f_product_level
OCE,Oseania,region,2013-W42,burned_area_km2,9391.96,km2,K2,gwis_weekly_burned_area,measured,f_sensor_break;f_min_fire_size;f_product_level
OCE,Oseania,region,2013-W43,burned_area_km2,9918.87,km2,K2,gwis_weekly_burned_area,measured,f_sensor_break;f_min_fire_size;f_product_level
OCE,Oseania,region,2013-W44,burned_area_km2,10188.83,km2,K2,gwis_weekly_burned_area,measured,f_sensor_break;f_min_fire_size;f_product_level
OCE,Oseania,region,2013-W45,burned_area_km2,11805.27,km2,K2,gwis_weekly_burned_area,measured,f_sensor_break;f_min_fire_size;f_product_level
OCE,Oseania,region,2013-W46,burned_area_km2,4613.8,km2,K2,gwis_weekly_burned_area,measured,f_sensor_break;f_min_fire_size;f_product_level
OCE,Oseania,region,2013-W47,burned_area_km2,2999.54,km2,K2,gwis_weekly_burned_area,measured,f_sensor_break;f_min_fire_size;f_product_level
OCE,Oseania,region,2013-W48,burned_area_km2,3824.7,km2,K2,gwis_weekly_burned_area,measured,f_sensor_break;f_min_fire_size;f_product_level
OCE,Oseania,region,2013-W49,burned_area_km2,4157.6,km2,K2,gwis_weekly_burned_area,measured,f_sensor_break;f_min_fire_size;f_product_level
OCE,Oseania,region,2013-W50,burned_area_km2,3425.48,km2,K2,gwis_weekly_burned_area,measured,f_sensor_break;f_min_fire_size;f_product_level
OCE,Oseania,region,2013-W51,burned_area_km2,4487.56,km2,K2,gwis_weekly_burned_area,measured,f_sensor_break;f_min_fire_size;f_product_level
OCE,Oseania,region,2013-W52,burned_area_km2,4017.5,km2,K2,gwis_weekly_burned_area,measured,f_sensor_break;f_min_fire_size;f_product_level
OCE,Oseania,region,2014-W01,burned_area_km2,3609.74,km2,K2,gwis_weekly_burned_area,measured,f_sensor_break;f_min_fire_size;f_product_level
OCE,Oseania,region,2014-W02,burned_area_km2,3118.59,km2,K2,gwis_weekly_burned_area,measured,f_sensor_break;f_min_fire_size;f_product_level
OCE,Oseania,region,2014-W03,burned_area_km2,5203.83,km2,K2,gwis_weekly_burned_area,measured,f_sensor_break;f_min_fire_size;f_product_level
OCE,Oseania,region,2014-W04,burned_area_km2,2033.79,km2,K2,gwis_weekly_burned_area,measured,f_sensor_break;f_min_fire_size;f_product_level
OCE,Oseania,region,2014-W05,burned_area_km2,684.59,km2,K2,gwis_weekly_burned_area,measured,f_sensor_break;f_min_fire_size;f_product_level
OCE,Oseania,region,2014-W06,burned_area_km2,1140.97,km2,K2,gwis_weekly_burned_area,measured,f_sensor_break;f_min_fire_size;f_product_level
OCE,Oseania,region,2014-W07,burned_area_km2,1101.99,km2,K2,gwis_weekly_burned_area,measured,f_sensor_break;f_min_fire_size;f_product_level
OCE,Oseania,region,2014-W08,burned_area_km2,682.29,km2,K2,gwis_weekly_burned_area,measured,f_sensor_break;f_min_fire_size;f_product_level
OCE,Oseania,region,2014-W09,burned_area_km2,801.93,km2,K2,gwis_weekly_burned_area,measured,f_sensor_break;f_min_fire_size;f_product_level
OCE,Oseania,region,2014-W10,burned_area_km2,1734.77,km2,K2,gwis_weekly_burned_area,measured,f_sensor_break;f_min_fire_size;f_product_level
OCE,Oseania,region,2014-W11,burned_area_km2,2745.48,km2,K2,gwis_weekly_burned_area,measured,f_sensor_break;f_min_fire_size;f_product_level
OCE,Oseania,region,2014-W12,burned_area_km2,2374.77,km2,K2,gwis_weekly_burned_area,measured,f_sensor_break;f_min_fire_size;f_product_level
OCE,Oseania,region,2014-W13,burned_area_km2,2591.34,km2,K2,gwis_weekly_burned_area,measured,f_sensor_break;f_min_fire_size;f_product_level
OCE,Oseania,region,2014-W14,burned_area_km2,2952.18,km2,K2,gwis_weekly_burned_area,measured,f_sensor_break;f_min_fire_size;f_product_level
OCE,Oseania,region,2014-W15,burned_area_km2,2923.53,km2,K2,gwis_weekly_burned_area,measured,f_sensor_break;f_min_fire_size;f_product_level
OCE,Oseania,region,2014-W16,burned_area_km2,5206.83,km2,K2,gwis_weekly_burned_area,measured,f_sensor_break;f_min_fire_size;f_product_level
OCE,Oseania,region,2014-W17,burned_area_km2,5100.26,km2,K2,gwis_weekly_burned_area,measured,f_sensor_break;f_min_fire_size;f_product_level
OCE,Oseania,region,2014-W18,burned_area_km2,3678.11,km2,K2,gwis_weekly_burned_area,measured,f_sensor_break;f_min_fire_size;f_product_level
OCE,Oseania,region,2014-W19,burned_area_km2,7765.8,km2,K2,gwis_weekly_burned_area,measured,f_sensor_break;f_min_fire_size;f_product_level
OCE,Oseania,region,2014-W20,burned_area_km2,4083.87,km2,K2,gwis_weekly_burned_area,measured,f_sensor_break;f_min_fire_size;f_product_level
OCE,Oseania,region,2014-W21,burned_area_km2,7718.72,km2,K2,gwis_weekly_burned_area,measured,f_sensor_break;f_min_fire_size;f_product_level
OCE,Oseania,region,2014-W22,burned_area_km2,5315.41,km2,K2,gwis_weekly_burned_area,measured,f_sensor_break;f_min_fire_size;f_product_level
OCE,Oseania,region,2014-W23,burned_area_km2,14868.68,km2,K2,gwis_weekly_burned_area,measured,f_sensor_break;f_min_fire_size;f_product_level
OCE,Oseania,region,2014-W24,burned_area_km2,5317.72,km2,K2,gwis_weekly_burned_area,measured,f_sensor_break;f_min_fire_size;f_product_level
OCE,Oseania,region,2014-W25,burned_area_km2,7361.08,km2,K2,gwis_weekly_burned_area,measured,f_sensor_break;f_min_fire_size;f_product_level
OCE,Oseania,region,2014-W26,burned_area_km2,7669.63,km2,K2,gwis_weekly_burned_area,measured,f_sensor_break;f_min_fire_size;f_product_level
OCE,Oseania,region,2014-W27,burned_area_km2,5847.63,km2,K2,gwis_weekly_burned_area,measured,f_sensor_break;f_min_fire_size;f_product_level
OCE,Oseania,region,2014-W28,burned_area_km2,3916.62,km2,K2,gwis_weekly_burned_area,measured,f_sensor_break;f_min_fire_size;f_product_level
OCE,Oseania,region,2014-W29,burned_area_km2,6547.3,km2,K2,gwis_weekly_burned_area,measured,f_sensor_break;f_min_fire_size;f_product_level
OCE,Oseania,region,2014-W30,burned_area_km2,5986.27,km2,K2,gwis_weekly_burned_area,measured,f_sensor_break;f_min_fire_size;f_product_level
OCE,Oseania,region,2014-W31,burned_area_km2,7669.44,km2,K2,gwis_weekly_burned_area,measured,f_sensor_break;f_min_fire_size;f_product_level
OCE,Oseania,region,2014-W32,burned_area_km2,10519.25,km2,K2,gwis_weekly_burned_area,measured,f_sensor_break;f_min_fire_size;f_product_level
OCE,Oseania,region,2014-W33,burned_area_km2,11853.99,km2,K2,gwis_weekly_burned_area,measured,f_sensor_break;f_min_fire_size;f_product_level
OCE,Oseania,region,2014-W34,burned_area_km2,13171.23,km2,K2,gwis_weekly_burned_area,measured,f_sensor_break;f_min_fire_size;f_product_level
OCE,Oseania,region,2014-W35,burned_area_km2,12121.93,km2,K2,gwis_weekly_burned_area,measured,f_sensor_break;f_min_fire_size;f_product_level
OCE,Oseania,region,2014-W36,burned_area_km2,9442.54,km2,K2,gwis_weekly_burned_area,measured,f_sensor_break;f_min_fire_size;f_product_level
OCE,Oseania,region,2014-W37,burned_area_km2,12637.36,km2,K2,gwis_weekly_burned_area,measured,f_sensor_break;f_min_fire_size;f_product_level
OCE,Oseania,region,2014-W38,burned_area_km2,12179.77,km2,K2,gwis_weekly_burned_area,measured,f_sensor_break;f_min_fire_size;f_product_level
OCE,Oseania,region,2014-W39,burned_area_km2,13815.12,km2,K2,gwis_weekly_burned_area,measured,f_sensor_break;f_min_fire_size;f_product_level
OCE,Oseania,region,2014-W40,burned_area_km2,11927.59,km2,K2,gwis_weekly_burned_area,measured,f_sensor_break;f_min_fire_size;f_product_level
OCE,Oseania,region,2014-W41,burned_area_km2,15272.27,km2,K2,gwis_weekly_burned_area,measured,f_sensor_break;f_min_fire_size;f_product_level
OCE,Oseania,region,2014-W42,burned_area_km2,26268.07,km2,K2,gwis_weekly_burned_area,measured,f_sensor_break;f_min_fire_size;f_product_level
OCE,Oseania,region,2014-W43,burned_area_km2,16763.47,km2,K2,gwis_weekly_burned_area,measured,f_sensor_break;f_min_fire_size;f_product_level
OCE,Oseania,region,2014-W44,burned_area_km2,14163.04,km2,K2,gwis_weekly_burned_area,measured,f_sensor_break;f_min_fire_size;f_product_level
OCE,Oseania,region,2014-W45,burned_area_km2,17589.57,km2,K2,gwis_weekly_burned_area,measured,f_sensor_break;f_min_fire_size;f_product_level
OCE,Oseania,region,2014-W46,burned_area_km2,7815.94,km2,K2,gwis_weekly_burned_area,measured,f_sensor_break;f_min_fire_size;f_product_level
OCE,Oseania,region,2014-W47,burned_area_km2,6314.56,km2,K2,gwis_weekly_burned_area,measured,f_sensor_break;f_min_fire_size;f_product_level
OCE,Oseania,region,2014-W48,burned_area_km2,3818.88,km2,K2,gwis_weekly_burned_area,measured,f_sensor_break;f_min_fire_size;f_product_level
OCE,Oseania,region,2014-W49,burned_area_km2,3653.66,km2,K2,gwis_weekly_burned_area,measured,f_sensor_break;f_min_fire_size;f_product_level
OCE,Oseania,region,2014-W50,burned_area_km2,4717.98,km2,K2,gwis_weekly_burned_area,measured,f_sensor_break;f_min_fire_size;f_product_level
OCE,Oseania,region,2014-W51,burned_area_km2,4247.05,km2,K2,gwis_weekly_burned_area,measured,f_sensor_break;f_min_fire_size;f_product_level
OCE,Oseania,region,2014-W52,burned_area_km2,1331.86,km2,K2,gwis_weekly_burned_area,measured,f_sensor_break;f_min_fire_size;f_product_level
OCE,Oseania,region,2015-W01,burned_area_km2,2535.41,km2,K2,gwis_weekly_burned_area,measured,f_sensor_break;f_min_fire_size;f_product_level
OCE,Oseania,region,2015-W02,burned_area_km2,592.89,km2,K2,gwis_weekly_burned_area,measured,f_sensor_break;f_min_fire_size;f_product_level
OCE,Oseania,region,2015-W03,burned_area_km2,917.65,km2,K2,gwis_weekly_burned_area,measured,f_sensor_break;f_min_fire_size;f_product_level
OCE,Oseania,region,2015-W04,burned_area_km2,1528.62,km2,K2,gwis_weekly_burned_area,measured,f_sensor_break;f_min_fire_size;f_product_level
OCE,Oseania,region,2015-W05,burned_area_km2,2806.51,km2,K2,gwis_weekly_burned_area,measured,f_sensor_break;f_min_fire_size;f_product_level
OCE,Oseania,region,2015-W06,burned_area_km2,1325.51,km2,K2,gwis_weekly_burned_area,measured,f_sensor_break;f_min_fire_size;f_product_level
OCE,Oseania,region,2015-W07,burned_area_km2,1192.74,km2,K2,gwis_weekly_burned_area,measured,f_sensor_break;f_min_fire_size;f_product_level
OCE,Oseania,region,2015-W08,burned_area_km2,981.89,km2,K2,gwis_weekly_burned_area,measured,f_sensor_break;f_min_fire_size;f_product_level
OCE,Oseania,region,2015-W09,burned_area_km2,1394.5,km2,K2,gwis_weekly_burned_area,measured,f_sensor_break;f_min_fire_size;f_product_level
OCE,Oseania,region,2015-W10,burned_area_km2,3006.64,km2,K2,gwis_weekly_burned_area,measured,f_sensor_break;f_min_fire_size;f_product_level
OCE,Oseania,region,2015-W11,burned_area_km2,2729.86,km2,K2,gwis_weekly_burned_area,measured,f_sensor_break;f_min_fire_size;f_product_level
OCE,Oseania,region,2015-W12,burned_area_km2,4551.55,km2,K2,gwis_weekly_burned_area,measured,f_sensor_break;f_min_fire_size;f_product_level
OCE,Oseania,region,2015-W13,burned_area_km2,5283.71,km2,K2,gwis_weekly_burned_area,measured,f_sensor_break;f_min_fire_size;f_product_level
OCE,Oseania,region,2015-W14,burned_area_km2,6787.47,km2,K2,gwis_weekly_burned_area,measured,f_sensor_break;f_min_fire_size;f_product_level
OCE,Oseania,region,2015-W15,burned_area_km2,6209.26,km2,K2,gwis_weekly_burned_area,measured,f_sensor_break;f_min_fire_size;f_product_level
OCE,Oseania,region,2015-W16,burned_area_km2,11761.14,km2,K2,gwis_weekly_burned_area,measured,f_sensor_break;f_min_fire_size;f_product_level
OCE,Oseania,region,2015-W17,burned_area_km2,20415.95,km2,K2,gwis_weekly_burned_area,measured,f_sensor_break;f_min_fire_size;f_product_level
OCE,Oseania,region,2015-W18,burned_area_km2,11011.06,km2,K2,gwis_weekly_burned_area,measured,f_sensor_break;f_min_fire_size;f_product_level
OCE,Oseania,region,2015-W19,burned_area_km2,15570.43,km2,K2,gwis_weekly_burned_area,measured,f_sensor_break;f_min_fire_size;f_product_level
OCE,Oseania,region,2015-W20,burned_area_km2,8405.62,km2,K2,gwis_weekly_burned_area,measured,f_sensor_break;f_min_fire_size;f_product_level
OCE,Oseania,region,2015-W21,burned_area_km2,6304.34,km2,K2,gwis_weekly_burned_area,measured,f_sensor_break;f_min_fire_size;f_product_level
OCE,Oseania,region,2015-W22,burned_area_km2,5423.25,km2,K2,gwis_weekly_burned_area,measured,f_sensor_break;f_min_fire_size;f_product_level
OCE,Oseania,region,2015-W23,burned_area_km2,4515.17,km2,K2,gwis_weekly_burned_area,measured,f_sensor_break;f_min_fire_size;f_product_level
OCE,Oseania,region,2015-W24,burned_area_km2,2455.34,km2,K2,gwis_weekly_burned_area,measured,f_sensor_break;f_min_fire_size;f_product_level
OCE,Oseania,region,2015-W25,burned_area_km2,4706.75,km2,K2,gwis_weekly_burned_area,measured,f_sensor_break;f_min_fire_size;f_product_level
OCE,Oseania,region,2015-W26,burned_area_km2,6547.02,km2,K2,gwis_weekly_burned_area,measured,f_sensor_break;f_min_fire_size;f_product_level
OCE,Oseania,region,2015-W27,burned_area_km2,5141.27,km2,K2,gwis_weekly_burned_area,measured,f_sensor_break;f_min_fire_size;f_product_level
OCE,Oseania,region,2015-W28,burned_area_km2,9589.41,km2,K2,gwis_weekly_burned_area,measured,f_sensor_break;f_min_fire_size;f_product_level
OCE,Oseania,region,2015-W29,burned_area_km2,3994.51,km2,K2,gwis_weekly_burned_area,measured,f_sensor_break;f_min_fire_size;f_product_level
OCE,Oseania,region,2015-W30,burned_area_km2,6665.78,km2,K2,gwis_weekly_burned_area,measured,f_sensor_break;f_min_fire_size;f_product_level
OCE,Oseania,region,2015-W31,burned_area_km2,5733.59,km2,K2,gwis_weekly_burned_area,measured,f_sensor_break;f_min_fire_size;f_product_level
OCE,Oseania,region,2015-W32,burned_area_km2,7400.31,km2,K2,gwis_weekly_burned_area,measured,f_sensor_break;f_min_fire_size;f_product_level
OCE,Oseania,region,2015-W33,burned_area_km2,9918.08,km2,K2,gwis_weekly_burned_area,measured,f_sensor_break;f_min_fire_size;f_product_level
OCE,Oseania,region,2015-W34,burned_area_km2,6090.29,km2,K2,gwis_weekly_burned_area,measured,f_sensor_break;f_min_fire_size;f_product_level
OCE,Oseania,region,2015-W35,burned_area_km2,7207.89,km2,K2,gwis_weekly_burned_area,measured,f_sensor_break;f_min_fire_size;f_product_level
OCE,Oseania,region,2015-W36,burned_area_km2,9893.29,km2,K2,gwis_weekly_burned_area,measured,f_sensor_break;f_min_fire_size;f_product_level
OCE,Oseania,region,2015-W37,burned_area_km2,10738.07,km2,K2,gwis_weekly_burned_area,measured,f_sensor_break;f_min_fire_size;f_product_level
OCE,Oseania,region,2015-W38,burned_area_km2,11539.82,km2,K2,gwis_weekly_burned_area,measured,f_sensor_break;f_min_fire_size;f_product_level
OCE,Oseania,region,2015-W39,burned_area_km2,9539.63,km2,K2,gwis_weekly_burned_area,measured,f_sensor_break;f_min_fire_size;f_product_level
OCE,Oseania,region,2015-W40,burned_area_km2,13128.88,km2,K2,gwis_weekly_burned_area,measured,f_sensor_break;f_min_fire_size;f_product_level
OCE,Oseania,region,2015-W41,burned_area_km2,10577.62,km2,K2,gwis_weekly_burned_area,measured,f_sensor_break;f_min_fire_size;f_product_level
OCE,Oseania,region,2015-W42,burned_area_km2,10694.16,km2,K2,gwis_weekly_burned_area,measured,f_sensor_break;f_min_fire_size;f_product_level
OCE,Oseania,region,2015-W43,burned_area_km2,13172.4,km2,K2,gwis_weekly_burned_area,measured,f_sensor_break;f_min_fire_size;f_product_level
OCE,Oseania,region,2015-W44,burned_area_km2,13647.44,km2,K2,gwis_weekly_burned_area,measured,f_sensor_break;f_min_fire_size;f_product_level
OCE,Oseania,region,2015-W45,burned_area_km2,9513.97,km2,K2,gwis_weekly_burned_area,measured,f_sensor_break;f_min_fire_size;f_product_level
OCE,Oseania,region,2015-W46,burned_area_km2,19021.22,km2,K2,gwis_weekly_burned_area,measured,f_sensor_break;f_min_fire_size;f_product_level
OCE,Oseania,region,2015-W47,burned_area_km2,13072.0,km2,K2,gwis_weekly_burned_area,measured,f_sensor_break;f_min_fire_size;f_product_level
OCE,Oseania,region,2015-W48,burned_area_km2,8058.53,km2,K2,gwis_weekly_burned_area,measured,f_sensor_break;f_min_fire_size;f_product_level
OCE,Oseania,region,2015-W49,burned_area_km2,4209.75,km2,K2,gwis_weekly_burned_area,measured,f_sensor_break;f_min_fire_size;f_product_level
OCE,Oseania,region,2015-W50,burned_area_km2,2468.11,km2,K2,gwis_weekly_burned_area,measured,f_sensor_break;f_min_fire_size;f_product_level
OCE,Oseania,region,2015-W51,burned_area_km2,1691.83,km2,K2,gwis_weekly_burned_area,measured,f_sensor_break;f_min_fire_size;f_product_level
OCE,Oseania,region,2015-W52,burned_area_km2,1210.76,km2,K2,gwis_weekly_burned_area,measured,f_sensor_break;f_min_fire_size;f_product_level
OCE,Oseania,region,2016-W01,burned_area_km2,2659.51,km2,K2,gwis_weekly_burned_area,measured,f_sensor_break;f_min_fire_size;f_product_level
OCE,Oseania,region,2016-W02,burned_area_km2,3007.09,km2,K2,gwis_weekly_burned_area,measured,f_sensor_break;f_min_fire_size;f_product_level
OCE,Oseania,region,2016-W03,burned_area_km2,1852.67,km2,K2,gwis_weekly_burned_area,measured,f_sensor_break;f_min_fire_size;f_product_level
OCE,Oseania,region,2016-W04,burned_area_km2,755.76,km2,K2,gwis_weekly_burned_area,measured,f_sensor_break;f_min_fire_size;f_product_level
OCE,Oseania,region,2016-W05,burned_area_km2,315.27,km2,K2,gwis_weekly_burned_area,measured,f_sensor_break;f_min_fire_size;f_product_level
OCE,Oseania,region,2016-W06,burned_area_km2,706.35,km2,K2,gwis_weekly_burned_area,measured,f_sensor_break;f_min_fire_size;f_product_level
OCE,Oseania,region,2016-W07,burned_area_km2,1016.18,km2,K2,gwis_weekly_burned_area,measured,f_sensor_break;f_min_fire_size;f_product_level
OCE,Oseania,region,2016-W08,burned_area_km2,937.03,km2,K2,gwis_weekly_burned_area,measured,f_sensor_break;f_min_fire_size;f_product_level
OCE,Oseania,region,2016-W09,burned_area_km2,1788.34,km2,K2,gwis_weekly_burned_area,measured,f_sensor_break;f_min_fire_size;f_product_level
OCE,Oseania,region,2016-W10,burned_area_km2,1441.46,km2,K2,gwis_weekly_burned_area,measured,f_sensor_break;f_min_fire_size;f_product_level
OCE,Oseania,region,2016-W11,burned_area_km2,1053.34,km2,K2,gwis_weekly_burned_area,measured,f_sensor_break;f_min_fire_size;f_product_level
OCE,Oseania,region,2016-W12,burned_area_km2,1543.36,km2,K2,gwis_weekly_burned_area,measured,f_sensor_break;f_min_fire_size;f_product_level
OCE,Oseania,region,2016-W13,burned_area_km2,2256.82,km2,K2,gwis_weekly_burned_area,measured,f_sensor_break;f_min_fire_size;f_product_level
OCE,Oseania,region,2016-W14,burned_area_km2,4411.91,km2,K2,gwis_weekly_burned_area,measured,f_sensor_break;f_min_fire_size;f_product_level
OCE,Oseania,region,2016-W15,burned_area_km2,7590.19,km2,K2,gwis_weekly_burned_area,measured,f_sensor_break;f_min_fire_size;f_product_level
OCE,Oseania,region,2016-W16,burned_area_km2,9609.24,km2,K2,gwis_weekly_burned_area,measured,f_sensor_break;f_min_fire_size;f_product_level
OCE,Oseania,region,2016-W17,burned_area_km2,6970.04,km2,K2,gwis_weekly_burned_area,measured,f_sensor_break;f_min_fire_size;f_product_level
OCE,Oseania,region,2016-W18,burned_area_km2,2579.54,km2,K2,gwis_weekly_burned_area,measured,f_sensor_break;f_min_fire_size;f_product_level
OCE,Oseania,region,2016-W19,burned_area_km2,2144.41,km2,K2,gwis_weekly_burned_area,measured,f_sensor_break;f_min_fire_size;f_product_level
OCE,Oseania,region,2016-W20,burned_area_km2,5330.58,km2,K2,gwis_weekly_burned_area,measured,f_sensor_break;f_min_fire_size;f_product_level
OCE,Oseania,region,2016-W21,burned_area_km2,2958.35,km2,K2,gwis_weekly_burned_area,measured,f_sensor_break;f_min_fire_size;f_product_level
OCE,Oseania,region,2016-W22,burned_area_km2,3700.77,km2,K2,gwis_weekly_burned_area,measured,f_sensor_break;f_min_fire_size;f_product_level
OCE,Oseania,region,2016-W23,burned_area_km2,4927.91,km2,K2,gwis_weekly_burned_area,measured,f_sensor_break;f_min_fire_size;f_product_level
OCE,Oseania,region,2016-W24,burned_area_km2,4658.52,km2,K2,gwis_weekly_burned_area,measured,f_sensor_break;f_min_fire_size;f_product_level
OCE,Oseania,region,2016-W25,burned_area_km2,3939.55,km2,K2,gwis_weekly_burned_area,measured,f_sensor_break;f_min_fire_size;f_product_level
OCE,Oseania,region,2016-W26,burned_area_km2,6909.29,km2,K2,gwis_weekly_burned_area,measured,f_sensor_break;f_min_fire_size;f_product_level
OCE,Oseania,region,2016-W27,burned_area_km2,6859.61,km2,K2,gwis_weekly_burned_area,measured,f_sensor_break;f_min_fire_size;f_product_level
OCE,Oseania,region,2016-W28,burned_area_km2,4198.8,km2,K2,gwis_weekly_burned_area,measured,f_sensor_break;f_min_fire_size;f_product_level
OCE,Oseania,region,2016-W29,burned_area_km2,5269.48,km2,K2,gwis_weekly_burned_area,measured,f_sensor_break;f_min_fire_size;f_product_level
OCE,Oseania,region,2016-W30,burned_area_km2,9537.8,km2,K2,gwis_weekly_burned_area,measured,f_sensor_break;f_min_fire_size;f_product_level
OCE,Oseania,region,2016-W31,burned_area_km2,6425.99,km2,K2,gwis_weekly_burned_area,measured,f_sensor_break;f_min_fire_size;f_product_level
OCE,Oseania,region,2016-W32,burned_area_km2,3947.88,km2,K2,gwis_weekly_burned_area,measured,f_sensor_break;f_min_fire_size;f_product_level
OCE,Oseania,region,2016-W33,burned_area_km2,3720.27,km2,K2,gwis_weekly_burned_area,measured,f_sensor_break;f_min_fire_size;f_product_level
OCE,Oseania,region,2016-W34,burned_area_km2,3633.72,km2,K2,gwis_weekly_burned_area,measured,f_sensor_break;f_min_fire_size;f_product_level
OCE,Oseania,region,2016-W35,burned_area_km2,2718.6,km2,K2,gwis_weekly_burned_area,measured,f_sensor_break;f_min_fire_size;f_product_level
OCE,Oseania,region,2016-W36,burned_area_km2,1930.65,km2,K2,gwis_weekly_burned_area,measured,f_sensor_break;f_min_fire_size;f_product_level
OCE,Oseania,region,2016-W37,burned_area_km2,1425.99,km2,K2,gwis_weekly_burned_area,measured,f_sensor_break;f_min_fire_size;f_product_level
OCE,Oseania,region,2016-W38,burned_area_km2,1112.6,km2,K2,gwis_weekly_burned_area,measured,f_sensor_break;f_min_fire_size;f_product_level
OCE,Oseania,region,2016-W39,burned_area_km2,4116.63,km2,K2,gwis_weekly_burned_area,measured,f_sensor_break;f_min_fire_size;f_product_level
OCE,Oseania,region,2016-W40,burned_area_km2,9608.88,km2,K2,gwis_weekly_burned_area,measured,f_sensor_break;f_min_fire_size;f_product_level
OCE,Oseania,region,2016-W41,burned_area_km2,8406.16,km2,K2,gwis_weekly_burned_area,measured,f_sensor_break;f_min_fire_size;f_product_level
OCE,Oseania,region,2016-W42,burned_area_km2,6113.86,km2,K2,gwis_weekly_burned_area,measured,f_sensor_break;f_min_fire_size;f_product_level
OCE,Oseania,region,2016-W43,burned_area_km2,6350.3,km2,K2,gwis_weekly_burned_area,measured,f_sensor_break;f_min_fire_size;f_product_level
OCE,Oseania,region,2016-W44,burned_area_km2,5985.68,km2,K2,gwis_weekly_burned_area,measured,f_sensor_break;f_min_fire_size;f_product_level
OCE,Oseania,region,2016-W45,burned_area_km2,11689.11,km2,K2,gwis_weekly_burned_area,measured,f_sensor_break;f_min_fire_size;f_product_level
OCE,Oseania,region,2016-W46,burned_area_km2,17324.91,km2,K2,gwis_weekly_burned_area,measured,f_sensor_break;f_min_fire_size;f_product_level
OCE,Oseania,region,2016-W47,burned_area_km2,7180.09,km2,K2,gwis_weekly_burned_area,measured,f_sensor_break;f_min_fire_size;f_product_level
OCE,Oseania,region,2016-W48,burned_area_km2,6543.07,km2,K2,gwis_weekly_burned_area,measured,f_sensor_break;f_min_fire_size;f_product_level
OCE,Oseania,region,2016-W49,burned_area_km2,8311.38,km2,K2,gwis_weekly_burned_area,measured,f_sensor_break;f_min_fire_size;f_product_level
OCE,Oseania,region,2016-W50,burned_area_km2,2822.49,km2,K2,gwis_weekly_burned_area,measured,f_sensor_break;f_min_fire_size;f_product_level
OCE,Oseania,region,2016-W51,burned_area_km2,1550.27,km2,K2,gwis_weekly_burned_area,measured,f_sensor_break;f_min_fire_size;f_product_level
OCE,Oseania,region,2016-W52,burned_area_km2,710.12,km2,K2,gwis_weekly_burned_area,measured,f_sensor_break;f_min_fire_size;f_product_level
OCE,Oseania,region,2017-W01,burned_area_km2,323.92,km2,K2,gwis_weekly_burned_area,measured,f_sensor_break;f_min_fire_size;f_product_level
OCE,Oseania,region,2017-W02,burned_area_km2,435.14,km2,K2,gwis_weekly_burned_area,measured,f_sensor_break;f_min_fire_size;f_product_level
OCE,Oseania,region,2017-W03,burned_area_km2,639.96,km2,K2,gwis_weekly_burned_area,measured,f_sensor_break;f_min_fire_size;f_product_level
OCE,Oseania,region,2017-W04,burned_area_km2,568.38,km2,K2,gwis_weekly_burned_area,measured,f_sensor_break;f_min_fire_size;f_product_level
OCE,Oseania,region,2017-W05,burned_area_km2,699.66,km2,K2,gwis_weekly_burned_area,measured,f_sensor_break;f_min_fire_size;f_product_level
OCE,Oseania,region,2017-W06,burned_area_km2,790.11,km2,K2,gwis_weekly_burned_area,measured,f_sensor_break;f_min_fire_size;f_product_level
OCE,Oseania,region,2017-W07,burned_area_km2,1074.75,km2,K2,gwis_weekly_burned_area,measured,f_sensor_break;f_min_fire_size;f_product_level
OCE,Oseania,region,2017-W08,burned_area_km2,1225.31,km2,K2,gwis_weekly_burned_area,measured,f_sensor_break;f_min_fire_size;f_product_level
OCE,Oseania,region,2017-W09,burned_area_km2,976.23,km2,K2,gwis_weekly_burned_area,measured,f_sensor_break;f_min_fire_size;f_product_level
OCE,Oseania,region,2017-W10,burned_area_km2,1501.95,km2,K2,gwis_weekly_burned_area,measured,f_sensor_break;f_min_fire_size;f_product_level
OCE,Oseania,region,2017-W11,burned_area_km2,2235.94,km2,K2,gwis_weekly_burned_area,measured,f_sensor_break;f_min_fire_size;f_product_level
OCE,Oseania,region,2017-W12,burned_area_km2,2239.5,km2,K2,gwis_weekly_burned_area,measured,f_sensor_break;f_min_fire_size;f_product_level
OCE,Oseania,region,2017-W13,burned_area_km2,4464.83,km2,K2,gwis_weekly_burned_area,measured,f_sensor_break;f_min_fire_size;f_product_level
OCE,Oseania,region,2017-W14,burned_area_km2,6511.95,km2,K2,gwis_weekly_burned_area,measured,f_sensor_break;f_min_fire_size;f_product_level
OCE,Oseania,region,2017-W15,burned_area_km2,4505.81,km2,K2,gwis_weekly_burned_area,measured,f_sensor_break;f_min_fire_size;f_product_level
OCE,Oseania,region,2017-W16,burned_area_km2,4834.69,km2,K2,gwis_weekly_burned_area,measured,f_sensor_break;f_min_fire_size;f_product_level
OCE,Oseania,region,2017-W17,burned_area_km2,4211.78,km2,K2,gwis_weekly_burned_area,measured,f_sensor_break;f_min_fire_size;f_product_level
OCE,Oseania,region,2017-W18,burned_area_km2,10288.68,km2,K2,gwis_weekly_burned_area,measured,f_sensor_break;f_min_fire_size;f_product_level
OCE,Oseania,region,2017-W19,burned_area_km2,15063.53,km2,K2,gwis_weekly_burned_area,measured,f_sensor_break;f_min_fire_size;f_product_level
OCE,Oseania,region,2017-W20,burned_area_km2,9052.68,km2,K2,gwis_weekly_burned_area,measured,f_sensor_break;f_min_fire_size;f_product_level
OCE,Oseania,region,2017-W21,burned_area_km2,7642.93,km2,K2,gwis_weekly_burned_area,measured,f_sensor_break;f_min_fire_size;f_product_level
OCE,Oseania,region,2017-W22,burned_area_km2,9842.71,km2,K2,gwis_weekly_burned_area,measured,f_sensor_break;f_min_fire_size;f_product_level
OCE,Oseania,region,2017-W23,burned_area_km2,12297.95,km2,K2,gwis_weekly_burned_area,measured,f_sensor_break;f_min_fire_size;f_product_level
OCE,Oseania,region,2017-W24,burned_area_km2,8438.47,km2,K2,gwis_weekly_burned_area,measured,f_sensor_break;f_min_fire_size;f_product_level
OCE,Oseania,region,2017-W25,burned_area_km2,5943.05,km2,K2,gwis_weekly_burned_area,measured,f_sensor_break;f_min_fire_size;f_product_level
OCE,Oseania,region,2017-W26,burned_area_km2,3857.14,km2,K2,gwis_weekly_burned_area,measured,f_sensor_break;f_min_fire_size;f_product_level
OCE,Oseania,region,2017-W27,burned_area_km2,2155.17,km2,K2,gwis_weekly_burned_area,measured,f_sensor_break;f_min_fire_size;f_product_level
OCE,Oseania,region,2017-W28,burned_area_km2,5697.73,km2,K2,gwis_weekly_burned_area,measured,f_sensor_break;f_min_fire_size;f_product_level
OCE,Oseania,region,2017-W29,burned_area_km2,7067.97,km2,K2,gwis_weekly_burned_area,measured,f_sensor_break;f_min_fire_size;f_product_level
OCE,Oseania,region,2017-W30,burned_area_km2,6667.21,km2,K2,gwis_weekly_burned_area,measured,f_sensor_break;f_min_fire_size;f_product_level
OCE,Oseania,region,2017-W31,burned_area_km2,6672.03,km2,K2,gwis_weekly_burned_area,measured,f_sensor_break;f_min_fire_size;f_product_level
OCE,Oseania,region,2017-W32,burned_area_km2,6022.77,km2,K2,gwis_weekly_burned_area,measured,f_sensor_break;f_min_fire_size;f_product_level
OCE,Oseania,region,2017-W33,burned_area_km2,6611.33,km2,K2,gwis_weekly_burned_area,measured,f_sensor_break;f_min_fire_size;f_product_level
OCE,Oseania,region,2017-W34,burned_area_km2,10918.13,km2,K2,gwis_weekly_burned_area,measured,f_sensor_break;f_min_fire_size;f_product_level
OCE,Oseania,region,2017-W35,burned_area_km2,9711.4,km2,K2,gwis_weekly_burned_area,measured,f_sensor_break;f_min_fire_size;f_product_level
OCE,Oseania,region,2017-W36,burned_area_km2,9767.02,km2,K2,gwis_weekly_burned_area,measured,f_sensor_break;f_min_fire_size;f_product_level
OCE,Oseania,region,2017-W37,burned_area_km2,14577.76,km2,K2,gwis_weekly_burned_area,measured,f_sensor_break;f_min_fire_size;f_product_level
OCE,Oseania,region,2017-W38,burned_area_km2,22289.34,km2,K2,gwis_weekly_burned_area,measured,f_sensor_break;f_min_fire_size;f_product_level
OCE,Oseania,region,2017-W39,burned_area_km2,11392.63,km2,K2,gwis_weekly_burned_area,measured,f_sensor_break;f_min_fire_size;f_product_level
OCE,Oseania,region,2017-W40,burned_area_km2,8957.34,km2,K2,gwis_weekly_burned_area,measured,f_sensor_break;f_min_fire_size;f_product_level
OCE,Oseania,region,2017-W41,burned_area_km2,6347.91,km2,K2,gwis_weekly_burned_area,measured,f_sensor_break;f_min_fire_size;f_product_level
OCE,Oseania,region,2017-W42,burned_area_km2,6978.77,km2,K2,gwis_weekly_burned_area,measured,f_sensor_break;f_min_fire_size;f_product_level
OCE,Oseania,region,2017-W43,burned_area_km2,10714.58,km2,K2,gwis_weekly_burned_area,measured,f_sensor_break;f_min_fire_size;f_product_level
OCE,Oseania,region,2017-W44,burned_area_km2,24424.66,km2,K2,gwis_weekly_burned_area,measured,f_sensor_break;f_min_fire_size;f_product_level
OCE,Oseania,region,2017-W45,burned_area_km2,17504.47,km2,K2,gwis_weekly_burned_area,measured,f_sensor_break;f_min_fire_size;f_product_level
OCE,Oseania,region,2017-W46,burned_area_km2,7420.54,km2,K2,gwis_weekly_burned_area,measured,f_sensor_break;f_min_fire_size;f_product_level
OCE,Oseania,region,2017-W47,burned_area_km2,6159.16,km2,K2,gwis_weekly_burned_area,measured,f_sensor_break;f_min_fire_size;f_product_level
OCE,Oseania,region,2017-W48,burned_area_km2,16587.28,km2,K2,gwis_weekly_burned_area,measured,f_sensor_break;f_min_fire_size;f_product_level
OCE,Oseania,region,2017-W49,burned_area_km2,14049.79,km2,K2,gwis_weekly_burned_area,measured,f_sensor_break;f_min_fire_size;f_product_level
OCE,Oseania,region,2017-W50,burned_area_km2,12984.39,km2,K2,gwis_weekly_burned_area,measured,f_sensor_break;f_min_fire_size;f_product_level
OCE,Oseania,region,2017-W51,burned_area_km2,10531.34,km2,K2,gwis_weekly_burned_area,measured,f_sensor_break;f_min_fire_size;f_product_level
OCE,Oseania,region,2017-W52,burned_area_km2,3555.75,km2,K2,gwis_weekly_burned_area,measured,f_sensor_break;f_min_fire_size;f_product_level
OCE,Oseania,region,2018-W01,burned_area_km2,2753.87,km2,K2,gwis_weekly_burned_area,measured,f_sensor_break;f_min_fire_size;f_product_level
OCE,Oseania,region,2018-W02,burned_area_km2,2462.48,km2,K2,gwis_weekly_burned_area,measured,f_sensor_break;f_min_fire_size;f_product_level
OCE,Oseania,region,2018-W03,burned_area_km2,2355.77,km2,K2,gwis_weekly_burned_area,measured,f_sensor_break;f_min_fire_size;f_product_level
OCE,Oseania,region,2018-W04,burned_area_km2,1221.49,km2,K2,gwis_weekly_burned_area,measured,f_sensor_break;f_min_fire_size;f_product_level
OCE,Oseania,region,2018-W05,burned_area_km2,184.97,km2,K2,gwis_weekly_burned_area,measured,f_sensor_break;f_min_fire_size;f_product_level
OCE,Oseania,region,2018-W06,burned_area_km2,247.96,km2,K2,gwis_weekly_burned_area,measured,f_sensor_break;f_min_fire_size;f_product_level
OCE,Oseania,region,2018-W07,burned_area_km2,170.66,km2,K2,gwis_weekly_burned_area,measured,f_sensor_break;f_min_fire_size;f_product_level
OCE,Oseania,region,2018-W08,burned_area_km2,52.98,km2,K2,gwis_weekly_burned_area,measured,f_sensor_break;f_min_fire_size;f_product_level
OCE,Oseania,region,2018-W09,burned_area_km2,134.44,km2,K2,gwis_weekly_burned_area,measured,f_sensor_break;f_min_fire_size;f_product_level
OCE,Oseania,region,2018-W10,burned_area_km2,1166.38,km2,K2,gwis_weekly_burned_area,measured,f_sensor_break;f_min_fire_size;f_product_level
OCE,Oseania,region,2018-W11,burned_area_km2,2616.34,km2,K2,gwis_weekly_burned_area,measured,f_sensor_break;f_min_fire_size;f_product_level
OCE,Oseania,region,2018-W12,burned_area_km2,2100.42,km2,K2,gwis_weekly_burned_area,measured,f_sensor_break;f_min_fire_size;f_product_level
OCE,Oseania,region,2018-W13,burned_area_km2,6095.94,km2,K2,gwis_weekly_burned_area,measured,f_sensor_break;f_min_fire_size;f_product_level
OCE,Oseania,region,2018-W14,burned_area_km2,8093.06,km2,K2,gwis_weekly_burned_area,measured,f_sensor_break;f_min_fire_size;f_product_level
OCE,Oseania,region,2018-W15,burned_area_km2,10233.11,km2,K2,gwis_weekly_burned_area,measured,f_sensor_break;f_min_fire_size;f_product_level
OCE,Oseania,region,2018-W16,burned_area_km2,16558.38,km2,K2,gwis_weekly_burned_area,measured,f_sensor_break;f_min_fire_size;f_product_level
OCE,Oseania,region,2018-W17,burned_area_km2,15602.67,km2,K2,gwis_weekly_burned_area,measured,f_sensor_break;f_min_fire_size;f_product_level
OCE,Oseania,region,2018-W18,burned_area_km2,16170.36,km2,K2,gwis_weekly_burned_area,measured,f_sensor_break;f_min_fire_size;f_product_level
OCE,Oseania,region,2018-W19,burned_area_km2,24391.26,km2,K2,gwis_weekly_burned_area,measured,f_sensor_break;f_min_fire_size;f_product_level
OCE,Oseania,region,2018-W20,burned_area_km2,12931.22,km2,K2,gwis_weekly_burned_area,measured,f_sensor_break;f_min_fire_size;f_product_level
OCE,Oseania,region,2018-W21,burned_area_km2,7833.0,km2,K2,gwis_weekly_burned_area,measured,f_sensor_break;f_min_fire_size;f_product_level
OCE,Oseania,region,2018-W22,burned_area_km2,9111.69,km2,K2,gwis_weekly_burned_area,measured,f_sensor_break;f_min_fire_size;f_product_level
OCE,Oseania,region,2018-W23,burned_area_km2,9582.3,km2,K2,gwis_weekly_burned_area,measured,f_sensor_break;f_min_fire_size;f_product_level
OCE,Oseania,region,2018-W24,burned_area_km2,4880.59,km2,K2,gwis_weekly_burned_area,measured,f_sensor_break;f_min_fire_size;f_product_level
OCE,Oseania,region,2018-W25,burned_area_km2,8570.6,km2,K2,gwis_weekly_burned_area,measured,f_sensor_break;f_min_fire_size;f_product_level
OCE,Oseania,region,2018-W26,burned_area_km2,3847.92,km2,K2,gwis_weekly_burned_area,measured,f_sensor_break;f_min_fire_size;f_product_level
OCE,Oseania,region,2018-W27,burned_area_km2,5231.33,km2,K2,gwis_weekly_burned_area,measured,f_sensor_break;f_min_fire_size;f_product_level
OCE,Oseania,region,2018-W28,burned_area_km2,8203.21,km2,K2,gwis_weekly_burned_area,measured,f_sensor_break;f_min_fire_size;f_product_level
OCE,Oseania,region,2018-W29,burned_area_km2,5949.61,km2,K2,gwis_weekly_burned_area,measured,f_sensor_break;f_min_fire_size;f_product_level
OCE,Oseania,region,2018-W30,burned_area_km2,8493.96,km2,K2,gwis_weekly_burned_area,measured,f_sensor_break;f_min_fire_size;f_product_level
OCE,Oseania,region,2018-W31,burned_area_km2,5232.29,km2,K2,gwis_weekly_burned_area,measured,f_sensor_break;f_min_fire_size;f_product_level
OCE,Oseania,region,2018-W32,burned_area_km2,7950.42,km2,K2,gwis_weekly_burned_area,measured,f_sensor_break;f_min_fire_size;f_product_level
OCE,Oseania,region,2018-W33,burned_area_km2,7283.48,km2,K2,gwis_weekly_burned_area,measured,f_sensor_break;f_min_fire_size;f_product_level
OCE,Oseania,region,2018-W34,burned_area_km2,4324.43,km2,K2,gwis_weekly_burned_area,measured,f_sensor_break;f_min_fire_size;f_product_level
OCE,Oseania,region,2018-W35,burned_area_km2,7777.32,km2,K2,gwis_weekly_burned_area,measured,f_sensor_break;f_min_fire_size;f_product_level
OCE,Oseania,region,2018-W36,burned_area_km2,9778.79,km2,K2,gwis_weekly_burned_area,measured,f_sensor_break;f_min_fire_size;f_product_level
OCE,Oseania,region,2018-W37,burned_area_km2,9958.69,km2,K2,gwis_weekly_burned_area,measured,f_sensor_break;f_min_fire_size;f_product_level
OCE,Oseania,region,2018-W38,burned_area_km2,11394.37,km2,K2,gwis_weekly_burned_area,measured,f_sensor_break;f_min_fire_size;f_product_level
OCE,Oseania,region,2018-W39,burned_area_km2,10981.82,km2,K2,gwis_weekly_burned_area,measured,f_sensor_break;f_min_fire_size;f_product_level
OCE,Oseania,region,2018-W40,burned_area_km2,12229.41,km2,K2,gwis_weekly_burned_area,measured,f_sensor_break;f_min_fire_size;f_product_level
OCE,Oseania,region,2018-W41,burned_area_km2,30790.28,km2,K2,gwis_weekly_burned_area,measured,f_sensor_break;f_min_fire_size;f_product_level
OCE,Oseania,region,2018-W42,burned_area_km2,14300.97,km2,K2,gwis_weekly_burned_area,measured,f_sensor_break;f_min_fire_size;f_product_level
OCE,Oseania,region,2018-W43,burned_area_km2,16921.19,km2,K2,gwis_weekly_burned_area,measured,f_sensor_break;f_min_fire_size;f_product_level
OCE,Oseania,region,2018-W44,burned_area_km2,14250.28,km2,K2,gwis_weekly_burned_area,measured,f_sensor_break;f_min_fire_size;f_product_level
OCE,Oseania,region,2018-W45,burned_area_km2,1551.0,km2,K2,gwis_weekly_burned_area,measured,f_sensor_break;f_min_fire_size;f_product_level
OCE,Oseania,region,2018-W46,burned_area_km2,0.0,km2,K2,gwis_weekly_burned_area,measured,f_sensor_break;f_min_fire_size;f_product_level;f_zero_no_detection
OCE,Oseania,region,2018-W47,burned_area_km2,0.0,km2,K2,gwis_weekly_burned_area,measured,f_sensor_break;f_min_fire_size;f_product_level;f_zero_no_detection
OCE,Oseania,region,2018-W48,burned_area_km2,0.0,km2,K2,gwis_weekly_burned_area,measured,f_sensor_break;f_min_fire_size;f_product_level;f_zero_no_detection
OCE,Oseania,region,2018-W49,burned_area_km2,0.0,km2,K2,gwis_weekly_burned_area,measured,f_sensor_break;f_min_fire_size;f_product_level;f_zero_no_detection
OCE,Oseania,region,2018-W50,burned_area_km2,3712.87,km2,K2,gwis_weekly_burned_area,measured,f_sensor_break;f_min_fire_size;f_product_level
OCE,Oseania,region,2018-W51,burned_area_km2,5413.14,km2,K2,gwis_weekly_burned_area,measured,f_sensor_break;f_min_fire_size;f_product_level
OCE,Oseania,region,2018-W52,burned_area_km2,4941.28,km2,K2,gwis_weekly_burned_area,measured,f_sensor_break;f_min_fire_size;f_product_level
OCE,Oseania,region,2019-W01,burned_area_km2,9150.54,km2,K2,gwis_weekly_burned_area,measured,f_sensor_break;f_min_fire_size;f_product_level
OCE,Oseania,region,2019-W02,burned_area_km2,6591.67,km2,K2,gwis_weekly_burned_area,measured,f_sensor_break;f_min_fire_size;f_product_level
OCE,Oseania,region,2019-W03,burned_area_km2,5575.21,km2,K2,gwis_weekly_burned_area,measured,f_sensor_break;f_min_fire_size;f_product_level
OCE,Oseania,region,2019-W04,burned_area_km2,2537.93,km2,K2,gwis_weekly_burned_area,measured,f_sensor_break;f_min_fire_size;f_product_level
OCE,Oseania,region,2019-W05,burned_area_km2,1161.22,km2,K2,gwis_weekly_burned_area,measured,f_sensor_break;f_min_fire_size;f_product_level
OCE,Oseania,region,2019-W06,burned_area_km2,2626.46,km2,K2,gwis_weekly_burned_area,measured,f_sensor_break;f_min_fire_size;f_product_level
OCE,Oseania,region,2019-W07,burned_area_km2,4577.2,km2,K2,gwis_weekly_burned_area,measured,f_sensor_break;f_min_fire_size;f_product_level
OCE,Oseania,region,2019-W08,burned_area_km2,5804.65,km2,K2,gwis_weekly_burned_area,measured,f_sensor_break;f_min_fire_size;f_product_level
OCE,Oseania,region,2019-W09,burned_area_km2,4469.33,km2,K2,gwis_weekly_burned_area,measured,f_sensor_break;f_min_fire_size;f_product_level
OCE,Oseania,region,2019-W10,burned_area_km2,1652.74,km2,K2,gwis_weekly_burned_area,measured,f_sensor_break;f_min_fire_size;f_product_level
OCE,Oseania,region,2019-W11,burned_area_km2,2904.0,km2,K2,gwis_weekly_burned_area,measured,f_sensor_break;f_min_fire_size;f_product_level
OCE,Oseania,region,2019-W12,burned_area_km2,1847.45,km2,K2,gwis_weekly_burned_area,measured,f_sensor_break;f_min_fire_size;f_product_level
OCE,Oseania,region,2019-W13,burned_area_km2,3930.58,km2,K2,gwis_weekly_burned_area,measured,f_sensor_break;f_min_fire_size;f_product_level
OCE,Oseania,region,2019-W14,burned_area_km2,2970.09,km2,K2,gwis_weekly_burned_area,measured,f_sensor_break;f_min_fire_size;f_product_level
OCE,Oseania,region,2019-W15,burned_area_km2,4591.96,km2,K2,gwis_weekly_burned_area,measured,f_sensor_break;f_min_fire_size;f_product_level
OCE,Oseania,region,2019-W16,burned_area_km2,2658.01,km2,K2,gwis_weekly_burned_area,measured,f_sensor_break;f_min_fire_size;f_product_level
OCE,Oseania,region,2019-W17,burned_area_km2,5156.57,km2,K2,gwis_weekly_burned_area,measured,f_sensor_break;f_min_fire_size;f_product_level
OCE,Oseania,region,2019-W18,burned_area_km2,4540.43,km2,K2,gwis_weekly_burned_area,measured,f_sensor_break;f_min_fire_size;f_product_level
OCE,Oseania,region,2019-W19,burned_area_km2,10119.34,km2,K2,gwis_weekly_burned_area,measured,f_sensor_break;f_min_fire_size;f_product_level
OCE,Oseania,region,2019-W20,burned_area_km2,3810.25,km2,K2,gwis_weekly_burned_area,measured,f_sensor_break;f_min_fire_size;f_product_level
OCE,Oseania,region,2019-W21,burned_area_km2,4997.51,km2,K2,gwis_weekly_burned_area,measured,f_sensor_break;f_min_fire_size;f_product_level
OCE,Oseania,region,2019-W22,burned_area_km2,6965.56,km2,K2,gwis_weekly_burned_area,measured,f_sensor_break;f_min_fire_size;f_product_level
OCE,Oseania,region,2019-W23,burned_area_km2,5406.0,km2,K2,gwis_weekly_burned_area,measured,f_sensor_break;f_min_fire_size;f_product_level
OCE,Oseania,region,2019-W24,burned_area_km2,4205.23,km2,K2,gwis_weekly_burned_area,measured,f_sensor_break;f_min_fire_size;f_product_level
OCE,Oseania,region,2019-W25,burned_area_km2,8608.0,km2,K2,gwis_weekly_burned_area,measured,f_sensor_break;f_min_fire_size;f_product_level
OCE,Oseania,region,2019-W26,burned_area_km2,5083.93,km2,K2,gwis_weekly_burned_area,measured,f_sensor_break;f_min_fire_size;f_product_level
OCE,Oseania,region,2019-W27,burned_area_km2,5715.56,km2,K2,gwis_weekly_burned_area,measured,f_sensor_break;f_min_fire_size;f_product_level
OCE,Oseania,region,2019-W28,burned_area_km2,10026.15,km2,K2,gwis_weekly_burned_area,measured,f_sensor_break;f_min_fire_size;f_product_level
OCE,Oseania,region,2019-W29,burned_area_km2,6831.72,km2,K2,gwis_weekly_burned_area,measured,f_sensor_break;f_min_fire_size;f_product_level
OCE,Oseania,region,2019-W30,burned_area_km2,8435.28,km2,K2,gwis_weekly_burned_area,measured,f_sensor_break;f_min_fire_size;f_product_level
OCE,Oseania,region,2019-W31,burned_area_km2,5086.74,km2,K2,gwis_weekly_burned_area,measured,f_sensor_break;f_min_fire_size;f_product_level
OCE,Oseania,region,2019-W32,burned_area_km2,5123.92,km2,K2,gwis_weekly_burned_area,measured,f_sensor_break;f_min_fire_size;f_product_level
OCE,Oseania,region,2019-W33,burned_area_km2,3912.47,km2,K2,gwis_weekly_burned_area,measured,f_sensor_break;f_min_fire_size;f_product_level
OCE,Oseania,region,2019-W34,burned_area_km2,4022.77,km2,K2,gwis_weekly_burned_area,measured,f_sensor_break;f_min_fire_size;f_product_level
OCE,Oseania,region,2019-W35,burned_area_km2,8020.29,km2,K2,gwis_weekly_burned_area,measured,f_sensor_break;f_min_fire_size;f_product_level
OCE,Oseania,region,2019-W36,burned_area_km2,9664.28,km2,K2,gwis_weekly_burned_area,measured,f_sensor_break;f_min_fire_size;f_product_level
OCE,Oseania,region,2019-W37,burned_area_km2,5259.91,km2,K2,gwis_weekly_burned_area,measured,f_sensor_break;f_min_fire_size;f_product_level
OCE,Oseania,region,2019-W38,burned_area_km2,4424.99,km2,K2,gwis_weekly_burned_area,measured,f_sensor_break;f_min_fire_size;f_product_level
OCE,Oseania,region,2019-W39,burned_area_km2,5415.35,km2,K2,gwis_weekly_burned_area,measured,f_sensor_break;f_min_fire_size;f_product_level
OCE,Oseania,region,2019-W40,burned_area_km2,8458.96,km2,K2,gwis_weekly_burned_area,measured,f_sensor_break;f_min_fire_size;f_product_level
OCE,Oseania,region,2019-W41,burned_area_km2,8628.96,km2,K2,gwis_weekly_burned_area,measured,f_sensor_break;f_min_fire_size;f_product_level
OCE,Oseania,region,2019-W42,burned_area_km2,14648.6,km2,K2,gwis_weekly_burned_area,measured,f_sensor_break;f_min_fire_size;f_product_level
OCE,Oseania,region,2019-W43,burned_area_km2,12988.86,km2,K2,gwis_weekly_burned_area,measured,f_sensor_break;f_min_fire_size;f_product_level
OCE,Oseania,region,2019-W44,burned_area_km2,7613.88,km2,K2,gwis_weekly_burned_area,measured,f_sensor_break;f_min_fire_size;f_product_level
OCE,Oseania,region,2019-W45,burned_area_km2,10778.71,km2,K2,gwis_weekly_burned_area,measured,f_sensor_break;f_min_fire_size;f_product_level
OCE,Oseania,region,2019-W46,burned_area_km2,6669.28,km2,K2,gwis_weekly_burned_area,measured,f_sensor_break;f_min_fire_size;f_product_level
OCE,Oseania,region,2019-W47,burned_area_km2,11278.05,km2,K2,gwis_weekly_burned_area,measured,f_sensor_break;f_min_fire_size;f_product_level
OCE,Oseania,region,2019-W48,burned_area_km2,15443.23,km2,K2,gwis_weekly_burned_area,measured,f_sensor_break;f_min_fire_size;f_product_level
OCE,Oseania,region,2019-W49,burned_area_km2,19000.59,km2,K2,gwis_weekly_burned_area,measured,f_sensor_break;f_min_fire_size;f_product_level
OCE,Oseania,region,2019-W50,burned_area_km2,16812.44,km2,K2,gwis_weekly_burned_area,measured,f_sensor_break;f_min_fire_size;f_product_level
OCE,Oseania,region,2019-W51,burned_area_km2,13080.2,km2,K2,gwis_weekly_burned_area,measured,f_sensor_break;f_min_fire_size;f_product_level
OCE,Oseania,region,2019-W52,burned_area_km2,20922.22,km2,K2,gwis_weekly_burned_area,measured,f_sensor_break;f_min_fire_size;f_product_level
OCE,Oseania,region,2020-W01,burned_area_km2,4858.57,km2,K2,gwis_weekly_burned_area,measured,f_sensor_break;f_min_fire_size;f_product_level
OCE,Oseania,region,2020-W02,burned_area_km2,4793.56,km2,K2,gwis_weekly_burned_area,measured,f_sensor_break;f_min_fire_size;f_product_level
OCE,Oseania,region,2020-W03,burned_area_km2,1906.93,km2,K2,gwis_weekly_burned_area,measured,f_sensor_break;f_min_fire_size;f_product_level
OCE,Oseania,region,2020-W04,burned_area_km2,4101.74,km2,K2,gwis_weekly_burned_area,measured,f_sensor_break;f_min_fire_size;f_product_level
OCE,Oseania,region,2020-W05,burned_area_km2,1619.29,km2,K2,gwis_weekly_burned_area,measured,f_sensor_break;f_min_fire_size;f_product_level
OCE,Oseania,region,2020-W06,burned_area_km2,1735.81,km2,K2,gwis_weekly_burned_area,measured,f_sensor_break;f_min_fire_size;f_product_level
OCE,Oseania,region,2020-W07,burned_area_km2,1351.0,km2,K2,gwis_weekly_burned_area,measured,f_sensor_break;f_min_fire_size;f_product_level
OCE,Oseania,region,2020-W08,burned_area_km2,424.46,km2,K2,gwis_weekly_burned_area,measured,f_sensor_break;f_min_fire_size;f_product_level
OCE,Oseania,region,2020-W09,burned_area_km2,334.92,km2,K2,gwis_weekly_burned_area,measured,f_sensor_break;f_min_fire_size;f_product_level
OCE,Oseania,region,2020-W10,burned_area_km2,325.23,km2,K2,gwis_weekly_burned_area,measured,f_sensor_break;f_min_fire_size;f_product_level
OCE,Oseania,region,2020-W11,burned_area_km2,1331.32,km2,K2,gwis_weekly_burned_area,measured,f_sensor_break;f_min_fire_size;f_product_level
OCE,Oseania,region,2020-W12,burned_area_km2,1723.48,km2,K2,gwis_weekly_burned_area,measured,f_sensor_break;f_min_fire_size;f_product_level
OCE,Oseania,region,2020-W13,burned_area_km2,2646.27,km2,K2,gwis_weekly_burned_area,measured,f_sensor_break;f_min_fire_size;f_product_level
OCE,Oseania,region,2020-W14,burned_area_km2,1837.72,km2,K2,gwis_weekly_burned_area,measured,f_sensor_break;f_min_fire_size;f_product_level
OCE,Oseania,region,2020-W15,burned_area_km2,959.87,km2,K2,gwis_weekly_burned_area,measured,f_sensor_break;f_min_fire_size;f_product_level
OCE,Oseania,region,2020-W16,burned_area_km2,1719.9,km2,K2,gwis_weekly_burned_area,measured,f_sensor_break;f_min_fire_size;f_product_level
OCE,Oseania,region,2020-W17,burned_area_km2,5040.92,km2,K2,gwis_weekly_burned_area,measured,f_sensor_break;f_min_fire_size;f_product_level
OCE,Oseania,region,2020-W18,burned_area_km2,7235.85,km2,K2,gwis_weekly_burned_area,measured,f_sensor_break;f_min_fire_size;f_product_level
OCE,Oseania,region,2020-W19,burned_area_km2,7496.22,km2,K2,gwis_weekly_burned_area,measured,f_sensor_break;f_min_fire_size;f_product_level
OCE,Oseania,region,2020-W20,burned_area_km2,3897.91,km2,K2,gwis_weekly_burned_area,measured,f_sensor_break;f_min_fire_size;f_product_level
OCE,Oseania,region,2020-W21,burned_area_km2,3317.12,km2,K2,gwis_weekly_burned_area,measured,f_sensor_break;f_min_fire_size;f_product_level
OCE,Oseania,region,2020-W22,burned_area_km2,4829.12,km2,K2,gwis_weekly_burned_area,measured,f_sensor_break;f_min_fire_size;f_product_level
OCE,Oseania,region,2020-W23,burned_area_km2,5503.46,km2,K2,gwis_weekly_burned_area,measured,f_sensor_break;f_min_fire_size;f_product_level
OCE,Oseania,region,2020-W24,burned_area_km2,4028.14,km2,K2,gwis_weekly_burned_area,measured,f_sensor_break;f_min_fire_size;f_product_level
OCE,Oseania,region,2020-W25,burned_area_km2,5120.48,km2,K2,gwis_weekly_burned_area,measured,f_sensor_break;f_min_fire_size;f_product_level
OCE,Oseania,region,2020-W26,burned_area_km2,3663.02,km2,K2,gwis_weekly_burned_area,measured,f_sensor_break;f_min_fire_size;f_product_level
OCE,Oseania,region,2020-W27,burned_area_km2,6342.57,km2,K2,gwis_weekly_burned_area,measured,f_sensor_break;f_min_fire_size;f_product_level
OCE,Oseania,region,2020-W28,burned_area_km2,5554.52,km2,K2,gwis_weekly_burned_area,measured,f_sensor_break;f_min_fire_size;f_product_level
OCE,Oseania,region,2020-W29,burned_area_km2,6480.49,km2,K2,gwis_weekly_burned_area,measured,f_sensor_break;f_min_fire_size;f_product_level
OCE,Oseania,region,2020-W30,burned_area_km2,6130.49,km2,K2,gwis_weekly_burned_area,measured,f_sensor_break;f_min_fire_size;f_product_level
OCE,Oseania,region,2020-W31,burned_area_km2,3462.99,km2,K2,gwis_weekly_burned_area,measured,f_sensor_break;f_min_fire_size;f_product_level
OCE,Oseania,region,2020-W32,burned_area_km2,1854.21,km2,K2,gwis_weekly_burned_area,measured,f_sensor_break;f_min_fire_size;f_product_level
OCE,Oseania,region,2020-W33,burned_area_km2,2788.99,km2,K2,gwis_weekly_burned_area,measured,f_sensor_break;f_min_fire_size;f_product_level
OCE,Oseania,region,2020-W34,burned_area_km2,3798.14,km2,K2,gwis_weekly_burned_area,measured,f_sensor_break;f_min_fire_size;f_product_level
OCE,Oseania,region,2020-W35,burned_area_km2,5711.73,km2,K2,gwis_weekly_burned_area,measured,f_sensor_break;f_min_fire_size;f_product_level
OCE,Oseania,region,2020-W36,burned_area_km2,2503.07,km2,K2,gwis_weekly_burned_area,measured,f_sensor_break;f_min_fire_size;f_product_level
OCE,Oseania,region,2020-W37,burned_area_km2,2540.55,km2,K2,gwis_weekly_burned_area,measured,f_sensor_break;f_min_fire_size;f_product_level
OCE,Oseania,region,2020-W38,burned_area_km2,1938.38,km2,K2,gwis_weekly_burned_area,measured,f_sensor_break;f_min_fire_size;f_product_level
OCE,Oseania,region,2020-W39,burned_area_km2,6924.59,km2,K2,gwis_weekly_burned_area,measured,f_sensor_break;f_min_fire_size;f_product_level
OCE,Oseania,region,2020-W40,burned_area_km2,3197.68,km2,K2,gwis_weekly_burned_area,measured,f_sensor_break;f_min_fire_size;f_product_level
OCE,Oseania,region,2020-W41,burned_area_km2,3902.46,km2,K2,gwis_weekly_burned_area,measured,f_sensor_break;f_min_fire_size;f_product_level
OCE,Oseania,region,2020-W42,burned_area_km2,3236.12,km2,K2,gwis_weekly_burned_area,measured,f_sensor_break;f_min_fire_size;f_product_level
OCE,Oseania,region,2020-W43,burned_area_km2,3072.51,km2,K2,gwis_weekly_burned_area,measured,f_sensor_break;f_min_fire_size;f_product_level
OCE,Oseania,region,2020-W44,burned_area_km2,7230.19,km2,K2,gwis_weekly_burned_area,measured,f_sensor_break;f_min_fire_size;f_product_level
OCE,Oseania,region,2020-W45,burned_area_km2,6558.01,km2,K2,gwis_weekly_burned_area,measured,f_sensor_break;f_min_fire_size;f_product_level
OCE,Oseania,region,2020-W46,burned_area_km2,9935.61,km2,K2,gwis_weekly_burned_area,measured,f_sensor_break;f_min_fire_size;f_product_level
OCE,Oseania,region,2020-W47,burned_area_km2,4425.58,km2,K2,gwis_weekly_burned_area,measured,f_sensor_break;f_min_fire_size;f_product_level
OCE,Oseania,region,2020-W48,burned_area_km2,5345.75,km2,K2,gwis_weekly_burned_area,measured,f_sensor_break;f_min_fire_size;f_product_level
OCE,Oseania,region,2020-W49,burned_area_km2,3061.41,km2,K2,gwis_weekly_burned_area,measured,f_sensor_break;f_min_fire_size;f_product_level
OCE,Oseania,region,2020-W50,burned_area_km2,1298.44,km2,K2,gwis_weekly_burned_area,measured,f_sensor_break;f_min_fire_size;f_product_level
OCE,Oseania,region,2020-W51,burned_area_km2,933.65,km2,K2,gwis_weekly_burned_area,measured,f_sensor_break;f_min_fire_size;f_product_level
OCE,Oseania,region,2020-W52,burned_area_km2,210.04,km2,K2,gwis_weekly_burned_area,measured,f_sensor_break;f_min_fire_size;f_product_level
OCE,Oseania,region,2021-W01,burned_area_km2,374.83,km2,K2,gwis_weekly_burned_area,measured,f_sensor_break;f_min_fire_size;f_product_level
OCE,Oseania,region,2021-W02,burned_area_km2,803.68,km2,K2,gwis_weekly_burned_area,measured,f_sensor_break;f_min_fire_size;f_product_level
OCE,Oseania,region,2021-W03,burned_area_km2,744.54,km2,K2,gwis_weekly_burned_area,measured,f_sensor_break;f_min_fire_size;f_product_level
OCE,Oseania,region,2021-W04,burned_area_km2,866.29,km2,K2,gwis_weekly_burned_area,measured,f_sensor_break;f_min_fire_size;f_product_level
OCE,Oseania,region,2021-W05,burned_area_km2,570.1,km2,K2,gwis_weekly_burned_area,measured,f_sensor_break;f_min_fire_size;f_product_level
OCE,Oseania,region,2021-W06,burned_area_km2,217.94,km2,K2,gwis_weekly_burned_area,measured,f_sensor_break;f_min_fire_size;f_product_level
OCE,Oseania,region,2021-W07,burned_area_km2,261.19,km2,K2,gwis_weekly_burned_area,measured,f_sensor_break;f_min_fire_size;f_product_level
OCE,Oseania,region,2021-W08,burned_area_km2,435.37,km2,K2,gwis_weekly_burned_area,measured,f_sensor_break;f_min_fire_size;f_product_level
OCE,Oseania,region,2021-W09,burned_area_km2,563.93,km2,K2,gwis_weekly_burned_area,measured,f_sensor_break;f_min_fire_size;f_product_level
OCE,Oseania,region,2021-W10,burned_area_km2,992.15,km2,K2,gwis_weekly_burned_area,measured,f_sensor_break;f_min_fire_size;f_product_level
OCE,Oseania,region,2021-W11,burned_area_km2,1199.15,km2,K2,gwis_weekly_burned_area,measured,f_sensor_break;f_min_fire_size;f_product_level
OCE,Oseania,region,2021-W12,burned_area_km2,711.28,km2,K2,gwis_weekly_burned_area,measured,f_sensor_break;f_min_fire_size;f_product_level
OCE,Oseania,region,2021-W13,burned_area_km2,1710.17,km2,K2,gwis_weekly_burned_area,measured,f_sensor_break;f_min_fire_size;f_product_level
OCE,Oseania,region,2021-W14,burned_area_km2,2290.84,km2,K2,gwis_weekly_burned_area,measured,f_sensor_break;f_min_fire_size;f_product_level
OCE,Oseania,region,2021-W15,burned_area_km2,3075.64,km2,K2,gwis_weekly_burned_area,measured,f_sensor_break;f_min_fire_size;f_product_level
OCE,Oseania,region,2021-W16,burned_area_km2,8054.25,km2,K2,gwis_weekly_burned_area,measured,f_sensor_break;f_min_fire_size;f_product_level
OCE,Oseania,region,2021-W17,burned_area_km2,7586.05,km2,K2,gwis_weekly_burned_area,measured,f_sensor_break;f_min_fire_size;f_product_level
OCE,Oseania,region,2021-W18,burned_area_km2,8204.63,km2,K2,gwis_weekly_burned_area,measured,f_sensor_break;f_min_fire_size;f_product_level
OCE,Oseania,region,2021-W19,burned_area_km2,12079.98,km2,K2,gwis_weekly_burned_area,measured,f_sensor_break;f_min_fire_size;f_product_level
OCE,Oseania,region,2021-W20,burned_area_km2,11774.96,km2,K2,gwis_weekly_burned_area,measured,f_sensor_break;f_min_fire_size;f_product_level
OCE,Oseania,region,2021-W21,burned_area_km2,9169.23,km2,K2,gwis_weekly_burned_area,measured,f_sensor_break;f_min_fire_size;f_product_level
OCE,Oseania,region,2021-W22,burned_area_km2,4919.34,km2,K2,gwis_weekly_burned_area,measured,f_sensor_break;f_min_fire_size;f_product_level
OCE,Oseania,region,2021-W23,burned_area_km2,3439.42,km2,K2,gwis_weekly_burned_area,measured,f_sensor_break;f_min_fire_size;f_product_level
OCE,Oseania,region,2021-W24,burned_area_km2,2096.52,km2,K2,gwis_weekly_burned_area,measured,f_sensor_break;f_min_fire_size;f_product_level
OCE,Oseania,region,2021-W25,burned_area_km2,3583.85,km2,K2,gwis_weekly_burned_area,measured,f_sensor_break;f_min_fire_size;f_product_level
OCE,Oseania,region,2021-W26,burned_area_km2,2870.36,km2,K2,gwis_weekly_burned_area,measured,f_sensor_break;f_min_fire_size;f_product_level
OCE,Oseania,region,2021-W27,burned_area_km2,3031.35,km2,K2,gwis_weekly_burned_area,measured,f_sensor_break;f_min_fire_size;f_product_level
OCE,Oseania,region,2021-W28,burned_area_km2,4910.57,km2,K2,gwis_weekly_burned_area,measured,f_sensor_break;f_min_fire_size;f_product_level
OCE,Oseania,region,2021-W29,burned_area_km2,5152.2,km2,K2,gwis_weekly_burned_area,measured,f_sensor_break;f_min_fire_size;f_product_level
OCE,Oseania,region,2021-W30,burned_area_km2,5834.43,km2,K2,gwis_weekly_burned_area,measured,f_sensor_break;f_min_fire_size;f_product_level
OCE,Oseania,region,2021-W31,burned_area_km2,4138.26,km2,K2,gwis_weekly_burned_area,measured,f_sensor_break;f_min_fire_size;f_product_level
OCE,Oseania,region,2021-W32,burned_area_km2,4124.77,km2,K2,gwis_weekly_burned_area,measured,f_sensor_break;f_min_fire_size;f_product_level
OCE,Oseania,region,2021-W33,burned_area_km2,5682.57,km2,K2,gwis_weekly_burned_area,measured,f_sensor_break;f_min_fire_size;f_product_level
OCE,Oseania,region,2021-W34,burned_area_km2,4509.31,km2,K2,gwis_weekly_burned_area,measured,f_sensor_break;f_min_fire_size;f_product_level
OCE,Oseania,region,2021-W35,burned_area_km2,5349.62,km2,K2,gwis_weekly_burned_area,measured,f_sensor_break;f_min_fire_size;f_product_level
OCE,Oseania,region,2021-W36,burned_area_km2,5033.05,km2,K2,gwis_weekly_burned_area,measured,f_sensor_break;f_min_fire_size;f_product_level
OCE,Oseania,region,2021-W37,burned_area_km2,5498.65,km2,K2,gwis_weekly_burned_area,measured,f_sensor_break;f_min_fire_size;f_product_level
OCE,Oseania,region,2021-W38,burned_area_km2,6462.57,km2,K2,gwis_weekly_burned_area,measured,f_sensor_break;f_min_fire_size;f_product_level
OCE,Oseania,region,2021-W39,burned_area_km2,3765.45,km2,K2,gwis_weekly_burned_area,measured,f_sensor_break;f_min_fire_size;f_product_level
OCE,Oseania,region,2021-W40,burned_area_km2,6256.09,km2,K2,gwis_weekly_burned_area,measured,f_sensor_break;f_min_fire_size;f_product_level
OCE,Oseania,region,2021-W41,burned_area_km2,4663.86,km2,K2,gwis_weekly_burned_area,measured,f_sensor_break;f_min_fire_size;f_product_level
OCE,Oseania,region,2021-W42,burned_area_km2,12911.09,km2,K2,gwis_weekly_burned_area,measured,f_sensor_break;f_min_fire_size;f_product_level
OCE,Oseania,region,2021-W43,burned_area_km2,18574.31,km2,K2,gwis_weekly_burned_area,measured,f_sensor_break;f_min_fire_size;f_product_level
OCE,Oseania,region,2021-W44,burned_area_km2,10769.3,km2,K2,gwis_weekly_burned_area,measured,f_sensor_break;f_min_fire_size;f_product_level
OCE,Oseania,region,2021-W45,burned_area_km2,5875.99,km2,K2,gwis_weekly_burned_area,measured,f_sensor_break;f_min_fire_size;f_product_level
OCE,Oseania,region,2021-W46,burned_area_km2,10577.24,km2,K2,gwis_weekly_burned_area,measured,f_sensor_break;f_min_fire_size;f_product_level
OCE,Oseania,region,2021-W47,burned_area_km2,6823.4,km2,K2,gwis_weekly_burned_area,measured,f_sensor_break;f_min_fire_size;f_product_level
OCE,Oseania,region,2021-W48,burned_area_km2,5333.11,km2,K2,gwis_weekly_burned_area,measured,f_sensor_break;f_min_fire_size;f_product_level
OCE,Oseania,region,2021-W49,burned_area_km2,6441.16,km2,K2,gwis_weekly_burned_area,measured,f_sensor_break;f_min_fire_size;f_product_level
OCE,Oseania,region,2021-W50,burned_area_km2,6545.66,km2,K2,gwis_weekly_burned_area,measured,f_sensor_break;f_min_fire_size;f_product_level
OCE,Oseania,region,2021-W51,burned_area_km2,5153.1,km2,K2,gwis_weekly_burned_area,measured,f_sensor_break;f_min_fire_size;f_product_level
OCE,Oseania,region,2021-W52,burned_area_km2,1679.53,km2,K2,gwis_weekly_burned_area,measured,f_sensor_break;f_min_fire_size;f_product_level
OCE,Oseania,region,2022-W01,burned_area_km2,3506.31,km2,K2,gwis_weekly_burned_area,measured,f_sensor_break;f_min_fire_size;f_product_level
OCE,Oseania,region,2022-W02,burned_area_km2,3235.91,km2,K2,gwis_weekly_burned_area,measured,f_sensor_break;f_min_fire_size;f_product_level
OCE,Oseania,region,2022-W03,burned_area_km2,900.87,km2,K2,gwis_weekly_burned_area,measured,f_sensor_break;f_min_fire_size;f_product_level
OCE,Oseania,region,2022-W04,burned_area_km2,314.59,km2,K2,gwis_weekly_burned_area,measured,f_sensor_break;f_min_fire_size;f_product_level
OCE,Oseania,region,2022-W05,burned_area_km2,274.53,km2,K2,gwis_weekly_burned_area,measured,f_sensor_break;f_min_fire_size;f_product_level
OCE,Oseania,region,2022-W06,burned_area_km2,647.97,km2,K2,gwis_weekly_burned_area,measured,f_sensor_break;f_min_fire_size;f_product_level
OCE,Oseania,region,2022-W07,burned_area_km2,1074.83,km2,K2,gwis_weekly_burned_area,measured,f_sensor_break;f_min_fire_size;f_product_level
OCE,Oseania,region,2022-W08,burned_area_km2,1158.4,km2,K2,gwis_weekly_burned_area,measured,f_sensor_break;f_min_fire_size;f_product_level
OCE,Oseania,region,2022-W09,burned_area_km2,1055.97,km2,K2,gwis_weekly_burned_area,measured,f_sensor_break;f_min_fire_size;f_product_level
OCE,Oseania,region,2022-W10,burned_area_km2,2332.34,km2,K2,gwis_weekly_burned_area,measured,f_sensor_break;f_min_fire_size;f_product_level
OCE,Oseania,region,2022-W11,burned_area_km2,3029.29,km2,K2,gwis_weekly_burned_area,measured,f_sensor_break;f_min_fire_size;f_product_level
OCE,Oseania,region,2022-W12,burned_area_km2,4683.15,km2,K2,gwis_weekly_burned_area,measured,f_sensor_break;f_min_fire_size;f_product_level
OCE,Oseania,region,2022-W13,burned_area_km2,7110.23,km2,K2,gwis_weekly_burned_area,measured,f_sensor_break;f_min_fire_size;f_product_level
OCE,Oseania,region,2022-W14,burned_area_km2,11272.41,km2,K2,gwis_weekly_burned_area,measured,f_sensor_break;f_min_fire_size;f_product_level
OCE,Oseania,region,2022-W15,burned_area_km2,7559.95,km2,K2,gwis_weekly_burned_area,measured,f_sensor_break;f_min_fire_size;f_product_level
OCE,Oseania,region,2022-W16,burned_area_km2,9230.48,km2,K2,gwis_weekly_burned_area,measured,f_sensor_break;f_min_fire_size;f_product_level
OCE,Oseania,region,2022-W17,burned_area_km2,7167.84,km2,K2,gwis_weekly_burned_area,measured,f_sensor_break;f_min_fire_size;f_product_level
OCE,Oseania,region,2022-W18,burned_area_km2,10745.66,km2,K2,gwis_weekly_burned_area,measured,f_sensor_break;f_min_fire_size;f_product_level
OCE,Oseania,region,2022-W19,burned_area_km2,9358.45,km2,K2,gwis_weekly_burned_area,measured,f_sensor_break;f_min_fire_size;f_product_level
OCE,Oseania,region,2022-W20,burned_area_km2,10280.09,km2,K2,gwis_weekly_burned_area,measured,f_sensor_break;f_min_fire_size;f_product_level
OCE,Oseania,region,2022-W21,burned_area_km2,7299.65,km2,K2,gwis_weekly_burned_area,measured,f_sensor_break;f_min_fire_size;f_product_level
OCE,Oseania,region,2022-W22,burned_area_km2,2799.86,km2,K2,gwis_weekly_burned_area,measured,f_sensor_break;f_min_fire_size;f_product_level
OCE,Oseania,region,2022-W23,burned_area_km2,4660.31,km2,K2,gwis_weekly_burned_area,measured,f_sensor_break;f_min_fire_size;f_product_level
OCE,Oseania,region,2022-W24,burned_area_km2,9963.17,km2,K2,gwis_weekly_burned_area,measured,f_sensor_break;f_min_fire_size;f_product_level
OCE,Oseania,region,2022-W25,burned_area_km2,5343.73,km2,K2,gwis_weekly_burned_area,measured,f_sensor_break;f_min_fire_size;f_product_level
OCE,Oseania,region,2022-W26,burned_area_km2,1902.68,km2,K2,gwis_weekly_burned_area,measured,f_sensor_break;f_min_fire_size;f_product_level
OCE,Oseania,region,2022-W27,burned_area_km2,5813.26,km2,K2,gwis_weekly_burned_area,measured,f_sensor_break;f_min_fire_size;f_product_level
OCE,Oseania,region,2022-W28,burned_area_km2,5826.51,km2,K2,gwis_weekly_burned_area,measured,f_sensor_break;f_min_fire_size;f_product_level
OCE,Oseania,region,2022-W29,burned_area_km2,8234.04,km2,K2,gwis_weekly_burned_area,measured,f_sensor_break;f_min_fire_size;f_product_level
OCE,Oseania,region,2022-W30,burned_area_km2,7164.98,km2,K2,gwis_weekly_burned_area,measured,f_sensor_break;f_min_fire_size;f_product_level
OCE,Oseania,region,2022-W31,burned_area_km2,3759.41,km2,K2,gwis_weekly_burned_area,measured,f_sensor_break;f_min_fire_size;f_product_level
OCE,Oseania,region,2022-W32,burned_area_km2,5595.05,km2,K2,gwis_weekly_burned_area,measured,f_sensor_break;f_min_fire_size;f_product_level
OCE,Oseania,region,2022-W33,burned_area_km2,9546.51,km2,K2,gwis_weekly_burned_area,measured,f_sensor_break;f_min_fire_size;f_product_level
OCE,Oseania,region,2022-W34,burned_area_km2,6106.3,km2,K2,gwis_weekly_burned_area,measured,f_sensor_break;f_min_fire_size;f_product_level
OCE,Oseania,region,2022-W35,burned_area_km2,4132.9,km2,K2,gwis_weekly_burned_area,measured,f_sensor_break;f_min_fire_size;f_product_level
OCE,Oseania,region,2022-W36,burned_area_km2,2724.27,km2,K2,gwis_weekly_burned_area,measured,f_sensor_break;f_min_fire_size;f_product_level
OCE,Oseania,region,2022-W37,burned_area_km2,4825.05,km2,K2,gwis_weekly_burned_area,measured,f_sensor_break;f_min_fire_size;f_product_level
OCE,Oseania,region,2022-W38,burned_area_km2,6375.51,km2,K2,gwis_weekly_burned_area,measured,f_sensor_break;f_min_fire_size;f_product_level
OCE,Oseania,region,2022-W39,burned_area_km2,4262.95,km2,K2,gwis_weekly_burned_area,measured,f_sensor_break;f_min_fire_size;f_product_level
OCE,Oseania,region,2022-W40,burned_area_km2,2526.66,km2,K2,gwis_weekly_burned_area,measured,f_sensor_break;f_min_fire_size;f_product_level
OCE,Oseania,region,2022-W41,burned_area_km2,4234.42,km2,K2,gwis_weekly_burned_area,measured,f_sensor_break;f_min_fire_size;f_product_level
OCE,Oseania,region,2022-W42,burned_area_km2,5890.66,km2,K2,gwis_weekly_burned_area,measured,f_sensor_break;f_min_fire_size;f_product_level
OCE,Oseania,region,2022-W43,burned_area_km2,11912.26,km2,K2,gwis_weekly_burned_area,measured,f_sensor_break;f_min_fire_size;f_product_level
OCE,Oseania,region,2022-W44,burned_area_km2,15405.53,km2,K2,gwis_weekly_burned_area,measured,f_sensor_break;f_min_fire_size;f_product_level
OCE,Oseania,region,2022-W45,burned_area_km2,6872.03,km2,K2,gwis_weekly_burned_area,measured,f_sensor_break;f_min_fire_size;f_product_level
OCE,Oseania,region,2022-W46,burned_area_km2,5737.03,km2,K2,gwis_weekly_burned_area,measured,f_sensor_break;f_min_fire_size;f_product_level
OCE,Oseania,region,2022-W47,burned_area_km2,2502.98,km2,K2,gwis_weekly_burned_area,measured,f_sensor_break;f_min_fire_size;f_product_level
OCE,Oseania,region,2022-W48,burned_area_km2,1683.6,km2,K2,gwis_weekly_burned_area,measured,f_sensor_break;f_min_fire_size;f_product_level
OCE,Oseania,region,2022-W49,burned_area_km2,3555.39,km2,K2,gwis_weekly_burned_area,measured,f_sensor_break;f_min_fire_size;f_product_level
OCE,Oseania,region,2022-W50,burned_area_km2,5104.0,km2,K2,gwis_weekly_burned_area,measured,f_sensor_break;f_min_fire_size;f_product_level
OCE,Oseania,region,2022-W51,burned_area_km2,1353.22,km2,K2,gwis_weekly_burned_area,measured,f_sensor_break;f_min_fire_size;f_product_level
OCE,Oseania,region,2022-W52,burned_area_km2,867.42,km2,K2,gwis_weekly_burned_area,measured,f_sensor_break;f_min_fire_size;f_product_level
OCE,Oseania,region,2023-W01,burned_area_km2,548.66,km2,K2,gwis_weekly_burned_area,measured,f_sensor_break;f_min_fire_size;f_product_level
OCE,Oseania,region,2023-W02,burned_area_km2,653.61,km2,K2,gwis_weekly_burned_area,measured,f_sensor_break;f_min_fire_size;f_product_level
OCE,Oseania,region,2023-W03,burned_area_km2,712.21,km2,K2,gwis_weekly_burned_area,measured,f_sensor_break;f_min_fire_size;f_product_level
OCE,Oseania,region,2023-W04,burned_area_km2,583.03,km2,K2,gwis_weekly_burned_area,measured,f_sensor_break;f_min_fire_size;f_product_level
OCE,Oseania,region,2023-W05,burned_area_km2,647.7,km2,K2,gwis_weekly_burned_area,measured,f_sensor_break;f_min_fire_size;f_product_level
OCE,Oseania,region,2023-W06,burned_area_km2,969.61,km2,K2,gwis_weekly_burned_area,measured,f_sensor_break;f_min_fire_size;f_product_level
OCE,Oseania,region,2023-W07,burned_area_km2,1689.05,km2,K2,gwis_weekly_burned_area,measured,f_sensor_break;f_min_fire_size;f_product_level
OCE,Oseania,region,2023-W08,burned_area_km2,790.03,km2,K2,gwis_weekly_burned_area,measured,f_sensor_break;f_min_fire_size;f_product_level
OCE,Oseania,region,2023-W09,burned_area_km2,1655.4,km2,K2,gwis_weekly_burned_area,measured,f_sensor_break;f_min_fire_size;f_product_level
OCE,Oseania,region,2023-W10,burned_area_km2,5287.88,km2,K2,gwis_weekly_burned_area,measured,f_sensor_break;f_min_fire_size;f_product_level
OCE,Oseania,region,2023-W11,burned_area_km2,3269.03,km2,K2,gwis_weekly_burned_area,measured,f_sensor_break;f_min_fire_size;f_product_level
OCE,Oseania,region,2023-W12,burned_area_km2,4971.44,km2,K2,gwis_weekly_burned_area,measured,f_sensor_break;f_min_fire_size;f_product_level
OCE,Oseania,region,2023-W13,burned_area_km2,4471.42,km2,K2,gwis_weekly_burned_area,measured,f_sensor_break;f_min_fire_size;f_product_level
OCE,Oseania,region,2023-W14,burned_area_km2,4405.12,km2,K2,gwis_weekly_burned_area,measured,f_sensor_break;f_min_fire_size;f_product_level
OCE,Oseania,region,2023-W15,burned_area_km2,1585.27,km2,K2,gwis_weekly_burned_area,measured,f_sensor_break;f_min_fire_size;f_product_level
OCE,Oseania,region,2023-W16,burned_area_km2,8734.32,km2,K2,gwis_weekly_burned_area,measured,f_sensor_break;f_min_fire_size;f_product_level
OCE,Oseania,region,2023-W17,burned_area_km2,8824.67,km2,K2,gwis_weekly_burned_area,measured,f_sensor_break;f_min_fire_size;f_product_level
OCE,Oseania,region,2023-W18,burned_area_km2,9587.47,km2,K2,gwis_weekly_burned_area,measured,f_sensor_break;f_min_fire_size;f_product_level
OCE,Oseania,region,2023-W19,burned_area_km2,12237.17,km2,K2,gwis_weekly_burned_area,measured,f_sensor_break;f_min_fire_size;f_product_level
OCE,Oseania,region,2023-W20,burned_area_km2,14599.46,km2,K2,gwis_weekly_burned_area,measured,f_sensor_break;f_min_fire_size;f_product_level
OCE,Oseania,region,2023-W21,burned_area_km2,13695.93,km2,K2,gwis_weekly_burned_area,measured,f_sensor_break;f_min_fire_size;f_product_level
OCE,Oseania,region,2023-W22,burned_area_km2,8257.76,km2,K2,gwis_weekly_burned_area,measured,f_sensor_break;f_min_fire_size;f_product_level
OCE,Oseania,region,2023-W23,burned_area_km2,5737.0,km2,K2,gwis_weekly_burned_area,measured,f_sensor_break;f_min_fire_size;f_product_level
OCE,Oseania,region,2023-W24,burned_area_km2,6259.36,km2,K2,gwis_weekly_burned_area,measured,f_sensor_break;f_min_fire_size;f_product_level
OCE,Oseania,region,2023-W25,burned_area_km2,4111.31,km2,K2,gwis_weekly_burned_area,measured,f_sensor_break;f_min_fire_size;f_product_level
OCE,Oseania,region,2023-W26,burned_area_km2,4874.92,km2,K2,gwis_weekly_burned_area,measured,f_sensor_break;f_min_fire_size;f_product_level
OCE,Oseania,region,2023-W27,burned_area_km2,3606.27,km2,K2,gwis_weekly_burned_area,measured,f_sensor_break;f_min_fire_size;f_product_level
OCE,Oseania,region,2023-W28,burned_area_km2,4633.35,km2,K2,gwis_weekly_burned_area,measured,f_sensor_break;f_min_fire_size;f_product_level
OCE,Oseania,region,2023-W29,burned_area_km2,7075.33,km2,K2,gwis_weekly_burned_area,measured,f_sensor_break;f_min_fire_size;f_product_level
OCE,Oseania,region,2023-W30,burned_area_km2,5934.18,km2,K2,gwis_weekly_burned_area,measured,f_sensor_break;f_min_fire_size;f_product_level
OCE,Oseania,region,2023-W31,burned_area_km2,4355.58,km2,K2,gwis_weekly_burned_area,measured,f_sensor_break;f_min_fire_size;f_product_level
OCE,Oseania,region,2023-W32,burned_area_km2,5909.22,km2,K2,gwis_weekly_burned_area,measured,f_sensor_break;f_min_fire_size;f_product_level
OCE,Oseania,region,2023-W33,burned_area_km2,7571.19,km2,K2,gwis_weekly_burned_area,measured,f_sensor_break;f_min_fire_size;f_product_level
OCE,Oseania,region,2023-W34,burned_area_km2,10445.95,km2,K2,gwis_weekly_burned_area,measured,f_sensor_break;f_min_fire_size;f_product_level
OCE,Oseania,region,2023-W35,burned_area_km2,13085.57,km2,K2,gwis_weekly_burned_area,measured,f_sensor_break;f_min_fire_size;f_product_level
OCE,Oseania,region,2023-W36,burned_area_km2,26238.51,km2,K2,gwis_weekly_burned_area,measured,f_sensor_break;f_min_fire_size;f_product_level
OCE,Oseania,region,2023-W37,burned_area_km2,16088.58,km2,K2,gwis_weekly_burned_area,measured,f_sensor_break;f_min_fire_size;f_product_level
OCE,Oseania,region,2023-W38,burned_area_km2,13833.06,km2,K2,gwis_weekly_burned_area,measured,f_sensor_break;f_min_fire_size;f_product_level
OCE,Oseania,region,2023-W39,burned_area_km2,19419.66,km2,K2,gwis_weekly_burned_area,measured,f_sensor_break;f_min_fire_size;f_product_level
OCE,Oseania,region,2023-W40,burned_area_km2,33973.59,km2,K2,gwis_weekly_burned_area,measured,f_sensor_break;f_min_fire_size;f_product_level
OCE,Oseania,region,2023-W41,burned_area_km2,31154.54,km2,K2,gwis_weekly_burned_area,measured,f_sensor_break;f_min_fire_size;f_product_level
OCE,Oseania,region,2023-W42,burned_area_km2,42171.83,km2,K2,gwis_weekly_burned_area,measured,f_sensor_break;f_min_fire_size;f_product_level
OCE,Oseania,region,2023-W43,burned_area_km2,40996.45,km2,K2,gwis_weekly_burned_area,measured,f_sensor_break;f_min_fire_size;f_product_level
OCE,Oseania,region,2023-W44,burned_area_km2,28053.29,km2,K2,gwis_weekly_burned_area,measured,f_sensor_break;f_min_fire_size;f_product_level
OCE,Oseania,region,2023-W45,burned_area_km2,28049.3,km2,K2,gwis_weekly_burned_area,measured,f_sensor_break;f_min_fire_size;f_product_level
OCE,Oseania,region,2023-W46,burned_area_km2,9825.41,km2,K2,gwis_weekly_burned_area,measured,f_sensor_break;f_min_fire_size;f_product_level
OCE,Oseania,region,2023-W47,burned_area_km2,5769.51,km2,K2,gwis_weekly_burned_area,measured,f_sensor_break;f_min_fire_size;f_product_level
OCE,Oseania,region,2023-W48,burned_area_km2,7713.99,km2,K2,gwis_weekly_burned_area,measured,f_sensor_break;f_min_fire_size;f_product_level
OCE,Oseania,region,2023-W49,burned_area_km2,19934.34,km2,K2,gwis_weekly_burned_area,measured,f_sensor_break;f_min_fire_size;f_product_level
OCE,Oseania,region,2023-W50,burned_area_km2,7282.47,km2,K2,gwis_weekly_burned_area,measured,f_sensor_break;f_min_fire_size;f_product_level
OCE,Oseania,region,2023-W51,burned_area_km2,15734.82,km2,K2,gwis_weekly_burned_area,measured,f_sensor_break;f_min_fire_size;f_product_level
OCE,Oseania,region,2023-W52,burned_area_km2,13596.43,km2,K2,gwis_weekly_burned_area,measured,f_sensor_break;f_min_fire_size;f_product_level
OCE,Oseania,region,2024-W01,burned_area_km2,5519.85,km2,K2,gwis_weekly_burned_area,measured,f_sensor_break;f_min_fire_size;f_product_level
OCE,Oseania,region,2024-W02,burned_area_km2,2148.07,km2,K2,gwis_weekly_burned_area,measured,f_sensor_break;f_min_fire_size;f_product_level
OCE,Oseania,region,2024-W03,burned_area_km2,784.15,km2,K2,gwis_weekly_burned_area,measured,f_sensor_break;f_min_fire_size;f_product_level
OCE,Oseania,region,2024-W04,burned_area_km2,922.24,km2,K2,gwis_weekly_burned_area,measured,f_sensor_break;f_min_fire_size;f_product_level
OCE,Oseania,region,2024-W05,burned_area_km2,995.95,km2,K2,gwis_weekly_burned_area,measured,f_sensor_break;f_min_fire_size;f_product_level
OCE,Oseania,region,2024-W06,burned_area_km2,920.14,km2,K2,gwis_weekly_burned_area,measured,f_sensor_break;f_min_fire_size;f_product_level
OCE,Oseania,region,2024-W07,burned_area_km2,407.32,km2,K2,gwis_weekly_burned_area,measured,f_sensor_break;f_min_fire_size;f_product_level
OCE,Oseania,region,2024-W08,burned_area_km2,674.25,km2,K2,gwis_weekly_burned_area,measured,f_sensor_break;f_min_fire_size;f_product_level
OCE,Oseania,region,2024-W09,burned_area_km2,691.54,km2,K2,gwis_weekly_burned_area,measured,f_sensor_break;f_min_fire_size;f_product_level
OCE,Oseania,region,2024-W10,burned_area_km2,549.71,km2,K2,gwis_weekly_burned_area,measured,f_sensor_break;f_min_fire_size;f_product_level
OCE,Oseania,region,2024-W11,burned_area_km2,861.63,km2,K2,gwis_weekly_burned_area,measured,f_sensor_break;f_min_fire_size;f_product_level
OCE,Oseania,region,2024-W12,burned_area_km2,253.95,km2,K2,gwis_weekly_burned_area,measured,f_sensor_break;f_min_fire_size;f_product_level
OCE,Oseania,region,2024-W13,burned_area_km2,1647.51,km2,K2,gwis_weekly_burned_area,measured,f_sensor_break;f_min_fire_size;f_product_level
OCE,Oseania,region,2024-W14,burned_area_km2,3239.26,km2,K2,gwis_weekly_burned_area,measured,f_sensor_break;f_min_fire_size;f_product_level
OCE,Oseania,region,2024-W15,burned_area_km2,6765.25,km2,K2,gwis_weekly_burned_area,measured,f_sensor_break;f_min_fire_size;f_product_level
OCE,Oseania,region,2024-W16,burned_area_km2,8897.77,km2,K2,gwis_weekly_burned_area,measured,f_sensor_break;f_min_fire_size;f_product_level
OCE,Oseania,region,2024-W17,burned_area_km2,7321.58,km2,K2,gwis_weekly_burned_area,measured,f_sensor_break;f_min_fire_size;f_product_level
OCE,Oseania,region,2024-W18,burned_area_km2,3641.7,km2,K2,gwis_weekly_burned_area,measured,f_sensor_break;f_min_fire_size;f_product_level
OCE,Oseania,region,2024-W19,burned_area_km2,8878.22,km2,K2,gwis_weekly_burned_area,measured,f_sensor_break;f_min_fire_size;f_product_level
OCE,Oseania,region,2024-W20,burned_area_km2,7764.29,km2,K2,gwis_weekly_burned_area,measured,f_sensor_break;f_min_fire_size;f_product_level
OCE,Oseania,region,2024-W21,burned_area_km2,7141.42,km2,K2,gwis_weekly_burned_area,measured,f_sensor_break;f_min_fire_size;f_product_level
OCE,Oseania,region,2024-W22,burned_area_km2,3121.95,km2,K2,gwis_weekly_burned_area,measured,f_sensor_break;f_min_fire_size;f_product_level
OCE,Oseania,region,2024-W23,burned_area_km2,4684.45,km2,K2,gwis_weekly_burned_area,measured,f_sensor_break;f_min_fire_size;f_product_level
OCE,Oseania,region,2024-W24,burned_area_km2,6857.54,km2,K2,gwis_weekly_burned_area,measured,f_sensor_break;f_min_fire_size;f_product_level
OCE,Oseania,region,2024-W25,burned_area_km2,6418.99,km2,K2,gwis_weekly_burned_area,measured,f_sensor_break;f_min_fire_size;f_product_level
OCE,Oseania,region,2024-W26,burned_area_km2,2144.42,km2,K2,gwis_weekly_burned_area,measured,f_sensor_break;f_min_fire_size;f_product_level
OCE,Oseania,region,2024-W27,burned_area_km2,4048.3,km2,K2,gwis_weekly_burned_area,measured,f_sensor_break;f_min_fire_size;f_product_level
OCE,Oseania,region,2024-W28,burned_area_km2,6893.8,km2,K2,gwis_weekly_burned_area,measured,f_sensor_break;f_min_fire_size;f_product_level
OCE,Oseania,region,2024-W29,burned_area_km2,9595.65,km2,K2,gwis_weekly_burned_area,measured,f_sensor_break;f_min_fire_size;f_product_level
OCE,Oseania,region,2024-W30,burned_area_km2,4527.22,km2,K2,gwis_weekly_burned_area,measured,f_sensor_break;f_min_fire_size;f_product_level
OCE,Oseania,region,2024-W31,burned_area_km2,3859.58,km2,K2,gwis_weekly_burned_area,measured,f_sensor_break;f_min_fire_size;f_product_level
OCE,Oseania,region,2024-W32,burned_area_km2,4799.6,km2,K2,gwis_weekly_burned_area,measured,f_sensor_break;f_min_fire_size;f_product_level
OCE,Oseania,region,2024-W33,burned_area_km2,6841.05,km2,K2,gwis_weekly_burned_area,measured,f_sensor_break;f_min_fire_size;f_product_level
OCE,Oseania,region,2024-W34,burned_area_km2,4340.03,km2,K2,gwis_weekly_burned_area,measured,f_sensor_break;f_min_fire_size;f_product_level
OCE,Oseania,region,2024-W35,burned_area_km2,5887.57,km2,K2,gwis_weekly_burned_area,measured,f_sensor_break;f_min_fire_size;f_product_level
OCE,Oseania,region,2024-W36,burned_area_km2,7438.37,km2,K2,gwis_weekly_burned_area,measured,f_sensor_break;f_min_fire_size;f_product_level
OCE,Oseania,region,2024-W37,burned_area_km2,8339.35,km2,K2,gwis_weekly_burned_area,measured,f_sensor_break;f_min_fire_size;f_product_level
OCE,Oseania,region,2024-W38,burned_area_km2,4974.93,km2,K2,gwis_weekly_burned_area,measured,f_sensor_break;f_min_fire_size;f_product_level
OCE,Oseania,region,2024-W39,burned_area_km2,6687.87,km2,K2,gwis_weekly_burned_area,measured,f_sensor_break;f_min_fire_size;f_product_level
OCE,Oseania,region,2024-W40,burned_area_km2,12225.14,km2,K2,gwis_weekly_burned_area,measured,f_sensor_break;f_min_fire_size;f_product_level
OCE,Oseania,region,2024-W41,burned_area_km2,12705.98,km2,K2,gwis_weekly_burned_area,measured,f_sensor_break;f_min_fire_size;f_product_level
OCE,Oseania,region,2024-W42,burned_area_km2,12539.19,km2,K2,gwis_weekly_burned_area,measured,f_sensor_break;f_min_fire_size;f_product_level
OCE,Oseania,region,2024-W43,burned_area_km2,15788.4,km2,K2,gwis_weekly_burned_area,measured,f_sensor_break;f_min_fire_size;f_product_level
OCE,Oseania,region,2024-W44,burned_area_km2,25524.33,km2,K2,gwis_weekly_burned_area,measured,f_sensor_break;f_min_fire_size;f_product_level
OCE,Oseania,region,2024-W45,burned_area_km2,16180.06,km2,K2,gwis_weekly_burned_area,measured,f_sensor_break;f_min_fire_size;f_product_level
OCE,Oseania,region,2024-W46,burned_area_km2,13417.73,km2,K2,gwis_weekly_burned_area,measured,f_sensor_break;f_min_fire_size;f_product_level
OCE,Oseania,region,2024-W47,burned_area_km2,6018.75,km2,K2,gwis_weekly_burned_area,measured,f_sensor_break;f_min_fire_size;f_product_level
OCE,Oseania,region,2024-W48,burned_area_km2,3777.27,km2,K2,gwis_weekly_burned_area,measured,f_sensor_break;f_min_fire_size;f_product_level
OCE,Oseania,region,2024-W49,burned_area_km2,3858.77,km2,K2,gwis_weekly_burned_area,measured,f_sensor_break;f_min_fire_size;f_product_level
OCE,Oseania,region,2024-W50,burned_area_km2,5041.22,km2,K2,gwis_weekly_burned_area,measured,f_sensor_break;f_min_fire_size;f_product_level
OCE,Oseania,region,2024-W51,burned_area_km2,4134.47,km2,K2,gwis_weekly_burned_area,measured,f_sensor_break;f_min_fire_size;f_product_level
OCE,Oseania,region,2024-W52,burned_area_km2,3866.52,km2,K2,gwis_weekly_burned_area,measured,f_sensor_break;f_min_fire_size;f_product_level
OCE,Oseania,region,2025-W01,burned_area_km2,3515.71,km2,K2,gwis_weekly_burned_area,measured,f_sensor_break;f_min_fire_size;f_product_level
OCE,Oseania,region,2025-W02,burned_area_km2,5107.56,km2,K2,gwis_weekly_burned_area,measured,f_sensor_break;f_min_fire_size;f_product_level
OCE,Oseania,region,2025-W03,burned_area_km2,3116.91,km2,K2,gwis_weekly_burned_area,measured,f_sensor_break;f_min_fire_size;f_product_level
OCE,Oseania,region,2025-W04,burned_area_km2,7194.29,km2,K2,gwis_weekly_burned_area,measured,f_sensor_break;f_min_fire_size;f_product_level
OCE,Oseania,region,2025-W05,burned_area_km2,5850.85,km2,K2,gwis_weekly_burned_area,measured,f_sensor_break;f_min_fire_size;f_product_level
OCE,Oseania,region,2025-W06,burned_area_km2,1053.52,km2,K2,gwis_weekly_burned_area,measured,f_sensor_break;f_min_fire_size;f_product_level
OCE,Oseania,region,2025-W07,burned_area_km2,967.87,km2,K2,gwis_weekly_burned_area,measured,f_sensor_break;f_min_fire_size;f_product_level
OCE,Oseania,region,2025-W08,burned_area_km2,1535.93,km2,K2,gwis_weekly_burned_area,measured,f_sensor_break;f_min_fire_size;f_product_level
OCE,Oseania,region,2025-W09,burned_area_km2,2249.84,km2,K2,gwis_weekly_burned_area,measured,f_sensor_break;f_min_fire_size;f_product_level
OCE,Oseania,region,2025-W10,burned_area_km2,3066.58,km2,K2,gwis_weekly_burned_area,measured,f_sensor_break;f_min_fire_size;f_product_level
OCE,Oseania,region,2025-W11,burned_area_km2,1793.5,km2,K2,gwis_weekly_burned_area,measured,f_sensor_break;f_min_fire_size;f_product_level
OCE,Oseania,region,2025-W12,burned_area_km2,585.16,km2,K2,gwis_weekly_burned_area,measured,f_sensor_break;f_min_fire_size;f_product_level
OCE,Oseania,region,2025-W13,burned_area_km2,850.85,km2,K2,gwis_weekly_burned_area,measured,f_sensor_break;f_min_fire_size;f_product_level
OCE,Oseania,region,2025-W14,burned_area_km2,2115.24,km2,K2,gwis_weekly_burned_area,measured,f_sensor_break;f_min_fire_size;f_product_level
OCE,Oseania,region,2025-W15,burned_area_km2,3443.49,km2,K2,gwis_weekly_burned_area,measured,f_sensor_break;f_min_fire_size;f_product_level
OCE,Oseania,region,2025-W16,burned_area_km2,2387.24,km2,K2,gwis_weekly_burned_area,measured,f_sensor_break;f_min_fire_size;f_product_level
OCE,Oseania,region,2025-W17,burned_area_km2,4134.89,km2,K2,gwis_weekly_burned_area,measured,f_sensor_break;f_min_fire_size;f_product_level
OCE,Oseania,region,2025-W18,burned_area_km2,7188.78,km2,K2,gwis_weekly_burned_area,measured,f_sensor_break;f_min_fire_size;f_product_level
OCE,Oseania,region,2025-W19,burned_area_km2,8863.67,km2,K2,gwis_weekly_burned_area,measured,f_sensor_break;f_min_fire_size;f_product_level
OCE,Oseania,region,2025-W20,burned_area_km2,11396.37,km2,K2,gwis_weekly_burned_area,measured,f_sensor_break;f_min_fire_size;f_product_level
OCE,Oseania,region,2025-W21,burned_area_km2,5124.15,km2,K2,gwis_weekly_burned_area,measured,f_sensor_break;f_min_fire_size;f_product_level
OCE,Oseania,region,2025-W22,burned_area_km2,3266.91,km2,K2,gwis_weekly_burned_area,measured,f_sensor_break;f_min_fire_size;f_product_level
OCE,Oseania,region,2025-W23,burned_area_km2,5544.78,km2,K2,gwis_weekly_burned_area,measured,f_sensor_break;f_min_fire_size;f_product_level
OCE,Oseania,region,2025-W24,burned_area_km2,8793.75,km2,K2,gwis_weekly_burned_area,measured,f_sensor_break;f_min_fire_size;f_product_level
OCE,Oseania,region,2025-W25,burned_area_km2,5179.4,km2,K2,gwis_weekly_burned_area,measured,f_sensor_break;f_min_fire_size;f_product_level
OCE,Oseania,region,2025-W26,burned_area_km2,9754.91,km2,K2,gwis_weekly_burned_area,measured,f_sensor_break;f_min_fire_size;f_product_level
OCE,Oseania,region,2025-W27,burned_area_km2,6346.15,km2,K2,gwis_weekly_burned_area,measured,f_sensor_break;f_min_fire_size;f_product_level
OCE,Oseania,region,2025-W28,burned_area_km2,6150.11,km2,K2,gwis_weekly_burned_area,measured,f_sensor_break;f_min_fire_size;f_product_level
OCE,Oseania,region,2025-W29,burned_area_km2,6325.02,km2,K2,gwis_weekly_burned_area,measured,f_sensor_break;f_min_fire_size;f_product_level
OCE,Oseania,region,2025-W30,burned_area_km2,6255.17,km2,K2,gwis_weekly_burned_area,measured,f_sensor_break;f_min_fire_size;f_product_level
OCE,Oseania,region,2025-W31,burned_area_km2,8036.38,km2,K2,gwis_weekly_burned_area,measured,f_sensor_break;f_min_fire_size;f_product_level
OCE,Oseania,region,2025-W32,burned_area_km2,6738.39,km2,K2,gwis_weekly_burned_area,measured,f_sensor_break;f_min_fire_size;f_product_level
OCE,Oseania,region,2025-W33,burned_area_km2,9960.06,km2,K2,gwis_weekly_burned_area,measured,f_sensor_break;f_min_fire_size;f_product_level
OCE,Oseania,region,2025-W34,burned_area_km2,7041.59,km2,K2,gwis_weekly_burned_area,measured,f_sensor_break;f_min_fire_size;f_product_level
OCE,Oseania,region,2025-W35,burned_area_km2,9023.47,km2,K2,gwis_weekly_burned_area,measured,f_sensor_break;f_min_fire_size;f_product_level
OCE,Oseania,region,2025-W36,burned_area_km2,6030.99,km2,K2,gwis_weekly_burned_area,measured,f_sensor_break;f_min_fire_size;f_product_level
OCE,Oseania,region,2025-W37,burned_area_km2,7020.03,km2,K2,gwis_weekly_burned_area,measured,f_sensor_break;f_min_fire_size;f_product_level
OCE,Oseania,region,2025-W38,burned_area_km2,9562.96,km2,K2,gwis_weekly_burned_area,measured,f_sensor_break;f_min_fire_size;f_product_level
OCE,Oseania,region,2025-W39,burned_area_km2,9439.72,km2,K2,gwis_weekly_burned_area,measured,f_sensor_break;f_min_fire_size;f_product_level
OCE,Oseania,region,2025-W40,burned_area_km2,18577.2,km2,K2,gwis_weekly_burned_area,measured,f_sensor_break;f_min_fire_size;f_product_level
OCE,Oseania,region,2025-W41,burned_area_km2,14828.03,km2,K2,gwis_weekly_burned_area,measured,f_sensor_break;f_min_fire_size;f_product_level
OCE,Oseania,region,2025-W42,burned_area_km2,38306.96,km2,K2,gwis_weekly_burned_area,measured,f_sensor_break;f_min_fire_size;f_product_level
OCE,Oseania,region,2025-W43,burned_area_km2,15514.82,km2,K2,gwis_weekly_burned_area,measured,f_sensor_break;f_min_fire_size;f_product_level
OCE,Oseania,region,2025-W44,burned_area_km2,17828.95,km2,K2,gwis_weekly_burned_area,measured,f_sensor_break;f_min_fire_size;f_product_level
OCE,Oseania,region,2025-W45,burned_area_km2,11097.56,km2,K2,gwis_weekly_burned_area,measured,f_sensor_break;f_min_fire_size;f_product_level
OCE,Oseania,region,2025-W46,burned_area_km2,3793.32,km2,K2,gwis_weekly_burned_area,measured,f_sensor_break;f_min_fire_size;f_product_level
OCE,Oseania,region,2025-W47,burned_area_km2,6123.19,km2,K2,gwis_weekly_burned_area,measured,f_sensor_break;f_min_fire_size;f_product_level
OCE,Oseania,region,2025-W48,burned_area_km2,7597.34,km2,K2,gwis_weekly_burned_area,measured,f_sensor_break;f_min_fire_size;f_product_level
OCE,Oseania,region,2025-W49,burned_area_km2,5262.98,km2,K2,gwis_weekly_burned_area,measured,f_sensor_break;f_min_fire_size;f_product_level
OCE,Oseania,region,2025-W50,burned_area_km2,5005.43,km2,K2,gwis_weekly_burned_area,measured,f_sensor_break;f_min_fire_size;f_product_level
OCE,Oseania,region,2025-W51,burned_area_km2,2438.56,km2,K2,gwis_weekly_burned_area,measured,f_sensor_break;f_min_fire_size;f_product_level
OCE,Oseania,region,2025-W52,burned_area_km2,794.98,km2,K2,gwis_weekly_burned_area,measured,f_sensor_break;f_min_fire_size;f_product_level
OCE,Oseania,region,2026-W01,burned_area_km2,2492.58,km2,K2,gwis_weekly_burned_area,measured,f_sensor_break;f_min_fire_size;f_product_level;f_incomplete_year
OCE,Oseania,region,2026-W02,burned_area_km2,4875.64,km2,K2,gwis_weekly_burned_area,measured,f_sensor_break;f_min_fire_size;f_product_level;f_incomplete_year
OCE,Oseania,region,2026-W03,burned_area_km2,2079.45,km2,K2,gwis_weekly_burned_area,measured,f_sensor_break;f_min_fire_size;f_product_level;f_incomplete_year
OCE,Oseania,region,2026-W04,burned_area_km2,1564.31,km2,K2,gwis_weekly_burned_area,measured,f_sensor_break;f_min_fire_size;f_product_level;f_incomplete_year
OCE,Oseania,region,2026-W05,burned_area_km2,696.04,km2,K2,gwis_weekly_burned_area,measured,f_sensor_break;f_min_fire_size;f_product_level;f_incomplete_year
OCE,Oseania,region,2026-W06,burned_area_km2,329.26,km2,K2,gwis_weekly_burned_area,measured,f_sensor_break;f_min_fire_size;f_product_level;f_incomplete_year
OCE,Oseania,region,2026-W07,burned_area_km2,212.33,km2,K2,gwis_weekly_burned_area,measured,f_sensor_break;f_min_fire_size;f_product_level;f_incomplete_year
OCE,Oseania,region,2026-W08,burned_area_km2,339.44,km2,K2,gwis_weekly_burned_area,measured,f_sensor_break;f_min_fire_size;f_product_level;f_incomplete_year
OCE,Oseania,region,2026-W09,burned_area_km2,449.92,km2,K2,gwis_weekly_burned_area,measured,f_sensor_break;f_min_fire_size;f_product_level;f_incomplete_year
OCE,Oseania,region,2026-W10,burned_area_km2,552.33,km2,K2,gwis_weekly_burned_area,measured,f_sensor_break;f_min_fire_size;f_product_level;f_incomplete_year
OCE,Oseania,region,2026-W11,burned_area_km2,664.74,km2,K2,gwis_weekly_burned_area,measured,f_sensor_break;f_min_fire_size;f_product_level;f_incomplete_year
OCE,Oseania,region,2026-W12,burned_area_km2,923.62,km2,K2,gwis_weekly_burned_area,measured,f_sensor_break;f_min_fire_size;f_product_level;f_incomplete_year
OCE,Oseania,region,2026-W13,burned_area_km2,2778.34,km2,K2,gwis_weekly_burned_area,measured,f_sensor_break;f_min_fire_size;f_product_level;f_incomplete_year
OCE,Oseania,region,2026-W14,burned_area_km2,2933.97,km2,K2,gwis_weekly_burned_area,measured,f_sensor_break;f_min_fire_size;f_product_level;f_incomplete_year
OCE,Oseania,region,2026-W15,burned_area_km2,8682.13,km2,K2,gwis_weekly_burned_area,measured,f_sensor_break;f_min_fire_size;f_product_level;f_incomplete_year
OCE,Oseania,region,2026-W16,burned_area_km2,5859.13,km2,K2,gwis_weekly_burned_area,measured,f_sensor_break;f_min_fire_size;f_product_level;f_incomplete_year
OCE,Oseania,region,2026-W17,burned_area_km2,7029.77,km2,K2,gwis_weekly_burned_area,measured,f_sensor_break;f_min_fire_size;f_product_level;f_incomplete_year
OCE,Oseania,region,2026-W18,burned_area_km2,5096.25,km2,K2,gwis_weekly_burned_area,measured,f_sensor_break;f_min_fire_size;f_product_level;f_incomplete_year
OCE,Oseania,region,2026-W19,burned_area_km2,6058.15,km2,K2,gwis_weekly_burned_area,measured,f_sensor_break;f_min_fire_size;f_product_level;f_incomplete_year
OCE,Oseania,region,2026-W20,burned_area_km2,3463.4,km2,K2,gwis_weekly_burned_area,measured,f_sensor_break;f_min_fire_size;f_product_level;f_incomplete_year
OCE,Oseania,region,2026-W21,burned_area_km2,4108.23,km2,K2,gwis_weekly_burned_area,measured,f_sensor_break;f_min_fire_size;f_product_level;f_incomplete_year
OCE,Oseania,region,2026-W22,burned_area_km2,7476.94,km2,K2,gwis_weekly_burned_area,measured,f_sensor_break;f_min_fire_size;f_product_level;f_incomplete_year
OCE,Oseania,region,2026-W23,burned_area_km2,7775.59,km2,K2,gwis_weekly_burned_area,measured,f_sensor_break;f_min_fire_size;f_product_level;f_incomplete_year
OCE,Oseania,region,2026-W24,burned_area_km2,5255.15,km2,K2,gwis_weekly_burned_area,measured,f_sensor_break;f_min_fire_size;f_product_level;f_incomplete_year
OCE,Oseania,region,2026-W25,burned_area_km2,6502.45,km2,K2,gwis_weekly_burned_area,measured,f_sensor_break;f_min_fire_size;f_product_level;f_incomplete_year
OCE,Oseania,region,2026-W26,burned_area_km2,3725.2,km2,K2,gwis_weekly_burned_area,measured,f_sensor_break;f_min_fire_size;f_product_level;f_incomplete_year
OCE,Oseania,region,2026-W27,burned_area_km2,6839.11,km2,K2,gwis_weekly_burned_area,measured,f_sensor_break;f_min_fire_size;f_product_level;f_incomplete_year
OCE,Oseania,region,2026-W28,burned_area_km2,4340.2,km2,K2,gwis_weekly_burned_area,measured,f_sensor_break;f_min_fire_size;f_product_level;f_incomplete_year
OCE,Oseania,region,2026-W29,burned_area_km2,8848.17,km2,K2,gwis_weekly_burned_area,measured,f_sensor_break;f_min_fire_size;f_product_level;f_incomplete_year
OCE,Oseania,region,2026-W30,burned_area_km2,9571.88,km2,K2,gwis_weekly_burned_area,measured,f_sensor_break;f_min_fire_size;f_product_level;f_incomplete_year
OCE,Oseania,region,2026-W31,burned_area_km2,4152.99,km2,K2,gwis_weekly_burned_area,measured,f_sensor_break;f_min_fire_size;f_product_level;f_incomplete_year
SAM,Sør-Amerika,region,2012-W01,burned_area_km2,910.7,km2,K2,gwis_weekly_burned_area,measured,f_sensor_break;f_min_fire_size;f_product_level
SAM,Sør-Amerika,region,2012-W02,burned_area_km2,345.58,km2,K2,gwis_weekly_burned_area,measured,f_sensor_break;f_min_fire_size;f_product_level
SAM,Sør-Amerika,region,2012-W03,burned_area_km2,1952.58,km2,K2,gwis_weekly_burned_area,measured,f_sensor_break;f_min_fire_size;f_product_level
SAM,Sør-Amerika,region,2012-W04,burned_area_km2,3745.66,km2,K2,gwis_weekly_burned_area,measured,f_sensor_break;f_min_fire_size;f_product_level
SAM,Sør-Amerika,region,2012-W05,burned_area_km2,3062.91,km2,K2,gwis_weekly_burned_area,measured,f_sensor_break;f_min_fire_size;f_product_level
SAM,Sør-Amerika,region,2012-W06,burned_area_km2,3351.75,km2,K2,gwis_weekly_burned_area,measured,f_sensor_break;f_min_fire_size;f_product_level
SAM,Sør-Amerika,region,2012-W07,burned_area_km2,7256.0,km2,K2,gwis_weekly_burned_area,measured,f_sensor_break;f_min_fire_size;f_product_level
SAM,Sør-Amerika,region,2012-W08,burned_area_km2,4870.41,km2,K2,gwis_weekly_burned_area,measured,f_sensor_break;f_min_fire_size;f_product_level
SAM,Sør-Amerika,region,2012-W09,burned_area_km2,4127.81,km2,K2,gwis_weekly_burned_area,measured,f_sensor_break;f_min_fire_size;f_product_level
SAM,Sør-Amerika,region,2012-W10,burned_area_km2,5868.53,km2,K2,gwis_weekly_burned_area,measured,f_sensor_break;f_min_fire_size;f_product_level
SAM,Sør-Amerika,region,2012-W11,burned_area_km2,4902.63,km2,K2,gwis_weekly_burned_area,measured,f_sensor_break;f_min_fire_size;f_product_level
SAM,Sør-Amerika,region,2012-W12,burned_area_km2,1610.73,km2,K2,gwis_weekly_burned_area,measured,f_sensor_break;f_min_fire_size;f_product_level
SAM,Sør-Amerika,region,2012-W13,burned_area_km2,2901.6,km2,K2,gwis_weekly_burned_area,measured,f_sensor_break;f_min_fire_size;f_product_level
SAM,Sør-Amerika,region,2012-W14,burned_area_km2,2172.56,km2,K2,gwis_weekly_burned_area,measured,f_sensor_break;f_min_fire_size;f_product_level
SAM,Sør-Amerika,region,2012-W15,burned_area_km2,893.47,km2,K2,gwis_weekly_burned_area,measured,f_sensor_break;f_min_fire_size;f_product_level
SAM,Sør-Amerika,region,2012-W16,burned_area_km2,1230.3,km2,K2,gwis_weekly_burned_area,measured,f_sensor_break;f_min_fire_size;f_product_level
SAM,Sør-Amerika,region,2012-W17,burned_area_km2,1485.87,km2,K2,gwis_weekly_burned_area,measured,f_sensor_break;f_min_fire_size;f_product_level
SAM,Sør-Amerika,region,2012-W18,burned_area_km2,2401.86,km2,K2,gwis_weekly_burned_area,measured,f_sensor_break;f_min_fire_size;f_product_level
SAM,Sør-Amerika,region,2012-W19,burned_area_km2,2525.18,km2,K2,gwis_weekly_burned_area,measured,f_sensor_break;f_min_fire_size;f_product_level
SAM,Sør-Amerika,region,2012-W20,burned_area_km2,1172.77,km2,K2,gwis_weekly_burned_area,measured,f_sensor_break;f_min_fire_size;f_product_level
SAM,Sør-Amerika,region,2012-W21,burned_area_km2,1199.19,km2,K2,gwis_weekly_burned_area,measured,f_sensor_break;f_min_fire_size;f_product_level
SAM,Sør-Amerika,region,2012-W22,burned_area_km2,2060.31,km2,K2,gwis_weekly_burned_area,measured,f_sensor_break;f_min_fire_size;f_product_level
SAM,Sør-Amerika,region,2012-W23,burned_area_km2,2864.15,km2,K2,gwis_weekly_burned_area,measured,f_sensor_break;f_min_fire_size;f_product_level
SAM,Sør-Amerika,region,2012-W24,burned_area_km2,3273.26,km2,K2,gwis_weekly_burned_area,measured,f_sensor_break;f_min_fire_size;f_product_level
SAM,Sør-Amerika,region,2012-W25,burned_area_km2,2572.46,km2,K2,gwis_weekly_burned_area,measured,f_sensor_break;f_min_fire_size;f_product_level
SAM,Sør-Amerika,region,2012-W26,burned_area_km2,4832.61,km2,K2,gwis_weekly_burned_area,measured,f_sensor_break;f_min_fire_size;f_product_level
SAM,Sør-Amerika,region,2012-W27,burned_area_km2,5006.77,km2,K2,gwis_weekly_burned_area,measured,f_sensor_break;f_min_fire_size;f_product_level
SAM,Sør-Amerika,region,2012-W28,burned_area_km2,5750.86,km2,K2,gwis_weekly_burned_area,measured,f_sensor_break;f_min_fire_size;f_product_level
SAM,Sør-Amerika,region,2012-W29,burned_area_km2,8135.6,km2,K2,gwis_weekly_burned_area,measured,f_sensor_break;f_min_fire_size;f_product_level
SAM,Sør-Amerika,region,2012-W30,burned_area_km2,12994.07,km2,K2,gwis_weekly_burned_area,measured,f_sensor_break;f_min_fire_size;f_product_level
SAM,Sør-Amerika,region,2012-W31,burned_area_km2,17042.08,km2,K2,gwis_weekly_burned_area,measured,f_sensor_break;f_min_fire_size;f_product_level
SAM,Sør-Amerika,region,2012-W32,burned_area_km2,28123.77,km2,K2,gwis_weekly_burned_area,measured,f_sensor_break;f_min_fire_size;f_product_level
SAM,Sør-Amerika,region,2012-W33,burned_area_km2,29690.66,km2,K2,gwis_weekly_burned_area,measured,f_sensor_break;f_min_fire_size;f_product_level
SAM,Sør-Amerika,region,2012-W34,burned_area_km2,35349.61,km2,K2,gwis_weekly_burned_area,measured,f_sensor_break;f_min_fire_size;f_product_level
SAM,Sør-Amerika,region,2012-W35,burned_area_km2,37702.8,km2,K2,gwis_weekly_burned_area,measured,f_sensor_break;f_min_fire_size;f_product_level
SAM,Sør-Amerika,region,2012-W36,burned_area_km2,51249.73,km2,K2,gwis_weekly_burned_area,measured,f_sensor_break;f_min_fire_size;f_product_level
SAM,Sør-Amerika,region,2012-W37,burned_area_km2,43575.89,km2,K2,gwis_weekly_burned_area,measured,f_sensor_break;f_min_fire_size;f_product_level
SAM,Sør-Amerika,region,2012-W38,burned_area_km2,31089.11,km2,K2,gwis_weekly_burned_area,measured,f_sensor_break;f_min_fire_size;f_product_level
SAM,Sør-Amerika,region,2012-W39,burned_area_km2,27044.67,km2,K2,gwis_weekly_burned_area,measured,f_sensor_break;f_min_fire_size;f_product_level
SAM,Sør-Amerika,region,2012-W40,burned_area_km2,31830.62,km2,K2,gwis_weekly_burned_area,measured,f_sensor_break;f_min_fire_size;f_product_level
SAM,Sør-Amerika,region,2012-W41,burned_area_km2,14536.28,km2,K2,gwis_weekly_burned_area,measured,f_sensor_break;f_min_fire_size;f_product_level
SAM,Sør-Amerika,region,2012-W42,burned_area_km2,17416.26,km2,K2,gwis_weekly_burned_area,measured,f_sensor_break;f_min_fire_size;f_product_level
SAM,Sør-Amerika,region,2012-W43,burned_area_km2,25768.13,km2,K2,gwis_weekly_burned_area,measured,f_sensor_break;f_min_fire_size;f_product_level
SAM,Sør-Amerika,region,2012-W44,burned_area_km2,14308.51,km2,K2,gwis_weekly_burned_area,measured,f_sensor_break;f_min_fire_size;f_product_level
SAM,Sør-Amerika,region,2012-W45,burned_area_km2,7992.41,km2,K2,gwis_weekly_burned_area,measured,f_sensor_break;f_min_fire_size;f_product_level
SAM,Sør-Amerika,region,2012-W46,burned_area_km2,9523.39,km2,K2,gwis_weekly_burned_area,measured,f_sensor_break;f_min_fire_size;f_product_level
SAM,Sør-Amerika,region,2012-W47,burned_area_km2,7434.07,km2,K2,gwis_weekly_burned_area,measured,f_sensor_break;f_min_fire_size;f_product_level
SAM,Sør-Amerika,region,2012-W48,burned_area_km2,4630.74,km2,K2,gwis_weekly_burned_area,measured,f_sensor_break;f_min_fire_size;f_product_level
SAM,Sør-Amerika,region,2012-W49,burned_area_km2,4751.78,km2,K2,gwis_weekly_burned_area,measured,f_sensor_break;f_min_fire_size;f_product_level
SAM,Sør-Amerika,region,2012-W50,burned_area_km2,4405.56,km2,K2,gwis_weekly_burned_area,measured,f_sensor_break;f_min_fire_size;f_product_level
SAM,Sør-Amerika,region,2012-W51,burned_area_km2,3701.5,km2,K2,gwis_weekly_burned_area,measured,f_sensor_break;f_min_fire_size;f_product_level
SAM,Sør-Amerika,region,2012-W52,burned_area_km2,2473.18,km2,K2,gwis_weekly_burned_area,measured,f_sensor_break;f_min_fire_size;f_product_level
SAM,Sør-Amerika,region,2013-W01,burned_area_km2,4029.8,km2,K2,gwis_weekly_burned_area,measured,f_sensor_break;f_min_fire_size;f_product_level
SAM,Sør-Amerika,region,2013-W02,burned_area_km2,5739.95,km2,K2,gwis_weekly_burned_area,measured,f_sensor_break;f_min_fire_size;f_product_level
SAM,Sør-Amerika,region,2013-W03,burned_area_km2,5054.25,km2,K2,gwis_weekly_burned_area,measured,f_sensor_break;f_min_fire_size;f_product_level
SAM,Sør-Amerika,region,2013-W04,burned_area_km2,7423.86,km2,K2,gwis_weekly_burned_area,measured,f_sensor_break;f_min_fire_size;f_product_level
SAM,Sør-Amerika,region,2013-W05,burned_area_km2,7744.08,km2,K2,gwis_weekly_burned_area,measured,f_sensor_break;f_min_fire_size;f_product_level
SAM,Sør-Amerika,region,2013-W06,burned_area_km2,4646.7,km2,K2,gwis_weekly_burned_area,measured,f_sensor_break;f_min_fire_size;f_product_level
SAM,Sør-Amerika,region,2013-W07,burned_area_km2,5264.33,km2,K2,gwis_weekly_burned_area,measured,f_sensor_break;f_min_fire_size;f_product_level
SAM,Sør-Amerika,region,2013-W08,burned_area_km2,4598.32,km2,K2,gwis_weekly_burned_area,measured,f_sensor_break;f_min_fire_size;f_product_level
SAM,Sør-Amerika,region,2013-W09,burned_area_km2,6553.02,km2,K2,gwis_weekly_burned_area,measured,f_sensor_break;f_min_fire_size;f_product_level
SAM,Sør-Amerika,region,2013-W10,burned_area_km2,7042.91,km2,K2,gwis_weekly_burned_area,measured,f_sensor_break;f_min_fire_size;f_product_level
SAM,Sør-Amerika,region,2013-W11,burned_area_km2,2951.58,km2,K2,gwis_weekly_burned_area,measured,f_sensor_break;f_min_fire_size;f_product_level
SAM,Sør-Amerika,region,2013-W12,burned_area_km2,3776.01,km2,K2,gwis_weekly_burned_area,measured,f_sensor_break;f_min_fire_size;f_product_level
SAM,Sør-Amerika,region,2013-W13,burned_area_km2,6416.1,km2,K2,gwis_weekly_burned_area,measured,f_sensor_break;f_min_fire_size;f_product_level
SAM,Sør-Amerika,region,2013-W14,burned_area_km2,5984.88,km2,K2,gwis_weekly_burned_area,measured,f_sensor_break;f_min_fire_size;f_product_level
SAM,Sør-Amerika,region,2013-W15,burned_area_km2,3370.23,km2,K2,gwis_weekly_burned_area,measured,f_sensor_break;f_min_fire_size;f_product_level
SAM,Sør-Amerika,region,2013-W16,burned_area_km2,2260.24,km2,K2,gwis_weekly_burned_area,measured,f_sensor_break;f_min_fire_size;f_product_level
SAM,Sør-Amerika,region,2013-W17,burned_area_km2,2138.5,km2,K2,gwis_weekly_burned_area,measured,f_sensor_break;f_min_fire_size;f_product_level
SAM,Sør-Amerika,region,2013-W18,burned_area_km2,1498.11,km2,K2,gwis_weekly_burned_area,measured,f_sensor_break;f_min_fire_size;f_product_level
SAM,Sør-Amerika,region,2013-W19,burned_area_km2,2124.03,km2,K2,gwis_weekly_burned_area,measured,f_sensor_break;f_min_fire_size;f_product_level
SAM,Sør-Amerika,region,2013-W20,burned_area_km2,1583.34,km2,K2,gwis_weekly_burned_area,measured,f_sensor_break;f_min_fire_size;f_product_level
SAM,Sør-Amerika,region,2013-W21,burned_area_km2,1476.45,km2,K2,gwis_weekly_burned_area,measured,f_sensor_break;f_min_fire_size;f_product_level
SAM,Sør-Amerika,region,2013-W22,burned_area_km2,1475.29,km2,K2,gwis_weekly_burned_area,measured,f_sensor_break;f_min_fire_size;f_product_level
SAM,Sør-Amerika,region,2013-W23,burned_area_km2,2244.45,km2,K2,gwis_weekly_burned_area,measured,f_sensor_break;f_min_fire_size;f_product_level
SAM,Sør-Amerika,region,2013-W24,burned_area_km2,2118.1,km2,K2,gwis_weekly_burned_area,measured,f_sensor_break;f_min_fire_size;f_product_level
SAM,Sør-Amerika,region,2013-W25,burned_area_km2,2158.65,km2,K2,gwis_weekly_burned_area,measured,f_sensor_break;f_min_fire_size;f_product_level
SAM,Sør-Amerika,region,2013-W26,burned_area_km2,2587.74,km2,K2,gwis_weekly_burned_area,measured,f_sensor_break;f_min_fire_size;f_product_level
SAM,Sør-Amerika,region,2013-W27,burned_area_km2,3038.49,km2,K2,gwis_weekly_burned_area,measured,f_sensor_break;f_min_fire_size;f_product_level
SAM,Sør-Amerika,region,2013-W28,burned_area_km2,3700.95,km2,K2,gwis_weekly_burned_area,measured,f_sensor_break;f_min_fire_size;f_product_level
SAM,Sør-Amerika,region,2013-W29,burned_area_km2,3750.2,km2,K2,gwis_weekly_burned_area,measured,f_sensor_break;f_min_fire_size;f_product_level
SAM,Sør-Amerika,region,2013-W30,burned_area_km2,7639.02,km2,K2,gwis_weekly_burned_area,measured,f_sensor_break;f_min_fire_size;f_product_level
SAM,Sør-Amerika,region,2013-W31,burned_area_km2,9651.39,km2,K2,gwis_weekly_burned_area,measured,f_sensor_break;f_min_fire_size;f_product_level
SAM,Sør-Amerika,region,2013-W32,burned_area_km2,9316.92,km2,K2,gwis_weekly_burned_area,measured,f_sensor_break;f_min_fire_size;f_product_level
SAM,Sør-Amerika,region,2013-W33,burned_area_km2,15145.64,km2,K2,gwis_weekly_burned_area,measured,f_sensor_break;f_min_fire_size;f_product_level
SAM,Sør-Amerika,region,2013-W34,burned_area_km2,15046.2,km2,K2,gwis_weekly_burned_area,measured,f_sensor_break;f_min_fire_size;f_product_level
SAM,Sør-Amerika,region,2013-W35,burned_area_km2,24653.43,km2,K2,gwis_weekly_burned_area,measured,f_sensor_break;f_min_fire_size;f_product_level
SAM,Sør-Amerika,region,2013-W36,burned_area_km2,16314.95,km2,K2,gwis_weekly_burned_area,measured,f_sensor_break;f_min_fire_size;f_product_level
SAM,Sør-Amerika,region,2013-W37,burned_area_km2,25577.92,km2,K2,gwis_weekly_burned_area,measured,f_sensor_break;f_min_fire_size;f_product_level
SAM,Sør-Amerika,region,2013-W38,burned_area_km2,27134.92,km2,K2,gwis_weekly_burned_area,measured,f_sensor_break;f_min_fire_size;f_product_level
SAM,Sør-Amerika,region,2013-W39,burned_area_km2,25990.79,km2,K2,gwis_weekly_burned_area,measured,f_sensor_break;f_min_fire_size;f_product_level
SAM,Sør-Amerika,region,2013-W40,burned_area_km2,13117.33,km2,K2,gwis_weekly_burned_area,measured,f_sensor_break;f_min_fire_size;f_product_level
SAM,Sør-Amerika,region,2013-W41,burned_area_km2,13357.94,km2,K2,gwis_weekly_burned_area,measured,f_sensor_break;f_min_fire_size;f_product_level
SAM,Sør-Amerika,region,2013-W42,burned_area_km2,8938.5,km2,K2,gwis_weekly_burned_area,measured,f_sensor_break;f_min_fire_size;f_product_level
SAM,Sør-Amerika,region,2013-W43,burned_area_km2,8736.96,km2,K2,gwis_weekly_burned_area,measured,f_sensor_break;f_min_fire_size;f_product_level
SAM,Sør-Amerika,region,2013-W44,burned_area_km2,4484.4,km2,K2,gwis_weekly_burned_area,measured,f_sensor_break;f_min_fire_size;f_product_level
SAM,Sør-Amerika,region,2013-W45,burned_area_km2,7410.56,km2,K2,gwis_weekly_burned_area,measured,f_sensor_break;f_min_fire_size;f_product_level
SAM,Sør-Amerika,region,2013-W46,burned_area_km2,6644.89,km2,K2,gwis_weekly_burned_area,measured,f_sensor_break;f_min_fire_size;f_product_level
SAM,Sør-Amerika,region,2013-W47,burned_area_km2,4593.86,km2,K2,gwis_weekly_burned_area,measured,f_sensor_break;f_min_fire_size;f_product_level
SAM,Sør-Amerika,region,2013-W48,burned_area_km2,4485.54,km2,K2,gwis_weekly_burned_area,measured,f_sensor_break;f_min_fire_size;f_product_level
SAM,Sør-Amerika,region,2013-W49,burned_area_km2,7017.53,km2,K2,gwis_weekly_burned_area,measured,f_sensor_break;f_min_fire_size;f_product_level
SAM,Sør-Amerika,region,2013-W50,burned_area_km2,3811.38,km2,K2,gwis_weekly_burned_area,measured,f_sensor_break;f_min_fire_size;f_product_level
SAM,Sør-Amerika,region,2013-W51,burned_area_km2,3098.2,km2,K2,gwis_weekly_burned_area,measured,f_sensor_break;f_min_fire_size;f_product_level
SAM,Sør-Amerika,region,2013-W52,burned_area_km2,2599.91,km2,K2,gwis_weekly_burned_area,measured,f_sensor_break;f_min_fire_size;f_product_level
SAM,Sør-Amerika,region,2014-W01,burned_area_km2,3509.51,km2,K2,gwis_weekly_burned_area,measured,f_sensor_break;f_min_fire_size;f_product_level
SAM,Sør-Amerika,region,2014-W02,burned_area_km2,5502.1,km2,K2,gwis_weekly_burned_area,measured,f_sensor_break;f_min_fire_size;f_product_level
SAM,Sør-Amerika,region,2014-W03,burned_area_km2,5574.6,km2,K2,gwis_weekly_burned_area,measured,f_sensor_break;f_min_fire_size;f_product_level
SAM,Sør-Amerika,region,2014-W04,burned_area_km2,7508.2,km2,K2,gwis_weekly_burned_area,measured,f_sensor_break;f_min_fire_size;f_product_level
SAM,Sør-Amerika,region,2014-W05,burned_area_km2,6646.52,km2,K2,gwis_weekly_burned_area,measured,f_sensor_break;f_min_fire_size;f_product_level
SAM,Sør-Amerika,region,2014-W06,burned_area_km2,6456.09,km2,K2,gwis_weekly_burned_area,measured,f_sensor_break;f_min_fire_size;f_product_level
SAM,Sør-Amerika,region,2014-W07,burned_area_km2,8178.98,km2,K2,gwis_weekly_burned_area,measured,f_sensor_break;f_min_fire_size;f_product_level
SAM,Sør-Amerika,region,2014-W08,burned_area_km2,5647.03,km2,K2,gwis_weekly_burned_area,measured,f_sensor_break;f_min_fire_size;f_product_level
SAM,Sør-Amerika,region,2014-W09,burned_area_km2,3972.37,km2,K2,gwis_weekly_burned_area,measured,f_sensor_break;f_min_fire_size;f_product_level
SAM,Sør-Amerika,region,2014-W10,burned_area_km2,6362.1,km2,K2,gwis_weekly_burned_area,measured,f_sensor_break;f_min_fire_size;f_product_level
SAM,Sør-Amerika,region,2014-W11,burned_area_km2,6208.95,km2,K2,gwis_weekly_burned_area,measured,f_sensor_break;f_min_fire_size;f_product_level
SAM,Sør-Amerika,region,2014-W12,burned_area_km2,6161.28,km2,K2,gwis_weekly_burned_area,measured,f_sensor_break;f_min_fire_size;f_product_level
SAM,Sør-Amerika,region,2014-W13,burned_area_km2,6177.49,km2,K2,gwis_weekly_burned_area,measured,f_sensor_break;f_min_fire_size;f_product_level
SAM,Sør-Amerika,region,2014-W14,burned_area_km2,3352.88,km2,K2,gwis_weekly_burned_area,measured,f_sensor_break;f_min_fire_size;f_product_level
SAM,Sør-Amerika,region,2014-W15,burned_area_km2,4063.41,km2,K2,gwis_weekly_burned_area,measured,f_sensor_break;f_min_fire_size;f_product_level
SAM,Sør-Amerika,region,2014-W16,burned_area_km2,1101.24,km2,K2,gwis_weekly_burned_area,measured,f_sensor_break;f_min_fire_size;f_product_level
SAM,Sør-Amerika,region,2014-W17,burned_area_km2,2237.23,km2,K2,gwis_weekly_burned_area,measured,f_sensor_break;f_min_fire_size;f_product_level
SAM,Sør-Amerika,region,2014-W18,burned_area_km2,2300.93,km2,K2,gwis_weekly_burned_area,measured,f_sensor_break;f_min_fire_size;f_product_level
SAM,Sør-Amerika,region,2014-W19,burned_area_km2,1521.99,km2,K2,gwis_weekly_burned_area,measured,f_sensor_break;f_min_fire_size;f_product_level
SAM,Sør-Amerika,region,2014-W20,burned_area_km2,1576.19,km2,K2,gwis_weekly_burned_area,measured,f_sensor_break;f_min_fire_size;f_product_level
SAM,Sør-Amerika,region,2014-W21,burned_area_km2,1943.69,km2,K2,gwis_weekly_burned_area,measured,f_sensor_break;f_min_fire_size;f_product_level
SAM,Sør-Amerika,region,2014-W22,burned_area_km2,1892.29,km2,K2,gwis_weekly_burned_area,measured,f_sensor_break;f_min_fire_size;f_product_level
SAM,Sør-Amerika,region,2014-W23,burned_area_km2,2617.92,km2,K2,gwis_weekly_burned_area,measured,f_sensor_break;f_min_fire_size;f_product_level
SAM,Sør-Amerika,region,2014-W24,burned_area_km2,2360.14,km2,K2,gwis_weekly_burned_area,measured,f_sensor_break;f_min_fire_size;f_product_level
SAM,Sør-Amerika,region,2014-W25,burned_area_km2,2714.3,km2,K2,gwis_weekly_burned_area,measured,f_sensor_break;f_min_fire_size;f_product_level
SAM,Sør-Amerika,region,2014-W26,burned_area_km2,3232.2,km2,K2,gwis_weekly_burned_area,measured,f_sensor_break;f_min_fire_size;f_product_level
SAM,Sør-Amerika,region,2014-W27,burned_area_km2,4803.2,km2,K2,gwis_weekly_burned_area,measured,f_sensor_break;f_min_fire_size;f_product_level
SAM,Sør-Amerika,region,2014-W28,burned_area_km2,4749.68,km2,K2,gwis_weekly_burned_area,measured,f_sensor_break;f_min_fire_size;f_product_level
SAM,Sør-Amerika,region,2014-W29,burned_area_km2,4731.0,km2,K2,gwis_weekly_burned_area,measured,f_sensor_break;f_min_fire_size;f_product_level
SAM,Sør-Amerika,region,2014-W30,burned_area_km2,5061.5,km2,K2,gwis_weekly_burned_area,measured,f_sensor_break;f_min_fire_size;f_product_level
SAM,Sør-Amerika,region,2014-W31,burned_area_km2,10229.24,km2,K2,gwis_weekly_burned_area,measured,f_sensor_break;f_min_fire_size;f_product_level
SAM,Sør-Amerika,region,2014-W32,burned_area_km2,14703.49,km2,K2,gwis_weekly_burned_area,measured,f_sensor_break;f_min_fire_size;f_product_level
SAM,Sør-Amerika,region,2014-W33,burned_area_km2,26254.0,km2,K2,gwis_weekly_burned_area,measured,f_sensor_break;f_min_fire_size;f_product_level
SAM,Sør-Amerika,region,2014-W34,burned_area_km2,22562.9,km2,K2,gwis_weekly_burned_area,measured,f_sensor_break;f_min_fire_size;f_product_level
SAM,Sør-Amerika,region,2014-W35,burned_area_km2,19110.51,km2,K2,gwis_weekly_burned_area,measured,f_sensor_break;f_min_fire_size;f_product_level
SAM,Sør-Amerika,region,2014-W36,burned_area_km2,23137.06,km2,K2,gwis_weekly_burned_area,measured,f_sensor_break;f_min_fire_size;f_product_level
SAM,Sør-Amerika,region,2014-W37,burned_area_km2,27934.99,km2,K2,gwis_weekly_burned_area,measured,f_sensor_break;f_min_fire_size;f_product_level
SAM,Sør-Amerika,region,2014-W38,burned_area_km2,20396.71,km2,K2,gwis_weekly_burned_area,measured,f_sensor_break;f_min_fire_size;f_product_level
SAM,Sør-Amerika,region,2014-W39,burned_area_km2,17484.44,km2,K2,gwis_weekly_burned_area,measured,f_sensor_break;f_min_fire_size;f_product_level
SAM,Sør-Amerika,region,2014-W40,burned_area_km2,19090.97,km2,K2,gwis_weekly_burned_area,measured,f_sensor_break;f_min_fire_size;f_product_level
SAM,Sør-Amerika,region,2014-W41,burned_area_km2,36433.94,km2,K2,gwis_weekly_burned_area,measured,f_sensor_break;f_min_fire_size;f_product_level
SAM,Sør-Amerika,region,2014-W42,burned_area_km2,24743.56,km2,K2,gwis_weekly_burned_area,measured,f_sensor_break;f_min_fire_size;f_product_level
SAM,Sør-Amerika,region,2014-W43,burned_area_km2,7409.13,km2,K2,gwis_weekly_burned_area,measured,f_sensor_break;f_min_fire_size;f_product_level
SAM,Sør-Amerika,region,2014-W44,burned_area_km2,7582.43,km2,K2,gwis_weekly_burned_area,measured,f_sensor_break;f_min_fire_size;f_product_level
SAM,Sør-Amerika,region,2014-W45,burned_area_km2,6977.78,km2,K2,gwis_weekly_burned_area,measured,f_sensor_break;f_min_fire_size;f_product_level
SAM,Sør-Amerika,region,2014-W46,burned_area_km2,6335.76,km2,K2,gwis_weekly_burned_area,measured,f_sensor_break;f_min_fire_size;f_product_level
SAM,Sør-Amerika,region,2014-W47,burned_area_km2,5915.9,km2,K2,gwis_weekly_burned_area,measured,f_sensor_break;f_min_fire_size;f_product_level
SAM,Sør-Amerika,region,2014-W48,burned_area_km2,6472.8,km2,K2,gwis_weekly_burned_area,measured,f_sensor_break;f_min_fire_size;f_product_level
SAM,Sør-Amerika,region,2014-W49,burned_area_km2,4500.21,km2,K2,gwis_weekly_burned_area,measured,f_sensor_break;f_min_fire_size;f_product_level
SAM,Sør-Amerika,region,2014-W50,burned_area_km2,3274.91,km2,K2,gwis_weekly_burned_area,measured,f_sensor_break;f_min_fire_size;f_product_level
SAM,Sør-Amerika,region,2014-W51,burned_area_km2,3443.34,km2,K2,gwis_weekly_burned_area,measured,f_sensor_break;f_min_fire_size;f_product_level
SAM,Sør-Amerika,region,2014-W52,burned_area_km2,3664.64,km2,K2,gwis_weekly_burned_area,measured,f_sensor_break;f_min_fire_size;f_product_level
SAM,Sør-Amerika,region,2015-W01,burned_area_km2,4354.99,km2,K2,gwis_weekly_burned_area,measured,f_sensor_break;f_min_fire_size;f_product_level
SAM,Sør-Amerika,region,2015-W02,burned_area_km2,4837.05,km2,K2,gwis_weekly_burned_area,measured,f_sensor_break;f_min_fire_size;f_product_level
SAM,Sør-Amerika,region,2015-W03,burned_area_km2,2936.41,km2,K2,gwis_weekly_burned_area,measured,f_sensor_break;f_min_fire_size;f_product_level
SAM,Sør-Amerika,region,2015-W04,burned_area_km2,3371.57,km2,K2,gwis_weekly_burned_area,measured,f_sensor_break;f_min_fire_size;f_product_level
SAM,Sør-Amerika,region,2015-W05,burned_area_km2,3194.06,km2,K2,gwis_weekly_burned_area,measured,f_sensor_break;f_min_fire_size;f_product_level
SAM,Sør-Amerika,region,2015-W06,burned_area_km2,3858.31,km2,K2,gwis_weekly_burned_area,measured,f_sensor_break;f_min_fire_size;f_product_level
SAM,Sør-Amerika,region,2015-W07,burned_area_km2,3898.93,km2,K2,gwis_weekly_burned_area,measured,f_sensor_break;f_min_fire_size;f_product_level
SAM,Sør-Amerika,region,2015-W08,burned_area_km2,6375.8,km2,K2,gwis_weekly_burned_area,measured,f_sensor_break;f_min_fire_size;f_product_level
SAM,Sør-Amerika,region,2015-W09,burned_area_km2,3562.61,km2,K2,gwis_weekly_burned_area,measured,f_sensor_break;f_min_fire_size;f_product_level
SAM,Sør-Amerika,region,2015-W10,burned_area_km2,4309.54,km2,K2,gwis_weekly_burned_area,measured,f_sensor_break;f_min_fire_size;f_product_level
SAM,Sør-Amerika,region,2015-W11,burned_area_km2,5199.29,km2,K2,gwis_weekly_burned_area,measured,f_sensor_break;f_min_fire_size;f_product_level
SAM,Sør-Amerika,region,2015-W12,burned_area_km2,5442.58,km2,K2,gwis_weekly_burned_area,measured,f_sensor_break;f_min_fire_size;f_product_level
SAM,Sør-Amerika,region,2015-W13,burned_area_km2,3279.74,km2,K2,gwis_weekly_burned_area,measured,f_sensor_break;f_min_fire_size;f_product_level
SAM,Sør-Amerika,region,2015-W14,burned_area_km2,3847.2,km2,K2,gwis_weekly_burned_area,measured,f_sensor_break;f_min_fire_size;f_product_level
SAM,Sør-Amerika,region,2015-W15,burned_area_km2,3017.21,km2,K2,gwis_weekly_burned_area,measured,f_sensor_break;f_min_fire_size;f_product_level
SAM,Sør-Amerika,region,2015-W16,burned_area_km2,2265.92,km2,K2,gwis_weekly_burned_area,measured,f_sensor_break;f_min_fire_size;f_product_level
SAM,Sør-Amerika,region,2015-W17,burned_area_km2,4052.89,km2,K2,gwis_weekly_burned_area,measured,f_sensor_break;f_min_fire_size;f_product_level
SAM,Sør-Amerika,region,2015-W18,burned_area_km2,5052.35,km2,K2,gwis_weekly_burned_area,measured,f_sensor_break;f_min_fire_size;f_product_level
SAM,Sør-Amerika,region,2015-W19,burned_area_km2,2697.44,km2,K2,gwis_weekly_burned_area,measured,f_sensor_break;f_min_fire_size;f_product_level
SAM,Sør-Amerika,region,2015-W20,burned_area_km2,1120.14,km2,K2,gwis_weekly_burned_area,measured,f_sensor_break;f_min_fire_size;f_product_level
SAM,Sør-Amerika,region,2015-W21,burned_area_km2,1971.33,km2,K2,gwis_weekly_burned_area,measured,f_sensor_break;f_min_fire_size;f_product_level
SAM,Sør-Amerika,region,2015-W22,burned_area_km2,1468.41,km2,K2,gwis_weekly_burned_area,measured,f_sensor_break;f_min_fire_size;f_product_level
SAM,Sør-Amerika,region,2015-W23,burned_area_km2,2383.29,km2,K2,gwis_weekly_burned_area,measured,f_sensor_break;f_min_fire_size;f_product_level
SAM,Sør-Amerika,region,2015-W24,burned_area_km2,2861.89,km2,K2,gwis_weekly_burned_area,measured,f_sensor_break;f_min_fire_size;f_product_level
SAM,Sør-Amerika,region,2015-W25,burned_area_km2,3216.59,km2,K2,gwis_weekly_burned_area,measured,f_sensor_break;f_min_fire_size;f_product_level
SAM,Sør-Amerika,region,2015-W26,burned_area_km2,3159.63,km2,K2,gwis_weekly_burned_area,measured,f_sensor_break;f_min_fire_size;f_product_level
SAM,Sør-Amerika,region,2015-W27,burned_area_km2,2296.49,km2,K2,gwis_weekly_burned_area,measured,f_sensor_break;f_min_fire_size;f_product_level
SAM,Sør-Amerika,region,2015-W28,burned_area_km2,4279.59,km2,K2,gwis_weekly_burned_area,measured,f_sensor_break;f_min_fire_size;f_product_level
SAM,Sør-Amerika,region,2015-W29,burned_area_km2,5213.85,km2,K2,gwis_weekly_burned_area,measured,f_sensor_break;f_min_fire_size;f_product_level
SAM,Sør-Amerika,region,2015-W30,burned_area_km2,8197.87,km2,K2,gwis_weekly_burned_area,measured,f_sensor_break;f_min_fire_size;f_product_level
SAM,Sør-Amerika,region,2015-W31,burned_area_km2,12921.81,km2,K2,gwis_weekly_burned_area,measured,f_sensor_break;f_min_fire_size;f_product_level
SAM,Sør-Amerika,region,2015-W32,burned_area_km2,18028.6,km2,K2,gwis_weekly_burned_area,measured,f_sensor_break;f_min_fire_size;f_product_level
SAM,Sør-Amerika,region,2015-W33,burned_area_km2,22176.93,km2,K2,gwis_weekly_burned_area,measured,f_sensor_break;f_min_fire_size;f_product_level
SAM,Sør-Amerika,region,2015-W34,burned_area_km2,22060.59,km2,K2,gwis_weekly_burned_area,measured,f_sensor_break;f_min_fire_size;f_product_level
SAM,Sør-Amerika,region,2015-W35,burned_area_km2,25242.61,km2,K2,gwis_weekly_burned_area,measured,f_sensor_break;f_min_fire_size;f_product_level
SAM,Sør-Amerika,region,2015-W36,burned_area_km2,33063.7,km2,K2,gwis_weekly_burned_area,measured,f_sensor_break;f_min_fire_size;f_product_level
SAM,Sør-Amerika,region,2015-W37,burned_area_km2,38382.88,km2,K2,gwis_weekly_burned_area,measured,f_sensor_break;f_min_fire_size;f_product_level
SAM,Sør-Amerika,region,2015-W38,burned_area_km2,41044.0,km2,K2,gwis_weekly_burned_area,measured,f_sensor_break;f_min_fire_size;f_product_level
SAM,Sør-Amerika,region,2015-W39,burned_area_km2,29200.89,km2,K2,gwis_weekly_burned_area,measured,f_sensor_break;f_min_fire_size;f_product_level
SAM,Sør-Amerika,region,2015-W40,burned_area_km2,24853.46,km2,K2,gwis_weekly_burned_area,measured,f_sensor_break;f_min_fire_size;f_product_level
SAM,Sør-Amerika,region,2015-W41,burned_area_km2,35136.86,km2,K2,gwis_weekly_burned_area,measured,f_sensor_break;f_min_fire_size;f_product_level
SAM,Sør-Amerika,region,2015-W42,burned_area_km2,40173.59,km2,K2,gwis_weekly_burned_area,measured,f_sensor_break;f_min_fire_size;f_product_level
SAM,Sør-Amerika,region,2015-W43,burned_area_km2,16440.29,km2,K2,gwis_weekly_burned_area,measured,f_sensor_break;f_min_fire_size;f_product_level
SAM,Sør-Amerika,region,2015-W44,burned_area_km2,9103.32,km2,K2,gwis_weekly_burned_area,measured,f_sensor_break;f_min_fire_size;f_product_level
SAM,Sør-Amerika,region,2015-W45,burned_area_km2,14835.45,km2,K2,gwis_weekly_burned_area,measured,f_sensor_break;f_min_fire_size;f_product_level
SAM,Sør-Amerika,region,2015-W46,burned_area_km2,17754.52,km2,K2,gwis_weekly_burned_area,measured,f_sensor_break;f_min_fire_size;f_product_level
SAM,Sør-Amerika,region,2015-W47,burned_area_km2,15071.8,km2,K2,gwis_weekly_burned_area,measured,f_sensor_break;f_min_fire_size;f_product_level
SAM,Sør-Amerika,region,2015-W48,burned_area_km2,16203.02,km2,K2,gwis_weekly_burned_area,measured,f_sensor_break;f_min_fire_size;f_product_level
SAM,Sør-Amerika,region,2015-W49,burned_area_km2,10554.15,km2,K2,gwis_weekly_burned_area,measured,f_sensor_break;f_min_fire_size;f_product_level
SAM,Sør-Amerika,region,2015-W50,burned_area_km2,9662.77,km2,K2,gwis_weekly_burned_area,measured,f_sensor_break;f_min_fire_size;f_product_level
SAM,Sør-Amerika,region,2015-W51,burned_area_km2,6729.98,km2,K2,gwis_weekly_burned_area,measured,f_sensor_break;f_min_fire_size;f_product_level
SAM,Sør-Amerika,region,2015-W52,burned_area_km2,7865.99,km2,K2,gwis_weekly_burned_area,measured,f_sensor_break;f_min_fire_size;f_product_level
SAM,Sør-Amerika,region,2016-W01,burned_area_km2,3927.17,km2,K2,gwis_weekly_burned_area,measured,f_sensor_break;f_min_fire_size;f_product_level
SAM,Sør-Amerika,region,2016-W02,burned_area_km2,7364.06,km2,K2,gwis_weekly_burned_area,measured,f_sensor_break;f_min_fire_size;f_product_level
SAM,Sør-Amerika,region,2016-W03,burned_area_km2,8750.11,km2,K2,gwis_weekly_burned_area,measured,f_sensor_break;f_min_fire_size;f_product_level
SAM,Sør-Amerika,region,2016-W04,burned_area_km2,12390.06,km2,K2,gwis_weekly_burned_area,measured,f_sensor_break;f_min_fire_size;f_product_level
SAM,Sør-Amerika,region,2016-W05,burned_area_km2,6935.45,km2,K2,gwis_weekly_burned_area,measured,f_sensor_break;f_min_fire_size;f_product_level
SAM,Sør-Amerika,region,2016-W06,burned_area_km2,5070.72,km2,K2,gwis_weekly_burned_area,measured,f_sensor_break;f_min_fire_size;f_product_level
SAM,Sør-Amerika,region,2016-W07,burned_area_km2,5425.87,km2,K2,gwis_weekly_burned_area,measured,f_sensor_break;f_min_fire_size;f_product_level
SAM,Sør-Amerika,region,2016-W08,burned_area_km2,4373.02,km2,K2,gwis_weekly_burned_area,measured,f_sensor_break;f_min_fire_size;f_product_level
SAM,Sør-Amerika,region,2016-W09,burned_area_km2,6490.61,km2,K2,gwis_weekly_burned_area,measured,f_sensor_break;f_min_fire_size;f_product_level
SAM,Sør-Amerika,region,2016-W10,burned_area_km2,9904.49,km2,K2,gwis_weekly_burned_area,measured,f_sensor_break;f_min_fire_size;f_product_level
SAM,Sør-Amerika,region,2016-W11,burned_area_km2,7177.58,km2,K2,gwis_weekly_burned_area,measured,f_sensor_break;f_min_fire_size;f_product_level
SAM,Sør-Amerika,region,2016-W12,burned_area_km2,11572.55,km2,K2,gwis_weekly_burned_area,measured,f_sensor_break;f_min_fire_size;f_product_level
SAM,Sør-Amerika,region,2016-W13,burned_area_km2,5540.28,km2,K2,gwis_weekly_burned_area,measured,f_sensor_break;f_min_fire_size;f_product_level
SAM,Sør-Amerika,region,2016-W14,burned_area_km2,2605.27,km2,K2,gwis_weekly_burned_area,measured,f_sensor_break;f_min_fire_size;f_product_level
SAM,Sør-Amerika,region,2016-W15,burned_area_km2,3305.6,km2,K2,gwis_weekly_burned_area,measured,f_sensor_break;f_min_fire_size;f_product_level
SAM,Sør-Amerika,region,2016-W16,burned_area_km2,2639.49,km2,K2,gwis_weekly_burned_area,measured,f_sensor_break;f_min_fire_size;f_product_level
SAM,Sør-Amerika,region,2016-W17,burned_area_km2,1834.42,km2,K2,gwis_weekly_burned_area,measured,f_sensor_break;f_min_fire_size;f_product_level
SAM,Sør-Amerika,region,2016-W18,burned_area_km2,2405.25,km2,K2,gwis_weekly_burned_area,measured,f_sensor_break;f_min_fire_size;f_product_level
SAM,Sør-Amerika,region,2016-W19,burned_area_km2,1286.49,km2,K2,gwis_weekly_burned_area,measured,f_sensor_break;f_min_fire_size;f_product_level
SAM,Sør-Amerika,region,2016-W20,burned_area_km2,1156.46,km2,K2,gwis_weekly_burned_area,measured,f_sensor_break;f_min_fire_size;f_product_level
SAM,Sør-Amerika,region,2016-W21,burned_area_km2,1786.31,km2,K2,gwis_weekly_burned_area,measured,f_sensor_break;f_min_fire_size;f_product_level
SAM,Sør-Amerika,region,2016-W22,burned_area_km2,1406.57,km2,K2,gwis_weekly_burned_area,measured,f_sensor_break;f_min_fire_size;f_product_level
SAM,Sør-Amerika,region,2016-W23,burned_area_km2,1934.26,km2,K2,gwis_weekly_burned_area,measured,f_sensor_break;f_min_fire_size;f_product_level
SAM,Sør-Amerika,region,2016-W24,burned_area_km2,3947.4,km2,K2,gwis_weekly_burned_area,measured,f_sensor_break;f_min_fire_size;f_product_level
SAM,Sør-Amerika,region,2016-W25,burned_area_km2,4314.5,km2,K2,gwis_weekly_burned_area,measured,f_sensor_break;f_min_fire_size;f_product_level
SAM,Sør-Amerika,region,2016-W26,burned_area_km2,4453.1,km2,K2,gwis_weekly_burned_area,measured,f_sensor_break;f_min_fire_size;f_product_level
SAM,Sør-Amerika,region,2016-W27,burned_area_km2,5855.86,km2,K2,gwis_weekly_burned_area,measured,f_sensor_break;f_min_fire_size;f_product_level
SAM,Sør-Amerika,region,2016-W28,burned_area_km2,7447.75,km2,K2,gwis_weekly_burned_area,measured,f_sensor_break;f_min_fire_size;f_product_level
SAM,Sør-Amerika,region,2016-W29,burned_area_km2,11784.21,km2,K2,gwis_weekly_burned_area,measured,f_sensor_break;f_min_fire_size;f_product_level
SAM,Sør-Amerika,region,2016-W30,burned_area_km2,19862.52,km2,K2,gwis_weekly_burned_area,measured,f_sensor_break;f_min_fire_size;f_product_level
SAM,Sør-Amerika,region,2016-W31,burned_area_km2,22864.66,km2,K2,gwis_weekly_burned_area,measured,f_sensor_break;f_min_fire_size;f_product_level
SAM,Sør-Amerika,region,2016-W32,burned_area_km2,19838.71,km2,K2,gwis_weekly_burned_area,measured,f_sensor_break;f_min_fire_size;f_product_level
SAM,Sør-Amerika,region,2016-W33,burned_area_km2,25152.15,km2,K2,gwis_weekly_burned_area,measured,f_sensor_break;f_min_fire_size;f_product_level
SAM,Sør-Amerika,region,2016-W34,burned_area_km2,34111.38,km2,K2,gwis_weekly_burned_area,measured,f_sensor_break;f_min_fire_size;f_product_level
SAM,Sør-Amerika,region,2016-W35,burned_area_km2,22231.99,km2,K2,gwis_weekly_burned_area,measured,f_sensor_break;f_min_fire_size;f_product_level
SAM,Sør-Amerika,region,2016-W36,burned_area_km2,31120.8,km2,K2,gwis_weekly_burned_area,measured,f_sensor_break;f_min_fire_size;f_product_level
SAM,Sør-Amerika,region,2016-W37,burned_area_km2,42906.19,km2,K2,gwis_weekly_burned_area,measured,f_sensor_break;f_min_fire_size;f_product_level
SAM,Sør-Amerika,region,2016-W38,burned_area_km2,20020.22,km2,K2,gwis_weekly_burned_area,measured,f_sensor_break;f_min_fire_size;f_product_level
SAM,Sør-Amerika,region,2016-W39,burned_area_km2,14507.44,km2,K2,gwis_weekly_burned_area,measured,f_sensor_break;f_min_fire_size;f_product_level
SAM,Sør-Amerika,region,2016-W40,burned_area_km2,10070.87,km2,K2,gwis_weekly_burned_area,measured,f_sensor_break;f_min_fire_size;f_product_level
SAM,Sør-Amerika,region,2016-W41,burned_area_km2,21851.43,km2,K2,gwis_weekly_burned_area,measured,f_sensor_break;f_min_fire_size;f_product_level
SAM,Sør-Amerika,region,2016-W42,burned_area_km2,25499.53,km2,K2,gwis_weekly_burned_area,measured,f_sensor_break;f_min_fire_size;f_product_level
SAM,Sør-Amerika,region,2016-W43,burned_area_km2,7081.33,km2,K2,gwis_weekly_burned_area,measured,f_sensor_break;f_min_fire_size;f_product_level
SAM,Sør-Amerika,region,2016-W44,burned_area_km2,12990.92,km2,K2,gwis_weekly_burned_area,measured,f_sensor_break;f_min_fire_size;f_product_level
SAM,Sør-Amerika,region,2016-W45,burned_area_km2,10126.56,km2,K2,gwis_weekly_burned_area,measured,f_sensor_break;f_min_fire_size;f_product_level
SAM,Sør-Amerika,region,2016-W46,burned_area_km2,6913.72,km2,K2,gwis_weekly_burned_area,measured,f_sensor_break;f_min_fire_size;f_product_level
SAM,Sør-Amerika,region,2016-W47,burned_area_km2,6637.64,km2,K2,gwis_weekly_burned_area,measured,f_sensor_break;f_min_fire_size;f_product_level
SAM,Sør-Amerika,region,2016-W48,burned_area_km2,8470.85,km2,K2,gwis_weekly_burned_area,measured,f_sensor_break;f_min_fire_size;f_product_level
SAM,Sør-Amerika,region,2016-W49,burned_area_km2,5814.99,km2,K2,gwis_weekly_burned_area,measured,f_sensor_break;f_min_fire_size;f_product_level
SAM,Sør-Amerika,region,2016-W50,burned_area_km2,4132.47,km2,K2,gwis_weekly_burned_area,measured,f_sensor_break;f_min_fire_size;f_product_level
SAM,Sør-Amerika,region,2016-W51,burned_area_km2,5530.97,km2,K2,gwis_weekly_burned_area,measured,f_sensor_break;f_min_fire_size;f_product_level
SAM,Sør-Amerika,region,2016-W52,burned_area_km2,5832.47,km2,K2,gwis_weekly_burned_area,measured,f_sensor_break;f_min_fire_size;f_product_level
SAM,Sør-Amerika,region,2017-W01,burned_area_km2,3429.99,km2,K2,gwis_weekly_burned_area,measured,f_sensor_break;f_min_fire_size;f_product_level
SAM,Sør-Amerika,region,2017-W02,burned_area_km2,3617.39,km2,K2,gwis_weekly_burned_area,measured,f_sensor_break;f_min_fire_size;f_product_level
SAM,Sør-Amerika,region,2017-W03,burned_area_km2,8419.0,km2,K2,gwis_weekly_burned_area,measured,f_sensor_break;f_min_fire_size;f_product_level
SAM,Sør-Amerika,region,2017-W04,burned_area_km2,4574.73,km2,K2,gwis_weekly_burned_area,measured,f_sensor_break;f_min_fire_size;f_product_level
SAM,Sør-Amerika,region,2017-W05,burned_area_km2,3565.3,km2,K2,gwis_weekly_burned_area,measured,f_sensor_break;f_min_fire_size;f_product_level
SAM,Sør-Amerika,region,2017-W06,burned_area_km2,5336.62,km2,K2,gwis_weekly_burned_area,measured,f_sensor_break;f_min_fire_size;f_product_level
SAM,Sør-Amerika,region,2017-W07,burned_area_km2,5761.23,km2,K2,gwis_weekly_burned_area,measured,f_sensor_break;f_min_fire_size;f_product_level
SAM,Sør-Amerika,region,2017-W08,burned_area_km2,2461.34,km2,K2,gwis_weekly_burned_area,measured,f_sensor_break;f_min_fire_size;f_product_level
SAM,Sør-Amerika,region,2017-W09,burned_area_km2,3073.61,km2,K2,gwis_weekly_burned_area,measured,f_sensor_break;f_min_fire_size;f_product_level
SAM,Sør-Amerika,region,2017-W10,burned_area_km2,2375.97,km2,K2,gwis_weekly_burned_area,measured,f_sensor_break;f_min_fire_size;f_product_level
SAM,Sør-Amerika,region,2017-W11,burned_area_km2,4827.84,km2,K2,gwis_weekly_burned_area,measured,f_sensor_break;f_min_fire_size;f_product_level
SAM,Sør-Amerika,region,2017-W12,burned_area_km2,1592.72,km2,K2,gwis_weekly_burned_area,measured,f_sensor_break;f_min_fire_size;f_product_level
SAM,Sør-Amerika,region,2017-W13,burned_area_km2,2363.98,km2,K2,gwis_weekly_burned_area,measured,f_sensor_break;f_min_fire_size;f_product_level
SAM,Sør-Amerika,region,2017-W14,burned_area_km2,5270.8,km2,K2,gwis_weekly_burned_area,measured,f_sensor_break;f_min_fire_size;f_product_level
SAM,Sør-Amerika,region,2017-W15,burned_area_km2,2049.46,km2,K2,gwis_weekly_burned_area,measured,f_sensor_break;f_min_fire_size;f_product_level
SAM,Sør-Amerika,region,2017-W16,burned_area_km2,1538.33,km2,K2,gwis_weekly_burned_area,measured,f_sensor_break;f_min_fire_size;f_product_level
SAM,Sør-Amerika,region,2017-W17,burned_area_km2,1957.01,km2,K2,gwis_weekly_burned_area,measured,f_sensor_break;f_min_fire_size;f_product_level
SAM,Sør-Amerika,region,2017-W18,burned_area_km2,1259.03,km2,K2,gwis_weekly_burned_area,measured,f_sensor_break;f_min_fire_size;f_product_level
SAM,Sør-Amerika,region,2017-W19,burned_area_km2,1300.46,km2,K2,gwis_weekly_burned_area,measured,f_sensor_break;f_min_fire_size;f_product_level
SAM,Sør-Amerika,region,2017-W20,burned_area_km2,924.18,km2,K2,gwis_weekly_burned_area,measured,f_sensor_break;f_min_fire_size;f_product_level
SAM,Sør-Amerika,region,2017-W21,burned_area_km2,1181.6,km2,K2,gwis_weekly_burned_area,measured,f_sensor_break;f_min_fire_size;f_product_level
SAM,Sør-Amerika,region,2017-W22,burned_area_km2,1162.57,km2,K2,gwis_weekly_burned_area,measured,f_sensor_break;f_min_fire_size;f_product_level
SAM,Sør-Amerika,region,2017-W23,burned_area_km2,2087.69,km2,K2,gwis_weekly_burned_area,measured,f_sensor_break;f_min_fire_size;f_product_level
SAM,Sør-Amerika,region,2017-W24,burned_area_km2,2548.5,km2,K2,gwis_weekly_burned_area,measured,f_sensor_break;f_min_fire_size;f_product_level
SAM,Sør-Amerika,region,2017-W25,burned_area_km2,3236.55,km2,K2,gwis_weekly_burned_area,measured,f_sensor_break;f_min_fire_size;f_product_level
SAM,Sør-Amerika,region,2017-W26,burned_area_km2,3019.11,km2,K2,gwis_weekly_burned_area,measured,f_sensor_break;f_min_fire_size;f_product_level
SAM,Sør-Amerika,region,2017-W27,burned_area_km2,4877.68,km2,K2,gwis_weekly_burned_area,measured,f_sensor_break;f_min_fire_size;f_product_level
SAM,Sør-Amerika,region,2017-W28,burned_area_km2,7301.08,km2,K2,gwis_weekly_burned_area,measured,f_sensor_break;f_min_fire_size;f_product_level
SAM,Sør-Amerika,region,2017-W29,burned_area_km2,9811.72,km2,K2,gwis_weekly_burned_area,measured,f_sensor_break;f_min_fire_size;f_product_level
SAM,Sør-Amerika,region,2017-W30,burned_area_km2,17728.26,km2,K2,gwis_weekly_burned_area,measured,f_sensor_break;f_min_fire_size;f_product_level
SAM,Sør-Amerika,region,2017-W31,burned_area_km2,14814.39,km2,K2,gwis_weekly_burned_area,measured,f_sensor_break;f_min_fire_size;f_product_level
SAM,Sør-Amerika,region,2017-W32,burned_area_km2,18112.25,km2,K2,gwis_weekly_burned_area,measured,f_sensor_break;f_min_fire_size;f_product_level
SAM,Sør-Amerika,region,2017-W33,burned_area_km2,18490.18,km2,K2,gwis_weekly_burned_area,measured,f_sensor_break;f_min_fire_size;f_product_level
SAM,Sør-Amerika,region,2017-W34,burned_area_km2,33182.79,km2,K2,gwis_weekly_burned_area,measured,f_sensor_break;f_min_fire_size;f_product_level
SAM,Sør-Amerika,region,2017-W35,burned_area_km2,42195.24,km2,K2,gwis_weekly_burned_area,measured,f_sensor_break;f_min_fire_size;f_product_level
SAM,Sør-Amerika,region,2017-W36,burned_area_km2,48930.44,km2,K2,gwis_weekly_burned_area,measured,f_sensor_break;f_min_fire_size;f_product_level
SAM,Sør-Amerika,region,2017-W37,burned_area_km2,49650.95,km2,K2,gwis_weekly_burned_area,measured,f_sensor_break;f_min_fire_size;f_product_level
SAM,Sør-Amerika,region,2017-W38,burned_area_km2,43442.3,km2,K2,gwis_weekly_burned_area,measured,f_sensor_break;f_min_fire_size;f_product_level
SAM,Sør-Amerika,region,2017-W39,burned_area_km2,19218.08,km2,K2,gwis_weekly_burned_area,measured,f_sensor_break;f_min_fire_size;f_product_level
SAM,Sør-Amerika,region,2017-W40,burned_area_km2,29986.09,km2,K2,gwis_weekly_burned_area,measured,f_sensor_break;f_min_fire_size;f_product_level
SAM,Sør-Amerika,region,2017-W41,burned_area_km2,21293.1,km2,K2,gwis_weekly_burned_area,measured,f_sensor_break;f_min_fire_size;f_product_level
SAM,Sør-Amerika,region,2017-W42,burned_area_km2,28724.49,km2,K2,gwis_weekly_burned_area,measured,f_sensor_break;f_min_fire_size;f_product_level
SAM,Sør-Amerika,region,2017-W43,burned_area_km2,16255.12,km2,K2,gwis_weekly_burned_area,measured,f_sensor_break;f_min_fire_size;f_product_level
SAM,Sør-Amerika,region,2017-W44,burned_area_km2,8505.93,km2,K2,gwis_weekly_burned_area,measured,f_sensor_break;f_min_fire_size;f_product_level
SAM,Sør-Amerika,region,2017-W45,burned_area_km2,7803.46,km2,K2,gwis_weekly_burned_area,measured,f_sensor_break;f_min_fire_size;f_product_level
SAM,Sør-Amerika,region,2017-W46,burned_area_km2,12335.7,km2,K2,gwis_weekly_burned_area,measured,f_sensor_break;f_min_fire_size;f_product_level
SAM,Sør-Amerika,region,2017-W47,burned_area_km2,8361.36,km2,K2,gwis_weekly_burned_area,measured,f_sensor_break;f_min_fire_size;f_product_level
SAM,Sør-Amerika,region,2017-W48,burned_area_km2,9771.17,km2,K2,gwis_weekly_burned_area,measured,f_sensor_break;f_min_fire_size;f_product_level
SAM,Sør-Amerika,region,2017-W49,burned_area_km2,11068.99,km2,K2,gwis_weekly_burned_area,measured,f_sensor_break;f_min_fire_size;f_product_level
SAM,Sør-Amerika,region,2017-W50,burned_area_km2,6997.13,km2,K2,gwis_weekly_burned_area,measured,f_sensor_break;f_min_fire_size;f_product_level
SAM,Sør-Amerika,region,2017-W51,burned_area_km2,3321.3,km2,K2,gwis_weekly_burned_area,measured,f_sensor_break;f_min_fire_size;f_product_level
SAM,Sør-Amerika,region,2017-W52,burned_area_km2,2949.62,km2,K2,gwis_weekly_burned_area,measured,f_sensor_break;f_min_fire_size;f_product_level
SAM,Sør-Amerika,region,2018-W01,burned_area_km2,4308.12,km2,K2,gwis_weekly_burned_area,measured,f_sensor_break;f_min_fire_size;f_product_level
SAM,Sør-Amerika,region,2018-W02,burned_area_km2,3903.33,km2,K2,gwis_weekly_burned_area,measured,f_sensor_break;f_min_fire_size;f_product_level
SAM,Sør-Amerika,region,2018-W03,burned_area_km2,2439.77,km2,K2,gwis_weekly_burned_area,measured,f_sensor_break;f_min_fire_size;f_product_level
SAM,Sør-Amerika,region,2018-W04,burned_area_km2,4609.48,km2,K2,gwis_weekly_burned_area,measured,f_sensor_break;f_min_fire_size;f_product_level
SAM,Sør-Amerika,region,2018-W05,burned_area_km2,1997.07,km2,K2,gwis_weekly_burned_area,measured,f_sensor_break;f_min_fire_size;f_product_level
SAM,Sør-Amerika,region,2018-W06,burned_area_km2,1036.28,km2,K2,gwis_weekly_burned_area,measured,f_sensor_break;f_min_fire_size;f_product_level
SAM,Sør-Amerika,region,2018-W07,burned_area_km2,487.79,km2,K2,gwis_weekly_burned_area,measured,f_sensor_break;f_min_fire_size;f_product_level
SAM,Sør-Amerika,region,2018-W08,burned_area_km2,1001.45,km2,K2,gwis_weekly_burned_area,measured,f_sensor_break;f_min_fire_size;f_product_level
SAM,Sør-Amerika,region,2018-W09,burned_area_km2,334.02,km2,K2,gwis_weekly_burned_area,measured,f_sensor_break;f_min_fire_size;f_product_level
SAM,Sør-Amerika,region,2018-W10,burned_area_km2,4949.77,km2,K2,gwis_weekly_burned_area,measured,f_sensor_break;f_min_fire_size;f_product_level
SAM,Sør-Amerika,region,2018-W11,burned_area_km2,9878.34,km2,K2,gwis_weekly_burned_area,measured,f_sensor_break;f_min_fire_size;f_product_level
SAM,Sør-Amerika,region,2018-W12,burned_area_km2,8383.59,km2,K2,gwis_weekly_burned_area,measured,f_sensor_break;f_min_fire_size;f_product_level
SAM,Sør-Amerika,region,2018-W13,burned_area_km2,3275.59,km2,K2,gwis_weekly_burned_area,measured,f_sensor_break;f_min_fire_size;f_product_level
SAM,Sør-Amerika,region,2018-W14,burned_area_km2,4329.08,km2,K2,gwis_weekly_burned_area,measured,f_sensor_break;f_min_fire_size;f_product_level
SAM,Sør-Amerika,region,2018-W15,burned_area_km2,3210.94,km2,K2,gwis_weekly_burned_area,measured,f_sensor_break;f_min_fire_size;f_product_level
SAM,Sør-Amerika,region,2018-W16,burned_area_km2,2511.44,km2,K2,gwis_weekly_burned_area,measured,f_sensor_break;f_min_fire_size;f_product_level
SAM,Sør-Amerika,region,2018-W17,burned_area_km2,2571.58,km2,K2,gwis_weekly_burned_area,measured,f_sensor_break;f_min_fire_size;f_product_level
SAM,Sør-Amerika,region,2018-W18,burned_area_km2,2129.77,km2,K2,gwis_weekly_burned_area,measured,f_sensor_break;f_min_fire_size;f_product_level
SAM,Sør-Amerika,region,2018-W19,burned_area_km2,1607.96,km2,K2,gwis_weekly_burned_area,measured,f_sensor_break;f_min_fire_size;f_product_level
SAM,Sør-Amerika,region,2018-W20,burned_area_km2,1389.16,km2,K2,gwis_weekly_burned_area,measured,f_sensor_break;f_min_fire_size;f_product_level
SAM,Sør-Amerika,region,2018-W21,burned_area_km2,2703.74,km2,K2,gwis_weekly_burned_area,measured,f_sensor_break;f_min_fire_size;f_product_level
SAM,Sør-Amerika,region,2018-W22,burned_area_km2,2351.9,km2,K2,gwis_weekly_burned_area,measured,f_sensor_break;f_min_fire_size;f_product_level
SAM,Sør-Amerika,region,2018-W23,burned_area_km2,2001.92,km2,K2,gwis_weekly_burned_area,measured,f_sensor_break;f_min_fire_size;f_product_level
SAM,Sør-Amerika,region,2018-W24,burned_area_km2,2253.94,km2,K2,gwis_weekly_burned_area,measured,f_sensor_break;f_min_fire_size;f_product_level
SAM,Sør-Amerika,region,2018-W25,burned_area_km2,3895.76,km2,K2,gwis_weekly_burned_area,measured,f_sensor_break;f_min_fire_size;f_product_level
SAM,Sør-Amerika,region,2018-W26,burned_area_km2,3843.21,km2,K2,gwis_weekly_burned_area,measured,f_sensor_break;f_min_fire_size;f_product_level
SAM,Sør-Amerika,region,2018-W27,burned_area_km2,3590.0,km2,K2,gwis_weekly_burned_area,measured,f_sensor_break;f_min_fire_size;f_product_level
SAM,Sør-Amerika,region,2018-W28,burned_area_km2,5961.29,km2,K2,gwis_weekly_burned_area,measured,f_sensor_break;f_min_fire_size;f_product_level
SAM,Sør-Amerika,region,2018-W29,burned_area_km2,7814.75,km2,K2,gwis_weekly_burned_area,measured,f_sensor_break;f_min_fire_size;f_product_level
SAM,Sør-Amerika,region,2018-W30,burned_area_km2,8616.44,km2,K2,gwis_weekly_burned_area,measured,f_sensor_break;f_min_fire_size;f_product_level
SAM,Sør-Amerika,region,2018-W31,burned_area_km2,7089.45,km2,K2,gwis_weekly_burned_area,measured,f_sensor_break;f_min_fire_size;f_product_level
SAM,Sør-Amerika,region,2018-W32,burned_area_km2,11349.27,km2,K2,gwis_weekly_burned_area,measured,f_sensor_break;f_min_fire_size;f_product_level
SAM,Sør-Amerika,region,2018-W33,burned_area_km2,11468.43,km2,K2,gwis_weekly_burned_area,measured,f_sensor_break;f_min_fire_size;f_product_level
SAM,Sør-Amerika,region,2018-W34,burned_area_km2,18906.85,km2,K2,gwis_weekly_burned_area,measured,f_sensor_break;f_min_fire_size;f_product_level
SAM,Sør-Amerika,region,2018-W35,burned_area_km2,34266.23,km2,K2,gwis_weekly_burned_area,measured,f_sensor_break;f_min_fire_size;f_product_level
SAM,Sør-Amerika,region,2018-W36,burned_area_km2,36753.77,km2,K2,gwis_weekly_burned_area,measured,f_sensor_break;f_min_fire_size;f_product_level
SAM,Sør-Amerika,region,2018-W37,burned_area_km2,19114.11,km2,K2,gwis_weekly_burned_area,measured,f_sensor_break;f_min_fire_size;f_product_level
SAM,Sør-Amerika,region,2018-W38,burned_area_km2,19238.87,km2,K2,gwis_weekly_burned_area,measured,f_sensor_break;f_min_fire_size;f_product_level
SAM,Sør-Amerika,region,2018-W39,burned_area_km2,16959.9,km2,K2,gwis_weekly_burned_area,measured,f_sensor_break;f_min_fire_size;f_product_level
SAM,Sør-Amerika,region,2018-W40,burned_area_km2,16664.49,km2,K2,gwis_weekly_burned_area,measured,f_sensor_break;f_min_fire_size;f_product_level
SAM,Sør-Amerika,region,2018-W41,burned_area_km2,17854.71,km2,K2,gwis_weekly_burned_area,measured,f_sensor_break;f_min_fire_size;f_product_level
SAM,Sør-Amerika,region,2018-W42,burned_area_km2,12381.41,km2,K2,gwis_weekly_burned_area,measured,f_sensor_break;f_min_fire_size;f_product_level
SAM,Sør-Amerika,region,2018-W43,burned_area_km2,15319.25,km2,K2,gwis_weekly_burned_area,measured,f_sensor_break;f_min_fire_size;f_product_level
SAM,Sør-Amerika,region,2018-W44,burned_area_km2,7418.4,km2,K2,gwis_weekly_burned_area,measured,f_sensor_break;f_min_fire_size;f_product_level
SAM,Sør-Amerika,region,2018-W45,burned_area_km2,344.48,km2,K2,gwis_weekly_burned_area,measured,f_sensor_break;f_min_fire_size;f_product_level
SAM,Sør-Amerika,region,2018-W46,burned_area_km2,0.0,km2,K2,gwis_weekly_burned_area,measured,f_sensor_break;f_min_fire_size;f_product_level;f_zero_no_detection
SAM,Sør-Amerika,region,2018-W47,burned_area_km2,0.0,km2,K2,gwis_weekly_burned_area,measured,f_sensor_break;f_min_fire_size;f_product_level;f_zero_no_detection
SAM,Sør-Amerika,region,2018-W48,burned_area_km2,0.0,km2,K2,gwis_weekly_burned_area,measured,f_sensor_break;f_min_fire_size;f_product_level;f_zero_no_detection
SAM,Sør-Amerika,region,2018-W49,burned_area_km2,0.0,km2,K2,gwis_weekly_burned_area,measured,f_sensor_break;f_min_fire_size;f_product_level;f_zero_no_detection
SAM,Sør-Amerika,region,2018-W50,burned_area_km2,3505.2,km2,K2,gwis_weekly_burned_area,measured,f_sensor_break;f_min_fire_size;f_product_level
SAM,Sør-Amerika,region,2018-W51,burned_area_km2,3726.32,km2,K2,gwis_weekly_burned_area,measured,f_sensor_break;f_min_fire_size;f_product_level
SAM,Sør-Amerika,region,2018-W52,burned_area_km2,4204.98,km2,K2,gwis_weekly_burned_area,measured,f_sensor_break;f_min_fire_size;f_product_level
SAM,Sør-Amerika,region,2019-W01,burned_area_km2,3484.68,km2,K2,gwis_weekly_burned_area,measured,f_sensor_break;f_min_fire_size;f_product_level
SAM,Sør-Amerika,region,2019-W02,burned_area_km2,3755.82,km2,K2,gwis_weekly_burned_area,measured,f_sensor_break;f_min_fire_size;f_product_level
SAM,Sør-Amerika,region,2019-W03,burned_area_km2,3930.59,km2,K2,gwis_weekly_burned_area,measured,f_sensor_break;f_min_fire_size;f_product_level
SAM,Sør-Amerika,region,2019-W04,burned_area_km2,6174.88,km2,K2,gwis_weekly_burned_area,measured,f_sensor_break;f_min_fire_size;f_product_level
SAM,Sør-Amerika,region,2019-W05,burned_area_km2,6371.4,km2,K2,gwis_weekly_burned_area,measured,f_sensor_break;f_min_fire_size;f_product_level
SAM,Sør-Amerika,region,2019-W06,burned_area_km2,8177.63,km2,K2,gwis_weekly_burned_area,measured,f_sensor_break;f_min_fire_size;f_product_level
SAM,Sør-Amerika,region,2019-W07,burned_area_km2,6328.68,km2,K2,gwis_weekly_burned_area,measured,f_sensor_break;f_min_fire_size;f_product_level
SAM,Sør-Amerika,region,2019-W08,burned_area_km2,13286.3,km2,K2,gwis_weekly_burned_area,measured,f_sensor_break;f_min_fire_size;f_product_level
SAM,Sør-Amerika,region,2019-W09,burned_area_km2,10262.41,km2,K2,gwis_weekly_burned_area,measured,f_sensor_break;f_min_fire_size;f_product_level
SAM,Sør-Amerika,region,2019-W10,burned_area_km2,5819.09,km2,K2,gwis_weekly_burned_area,measured,f_sensor_break;f_min_fire_size;f_product_level
SAM,Sør-Amerika,region,2019-W11,burned_area_km2,7656.34,km2,K2,gwis_weekly_burned_area,measured,f_sensor_break;f_min_fire_size;f_product_level
SAM,Sør-Amerika,region,2019-W12,burned_area_km2,10641.9,km2,K2,gwis_weekly_burned_area,measured,f_sensor_break;f_min_fire_size;f_product_level
SAM,Sør-Amerika,region,2019-W13,burned_area_km2,7758.54,km2,K2,gwis_weekly_burned_area,measured,f_sensor_break;f_min_fire_size;f_product_level
SAM,Sør-Amerika,region,2019-W14,burned_area_km2,10799.06,km2,K2,gwis_weekly_burned_area,measured,f_sensor_break;f_min_fire_size;f_product_level
SAM,Sør-Amerika,region,2019-W15,burned_area_km2,4637.16,km2,K2,gwis_weekly_burned_area,measured,f_sensor_break;f_min_fire_size;f_product_level
SAM,Sør-Amerika,region,2019-W16,burned_area_km2,1666.06,km2,K2,gwis_weekly_burned_area,measured,f_sensor_break;f_min_fire_size;f_product_level
SAM,Sør-Amerika,region,2019-W17,burned_area_km2,2554.03,km2,K2,gwis_weekly_burned_area,measured,f_sensor_break;f_min_fire_size;f_product_level
SAM,Sør-Amerika,region,2019-W18,burned_area_km2,1879.49,km2,K2,gwis_weekly_burned_area,measured,f_sensor_break;f_min_fire_size;f_product_level
SAM,Sør-Amerika,region,2019-W19,burned_area_km2,1298.91,km2,K2,gwis_weekly_burned_area,measured,f_sensor_break;f_min_fire_size;f_product_level
SAM,Sør-Amerika,region,2019-W20,burned_area_km2,2185.88,km2,K2,gwis_weekly_burned_area,measured,f_sensor_break;f_min_fire_size;f_product_level
SAM,Sør-Amerika,region,2019-W21,burned_area_km2,1741.62,km2,K2,gwis_weekly_burned_area,measured,f_sensor_break;f_min_fire_size;f_product_level
SAM,Sør-Amerika,region,2019-W22,burned_area_km2,1882.83,km2,K2,gwis_weekly_burned_area,measured,f_sensor_break;f_min_fire_size;f_product_level
SAM,Sør-Amerika,region,2019-W23,burned_area_km2,2838.84,km2,K2,gwis_weekly_burned_area,measured,f_sensor_break;f_min_fire_size;f_product_level
SAM,Sør-Amerika,region,2019-W24,burned_area_km2,3433.12,km2,K2,gwis_weekly_burned_area,measured,f_sensor_break;f_min_fire_size;f_product_level
SAM,Sør-Amerika,region,2019-W25,burned_area_km2,4423.64,km2,K2,gwis_weekly_burned_area,measured,f_sensor_break;f_min_fire_size;f_product_level
SAM,Sør-Amerika,region,2019-W26,burned_area_km2,4093.72,km2,K2,gwis_weekly_burned_area,measured,f_sensor_break;f_min_fire_size;f_product_level
SAM,Sør-Amerika,region,2019-W27,burned_area_km2,4130.97,km2,K2,gwis_weekly_burned_area,measured,f_sensor_break;f_min_fire_size;f_product_level
SAM,Sør-Amerika,region,2019-W28,burned_area_km2,6135.88,km2,K2,gwis_weekly_burned_area,measured,f_sensor_break;f_min_fire_size;f_product_level
SAM,Sør-Amerika,region,2019-W29,burned_area_km2,7292.41,km2,K2,gwis_weekly_burned_area,measured,f_sensor_break;f_min_fire_size;f_product_level
SAM,Sør-Amerika,region,2019-W30,burned_area_km2,13852.3,km2,K2,gwis_weekly_burned_area,measured,f_sensor_break;f_min_fire_size;f_product_level
SAM,Sør-Amerika,region,2019-W31,burned_area_km2,29304.42,km2,K2,gwis_weekly_burned_area,measured,f_sensor_break;f_min_fire_size;f_product_level
SAM,Sør-Amerika,region,2019-W32,burned_area_km2,33859.51,km2,K2,gwis_weekly_burned_area,measured,f_sensor_break;f_min_fire_size;f_product_level
SAM,Sør-Amerika,region,2019-W33,burned_area_km2,34024.84,km2,K2,gwis_weekly_burned_area,measured,f_sensor_break;f_min_fire_size;f_product_level
SAM,Sør-Amerika,region,2019-W34,burned_area_km2,27116.87,km2,K2,gwis_weekly_burned_area,measured,f_sensor_break;f_min_fire_size;f_product_level
SAM,Sør-Amerika,region,2019-W35,burned_area_km2,35643.38,km2,K2,gwis_weekly_burned_area,measured,f_sensor_break;f_min_fire_size;f_product_level
SAM,Sør-Amerika,region,2019-W36,burned_area_km2,47607.54,km2,K2,gwis_weekly_burned_area,measured,f_sensor_break;f_min_fire_size;f_product_level
SAM,Sør-Amerika,region,2019-W37,burned_area_km2,42521.03,km2,K2,gwis_weekly_burned_area,measured,f_sensor_break;f_min_fire_size;f_product_level
SAM,Sør-Amerika,region,2019-W38,burned_area_km2,37238.52,km2,K2,gwis_weekly_burned_area,measured,f_sensor_break;f_min_fire_size;f_product_level
SAM,Sør-Amerika,region,2019-W39,burned_area_km2,20482.6,km2,K2,gwis_weekly_burned_area,measured,f_sensor_break;f_min_fire_size;f_product_level
SAM,Sør-Amerika,region,2019-W40,burned_area_km2,10456.88,km2,K2,gwis_weekly_burned_area,measured,f_sensor_break;f_min_fire_size;f_product_level
SAM,Sør-Amerika,region,2019-W41,burned_area_km2,23648.2,km2,K2,gwis_weekly_burned_area,measured,f_sensor_break;f_min_fire_size;f_product_level
SAM,Sør-Amerika,region,2019-W42,burned_area_km2,10979.28,km2,K2,gwis_weekly_burned_area,measured,f_sensor_break;f_min_fire_size;f_product_level
SAM,Sør-Amerika,region,2019-W43,burned_area_km2,18488.23,km2,K2,gwis_weekly_burned_area,measured,f_sensor_break;f_min_fire_size;f_product_level
SAM,Sør-Amerika,region,2019-W44,burned_area_km2,17762.27,km2,K2,gwis_weekly_burned_area,measured,f_sensor_break;f_min_fire_size;f_product_level
SAM,Sør-Amerika,region,2019-W45,burned_area_km2,10325.35,km2,K2,gwis_weekly_burned_area,measured,f_sensor_break;f_min_fire_size;f_product_level
SAM,Sør-Amerika,region,2019-W46,burned_area_km2,7485.68,km2,K2,gwis_weekly_burned_area,measured,f_sensor_break;f_min_fire_size;f_product_level
SAM,Sør-Amerika,region,2019-W47,burned_area_km2,4595.27,km2,K2,gwis_weekly_burned_area,measured,f_sensor_break;f_min_fire_size;f_product_level
SAM,Sør-Amerika,region,2019-W48,burned_area_km2,6983.43,km2,K2,gwis_weekly_burned_area,measured,f_sensor_break;f_min_fire_size;f_product_level
SAM,Sør-Amerika,region,2019-W49,burned_area_km2,4388.42,km2,K2,gwis_weekly_burned_area,measured,f_sensor_break;f_min_fire_size;f_product_level
SAM,Sør-Amerika,region,2019-W50,burned_area_km2,3724.07,km2,K2,gwis_weekly_burned_area,measured,f_sensor_break;f_min_fire_size;f_product_level
SAM,Sør-Amerika,region,2019-W51,burned_area_km2,3946.39,km2,K2,gwis_weekly_burned_area,measured,f_sensor_break;f_min_fire_size;f_product_level
SAM,Sør-Amerika,region,2019-W52,burned_area_km2,2281.11,km2,K2,gwis_weekly_burned_area,measured,f_sensor_break;f_min_fire_size;f_product_level
SAM,Sør-Amerika,region,2020-W01,burned_area_km2,4732.85,km2,K2,gwis_weekly_burned_area,measured,f_sensor_break;f_min_fire_size;f_product_level
SAM,Sør-Amerika,region,2020-W02,burned_area_km2,6512.85,km2,K2,gwis_weekly_burned_area,measured,f_sensor_break;f_min_fire_size;f_product_level
SAM,Sør-Amerika,region,2020-W03,burned_area_km2,4240.75,km2,K2,gwis_weekly_burned_area,measured,f_sensor_break;f_min_fire_size;f_product_level
SAM,Sør-Amerika,region,2020-W04,burned_area_km2,6156.6,km2,K2,gwis_weekly_burned_area,measured,f_sensor_break;f_min_fire_size;f_product_level
SAM,Sør-Amerika,region,2020-W05,burned_area_km2,6117.57,km2,K2,gwis_weekly_burned_area,measured,f_sensor_break;f_min_fire_size;f_product_level
SAM,Sør-Amerika,region,2020-W06,burned_area_km2,12571.09,km2,K2,gwis_weekly_burned_area,measured,f_sensor_break;f_min_fire_size;f_product_level
SAM,Sør-Amerika,region,2020-W07,burned_area_km2,7144.31,km2,K2,gwis_weekly_burned_area,measured,f_sensor_break;f_min_fire_size;f_product_level
SAM,Sør-Amerika,region,2020-W08,burned_area_km2,5870.04,km2,K2,gwis_weekly_burned_area,measured,f_sensor_break;f_min_fire_size;f_product_level
SAM,Sør-Amerika,region,2020-W09,burned_area_km2,13305.35,km2,K2,gwis_weekly_burned_area,measured,f_sensor_break;f_min_fire_size;f_product_level
SAM,Sør-Amerika,region,2020-W10,burned_area_km2,13067.96,km2,K2,gwis_weekly_burned_area,measured,f_sensor_break;f_min_fire_size;f_product_level
SAM,Sør-Amerika,region,2020-W11,burned_area_km2,15124.1,km2,K2,gwis_weekly_burned_area,measured,f_sensor_break;f_min_fire_size;f_product_level
SAM,Sør-Amerika,region,2020-W12,burned_area_km2,16982.53,km2,K2,gwis_weekly_burned_area,measured,f_sensor_break;f_min_fire_size;f_product_level
SAM,Sør-Amerika,region,2020-W13,burned_area_km2,10417.44,km2,K2,gwis_weekly_burned_area,measured,f_sensor_break;f_min_fire_size;f_product_level
SAM,Sør-Amerika,region,2020-W14,burned_area_km2,4009.21,km2,K2,gwis_weekly_burned_area,measured,f_sensor_break;f_min_fire_size;f_product_level
SAM,Sør-Amerika,region,2020-W15,burned_area_km2,10292.71,km2,K2,gwis_weekly_burned_area,measured,f_sensor_break;f_min_fire_size;f_product_level
SAM,Sør-Amerika,region,2020-W16,burned_area_km2,7518.27,km2,K2,gwis_weekly_burned_area,measured,f_sensor_break;f_min_fire_size;f_product_level
SAM,Sør-Amerika,region,2020-W17,burned_area_km2,8574.2,km2,K2,gwis_weekly_burned_area,measured,f_sensor_break;f_min_fire_size;f_product_level
SAM,Sør-Amerika,region,2020-W18,burned_area_km2,4717.09,km2,K2,gwis_weekly_burned_area,measured,f_sensor_break;f_min_fire_size;f_product_level
SAM,Sør-Amerika,region,2020-W19,burned_area_km2,5455.77,km2,K2,gwis_weekly_burned_area,measured,f_sensor_break;f_min_fire_size;f_product_level
SAM,Sør-Amerika,region,2020-W20,burned_area_km2,4735.41,km2,K2,gwis_weekly_burned_area,measured,f_sensor_break;f_min_fire_size;f_product_level
SAM,Sør-Amerika,region,2020-W21,burned_area_km2,3908.88,km2,K2,gwis_weekly_burned_area,measured,f_sensor_break;f_min_fire_size;f_product_level
SAM,Sør-Amerika,region,2020-W22,burned_area_km2,3200.41,km2,K2,gwis_weekly_burned_area,measured,f_sensor_break;f_min_fire_size;f_product_level
SAM,Sør-Amerika,region,2020-W23,burned_area_km2,2348.25,km2,K2,gwis_weekly_burned_area,measured,f_sensor_break;f_min_fire_size;f_product_level
SAM,Sør-Amerika,region,2020-W24,burned_area_km2,4295.78,km2,K2,gwis_weekly_burned_area,measured,f_sensor_break;f_min_fire_size;f_product_level
SAM,Sør-Amerika,region,2020-W25,burned_area_km2,6464.93,km2,K2,gwis_weekly_burned_area,measured,f_sensor_break;f_min_fire_size;f_product_level
SAM,Sør-Amerika,region,2020-W26,burned_area_km2,3969.35,km2,K2,gwis_weekly_burned_area,measured,f_sensor_break;f_min_fire_size;f_product_level
SAM,Sør-Amerika,region,2020-W27,burned_area_km2,4670.72,km2,K2,gwis_weekly_burned_area,measured,f_sensor_break;f_min_fire_size;f_product_level
SAM,Sør-Amerika,region,2020-W28,burned_area_km2,5802.29,km2,K2,gwis_weekly_burned_area,measured,f_sensor_break;f_min_fire_size;f_product_level
SAM,Sør-Amerika,region,2020-W29,burned_area_km2,21464.26,km2,K2,gwis_weekly_burned_area,measured,f_sensor_break;f_min_fire_size;f_product_level
SAM,Sør-Amerika,region,2020-W30,burned_area_km2,12451.05,km2,K2,gwis_weekly_burned_area,measured,f_sensor_break;f_min_fire_size;f_product_level
SAM,Sør-Amerika,region,2020-W31,burned_area_km2,29309.49,km2,K2,gwis_weekly_burned_area,measured,f_sensor_break;f_min_fire_size;f_product_level
SAM,Sør-Amerika,region,2020-W32,burned_area_km2,27140.85,km2,K2,gwis_weekly_burned_area,measured,f_sensor_break;f_min_fire_size;f_product_level
SAM,Sør-Amerika,region,2020-W33,burned_area_km2,22149.57,km2,K2,gwis_weekly_burned_area,measured,f_sensor_break;f_min_fire_size;f_product_level
SAM,Sør-Amerika,region,2020-W34,burned_area_km2,29414.09,km2,K2,gwis_weekly_burned_area,measured,f_sensor_break;f_min_fire_size;f_product_level
SAM,Sør-Amerika,region,2020-W35,burned_area_km2,38334.48,km2,K2,gwis_weekly_burned_area,measured,f_sensor_break;f_min_fire_size;f_product_level
SAM,Sør-Amerika,region,2020-W36,burned_area_km2,48859.15,km2,K2,gwis_weekly_burned_area,measured,f_sensor_break;f_min_fire_size;f_product_level
SAM,Sør-Amerika,region,2020-W37,burned_area_km2,46984.39,km2,K2,gwis_weekly_burned_area,measured,f_sensor_break;f_min_fire_size;f_product_level
SAM,Sør-Amerika,region,2020-W38,burned_area_km2,29714.7,km2,K2,gwis_weekly_burned_area,measured,f_sensor_break;f_min_fire_size;f_product_level
SAM,Sør-Amerika,region,2020-W39,burned_area_km2,57121.6,km2,K2,gwis_weekly_burned_area,measured,f_sensor_break;f_min_fire_size;f_product_level
SAM,Sør-Amerika,region,2020-W40,burned_area_km2,49198.12,km2,K2,gwis_weekly_burned_area,measured,f_sensor_break;f_min_fire_size;f_product_level
SAM,Sør-Amerika,region,2020-W41,burned_area_km2,34349.67,km2,K2,gwis_weekly_burned_area,measured,f_sensor_break;f_min_fire_size;f_product_level
SAM,Sør-Amerika,region,2020-W42,burned_area_km2,18988.93,km2,K2,gwis_weekly_burned_area,measured,f_sensor_break;f_min_fire_size;f_product_level
SAM,Sør-Amerika,region,2020-W43,burned_area_km2,13792.15,km2,K2,gwis_weekly_burned_area,measured,f_sensor_break;f_min_fire_size;f_product_level
SAM,Sør-Amerika,region,2020-W44,burned_area_km2,15658.03,km2,K2,gwis_weekly_burned_area,measured,f_sensor_break;f_min_fire_size;f_product_level
SAM,Sør-Amerika,region,2020-W45,burned_area_km2,10703.28,km2,K2,gwis_weekly_burned_area,measured,f_sensor_break;f_min_fire_size;f_product_level
SAM,Sør-Amerika,region,2020-W46,burned_area_km2,6433.85,km2,K2,gwis_weekly_burned_area,measured,f_sensor_break;f_min_fire_size;f_product_level
SAM,Sør-Amerika,region,2020-W47,burned_area_km2,9664.71,km2,K2,gwis_weekly_burned_area,measured,f_sensor_break;f_min_fire_size;f_product_level
SAM,Sør-Amerika,region,2020-W48,burned_area_km2,5258.09,km2,K2,gwis_weekly_burned_area,measured,f_sensor_break;f_min_fire_size;f_product_level
SAM,Sør-Amerika,region,2020-W49,burned_area_km2,4511.31,km2,K2,gwis_weekly_burned_area,measured,f_sensor_break;f_min_fire_size;f_product_level
SAM,Sør-Amerika,region,2020-W50,burned_area_km2,3614.77,km2,K2,gwis_weekly_burned_area,measured,f_sensor_break;f_min_fire_size;f_product_level
SAM,Sør-Amerika,region,2020-W51,burned_area_km2,3092.81,km2,K2,gwis_weekly_burned_area,measured,f_sensor_break;f_min_fire_size;f_product_level
SAM,Sør-Amerika,region,2020-W52,burned_area_km2,2477.32,km2,K2,gwis_weekly_burned_area,measured,f_sensor_break;f_min_fire_size;f_product_level
SAM,Sør-Amerika,region,2021-W01,burned_area_km2,2663.07,km2,K2,gwis_weekly_burned_area,measured,f_sensor_break;f_min_fire_size;f_product_level
SAM,Sør-Amerika,region,2021-W02,burned_area_km2,2284.04,km2,K2,gwis_weekly_burned_area,measured,f_sensor_break;f_min_fire_size;f_product_level
SAM,Sør-Amerika,region,2021-W03,burned_area_km2,3042.13,km2,K2,gwis_weekly_burned_area,measured,f_sensor_break;f_min_fire_size;f_product_level
SAM,Sør-Amerika,region,2021-W04,burned_area_km2,2620.88,km2,K2,gwis_weekly_burned_area,measured,f_sensor_break;f_min_fire_size;f_product_level
SAM,Sør-Amerika,region,2021-W05,burned_area_km2,2525.44,km2,K2,gwis_weekly_burned_area,measured,f_sensor_break;f_min_fire_size;f_product_level
SAM,Sør-Amerika,region,2021-W06,burned_area_km2,3629.11,km2,K2,gwis_weekly_burned_area,measured,f_sensor_break;f_min_fire_size;f_product_level
SAM,Sør-Amerika,region,2021-W07,burned_area_km2,4442.65,km2,K2,gwis_weekly_burned_area,measured,f_sensor_break;f_min_fire_size;f_product_level
SAM,Sør-Amerika,region,2021-W08,burned_area_km2,4233.37,km2,K2,gwis_weekly_burned_area,measured,f_sensor_break;f_min_fire_size;f_product_level
SAM,Sør-Amerika,region,2021-W09,burned_area_km2,6395.19,km2,K2,gwis_weekly_burned_area,measured,f_sensor_break;f_min_fire_size;f_product_level
SAM,Sør-Amerika,region,2021-W10,burned_area_km2,3550.09,km2,K2,gwis_weekly_burned_area,measured,f_sensor_break;f_min_fire_size;f_product_level
SAM,Sør-Amerika,region,2021-W11,burned_area_km2,2305.4,km2,K2,gwis_weekly_burned_area,measured,f_sensor_break;f_min_fire_size;f_product_level
SAM,Sør-Amerika,region,2021-W12,burned_area_km2,3692.95,km2,K2,gwis_weekly_burned_area,measured,f_sensor_break;f_min_fire_size;f_product_level
SAM,Sør-Amerika,region,2021-W13,burned_area_km2,1982.64,km2,K2,gwis_weekly_burned_area,measured,f_sensor_break;f_min_fire_size;f_product_level
SAM,Sør-Amerika,region,2021-W14,burned_area_km2,1908.34,km2,K2,gwis_weekly_burned_area,measured,f_sensor_break;f_min_fire_size;f_product_level
SAM,Sør-Amerika,region,2021-W15,burned_area_km2,1611.27,km2,K2,gwis_weekly_burned_area,measured,f_sensor_break;f_min_fire_size;f_product_level
SAM,Sør-Amerika,region,2021-W16,burned_area_km2,3152.77,km2,K2,gwis_weekly_burned_area,measured,f_sensor_break;f_min_fire_size;f_product_level
SAM,Sør-Amerika,region,2021-W17,burned_area_km2,1878.18,km2,K2,gwis_weekly_burned_area,measured,f_sensor_break;f_min_fire_size;f_product_level
SAM,Sør-Amerika,region,2021-W18,burned_area_km2,1775.78,km2,K2,gwis_weekly_burned_area,measured,f_sensor_break;f_min_fire_size;f_product_level
SAM,Sør-Amerika,region,2021-W19,burned_area_km2,2346.38,km2,K2,gwis_weekly_burned_area,measured,f_sensor_break;f_min_fire_size;f_product_level
SAM,Sør-Amerika,region,2021-W20,burned_area_km2,3887.34,km2,K2,gwis_weekly_burned_area,measured,f_sensor_break;f_min_fire_size;f_product_level
SAM,Sør-Amerika,region,2021-W21,burned_area_km2,4870.28,km2,K2,gwis_weekly_burned_area,measured,f_sensor_break;f_min_fire_size;f_product_level
SAM,Sør-Amerika,region,2021-W22,burned_area_km2,4092.82,km2,K2,gwis_weekly_burned_area,measured,f_sensor_break;f_min_fire_size;f_product_level
SAM,Sør-Amerika,region,2021-W23,burned_area_km2,2238.39,km2,K2,gwis_weekly_burned_area,measured,f_sensor_break;f_min_fire_size;f_product_level
SAM,Sør-Amerika,region,2021-W24,burned_area_km2,2384.53,km2,K2,gwis_weekly_burned_area,measured,f_sensor_break;f_min_fire_size;f_product_level
SAM,Sør-Amerika,region,2021-W25,burned_area_km2,3834.0,km2,K2,gwis_weekly_burned_area,measured,f_sensor_break;f_min_fire_size;f_product_level
SAM,Sør-Amerika,region,2021-W26,burned_area_km2,5540.43,km2,K2,gwis_weekly_burned_area,measured,f_sensor_break;f_min_fire_size;f_product_level
SAM,Sør-Amerika,region,2021-W27,burned_area_km2,4939.51,km2,K2,gwis_weekly_burned_area,measured,f_sensor_break;f_min_fire_size;f_product_level
SAM,Sør-Amerika,region,2021-W28,burned_area_km2,5763.29,km2,K2,gwis_weekly_burned_area,measured,f_sensor_break;f_min_fire_size;f_product_level
SAM,Sør-Amerika,region,2021-W29,burned_area_km2,8596.49,km2,K2,gwis_weekly_burned_area,measured,f_sensor_break;f_min_fire_size;f_product_level
SAM,Sør-Amerika,region,2021-W30,burned_area_km2,11870.77,km2,K2,gwis_weekly_burned_area,measured,f_sensor_break;f_min_fire_size;f_product_level
SAM,Sør-Amerika,region,2021-W31,burned_area_km2,18105.67,km2,K2,gwis_weekly_burned_area,measured,f_sensor_break;f_min_fire_size;f_product_level
SAM,Sør-Amerika,region,2021-W32,burned_area_km2,20835.44,km2,K2,gwis_weekly_burned_area,measured,f_sensor_break;f_min_fire_size;f_product_level
SAM,Sør-Amerika,region,2021-W33,burned_area_km2,44027.75,km2,K2,gwis_weekly_burned_area,measured,f_sensor_break;f_min_fire_size;f_product_level
SAM,Sør-Amerika,region,2021-W34,burned_area_km2,32048.6,km2,K2,gwis_weekly_burned_area,measured,f_sensor_break;f_min_fire_size;f_product_level
SAM,Sør-Amerika,region,2021-W35,burned_area_km2,21480.49,km2,K2,gwis_weekly_burned_area,measured,f_sensor_break;f_min_fire_size;f_product_level
SAM,Sør-Amerika,region,2021-W36,burned_area_km2,28939.78,km2,K2,gwis_weekly_burned_area,measured,f_sensor_break;f_min_fire_size;f_product_level
SAM,Sør-Amerika,region,2021-W37,burned_area_km2,44885.41,km2,K2,gwis_weekly_burned_area,measured,f_sensor_break;f_min_fire_size;f_product_level
SAM,Sør-Amerika,region,2021-W38,burned_area_km2,36097.72,km2,K2,gwis_weekly_burned_area,measured,f_sensor_break;f_min_fire_size;f_product_level
SAM,Sør-Amerika,region,2021-W39,burned_area_km2,22294.81,km2,K2,gwis_weekly_burned_area,measured,f_sensor_break;f_min_fire_size;f_product_level
SAM,Sør-Amerika,region,2021-W40,burned_area_km2,23144.53,km2,K2,gwis_weekly_burned_area,measured,f_sensor_break;f_min_fire_size;f_product_level
SAM,Sør-Amerika,region,2021-W41,burned_area_km2,16558.09,km2,K2,gwis_weekly_burned_area,measured,f_sensor_break;f_min_fire_size;f_product_level
SAM,Sør-Amerika,region,2021-W42,burned_area_km2,14189.17,km2,K2,gwis_weekly_burned_area,measured,f_sensor_break;f_min_fire_size;f_product_level
SAM,Sør-Amerika,region,2021-W43,burned_area_km2,13516.95,km2,K2,gwis_weekly_burned_area,measured,f_sensor_break;f_min_fire_size;f_product_level
SAM,Sør-Amerika,region,2021-W44,burned_area_km2,9725.35,km2,K2,gwis_weekly_burned_area,measured,f_sensor_break;f_min_fire_size;f_product_level
SAM,Sør-Amerika,region,2021-W45,burned_area_km2,4972.1,km2,K2,gwis_weekly_burned_area,measured,f_sensor_break;f_min_fire_size;f_product_level
SAM,Sør-Amerika,region,2021-W46,burned_area_km2,5819.43,km2,K2,gwis_weekly_burned_area,measured,f_sensor_break;f_min_fire_size;f_product_level
SAM,Sør-Amerika,region,2021-W47,burned_area_km2,5463.87,km2,K2,gwis_weekly_burned_area,measured,f_sensor_break;f_min_fire_size;f_product_level
SAM,Sør-Amerika,region,2021-W48,burned_area_km2,5148.43,km2,K2,gwis_weekly_burned_area,measured,f_sensor_break;f_min_fire_size;f_product_level
SAM,Sør-Amerika,region,2021-W49,burned_area_km2,4910.35,km2,K2,gwis_weekly_burned_area,measured,f_sensor_break;f_min_fire_size;f_product_level
SAM,Sør-Amerika,region,2021-W50,burned_area_km2,3472.29,km2,K2,gwis_weekly_burned_area,measured,f_sensor_break;f_min_fire_size;f_product_level
SAM,Sør-Amerika,region,2021-W51,burned_area_km2,3253.92,km2,K2,gwis_weekly_burned_area,measured,f_sensor_break;f_min_fire_size;f_product_level
SAM,Sør-Amerika,region,2021-W52,burned_area_km2,6685.75,km2,K2,gwis_weekly_burned_area,measured,f_sensor_break;f_min_fire_size;f_product_level
SAM,Sør-Amerika,region,2022-W01,burned_area_km2,10482.33,km2,K2,gwis_weekly_burned_area,measured,f_sensor_break;f_min_fire_size;f_product_level
SAM,Sør-Amerika,region,2022-W02,burned_area_km2,13990.78,km2,K2,gwis_weekly_burned_area,measured,f_sensor_break;f_min_fire_size;f_product_level
SAM,Sør-Amerika,region,2022-W03,burned_area_km2,10865.25,km2,K2,gwis_weekly_burned_area,measured,f_sensor_break;f_min_fire_size;f_product_level
SAM,Sør-Amerika,region,2022-W04,burned_area_km2,10821.76,km2,K2,gwis_weekly_burned_area,measured,f_sensor_break;f_min_fire_size;f_product_level
SAM,Sør-Amerika,region,2022-W05,burned_area_km2,9435.33,km2,K2,gwis_weekly_burned_area,measured,f_sensor_break;f_min_fire_size;f_product_level
SAM,Sør-Amerika,region,2022-W06,burned_area_km2,7684.26,km2,K2,gwis_weekly_burned_area,measured,f_sensor_break;f_min_fire_size;f_product_level
SAM,Sør-Amerika,region,2022-W07,burned_area_km2,12041.12,km2,K2,gwis_weekly_burned_area,measured,f_sensor_break;f_min_fire_size;f_product_level
SAM,Sør-Amerika,region,2022-W08,burned_area_km2,9786.78,km2,K2,gwis_weekly_burned_area,measured,f_sensor_break;f_min_fire_size;f_product_level
SAM,Sør-Amerika,region,2022-W09,burned_area_km2,2967.92,km2,K2,gwis_weekly_burned_area,measured,f_sensor_break;f_min_fire_size;f_product_level
SAM,Sør-Amerika,region,2022-W10,burned_area_km2,5007.76,km2,K2,gwis_weekly_burned_area,measured,f_sensor_break;f_min_fire_size;f_product_level
SAM,Sør-Amerika,region,2022-W11,burned_area_km2,5344.09,km2,K2,gwis_weekly_burned_area,measured,f_sensor_break;f_min_fire_size;f_product_level
SAM,Sør-Amerika,region,2022-W12,burned_area_km2,7748.69,km2,K2,gwis_weekly_burned_area,measured,f_sensor_break;f_min_fire_size;f_product_level
SAM,Sør-Amerika,region,2022-W13,burned_area_km2,4388.62,km2,K2,gwis_weekly_burned_area,measured,f_sensor_break;f_min_fire_size;f_product_level
SAM,Sør-Amerika,region,2022-W14,burned_area_km2,3603.64,km2,K2,gwis_weekly_burned_area,measured,f_sensor_break;f_min_fire_size;f_product_level
SAM,Sør-Amerika,region,2022-W15,burned_area_km2,4166.09,km2,K2,gwis_weekly_burned_area,measured,f_sensor_break;f_min_fire_size;f_product_level
SAM,Sør-Amerika,region,2022-W16,burned_area_km2,2933.27,km2,K2,gwis_weekly_burned_area,measured,f_sensor_break;f_min_fire_size;f_product_level
SAM,Sør-Amerika,region,2022-W17,burned_area_km2,3308.37,km2,K2,gwis_weekly_burned_area,measured,f_sensor_break;f_min_fire_size;f_product_level
SAM,Sør-Amerika,region,2022-W18,burned_area_km2,3156.42,km2,K2,gwis_weekly_burned_area,measured,f_sensor_break;f_min_fire_size;f_product_level
SAM,Sør-Amerika,region,2022-W19,burned_area_km2,3525.77,km2,K2,gwis_weekly_burned_area,measured,f_sensor_break;f_min_fire_size;f_product_level
SAM,Sør-Amerika,region,2022-W20,burned_area_km2,4136.22,km2,K2,gwis_weekly_burned_area,measured,f_sensor_break;f_min_fire_size;f_product_level
SAM,Sør-Amerika,region,2022-W21,burned_area_km2,4628.49,km2,K2,gwis_weekly_burned_area,measured,f_sensor_break;f_min_fire_size;f_product_level
SAM,Sør-Amerika,region,2022-W22,burned_area_km2,3625.53,km2,K2,gwis_weekly_burned_area,measured,f_sensor_break;f_min_fire_size;f_product_level
SAM,Sør-Amerika,region,2022-W23,burned_area_km2,3671.29,km2,K2,gwis_weekly_burned_area,measured,f_sensor_break;f_min_fire_size;f_product_level
SAM,Sør-Amerika,region,2022-W24,burned_area_km2,5151.06,km2,K2,gwis_weekly_burned_area,measured,f_sensor_break;f_min_fire_size;f_product_level
SAM,Sør-Amerika,region,2022-W25,burned_area_km2,5401.04,km2,K2,gwis_weekly_burned_area,measured,f_sensor_break;f_min_fire_size;f_product_level
SAM,Sør-Amerika,region,2022-W26,burned_area_km2,6557.77,km2,K2,gwis_weekly_burned_area,measured,f_sensor_break;f_min_fire_size;f_product_level
SAM,Sør-Amerika,region,2022-W27,burned_area_km2,5380.62,km2,K2,gwis_weekly_burned_area,measured,f_sensor_break;f_min_fire_size;f_product_level
SAM,Sør-Amerika,region,2022-W28,burned_area_km2,5762.32,km2,K2,gwis_weekly_burned_area,measured,f_sensor_break;f_min_fire_size;f_product_level
SAM,Sør-Amerika,region,2022-W29,burned_area_km2,7204.75,km2,K2,gwis_weekly_burned_area,measured,f_sensor_break;f_min_fire_size;f_product_level
SAM,Sør-Amerika,region,2022-W30,burned_area_km2,11080.39,km2,K2,gwis_weekly_burned_area,measured,f_sensor_break;f_min_fire_size;f_product_level
SAM,Sør-Amerika,region,2022-W31,burned_area_km2,10172.9,km2,K2,gwis_weekly_burned_area,measured,f_sensor_break;f_min_fire_size;f_product_level
SAM,Sør-Amerika,region,2022-W32,burned_area_km2,14607.4,km2,K2,gwis_weekly_burned_area,measured,f_sensor_break;f_min_fire_size;f_product_level
SAM,Sør-Amerika,region,2022-W33,burned_area_km2,26796.3,km2,K2,gwis_weekly_burned_area,measured,f_sensor_break;f_min_fire_size;f_product_level
SAM,Sør-Amerika,region,2022-W34,burned_area_km2,33147.94,km2,K2,gwis_weekly_burned_area,measured,f_sensor_break;f_min_fire_size;f_product_level
SAM,Sør-Amerika,region,2022-W35,burned_area_km2,47568.11,km2,K2,gwis_weekly_burned_area,measured,f_sensor_break;f_min_fire_size;f_product_level
SAM,Sør-Amerika,region,2022-W36,burned_area_km2,45500.74,km2,K2,gwis_weekly_burned_area,measured,f_sensor_break;f_min_fire_size;f_product_level
SAM,Sør-Amerika,region,2022-W37,burned_area_km2,31978.05,km2,K2,gwis_weekly_burned_area,measured,f_sensor_break;f_min_fire_size;f_product_level
SAM,Sør-Amerika,region,2022-W38,burned_area_km2,26942.98,km2,K2,gwis_weekly_burned_area,measured,f_sensor_break;f_min_fire_size;f_product_level
SAM,Sør-Amerika,region,2022-W39,burned_area_km2,28587.07,km2,K2,gwis_weekly_burned_area,measured,f_sensor_break;f_min_fire_size;f_product_level
SAM,Sør-Amerika,region,2022-W40,burned_area_km2,25236.77,km2,K2,gwis_weekly_burned_area,measured,f_sensor_break;f_min_fire_size;f_product_level
SAM,Sør-Amerika,region,2022-W41,burned_area_km2,20557.46,km2,K2,gwis_weekly_burned_area,measured,f_sensor_break;f_min_fire_size;f_product_level
SAM,Sør-Amerika,region,2022-W42,burned_area_km2,13940.62,km2,K2,gwis_weekly_burned_area,measured,f_sensor_break;f_min_fire_size;f_product_level
SAM,Sør-Amerika,region,2022-W43,burned_area_km2,10041.61,km2,K2,gwis_weekly_burned_area,measured,f_sensor_break;f_min_fire_size;f_product_level
SAM,Sør-Amerika,region,2022-W44,burned_area_km2,13391.96,km2,K2,gwis_weekly_burned_area,measured,f_sensor_break;f_min_fire_size;f_product_level
SAM,Sør-Amerika,region,2022-W45,burned_area_km2,12915.23,km2,K2,gwis_weekly_burned_area,measured,f_sensor_break;f_min_fire_size;f_product_level
SAM,Sør-Amerika,region,2022-W46,burned_area_km2,10490.24,km2,K2,gwis_weekly_burned_area,measured,f_sensor_break;f_min_fire_size;f_product_level
SAM,Sør-Amerika,region,2022-W47,burned_area_km2,8627.28,km2,K2,gwis_weekly_burned_area,measured,f_sensor_break;f_min_fire_size;f_product_level
SAM,Sør-Amerika,region,2022-W48,burned_area_km2,5518.43,km2,K2,gwis_weekly_burned_area,measured,f_sensor_break;f_min_fire_size;f_product_level
SAM,Sør-Amerika,region,2022-W49,burned_area_km2,5467.74,km2,K2,gwis_weekly_burned_area,measured,f_sensor_break;f_min_fire_size;f_product_level
SAM,Sør-Amerika,region,2022-W50,burned_area_km2,4102.5,km2,K2,gwis_weekly_burned_area,measured,f_sensor_break;f_min_fire_size;f_product_level
SAM,Sør-Amerika,region,2022-W51,burned_area_km2,3462.32,km2,K2,gwis_weekly_burned_area,measured,f_sensor_break;f_min_fire_size;f_product_level
SAM,Sør-Amerika,region,2022-W52,burned_area_km2,3146.99,km2,K2,gwis_weekly_burned_area,measured,f_sensor_break;f_min_fire_size;f_product_level
SAM,Sør-Amerika,region,2023-W01,burned_area_km2,2631.54,km2,K2,gwis_weekly_burned_area,measured,f_sensor_break;f_min_fire_size;f_product_level
SAM,Sør-Amerika,region,2023-W02,burned_area_km2,2949.33,km2,K2,gwis_weekly_burned_area,measured,f_sensor_break;f_min_fire_size;f_product_level
SAM,Sør-Amerika,region,2023-W03,burned_area_km2,3732.03,km2,K2,gwis_weekly_burned_area,measured,f_sensor_break;f_min_fire_size;f_product_level
SAM,Sør-Amerika,region,2023-W04,burned_area_km2,5903.32,km2,K2,gwis_weekly_burned_area,measured,f_sensor_break;f_min_fire_size;f_product_level
SAM,Sør-Amerika,region,2023-W05,burned_area_km2,10906.29,km2,K2,gwis_weekly_burned_area,measured,f_sensor_break;f_min_fire_size;f_product_level
SAM,Sør-Amerika,region,2023-W06,burned_area_km2,4098.81,km2,K2,gwis_weekly_burned_area,measured,f_sensor_break;f_min_fire_size;f_product_level
SAM,Sør-Amerika,region,2023-W07,burned_area_km2,5339.51,km2,K2,gwis_weekly_burned_area,measured,f_sensor_break;f_min_fire_size;f_product_level
SAM,Sør-Amerika,region,2023-W08,burned_area_km2,6058.3,km2,K2,gwis_weekly_burned_area,measured,f_sensor_break;f_min_fire_size;f_product_level
SAM,Sør-Amerika,region,2023-W09,burned_area_km2,3754.14,km2,K2,gwis_weekly_burned_area,measured,f_sensor_break;f_min_fire_size;f_product_level
SAM,Sør-Amerika,region,2023-W10,burned_area_km2,2768.96,km2,K2,gwis_weekly_burned_area,measured,f_sensor_break;f_min_fire_size;f_product_level
SAM,Sør-Amerika,region,2023-W11,burned_area_km2,6557.79,km2,K2,gwis_weekly_burned_area,measured,f_sensor_break;f_min_fire_size;f_product_level
SAM,Sør-Amerika,region,2023-W12,burned_area_km2,9147.13,km2,K2,gwis_weekly_burned_area,measured,f_sensor_break;f_min_fire_size;f_product_level
SAM,Sør-Amerika,region,2023-W13,burned_area_km2,4842.33,km2,K2,gwis_weekly_burned_area,measured,f_sensor_break;f_min_fire_size;f_product_level
SAM,Sør-Amerika,region,2023-W14,burned_area_km2,3883.56,km2,K2,gwis_weekly_burned_area,measured,f_sensor_break;f_min_fire_size;f_product_level
SAM,Sør-Amerika,region,2023-W15,burned_area_km2,4253.22,km2,K2,gwis_weekly_burned_area,measured,f_sensor_break;f_min_fire_size;f_product_level
SAM,Sør-Amerika,region,2023-W16,burned_area_km2,2203.16,km2,K2,gwis_weekly_burned_area,measured,f_sensor_break;f_min_fire_size;f_product_level
SAM,Sør-Amerika,region,2023-W17,burned_area_km2,1827.06,km2,K2,gwis_weekly_burned_area,measured,f_sensor_break;f_min_fire_size;f_product_level
SAM,Sør-Amerika,region,2023-W18,burned_area_km2,2689.03,km2,K2,gwis_weekly_burned_area,measured,f_sensor_break;f_min_fire_size;f_product_level
SAM,Sør-Amerika,region,2023-W19,burned_area_km2,2374.49,km2,K2,gwis_weekly_burned_area,measured,f_sensor_break;f_min_fire_size;f_product_level
SAM,Sør-Amerika,region,2023-W20,burned_area_km2,2915.23,km2,K2,gwis_weekly_burned_area,measured,f_sensor_break;f_min_fire_size;f_product_level
SAM,Sør-Amerika,region,2023-W21,burned_area_km2,2878.2,km2,K2,gwis_weekly_burned_area,measured,f_sensor_break;f_min_fire_size;f_product_level
SAM,Sør-Amerika,region,2023-W22,burned_area_km2,2519.73,km2,K2,gwis_weekly_burned_area,measured,f_sensor_break;f_min_fire_size;f_product_level
SAM,Sør-Amerika,region,2023-W23,burned_area_km2,3560.24,km2,K2,gwis_weekly_burned_area,measured,f_sensor_break;f_min_fire_size;f_product_level
SAM,Sør-Amerika,region,2023-W24,burned_area_km2,3157.39,km2,K2,gwis_weekly_burned_area,measured,f_sensor_break;f_min_fire_size;f_product_level
SAM,Sør-Amerika,region,2023-W25,burned_area_km2,4641.88,km2,K2,gwis_weekly_burned_area,measured,f_sensor_break;f_min_fire_size;f_product_level
SAM,Sør-Amerika,region,2023-W26,burned_area_km2,5595.35,km2,K2,gwis_weekly_burned_area,measured,f_sensor_break;f_min_fire_size;f_product_level
SAM,Sør-Amerika,region,2023-W27,burned_area_km2,4981.21,km2,K2,gwis_weekly_burned_area,measured,f_sensor_break;f_min_fire_size;f_product_level
SAM,Sør-Amerika,region,2023-W28,burned_area_km2,4919.52,km2,K2,gwis_weekly_burned_area,measured,f_sensor_break;f_min_fire_size;f_product_level
SAM,Sør-Amerika,region,2023-W29,burned_area_km2,8247.76,km2,K2,gwis_weekly_burned_area,measured,f_sensor_break;f_min_fire_size;f_product_level
SAM,Sør-Amerika,region,2023-W30,burned_area_km2,8146.28,km2,K2,gwis_weekly_burned_area,measured,f_sensor_break;f_min_fire_size;f_product_level
SAM,Sør-Amerika,region,2023-W31,burned_area_km2,10675.23,km2,K2,gwis_weekly_burned_area,measured,f_sensor_break;f_min_fire_size;f_product_level
SAM,Sør-Amerika,region,2023-W32,burned_area_km2,10924.08,km2,K2,gwis_weekly_burned_area,measured,f_sensor_break;f_min_fire_size;f_product_level
SAM,Sør-Amerika,region,2023-W33,burned_area_km2,15665.1,km2,K2,gwis_weekly_burned_area,measured,f_sensor_break;f_min_fire_size;f_product_level
SAM,Sør-Amerika,region,2023-W34,burned_area_km2,15344.05,km2,K2,gwis_weekly_burned_area,measured,f_sensor_break;f_min_fire_size;f_product_level
SAM,Sør-Amerika,region,2023-W35,burned_area_km2,13306.83,km2,K2,gwis_weekly_burned_area,measured,f_sensor_break;f_min_fire_size;f_product_level
SAM,Sør-Amerika,region,2023-W36,burned_area_km2,21508.63,km2,K2,gwis_weekly_burned_area,measured,f_sensor_break;f_min_fire_size;f_product_level
SAM,Sør-Amerika,region,2023-W37,burned_area_km2,26717.93,km2,K2,gwis_weekly_burned_area,measured,f_sensor_break;f_min_fire_size;f_product_level
SAM,Sør-Amerika,region,2023-W38,burned_area_km2,26127.83,km2,K2,gwis_weekly_burned_area,measured,f_sensor_break;f_min_fire_size;f_product_level
SAM,Sør-Amerika,region,2023-W39,burned_area_km2,23300.7,km2,K2,gwis_weekly_burned_area,measured,f_sensor_break;f_min_fire_size;f_product_level
SAM,Sør-Amerika,region,2023-W40,burned_area_km2,18728.2,km2,K2,gwis_weekly_burned_area,measured,f_sensor_break;f_min_fire_size;f_product_level
SAM,Sør-Amerika,region,2023-W41,burned_area_km2,21832.62,km2,K2,gwis_weekly_burned_area,measured,f_sensor_break;f_min_fire_size;f_product_level
SAM,Sør-Amerika,region,2023-W42,burned_area_km2,23780.24,km2,K2,gwis_weekly_burned_area,measured,f_sensor_break;f_min_fire_size;f_product_level
SAM,Sør-Amerika,region,2023-W43,burned_area_km2,23355.09,km2,K2,gwis_weekly_burned_area,measured,f_sensor_break;f_min_fire_size;f_product_level
SAM,Sør-Amerika,region,2023-W44,burned_area_km2,15739.64,km2,K2,gwis_weekly_burned_area,measured,f_sensor_break;f_min_fire_size;f_product_level
SAM,Sør-Amerika,region,2023-W45,burned_area_km2,25723.37,km2,K2,gwis_weekly_burned_area,measured,f_sensor_break;f_min_fire_size;f_product_level
SAM,Sør-Amerika,region,2023-W46,burned_area_km2,26036.65,km2,K2,gwis_weekly_burned_area,measured,f_sensor_break;f_min_fire_size;f_product_level
SAM,Sør-Amerika,region,2023-W47,burned_area_km2,7459.17,km2,K2,gwis_weekly_burned_area,measured,f_sensor_break;f_min_fire_size;f_product_level
SAM,Sør-Amerika,region,2023-W48,burned_area_km2,8587.74,km2,K2,gwis_weekly_burned_area,measured,f_sensor_break;f_min_fire_size;f_product_level
SAM,Sør-Amerika,region,2023-W49,burned_area_km2,5411.55,km2,K2,gwis_weekly_burned_area,measured,f_sensor_break;f_min_fire_size;f_product_level
SAM,Sør-Amerika,region,2023-W50,burned_area_km2,6398.61,km2,K2,gwis_weekly_burned_area,measured,f_sensor_break;f_min_fire_size;f_product_level
SAM,Sør-Amerika,region,2023-W51,burned_area_km2,4138.18,km2,K2,gwis_weekly_burned_area,measured,f_sensor_break;f_min_fire_size;f_product_level
SAM,Sør-Amerika,region,2023-W52,burned_area_km2,4045.65,km2,K2,gwis_weekly_burned_area,measured,f_sensor_break;f_min_fire_size;f_product_level
SAM,Sør-Amerika,region,2024-W01,burned_area_km2,5826.51,km2,K2,gwis_weekly_burned_area,measured,f_sensor_break;f_min_fire_size;f_product_level
SAM,Sør-Amerika,region,2024-W02,burned_area_km2,5851.12,km2,K2,gwis_weekly_burned_area,measured,f_sensor_break;f_min_fire_size;f_product_level
SAM,Sør-Amerika,region,2024-W03,burned_area_km2,7098.81,km2,K2,gwis_weekly_burned_area,measured,f_sensor_break;f_min_fire_size;f_product_level
SAM,Sør-Amerika,region,2024-W04,burned_area_km2,10007.78,km2,K2,gwis_weekly_burned_area,measured,f_sensor_break;f_min_fire_size;f_product_level
SAM,Sør-Amerika,region,2024-W05,burned_area_km2,4642.53,km2,K2,gwis_weekly_burned_area,measured,f_sensor_break;f_min_fire_size;f_product_level
SAM,Sør-Amerika,region,2024-W06,burned_area_km2,4408.9,km2,K2,gwis_weekly_burned_area,measured,f_sensor_break;f_min_fire_size;f_product_level
SAM,Sør-Amerika,region,2024-W07,burned_area_km2,7706.03,km2,K2,gwis_weekly_burned_area,measured,f_sensor_break;f_min_fire_size;f_product_level
SAM,Sør-Amerika,region,2024-W08,burned_area_km2,11693.25,km2,K2,gwis_weekly_burned_area,measured,f_sensor_break;f_min_fire_size;f_product_level
SAM,Sør-Amerika,region,2024-W09,burned_area_km2,8990.08,km2,K2,gwis_weekly_burned_area,measured,f_sensor_break;f_min_fire_size;f_product_level
SAM,Sør-Amerika,region,2024-W10,burned_area_km2,7523.01,km2,K2,gwis_weekly_burned_area,measured,f_sensor_break;f_min_fire_size;f_product_level
SAM,Sør-Amerika,region,2024-W11,burned_area_km2,10769.22,km2,K2,gwis_weekly_burned_area,measured,f_sensor_break;f_min_fire_size;f_product_level
SAM,Sør-Amerika,region,2024-W12,burned_area_km2,2767.83,km2,K2,gwis_weekly_burned_area,measured,f_sensor_break;f_min_fire_size;f_product_level
SAM,Sør-Amerika,region,2024-W13,burned_area_km2,5819.16,km2,K2,gwis_weekly_burned_area,measured,f_sensor_break;f_min_fire_size;f_product_level
SAM,Sør-Amerika,region,2024-W14,burned_area_km2,4817.09,km2,K2,gwis_weekly_burned_area,measured,f_sensor_break;f_min_fire_size;f_product_level
SAM,Sør-Amerika,region,2024-W15,burned_area_km2,8717.21,km2,K2,gwis_weekly_burned_area,measured,f_sensor_break;f_min_fire_size;f_product_level
SAM,Sør-Amerika,region,2024-W16,burned_area_km2,1647.17,km2,K2,gwis_weekly_burned_area,measured,f_sensor_break;f_min_fire_size;f_product_level
SAM,Sør-Amerika,region,2024-W17,burned_area_km2,2650.56,km2,K2,gwis_weekly_burned_area,measured,f_sensor_break;f_min_fire_size;f_product_level
SAM,Sør-Amerika,region,2024-W18,burned_area_km2,2244.94,km2,K2,gwis_weekly_burned_area,measured,f_sensor_break;f_min_fire_size;f_product_level
SAM,Sør-Amerika,region,2024-W19,burned_area_km2,2852.96,km2,K2,gwis_weekly_burned_area,measured,f_sensor_break;f_min_fire_size;f_product_level
SAM,Sør-Amerika,region,2024-W20,burned_area_km2,2706.73,km2,K2,gwis_weekly_burned_area,measured,f_sensor_break;f_min_fire_size;f_product_level
SAM,Sør-Amerika,region,2024-W21,burned_area_km2,2795.82,km2,K2,gwis_weekly_burned_area,measured,f_sensor_break;f_min_fire_size;f_product_level
SAM,Sør-Amerika,region,2024-W22,burned_area_km2,4877.53,km2,K2,gwis_weekly_burned_area,measured,f_sensor_break;f_min_fire_size;f_product_level
SAM,Sør-Amerika,region,2024-W23,burned_area_km2,7293.89,km2,K2,gwis_weekly_burned_area,measured,f_sensor_break;f_min_fire_size;f_product_level
SAM,Sør-Amerika,region,2024-W24,burned_area_km2,7184.17,km2,K2,gwis_weekly_burned_area,measured,f_sensor_break;f_min_fire_size;f_product_level
SAM,Sør-Amerika,region,2024-W25,burned_area_km2,6487.84,km2,K2,gwis_weekly_burned_area,measured,f_sensor_break;f_min_fire_size;f_product_level
SAM,Sør-Amerika,region,2024-W26,burned_area_km2,5504.92,km2,K2,gwis_weekly_burned_area,measured,f_sensor_break;f_min_fire_size;f_product_level
SAM,Sør-Amerika,region,2024-W27,burned_area_km2,5673.73,km2,K2,gwis_weekly_burned_area,measured,f_sensor_break;f_min_fire_size;f_product_level
SAM,Sør-Amerika,region,2024-W28,burned_area_km2,52135.9,km2,K2,gwis_weekly_burned_area,measured,f_sensor_break;f_min_fire_size;f_product_level
SAM,Sør-Amerika,region,2024-W29,burned_area_km2,14433.65,km2,K2,gwis_weekly_burned_area,measured,f_sensor_break;f_min_fire_size;f_product_level
SAM,Sør-Amerika,region,2024-W30,burned_area_km2,18758.2,km2,K2,gwis_weekly_burned_area,measured,f_sensor_break;f_min_fire_size;f_product_level
SAM,Sør-Amerika,region,2024-W31,burned_area_km2,25183.59,km2,K2,gwis_weekly_burned_area,measured,f_sensor_break;f_min_fire_size;f_product_level
SAM,Sør-Amerika,region,2024-W32,burned_area_km2,31023.55,km2,K2,gwis_weekly_burned_area,measured,f_sensor_break;f_min_fire_size;f_product_level
SAM,Sør-Amerika,region,2024-W33,burned_area_km2,48048.39,km2,K2,gwis_weekly_burned_area,measured,f_sensor_break;f_min_fire_size;f_product_level
SAM,Sør-Amerika,region,2024-W34,burned_area_km2,51000.0,km2,K2,gwis_weekly_burned_area,measured,f_sensor_break;f_min_fire_size;f_product_level
SAM,Sør-Amerika,region,2024-W35,burned_area_km2,56121.0,km2,K2,gwis_weekly_burned_area,measured,f_sensor_break;f_min_fire_size;f_product_level
SAM,Sør-Amerika,region,2024-W36,burned_area_km2,52381.37,km2,K2,gwis_weekly_burned_area,measured,f_sensor_break;f_min_fire_size;f_product_level
SAM,Sør-Amerika,region,2024-W37,burned_area_km2,40198.06,km2,K2,gwis_weekly_burned_area,measured,f_sensor_break;f_min_fire_size;f_product_level
SAM,Sør-Amerika,region,2024-W38,burned_area_km2,41883.54,km2,K2,gwis_weekly_burned_area,measured,f_sensor_break;f_min_fire_size;f_product_level
SAM,Sør-Amerika,region,2024-W39,burned_area_km2,25952.22,km2,K2,gwis_weekly_burned_area,measured,f_sensor_break;f_min_fire_size;f_product_level
SAM,Sør-Amerika,region,2024-W40,burned_area_km2,26574.81,km2,K2,gwis_weekly_burned_area,measured,f_sensor_break;f_min_fire_size;f_product_level
SAM,Sør-Amerika,region,2024-W41,burned_area_km2,19712.9,km2,K2,gwis_weekly_burned_area,measured,f_sensor_break;f_min_fire_size;f_product_level
SAM,Sør-Amerika,region,2024-W42,burned_area_km2,11100.5,km2,K2,gwis_weekly_burned_area,measured,f_sensor_break;f_min_fire_size;f_product_level
SAM,Sør-Amerika,region,2024-W43,burned_area_km2,12247.12,km2,K2,gwis_weekly_burned_area,measured,f_sensor_break;f_min_fire_size;f_product_level
SAM,Sør-Amerika,region,2024-W44,burned_area_km2,9152.06,km2,K2,gwis_weekly_burned_area,measured,f_sensor_break;f_min_fire_size;f_product_level
SAM,Sør-Amerika,region,2024-W45,burned_area_km2,8028.52,km2,K2,gwis_weekly_burned_area,measured,f_sensor_break;f_min_fire_size;f_product_level
SAM,Sør-Amerika,region,2024-W46,burned_area_km2,8128.56,km2,K2,gwis_weekly_burned_area,measured,f_sensor_break;f_min_fire_size;f_product_level
SAM,Sør-Amerika,region,2024-W47,burned_area_km2,6593.4,km2,K2,gwis_weekly_burned_area,measured,f_sensor_break;f_min_fire_size;f_product_level
SAM,Sør-Amerika,region,2024-W48,burned_area_km2,8152.83,km2,K2,gwis_weekly_burned_area,measured,f_sensor_break;f_min_fire_size;f_product_level
SAM,Sør-Amerika,region,2024-W49,burned_area_km2,3229.74,km2,K2,gwis_weekly_burned_area,measured,f_sensor_break;f_min_fire_size;f_product_level
SAM,Sør-Amerika,region,2024-W50,burned_area_km2,3238.1,km2,K2,gwis_weekly_burned_area,measured,f_sensor_break;f_min_fire_size;f_product_level
SAM,Sør-Amerika,region,2024-W51,burned_area_km2,2804.14,km2,K2,gwis_weekly_burned_area,measured,f_sensor_break;f_min_fire_size;f_product_level
SAM,Sør-Amerika,region,2024-W52,burned_area_km2,2707.64,km2,K2,gwis_weekly_burned_area,measured,f_sensor_break;f_min_fire_size;f_product_level
SAM,Sør-Amerika,region,2025-W01,burned_area_km2,2226.64,km2,K2,gwis_weekly_burned_area,measured,f_sensor_break;f_min_fire_size;f_product_level
SAM,Sør-Amerika,region,2025-W02,burned_area_km2,5346.82,km2,K2,gwis_weekly_burned_area,measured,f_sensor_break;f_min_fire_size;f_product_level
SAM,Sør-Amerika,region,2025-W03,burned_area_km2,5735.37,km2,K2,gwis_weekly_burned_area,measured,f_sensor_break;f_min_fire_size;f_product_level
SAM,Sør-Amerika,region,2025-W04,burned_area_km2,2632.59,km2,K2,gwis_weekly_burned_area,measured,f_sensor_break;f_min_fire_size;f_product_level
SAM,Sør-Amerika,region,2025-W05,burned_area_km2,3925.99,km2,K2,gwis_weekly_burned_area,measured,f_sensor_break;f_min_fire_size;f_product_level
SAM,Sør-Amerika,region,2025-W06,burned_area_km2,4253.78,km2,K2,gwis_weekly_burned_area,measured,f_sensor_break;f_min_fire_size;f_product_level
SAM,Sør-Amerika,region,2025-W07,burned_area_km2,5575.4,km2,K2,gwis_weekly_burned_area,measured,f_sensor_break;f_min_fire_size;f_product_level
SAM,Sør-Amerika,region,2025-W08,burned_area_km2,4186.99,km2,K2,gwis_weekly_burned_area,measured,f_sensor_break;f_min_fire_size;f_product_level
SAM,Sør-Amerika,region,2025-W09,burned_area_km2,5083.5,km2,K2,gwis_weekly_burned_area,measured,f_sensor_break;f_min_fire_size;f_product_level
SAM,Sør-Amerika,region,2025-W10,burned_area_km2,4411.08,km2,K2,gwis_weekly_burned_area,measured,f_sensor_break;f_min_fire_size;f_product_level
SAM,Sør-Amerika,region,2025-W11,burned_area_km2,3108.85,km2,K2,gwis_weekly_burned_area,measured,f_sensor_break;f_min_fire_size;f_product_level
SAM,Sør-Amerika,region,2025-W12,burned_area_km2,5273.07,km2,K2,gwis_weekly_burned_area,measured,f_sensor_break;f_min_fire_size;f_product_level
SAM,Sør-Amerika,region,2025-W13,burned_area_km2,3205.29,km2,K2,gwis_weekly_burned_area,measured,f_sensor_break;f_min_fire_size;f_product_level
SAM,Sør-Amerika,region,2025-W14,burned_area_km2,1043.2,km2,K2,gwis_weekly_burned_area,measured,f_sensor_break;f_min_fire_size;f_product_level
SAM,Sør-Amerika,region,2025-W15,burned_area_km2,2418.72,km2,K2,gwis_weekly_burned_area,measured,f_sensor_break;f_min_fire_size;f_product_level
SAM,Sør-Amerika,region,2025-W16,burned_area_km2,1099.78,km2,K2,gwis_weekly_burned_area,measured,f_sensor_break;f_min_fire_size;f_product_level
SAM,Sør-Amerika,region,2025-W17,burned_area_km2,877.71,km2,K2,gwis_weekly_burned_area,measured,f_sensor_break;f_min_fire_size;f_product_level
SAM,Sør-Amerika,region,2025-W18,burned_area_km2,1291.56,km2,K2,gwis_weekly_burned_area,measured,f_sensor_break;f_min_fire_size;f_product_level
SAM,Sør-Amerika,region,2025-W19,burned_area_km2,1485.18,km2,K2,gwis_weekly_burned_area,measured,f_sensor_break;f_min_fire_size;f_product_level
SAM,Sør-Amerika,region,2025-W20,burned_area_km2,1702.51,km2,K2,gwis_weekly_burned_area,measured,f_sensor_break;f_min_fire_size;f_product_level
SAM,Sør-Amerika,region,2025-W21,burned_area_km2,1760.66,km2,K2,gwis_weekly_burned_area,measured,f_sensor_break;f_min_fire_size;f_product_level
SAM,Sør-Amerika,region,2025-W22,burned_area_km2,1601.22,km2,K2,gwis_weekly_burned_area,measured,f_sensor_break;f_min_fire_size;f_product_level
SAM,Sør-Amerika,region,2025-W23,burned_area_km2,2060.33,km2,K2,gwis_weekly_burned_area,measured,f_sensor_break;f_min_fire_size;f_product_level
SAM,Sør-Amerika,region,2025-W24,burned_area_km2,1803.18,km2,K2,gwis_weekly_burned_area,measured,f_sensor_break;f_min_fire_size;f_product_level
SAM,Sør-Amerika,region,2025-W25,burned_area_km2,1980.37,km2,K2,gwis_weekly_burned_area,measured,f_sensor_break;f_min_fire_size;f_product_level
SAM,Sør-Amerika,region,2025-W26,burned_area_km2,2503.45,km2,K2,gwis_weekly_burned_area,measured,f_sensor_break;f_min_fire_size;f_product_level
SAM,Sør-Amerika,region,2025-W27,burned_area_km2,3304.06,km2,K2,gwis_weekly_burned_area,measured,f_sensor_break;f_min_fire_size;f_product_level
SAM,Sør-Amerika,region,2025-W28,burned_area_km2,4181.55,km2,K2,gwis_weekly_burned_area,measured,f_sensor_break;f_min_fire_size;f_product_level
SAM,Sør-Amerika,region,2025-W29,burned_area_km2,5546.83,km2,K2,gwis_weekly_burned_area,measured,f_sensor_break;f_min_fire_size;f_product_level
SAM,Sør-Amerika,region,2025-W30,burned_area_km2,5496.02,km2,K2,gwis_weekly_burned_area,measured,f_sensor_break;f_min_fire_size;f_product_level
SAM,Sør-Amerika,region,2025-W31,burned_area_km2,5743.58,km2,K2,gwis_weekly_burned_area,measured,f_sensor_break;f_min_fire_size;f_product_level
SAM,Sør-Amerika,region,2025-W32,burned_area_km2,4552.56,km2,K2,gwis_weekly_burned_area,measured,f_sensor_break;f_min_fire_size;f_product_level
SAM,Sør-Amerika,region,2025-W33,burned_area_km2,9648.39,km2,K2,gwis_weekly_burned_area,measured,f_sensor_break;f_min_fire_size;f_product_level
SAM,Sør-Amerika,region,2025-W34,burned_area_km2,13258.18,km2,K2,gwis_weekly_burned_area,measured,f_sensor_break;f_min_fire_size;f_product_level
SAM,Sør-Amerika,region,2025-W35,burned_area_km2,14447.6,km2,K2,gwis_weekly_burned_area,measured,f_sensor_break;f_min_fire_size;f_product_level
SAM,Sør-Amerika,region,2025-W36,burned_area_km2,14583.8,km2,K2,gwis_weekly_burned_area,measured,f_sensor_break;f_min_fire_size;f_product_level
SAM,Sør-Amerika,region,2025-W37,burned_area_km2,13820.15,km2,K2,gwis_weekly_burned_area,measured,f_sensor_break;f_min_fire_size;f_product_level
SAM,Sør-Amerika,region,2025-W38,burned_area_km2,10178.95,km2,K2,gwis_weekly_burned_area,measured,f_sensor_break;f_min_fire_size;f_product_level
SAM,Sør-Amerika,region,2025-W39,burned_area_km2,21405.31,km2,K2,gwis_weekly_burned_area,measured,f_sensor_break;f_min_fire_size;f_product_level
SAM,Sør-Amerika,region,2025-W40,burned_area_km2,16001.17,km2,K2,gwis_weekly_burned_area,measured,f_sensor_break;f_min_fire_size;f_product_level
SAM,Sør-Amerika,region,2025-W41,burned_area_km2,12372.02,km2,K2,gwis_weekly_burned_area,measured,f_sensor_break;f_min_fire_size;f_product_level
SAM,Sør-Amerika,region,2025-W42,burned_area_km2,9060.73,km2,K2,gwis_weekly_burned_area,measured,f_sensor_break;f_min_fire_size;f_product_level
SAM,Sør-Amerika,region,2025-W43,burned_area_km2,12106.51,km2,K2,gwis_weekly_burned_area,measured,f_sensor_break;f_min_fire_size;f_product_level
SAM,Sør-Amerika,region,2025-W44,burned_area_km2,4419.78,km2,K2,gwis_weekly_burned_area,measured,f_sensor_break;f_min_fire_size;f_product_level
SAM,Sør-Amerika,region,2025-W45,burned_area_km2,4061.87,km2,K2,gwis_weekly_burned_area,measured,f_sensor_break;f_min_fire_size;f_product_level
SAM,Sør-Amerika,region,2025-W46,burned_area_km2,6553.99,km2,K2,gwis_weekly_burned_area,measured,f_sensor_break;f_min_fire_size;f_product_level
SAM,Sør-Amerika,region,2025-W47,burned_area_km2,3663.51,km2,K2,gwis_weekly_burned_area,measured,f_sensor_break;f_min_fire_size;f_product_level
SAM,Sør-Amerika,region,2025-W48,burned_area_km2,3501.92,km2,K2,gwis_weekly_burned_area,measured,f_sensor_break;f_min_fire_size;f_product_level
SAM,Sør-Amerika,region,2025-W49,burned_area_km2,2871.24,km2,K2,gwis_weekly_burned_area,measured,f_sensor_break;f_min_fire_size;f_product_level
SAM,Sør-Amerika,region,2025-W50,burned_area_km2,2625.94,km2,K2,gwis_weekly_burned_area,measured,f_sensor_break;f_min_fire_size;f_product_level
SAM,Sør-Amerika,region,2025-W51,burned_area_km2,2577.41,km2,K2,gwis_weekly_burned_area,measured,f_sensor_break;f_min_fire_size;f_product_level
SAM,Sør-Amerika,region,2025-W52,burned_area_km2,2667.55,km2,K2,gwis_weekly_burned_area,measured,f_sensor_break;f_min_fire_size;f_product_level
SAM,Sør-Amerika,region,2026-W01,burned_area_km2,2700.64,km2,K2,gwis_weekly_burned_area,measured,f_sensor_break;f_min_fire_size;f_product_level;f_incomplete_year
SAM,Sør-Amerika,region,2026-W02,burned_area_km2,1876.75,km2,K2,gwis_weekly_burned_area,measured,f_sensor_break;f_min_fire_size;f_product_level;f_incomplete_year
SAM,Sør-Amerika,region,2026-W03,burned_area_km2,2897.19,km2,K2,gwis_weekly_burned_area,measured,f_sensor_break;f_min_fire_size;f_product_level;f_incomplete_year
SAM,Sør-Amerika,region,2026-W04,burned_area_km2,2572.92,km2,K2,gwis_weekly_burned_area,measured,f_sensor_break;f_min_fire_size;f_product_level;f_incomplete_year
SAM,Sør-Amerika,region,2026-W05,burned_area_km2,2051.19,km2,K2,gwis_weekly_burned_area,measured,f_sensor_break;f_min_fire_size;f_product_level;f_incomplete_year
SAM,Sør-Amerika,region,2026-W06,burned_area_km2,4423.13,km2,K2,gwis_weekly_burned_area,measured,f_sensor_break;f_min_fire_size;f_product_level;f_incomplete_year
SAM,Sør-Amerika,region,2026-W07,burned_area_km2,3634.11,km2,K2,gwis_weekly_burned_area,measured,f_sensor_break;f_min_fire_size;f_product_level;f_incomplete_year
SAM,Sør-Amerika,region,2026-W08,burned_area_km2,4809.09,km2,K2,gwis_weekly_burned_area,measured,f_sensor_break;f_min_fire_size;f_product_level;f_incomplete_year
SAM,Sør-Amerika,region,2026-W09,burned_area_km2,7499.63,km2,K2,gwis_weekly_burned_area,measured,f_sensor_break;f_min_fire_size;f_product_level;f_incomplete_year
SAM,Sør-Amerika,region,2026-W10,burned_area_km2,2844.22,km2,K2,gwis_weekly_burned_area,measured,f_sensor_break;f_min_fire_size;f_product_level;f_incomplete_year
SAM,Sør-Amerika,region,2026-W11,burned_area_km2,2860.27,km2,K2,gwis_weekly_burned_area,measured,f_sensor_break;f_min_fire_size;f_product_level;f_incomplete_year
SAM,Sør-Amerika,region,2026-W12,burned_area_km2,7536.0,km2,K2,gwis_weekly_burned_area,measured,f_sensor_break;f_min_fire_size;f_product_level;f_incomplete_year
SAM,Sør-Amerika,region,2026-W13,burned_area_km2,2537.38,km2,K2,gwis_weekly_burned_area,measured,f_sensor_break;f_min_fire_size;f_product_level;f_incomplete_year
SAM,Sør-Amerika,region,2026-W14,burned_area_km2,1464.41,km2,K2,gwis_weekly_burned_area,measured,f_sensor_break;f_min_fire_size;f_product_level;f_incomplete_year
SAM,Sør-Amerika,region,2026-W15,burned_area_km2,2154.56,km2,K2,gwis_weekly_burned_area,measured,f_sensor_break;f_min_fire_size;f_product_level;f_incomplete_year
SAM,Sør-Amerika,region,2026-W16,burned_area_km2,1216.72,km2,K2,gwis_weekly_burned_area,measured,f_sensor_break;f_min_fire_size;f_product_level;f_incomplete_year
SAM,Sør-Amerika,region,2026-W17,burned_area_km2,1254.49,km2,K2,gwis_weekly_burned_area,measured,f_sensor_break;f_min_fire_size;f_product_level;f_incomplete_year
SAM,Sør-Amerika,region,2026-W18,burned_area_km2,1375.77,km2,K2,gwis_weekly_burned_area,measured,f_sensor_break;f_min_fire_size;f_product_level;f_incomplete_year
SAM,Sør-Amerika,region,2026-W19,burned_area_km2,1821.72,km2,K2,gwis_weekly_burned_area,measured,f_sensor_break;f_min_fire_size;f_product_level;f_incomplete_year
SAM,Sør-Amerika,region,2026-W20,burned_area_km2,1641.71,km2,K2,gwis_weekly_burned_area,measured,f_sensor_break;f_min_fire_size;f_product_level;f_incomplete_year
SAM,Sør-Amerika,region,2026-W21,burned_area_km2,1950.08,km2,K2,gwis_weekly_burned_area,measured,f_sensor_break;f_min_fire_size;f_product_level;f_incomplete_year
SAM,Sør-Amerika,region,2026-W22,burned_area_km2,1567.84,km2,K2,gwis_weekly_burned_area,measured,f_sensor_break;f_min_fire_size;f_product_level;f_incomplete_year
SAM,Sør-Amerika,region,2026-W23,burned_area_km2,1490.69,km2,K2,gwis_weekly_burned_area,measured,f_sensor_break;f_min_fire_size;f_product_level;f_incomplete_year
SAM,Sør-Amerika,region,2026-W24,burned_area_km2,1500.42,km2,K2,gwis_weekly_burned_area,measured,f_sensor_break;f_min_fire_size;f_product_level;f_incomplete_year
SAM,Sør-Amerika,region,2026-W25,burned_area_km2,1619.33,km2,K2,gwis_weekly_burned_area,measured,f_sensor_break;f_min_fire_size;f_product_level;f_incomplete_year
SAM,Sør-Amerika,region,2026-W26,burned_area_km2,2595.86,km2,K2,gwis_weekly_burned_area,measured,f_sensor_break;f_min_fire_size;f_product_level;f_incomplete_year
SAM,Sør-Amerika,region,2026-W27,burned_area_km2,2208.21,km2,K2,gwis_weekly_burned_area,measured,f_sensor_break;f_min_fire_size;f_product_level;f_incomplete_year
SAM,Sør-Amerika,region,2026-W28,burned_area_km2,878.18,km2,K2,gwis_weekly_burned_area,measured,f_sensor_break;f_min_fire_size;f_product_level;f_incomplete_year
SAM,Sør-Amerika,region,2026-W29,burned_area_km2,2468.72,km2,K2,gwis_weekly_burned_area,measured,f_sensor_break;f_min_fire_size;f_product_level;f_incomplete_year
SAM,Sør-Amerika,region,2026-W30,burned_area_km2,2757.84,km2,K2,gwis_weekly_burned_area,measured,f_sensor_break;f_min_fire_size;f_product_level;f_incomplete_year
SAM,Sør-Amerika,region,2026-W31,burned_area_km2,3058.42,km2,K2,gwis_weekly_burned_area,measured,f_sensor_break;f_min_fire_size;f_product_level;f_incomplete_year
WLD,Verden,world,2012-W01,burned_area_km2,8671.21,km2,K2,gwis_weekly_burned_area,measured,f_sensor_break;f_min_fire_size;f_product_level
WLD,Verden,world,2012-W02,burned_area_km2,7491.74,km2,K2,gwis_weekly_burned_area,measured,f_sensor_break;f_min_fire_size;f_product_level
WLD,Verden,world,2012-W03,burned_area_km2,37505.98,km2,K2,gwis_weekly_burned_area,measured,f_sensor_break;f_min_fire_size;f_product_level
WLD,Verden,world,2012-W04,burned_area_km2,81095.48,km2,K2,gwis_weekly_burned_area,measured,f_sensor_break;f_min_fire_size;f_product_level
WLD,Verden,world,2012-W05,burned_area_km2,68906.14,km2,K2,gwis_weekly_burned_area,measured,f_sensor_break;f_min_fire_size;f_product_level
WLD,Verden,world,2012-W06,burned_area_km2,64936.41,km2,K2,gwis_weekly_burned_area,measured,f_sensor_break;f_min_fire_size;f_product_level
WLD,Verden,world,2012-W07,burned_area_km2,49708.14,km2,K2,gwis_weekly_burned_area,measured,f_sensor_break;f_min_fire_size;f_product_level
WLD,Verden,world,2012-W08,burned_area_km2,59901.84,km2,K2,gwis_weekly_burned_area,measured,f_sensor_break;f_min_fire_size;f_product_level
WLD,Verden,world,2012-W09,burned_area_km2,56785.74,km2,K2,gwis_weekly_burned_area,measured,f_sensor_break;f_min_fire_size;f_product_level
WLD,Verden,world,2012-W10,burned_area_km2,52874.8,km2,K2,gwis_weekly_burned_area,measured,f_sensor_break;f_min_fire_size;f_product_level
WLD,Verden,world,2012-W11,burned_area_km2,80902.77,km2,K2,gwis_weekly_burned_area,measured,f_sensor_break;f_min_fire_size;f_product_level
WLD,Verden,world,2012-W12,burned_area_km2,66141.37,km2,K2,gwis_weekly_burned_area,measured,f_sensor_break;f_min_fire_size;f_product_level
WLD,Verden,world,2012-W13,burned_area_km2,58369.73,km2,K2,gwis_weekly_burned_area,measured,f_sensor_break;f_min_fire_size;f_product_level
WLD,Verden,world,2012-W14,burned_area_km2,53471.96,km2,K2,gwis_weekly_burned_area,measured,f_sensor_break;f_min_fire_size;f_product_level
WLD,Verden,world,2012-W15,burned_area_km2,58228.89,km2,K2,gwis_weekly_burned_area,measured,f_sensor_break;f_min_fire_size;f_product_level
WLD,Verden,world,2012-W16,burned_area_km2,68385.3,km2,K2,gwis_weekly_burned_area,measured,f_sensor_break;f_min_fire_size;f_product_level
WLD,Verden,world,2012-W17,burned_area_km2,55824.44,km2,K2,gwis_weekly_burned_area,measured,f_sensor_break;f_min_fire_size;f_product_level
WLD,Verden,world,2012-W18,burned_area_km2,60562.7,km2,K2,gwis_weekly_burned_area,measured,f_sensor_break;f_min_fire_size;f_product_level
WLD,Verden,world,2012-W19,burned_area_km2,51166.8,km2,K2,gwis_weekly_burned_area,measured,f_sensor_break;f_min_fire_size;f_product_level
WLD,Verden,world,2012-W20,burned_area_km2,51761.49,km2,K2,gwis_weekly_burned_area,measured,f_sensor_break;f_min_fire_size;f_product_level
WLD,Verden,world,2012-W21,burned_area_km2,60777.62,km2,K2,gwis_weekly_burned_area,measured,f_sensor_break;f_min_fire_size;f_product_level
WLD,Verden,world,2012-W22,burned_area_km2,64330.96,km2,K2,gwis_weekly_burned_area,measured,f_sensor_break;f_min_fire_size;f_product_level
WLD,Verden,world,2012-W23,burned_area_km2,85244.03,km2,K2,gwis_weekly_burned_area,measured,f_sensor_break;f_min_fire_size;f_product_level
WLD,Verden,world,2012-W24,burned_area_km2,118338.22,km2,K2,gwis_weekly_burned_area,measured,f_sensor_break;f_min_fire_size;f_product_level
WLD,Verden,world,2012-W25,burned_area_km2,75002.38,km2,K2,gwis_weekly_burned_area,measured,f_sensor_break;f_min_fire_size;f_product_level
WLD,Verden,world,2012-W26,burned_area_km2,92904.38,km2,K2,gwis_weekly_burned_area,measured,f_sensor_break;f_min_fire_size;f_product_level
WLD,Verden,world,2012-W27,burned_area_km2,93643.26,km2,K2,gwis_weekly_burned_area,measured,f_sensor_break;f_min_fire_size;f_product_level
WLD,Verden,world,2012-W28,burned_area_km2,102015.17,km2,K2,gwis_weekly_burned_area,measured,f_sensor_break;f_min_fire_size;f_product_level
WLD,Verden,world,2012-W29,burned_area_km2,131429.72,km2,K2,gwis_weekly_burned_area,measured,f_sensor_break;f_min_fire_size;f_product_level
WLD,Verden,world,2012-W30,burned_area_km2,133462.37,km2,K2,gwis_weekly_burned_area,measured,f_sensor_break;f_min_fire_size;f_product_level
WLD,Verden,world,2012-W31,burned_area_km2,139848.9,km2,K2,gwis_weekly_burned_area,measured,f_sensor_break;f_min_fire_size;f_product_level
WLD,Verden,world,2012-W32,burned_area_km2,132842.53,km2,K2,gwis_weekly_burned_area,measured,f_sensor_break;f_min_fire_size;f_product_level
WLD,Verden,world,2012-W33,burned_area_km2,134886.97,km2,K2,gwis_weekly_burned_area,measured,f_sensor_break;f_min_fire_size;f_product_level
WLD,Verden,world,2012-W34,burned_area_km2,151581.81,km2,K2,gwis_weekly_burned_area,measured,f_sensor_break;f_min_fire_size;f_product_level
WLD,Verden,world,2012-W35,burned_area_km2,142888.85,km2,K2,gwis_weekly_burned_area,measured,f_sensor_break;f_min_fire_size;f_product_level
WLD,Verden,world,2012-W36,burned_area_km2,180640.75,km2,K2,gwis_weekly_burned_area,measured,f_sensor_break;f_min_fire_size;f_product_level
WLD,Verden,world,2012-W37,burned_area_km2,139707.38,km2,K2,gwis_weekly_burned_area,measured,f_sensor_break;f_min_fire_size;f_product_level
WLD,Verden,world,2012-W38,burned_area_km2,120571.02,km2,K2,gwis_weekly_burned_area,measured,f_sensor_break;f_min_fire_size;f_product_level
WLD,Verden,world,2012-W39,burned_area_km2,107623.35,km2,K2,gwis_weekly_burned_area,measured,f_sensor_break;f_min_fire_size;f_product_level
WLD,Verden,world,2012-W40,burned_area_km2,99267.59,km2,K2,gwis_weekly_burned_area,measured,f_sensor_break;f_min_fire_size;f_product_level
WLD,Verden,world,2012-W41,burned_area_km2,80401.06,km2,K2,gwis_weekly_burned_area,measured,f_sensor_break;f_min_fire_size;f_product_level
WLD,Verden,world,2012-W42,burned_area_km2,95623.28,km2,K2,gwis_weekly_burned_area,measured,f_sensor_break;f_min_fire_size;f_product_level
WLD,Verden,world,2012-W43,burned_area_km2,86952.01,km2,K2,gwis_weekly_burned_area,measured,f_sensor_break;f_min_fire_size;f_product_level
WLD,Verden,world,2012-W44,burned_area_km2,70521.69,km2,K2,gwis_weekly_burned_area,measured,f_sensor_break;f_min_fire_size;f_product_level
WLD,Verden,world,2012-W45,burned_area_km2,66698.7,km2,K2,gwis_weekly_burned_area,measured,f_sensor_break;f_min_fire_size;f_product_level
WLD,Verden,world,2012-W46,burned_area_km2,70647.05,km2,K2,gwis_weekly_burned_area,measured,f_sensor_break;f_min_fire_size;f_product_level
WLD,Verden,world,2012-W47,burned_area_km2,78688.53,km2,K2,gwis_weekly_burned_area,measured,f_sensor_break;f_min_fire_size;f_product_level
WLD,Verden,world,2012-W48,burned_area_km2,75704.11,km2,K2,gwis_weekly_burned_area,measured,f_sensor_break;f_min_fire_size;f_product_level
WLD,Verden,world,2012-W49,burned_area_km2,68484.21,km2,K2,gwis_weekly_burned_area,measured,f_sensor_break;f_min_fire_size;f_product_level
WLD,Verden,world,2012-W50,burned_area_km2,91136.9,km2,K2,gwis_weekly_burned_area,measured,f_sensor_break;f_min_fire_size;f_product_level
WLD,Verden,world,2012-W51,burned_area_km2,93495.86,km2,K2,gwis_weekly_burned_area,measured,f_sensor_break;f_min_fire_size;f_product_level
WLD,Verden,world,2012-W52,burned_area_km2,98771.44,km2,K2,gwis_weekly_burned_area,measured,f_sensor_break;f_min_fire_size;f_product_level
WLD,Verden,world,2013-W01,burned_area_km2,95563.22,km2,K2,gwis_weekly_burned_area,measured,f_sensor_break;f_min_fire_size;f_product_level
WLD,Verden,world,2013-W02,burned_area_km2,95045.12,km2,K2,gwis_weekly_burned_area,measured,f_sensor_break;f_min_fire_size;f_product_level
WLD,Verden,world,2013-W03,burned_area_km2,76751.9,km2,K2,gwis_weekly_burned_area,measured,f_sensor_break;f_min_fire_size;f_product_level
WLD,Verden,world,2013-W04,burned_area_km2,64777.9,km2,K2,gwis_weekly_burned_area,measured,f_sensor_break;f_min_fire_size;f_product_level
WLD,Verden,world,2013-W05,burned_area_km2,84075.3,km2,K2,gwis_weekly_burned_area,measured,f_sensor_break;f_min_fire_size;f_product_level
WLD,Verden,world,2013-W06,burned_area_km2,63536.56,km2,K2,gwis_weekly_burned_area,measured,f_sensor_break;f_min_fire_size;f_product_level
WLD,Verden,world,2013-W07,burned_area_km2,46768.97,km2,K2,gwis_weekly_burned_area,measured,f_sensor_break;f_min_fire_size;f_product_level
WLD,Verden,world,2013-W08,burned_area_km2,67393.47,km2,K2,gwis_weekly_burned_area,measured,f_sensor_break;f_min_fire_size;f_product_level
WLD,Verden,world,2013-W09,burned_area_km2,54910.51,km2,K2,gwis_weekly_burned_area,measured,f_sensor_break;f_min_fire_size;f_product_level
WLD,Verden,world,2013-W10,burned_area_km2,53083.13,km2,K2,gwis_weekly_burned_area,measured,f_sensor_break;f_min_fire_size;f_product_level
WLD,Verden,world,2013-W11,burned_area_km2,49828.15,km2,K2,gwis_weekly_burned_area,measured,f_sensor_break;f_min_fire_size;f_product_level
WLD,Verden,world,2013-W12,burned_area_km2,60020.41,km2,K2,gwis_weekly_burned_area,measured,f_sensor_break;f_min_fire_size;f_product_level
WLD,Verden,world,2013-W13,burned_area_km2,62693.02,km2,K2,gwis_weekly_burned_area,measured,f_sensor_break;f_min_fire_size;f_product_level
WLD,Verden,world,2013-W14,burned_area_km2,67233.01,km2,K2,gwis_weekly_burned_area,measured,f_sensor_break;f_min_fire_size;f_product_level
WLD,Verden,world,2013-W15,burned_area_km2,50669.87,km2,K2,gwis_weekly_burned_area,measured,f_sensor_break;f_min_fire_size;f_product_level
WLD,Verden,world,2013-W16,burned_area_km2,49125.04,km2,K2,gwis_weekly_burned_area,measured,f_sensor_break;f_min_fire_size;f_product_level
WLD,Verden,world,2013-W17,burned_area_km2,54715.04,km2,K2,gwis_weekly_burned_area,measured,f_sensor_break;f_min_fire_size;f_product_level
WLD,Verden,world,2013-W18,burned_area_km2,49612.06,km2,K2,gwis_weekly_burned_area,measured,f_sensor_break;f_min_fire_size;f_product_level
WLD,Verden,world,2013-W19,burned_area_km2,38338.39,km2,K2,gwis_weekly_burned_area,measured,f_sensor_break;f_min_fire_size;f_product_level
WLD,Verden,world,2013-W20,burned_area_km2,43540.04,km2,K2,gwis_weekly_burned_area,measured,f_sensor_break;f_min_fire_size;f_product_level
WLD,Verden,world,2013-W21,burned_area_km2,44731.34,km2,K2,gwis_weekly_burned_area,measured,f_sensor_break;f_min_fire_size;f_product_level
WLD,Verden,world,2013-W22,burned_area_km2,54244.62,km2,K2,gwis_weekly_burned_area,measured,f_sensor_break;f_min_fire_size;f_product_level
WLD,Verden,world,2013-W23,burned_area_km2,84115.15,km2,K2,gwis_weekly_burned_area,measured,f_sensor_break;f_min_fire_size;f_product_level
WLD,Verden,world,2013-W24,burned_area_km2,83337.55,km2,K2,gwis_weekly_burned_area,measured,f_sensor_break;f_min_fire_size;f_product_level
WLD,Verden,world,2013-W25,burned_area_km2,89683.03,km2,K2,gwis_weekly_burned_area,measured,f_sensor_break;f_min_fire_size;f_product_level
WLD,Verden,world,2013-W26,burned_area_km2,81249.67,km2,K2,gwis_weekly_burned_area,measured,f_sensor_break;f_min_fire_size;f_product_level
WLD,Verden,world,2013-W27,burned_area_km2,72422.13,km2,K2,gwis_weekly_burned_area,measured,f_sensor_break;f_min_fire_size;f_product_level
WLD,Verden,world,2013-W28,burned_area_km2,82026.61,km2,K2,gwis_weekly_burned_area,measured,f_sensor_break;f_min_fire_size;f_product_level
WLD,Verden,world,2013-W29,burned_area_km2,99628.42,km2,K2,gwis_weekly_burned_area,measured,f_sensor_break;f_min_fire_size;f_product_level
WLD,Verden,world,2013-W30,burned_area_km2,119547.25,km2,K2,gwis_weekly_burned_area,measured,f_sensor_break;f_min_fire_size;f_product_level
WLD,Verden,world,2013-W31,burned_area_km2,99923.21,km2,K2,gwis_weekly_burned_area,measured,f_sensor_break;f_min_fire_size;f_product_level
WLD,Verden,world,2013-W32,burned_area_km2,115981.76,km2,K2,gwis_weekly_burned_area,measured,f_sensor_break;f_min_fire_size;f_product_level
WLD,Verden,world,2013-W33,burned_area_km2,151473.12,km2,K2,gwis_weekly_burned_area,measured,f_sensor_break;f_min_fire_size;f_product_level
WLD,Verden,world,2013-W34,burned_area_km2,126434.52,km2,K2,gwis_weekly_burned_area,measured,f_sensor_break;f_min_fire_size;f_product_level
WLD,Verden,world,2013-W35,burned_area_km2,125887.19,km2,K2,gwis_weekly_burned_area,measured,f_sensor_break;f_min_fire_size;f_product_level
WLD,Verden,world,2013-W36,burned_area_km2,111015.59,km2,K2,gwis_weekly_burned_area,measured,f_sensor_break;f_min_fire_size;f_product_level
WLD,Verden,world,2013-W37,burned_area_km2,112477.35,km2,K2,gwis_weekly_burned_area,measured,f_sensor_break;f_min_fire_size;f_product_level
WLD,Verden,world,2013-W38,burned_area_km2,99167.91,km2,K2,gwis_weekly_burned_area,measured,f_sensor_break;f_min_fire_size;f_product_level
WLD,Verden,world,2013-W39,burned_area_km2,87486.95,km2,K2,gwis_weekly_burned_area,measured,f_sensor_break;f_min_fire_size;f_product_level
WLD,Verden,world,2013-W40,burned_area_km2,48975.12,km2,K2,gwis_weekly_burned_area,measured,f_sensor_break;f_min_fire_size;f_product_level
WLD,Verden,world,2013-W41,burned_area_km2,58543.79,km2,K2,gwis_weekly_burned_area,measured,f_sensor_break;f_min_fire_size;f_product_level
WLD,Verden,world,2013-W42,burned_area_km2,56304.77,km2,K2,gwis_weekly_burned_area,measured,f_sensor_break;f_min_fire_size;f_product_level
WLD,Verden,world,2013-W43,burned_area_km2,49431.77,km2,K2,gwis_weekly_burned_area,measured,f_sensor_break;f_min_fire_size;f_product_level
WLD,Verden,world,2013-W44,burned_area_km2,60482.73,km2,K2,gwis_weekly_burned_area,measured,f_sensor_break;f_min_fire_size;f_product_level
WLD,Verden,world,2013-W45,burned_area_km2,56110.85,km2,K2,gwis_weekly_burned_area,measured,f_sensor_break;f_min_fire_size;f_product_level
WLD,Verden,world,2013-W46,burned_area_km2,49524.2,km2,K2,gwis_weekly_burned_area,measured,f_sensor_break;f_min_fire_size;f_product_level
WLD,Verden,world,2013-W47,burned_area_km2,46297.95,km2,K2,gwis_weekly_burned_area,measured,f_sensor_break;f_min_fire_size;f_product_level
WLD,Verden,world,2013-W48,burned_area_km2,55313.64,km2,K2,gwis_weekly_burned_area,measured,f_sensor_break;f_min_fire_size;f_product_level
WLD,Verden,world,2013-W49,burned_area_km2,69159.72,km2,K2,gwis_weekly_burned_area,measured,f_sensor_break;f_min_fire_size;f_product_level
WLD,Verden,world,2013-W50,burned_area_km2,93622.23,km2,K2,gwis_weekly_burned_area,measured,f_sensor_break;f_min_fire_size;f_product_level
WLD,Verden,world,2013-W51,burned_area_km2,88100.08,km2,K2,gwis_weekly_burned_area,measured,f_sensor_break;f_min_fire_size;f_product_level
WLD,Verden,world,2013-W52,burned_area_km2,79291.08,km2,K2,gwis_weekly_burned_area,measured,f_sensor_break;f_min_fire_size;f_product_level
WLD,Verden,world,2014-W01,burned_area_km2,98382.85,km2,K2,gwis_weekly_burned_area,measured,f_sensor_break;f_min_fire_size;f_product_level
WLD,Verden,world,2014-W02,burned_area_km2,84594.75,km2,K2,gwis_weekly_burned_area,measured,f_sensor_break;f_min_fire_size;f_product_level
WLD,Verden,world,2014-W03,burned_area_km2,78549.64,km2,K2,gwis_weekly_burned_area,measured,f_sensor_break;f_min_fire_size;f_product_level
WLD,Verden,world,2014-W04,burned_area_km2,58860.67,km2,K2,gwis_weekly_burned_area,measured,f_sensor_break;f_min_fire_size;f_product_level
WLD,Verden,world,2014-W05,burned_area_km2,66254.96,km2,K2,gwis_weekly_burned_area,measured,f_sensor_break;f_min_fire_size;f_product_level
WLD,Verden,world,2014-W06,burned_area_km2,67142.08,km2,K2,gwis_weekly_burned_area,measured,f_sensor_break;f_min_fire_size;f_product_level
WLD,Verden,world,2014-W07,burned_area_km2,70319.26,km2,K2,gwis_weekly_burned_area,measured,f_sensor_break;f_min_fire_size;f_product_level
WLD,Verden,world,2014-W08,burned_area_km2,53320.59,km2,K2,gwis_weekly_burned_area,measured,f_sensor_break;f_min_fire_size;f_product_level
WLD,Verden,world,2014-W09,burned_area_km2,48462.86,km2,K2,gwis_weekly_burned_area,measured,f_sensor_break;f_min_fire_size;f_product_level
WLD,Verden,world,2014-W10,burned_area_km2,57543.11,km2,K2,gwis_weekly_burned_area,measured,f_sensor_break;f_min_fire_size;f_product_level
WLD,Verden,world,2014-W11,burned_area_km2,74834.51,km2,K2,gwis_weekly_burned_area,measured,f_sensor_break;f_min_fire_size;f_product_level
WLD,Verden,world,2014-W12,burned_area_km2,62156.81,km2,K2,gwis_weekly_burned_area,measured,f_sensor_break;f_min_fire_size;f_product_level
WLD,Verden,world,2014-W13,burned_area_km2,98890.04,km2,K2,gwis_weekly_burned_area,measured,f_sensor_break;f_min_fire_size;f_product_level
WLD,Verden,world,2014-W14,burned_area_km2,58184.7,km2,K2,gwis_weekly_burned_area,measured,f_sensor_break;f_min_fire_size;f_product_level
WLD,Verden,world,2014-W15,burned_area_km2,70458.26,km2,K2,gwis_weekly_burned_area,measured,f_sensor_break;f_min_fire_size;f_product_level
WLD,Verden,world,2014-W16,burned_area_km2,64320.53,km2,K2,gwis_weekly_burned_area,measured,f_sensor_break;f_min_fire_size;f_product_level
WLD,Verden,world,2014-W17,burned_area_km2,47678.33,km2,K2,gwis_weekly_burned_area,measured,f_sensor_break;f_min_fire_size;f_product_level
WLD,Verden,world,2014-W18,burned_area_km2,40979.07,km2,K2,gwis_weekly_burned_area,measured,f_sensor_break;f_min_fire_size;f_product_level
WLD,Verden,world,2014-W19,burned_area_km2,34916.63,km2,K2,gwis_weekly_burned_area,measured,f_sensor_break;f_min_fire_size;f_product_level
WLD,Verden,world,2014-W20,burned_area_km2,32714.05,km2,K2,gwis_weekly_burned_area,measured,f_sensor_break;f_min_fire_size;f_product_level
WLD,Verden,world,2014-W21,burned_area_km2,47625.56,km2,K2,gwis_weekly_burned_area,measured,f_sensor_break;f_min_fire_size;f_product_level
WLD,Verden,world,2014-W22,burned_area_km2,40926.92,km2,K2,gwis_weekly_burned_area,measured,f_sensor_break;f_min_fire_size;f_product_level
WLD,Verden,world,2014-W23,burned_area_km2,63398.93,km2,K2,gwis_weekly_burned_area,measured,f_sensor_break;f_min_fire_size;f_product_level
WLD,Verden,world,2014-W24,burned_area_km2,64139.69,km2,K2,gwis_weekly_burned_area,measured,f_sensor_break;f_min_fire_size;f_product_level
WLD,Verden,world,2014-W25,burned_area_km2,87307.65,km2,K2,gwis_weekly_burned_area,measured,f_sensor_break;f_min_fire_size;f_product_level
WLD,Verden,world,2014-W26,burned_area_km2,78254.9,km2,K2,gwis_weekly_burned_area,measured,f_sensor_break;f_min_fire_size;f_product_level
WLD,Verden,world,2014-W27,burned_area_km2,85534.9,km2,K2,gwis_weekly_burned_area,measured,f_sensor_break;f_min_fire_size;f_product_level
WLD,Verden,world,2014-W28,burned_area_km2,124821.65,km2,K2,gwis_weekly_burned_area,measured,f_sensor_break;f_min_fire_size;f_product_level
WLD,Verden,world,2014-W29,burned_area_km2,101113.03,km2,K2,gwis_weekly_burned_area,measured,f_sensor_break;f_min_fire_size;f_product_level
WLD,Verden,world,2014-W30,burned_area_km2,102976.47,km2,K2,gwis_weekly_burned_area,measured,f_sensor_break;f_min_fire_size;f_product_level
WLD,Verden,world,2014-W31,burned_area_km2,104713.03,km2,K2,gwis_weekly_burned_area,measured,f_sensor_break;f_min_fire_size;f_product_level
WLD,Verden,world,2014-W32,burned_area_km2,92265.78,km2,K2,gwis_weekly_burned_area,measured,f_sensor_break;f_min_fire_size;f_product_level
WLD,Verden,world,2014-W33,burned_area_km2,104865.28,km2,K2,gwis_weekly_burned_area,measured,f_sensor_break;f_min_fire_size;f_product_level
WLD,Verden,world,2014-W34,burned_area_km2,128735.43,km2,K2,gwis_weekly_burned_area,measured,f_sensor_break;f_min_fire_size;f_product_level
WLD,Verden,world,2014-W35,burned_area_km2,117574.73,km2,K2,gwis_weekly_burned_area,measured,f_sensor_break;f_min_fire_size;f_product_level
WLD,Verden,world,2014-W36,burned_area_km2,108156.02,km2,K2,gwis_weekly_burned_area,measured,f_sensor_break;f_min_fire_size;f_product_level
WLD,Verden,world,2014-W37,burned_area_km2,140672.2,km2,K2,gwis_weekly_burned_area,measured,f_sensor_break;f_min_fire_size;f_product_level
WLD,Verden,world,2014-W38,burned_area_km2,100324.6,km2,K2,gwis_weekly_burned_area,measured,f_sensor_break;f_min_fire_size;f_product_level
WLD,Verden,world,2014-W39,burned_area_km2,104222.02,km2,K2,gwis_weekly_burned_area,measured,f_sensor_break;f_min_fire_size;f_product_level
WLD,Verden,world,2014-W40,burned_area_km2,84010.62,km2,K2,gwis_weekly_burned_area,measured,f_sensor_break;f_min_fire_size;f_product_level
WLD,Verden,world,2014-W41,burned_area_km2,114264.68,km2,K2,gwis_weekly_burned_area,measured,f_sensor_break;f_min_fire_size;f_product_level
WLD,Verden,world,2014-W42,burned_area_km2,90884.58,km2,K2,gwis_weekly_burned_area,measured,f_sensor_break;f_min_fire_size;f_product_level
WLD,Verden,world,2014-W43,burned_area_km2,63992.05,km2,K2,gwis_weekly_burned_area,measured,f_sensor_break;f_min_fire_size;f_product_level
WLD,Verden,world,2014-W44,burned_area_km2,68069.88,km2,K2,gwis_weekly_burned_area,measured,f_sensor_break;f_min_fire_size;f_product_level
WLD,Verden,world,2014-W45,burned_area_km2,67913.58,km2,K2,gwis_weekly_burned_area,measured,f_sensor_break;f_min_fire_size;f_product_level
WLD,Verden,world,2014-W46,burned_area_km2,50847.89,km2,K2,gwis_weekly_burned_area,measured,f_sensor_break;f_min_fire_size;f_product_level
WLD,Verden,world,2014-W47,burned_area_km2,48134.53,km2,K2,gwis_weekly_burned_area,measured,f_sensor_break;f_min_fire_size;f_product_level
WLD,Verden,world,2014-W48,burned_area_km2,62171.96,km2,K2,gwis_weekly_burned_area,measured,f_sensor_break;f_min_fire_size;f_product_level
WLD,Verden,world,2014-W49,burned_area_km2,57799.09,km2,K2,gwis_weekly_burned_area,measured,f_sensor_break;f_min_fire_size;f_product_level
WLD,Verden,world,2014-W50,burned_area_km2,92222.46,km2,K2,gwis_weekly_burned_area,measured,f_sensor_break;f_min_fire_size;f_product_level
WLD,Verden,world,2014-W51,burned_area_km2,96870.02,km2,K2,gwis_weekly_burned_area,measured,f_sensor_break;f_min_fire_size;f_product_level
WLD,Verden,world,2014-W52,burned_area_km2,99673.65,km2,K2,gwis_weekly_burned_area,measured,f_sensor_break;f_min_fire_size;f_product_level
WLD,Verden,world,2015-W01,burned_area_km2,113937.88,km2,K2,gwis_weekly_burned_area,measured,f_sensor_break;f_min_fire_size;f_product_level
WLD,Verden,world,2015-W02,burned_area_km2,102891.79,km2,K2,gwis_weekly_burned_area,measured,f_sensor_break;f_min_fire_size;f_product_level
WLD,Verden,world,2015-W03,burned_area_km2,72884.96,km2,K2,gwis_weekly_burned_area,measured,f_sensor_break;f_min_fire_size;f_product_level
WLD,Verden,world,2015-W04,burned_area_km2,73964.54,km2,K2,gwis_weekly_burned_area,measured,f_sensor_break;f_min_fire_size;f_product_level
WLD,Verden,world,2015-W05,burned_area_km2,78483.5,km2,K2,gwis_weekly_burned_area,measured,f_sensor_break;f_min_fire_size;f_product_level
WLD,Verden,world,2015-W06,burned_area_km2,50992.15,km2,K2,gwis_weekly_burned_area,measured,f_sensor_break;f_min_fire_size;f_product_level
WLD,Verden,world,2015-W07,burned_area_km2,50395.77,km2,K2,gwis_weekly_burned_area,measured,f_sensor_break;f_min_fire_size;f_product_level
WLD,Verden,world,2015-W08,burned_area_km2,46162.3,km2,K2,gwis_weekly_burned_area,measured,f_sensor_break;f_min_fire_size;f_product_level
WLD,Verden,world,2015-W09,burned_area_km2,62412.55,km2,K2,gwis_weekly_burned_area,measured,f_sensor_break;f_min_fire_size;f_product_level
WLD,Verden,world,2015-W10,burned_area_km2,69105.21,km2,K2,gwis_weekly_burned_area,measured,f_sensor_break;f_min_fire_size;f_product_level
WLD,Verden,world,2015-W11,burned_area_km2,76017.52,km2,K2,gwis_weekly_burned_area,measured,f_sensor_break;f_min_fire_size;f_product_level
WLD,Verden,world,2015-W12,burned_area_km2,65582.82,km2,K2,gwis_weekly_burned_area,measured,f_sensor_break;f_min_fire_size;f_product_level
WLD,Verden,world,2015-W13,burned_area_km2,57277.68,km2,K2,gwis_weekly_burned_area,measured,f_sensor_break;f_min_fire_size;f_product_level
WLD,Verden,world,2015-W14,burned_area_km2,58739.02,km2,K2,gwis_weekly_burned_area,measured,f_sensor_break;f_min_fire_size;f_product_level
WLD,Verden,world,2015-W15,burned_area_km2,63058.1,km2,K2,gwis_weekly_burned_area,measured,f_sensor_break;f_min_fire_size;f_product_level
WLD,Verden,world,2015-W16,burned_area_km2,61493.55,km2,K2,gwis_weekly_burned_area,measured,f_sensor_break;f_min_fire_size;f_product_level
WLD,Verden,world,2015-W17,burned_area_km2,58327.83,km2,K2,gwis_weekly_burned_area,measured,f_sensor_break;f_min_fire_size;f_product_level
WLD,Verden,world,2015-W18,burned_area_km2,45567.23,km2,K2,gwis_weekly_burned_area,measured,f_sensor_break;f_min_fire_size;f_product_level
WLD,Verden,world,2015-W19,burned_area_km2,44142.16,km2,K2,gwis_weekly_burned_area,measured,f_sensor_break;f_min_fire_size;f_product_level
WLD,Verden,world,2015-W20,burned_area_km2,40075.08,km2,K2,gwis_weekly_burned_area,measured,f_sensor_break;f_min_fire_size;f_product_level
WLD,Verden,world,2015-W21,burned_area_km2,45885.86,km2,K2,gwis_weekly_burned_area,measured,f_sensor_break;f_min_fire_size;f_product_level
WLD,Verden,world,2015-W22,burned_area_km2,35297.04,km2,K2,gwis_weekly_burned_area,measured,f_sensor_break;f_min_fire_size;f_product_level
WLD,Verden,world,2015-W23,burned_area_km2,43700.87,km2,K2,gwis_weekly_burned_area,measured,f_sensor_break;f_min_fire_size;f_product_level
WLD,Verden,world,2015-W24,burned_area_km2,72941.49,km2,K2,gwis_weekly_burned_area,measured,f_sensor_break;f_min_fire_size;f_product_level
WLD,Verden,world,2015-W25,burned_area_km2,86716.02,km2,K2,gwis_weekly_burned_area,measured,f_sensor_break;f_min_fire_size;f_product_level
WLD,Verden,world,2015-W26,burned_area_km2,97622.16,km2,K2,gwis_weekly_burned_area,measured,f_sensor_break;f_min_fire_size;f_product_level
WLD,Verden,world,2015-W27,burned_area_km2,108604.96,km2,K2,gwis_weekly_burned_area,measured,f_sensor_break;f_min_fire_size;f_product_level
WLD,Verden,world,2015-W28,burned_area_km2,111630.92,km2,K2,gwis_weekly_burned_area,measured,f_sensor_break;f_min_fire_size;f_product_level
WLD,Verden,world,2015-W29,burned_area_km2,95378.46,km2,K2,gwis_weekly_burned_area,measured,f_sensor_break;f_min_fire_size;f_product_level
WLD,Verden,world,2015-W30,burned_area_km2,105279.71,km2,K2,gwis_weekly_burned_area,measured,f_sensor_break;f_min_fire_size;f_product_level
WLD,Verden,world,2015-W31,burned_area_km2,141099.25,km2,K2,gwis_weekly_burned_area,measured,f_sensor_break;f_min_fire_size;f_product_level
WLD,Verden,world,2015-W32,burned_area_km2,143217.44,km2,K2,gwis_weekly_burned_area,measured,f_sensor_break;f_min_fire_size;f_product_level
WLD,Verden,world,2015-W33,burned_area_km2,150002.59,km2,K2,gwis_weekly_burned_area,measured,f_sensor_break;f_min_fire_size;f_product_level
WLD,Verden,world,2015-W34,burned_area_km2,148520.45,km2,K2,gwis_weekly_burned_area,measured,f_sensor_break;f_min_fire_size;f_product_level
WLD,Verden,world,2015-W35,burned_area_km2,125007.41,km2,K2,gwis_weekly_burned_area,measured,f_sensor_break;f_min_fire_size;f_product_level
WLD,Verden,world,2015-W36,burned_area_km2,138084.34,km2,K2,gwis_weekly_burned_area,measured,f_sensor_break;f_min_fire_size;f_product_level
WLD,Verden,world,2015-W37,burned_area_km2,141177.86,km2,K2,gwis_weekly_burned_area,measured,f_sensor_break;f_min_fire_size;f_product_level
WLD,Verden,world,2015-W38,burned_area_km2,137610.79,km2,K2,gwis_weekly_burned_area,measured,f_sensor_break;f_min_fire_size;f_product_level
WLD,Verden,world,2015-W39,burned_area_km2,94434.3,km2,K2,gwis_weekly_burned_area,measured,f_sensor_break;f_min_fire_size;f_product_level
WLD,Verden,world,2015-W40,burned_area_km2,99132.66,km2,K2,gwis_weekly_burned_area,measured,f_sensor_break;f_min_fire_size;f_product_level
WLD,Verden,world,2015-W41,burned_area_km2,109936.61,km2,K2,gwis_weekly_burned_area,measured,f_sensor_break;f_min_fire_size;f_product_level
WLD,Verden,world,2015-W42,burned_area_km2,91267.37,km2,K2,gwis_weekly_burned_area,measured,f_sensor_break;f_min_fire_size;f_product_level
WLD,Verden,world,2015-W43,burned_area_km2,63277.98,km2,K2,gwis_weekly_burned_area,measured,f_sensor_break;f_min_fire_size;f_product_level
WLD,Verden,world,2015-W44,burned_area_km2,60299.15,km2,K2,gwis_weekly_burned_area,measured,f_sensor_break;f_min_fire_size;f_product_level
WLD,Verden,world,2015-W45,burned_area_km2,77750.42,km2,K2,gwis_weekly_burned_area,measured,f_sensor_break;f_min_fire_size;f_product_level
WLD,Verden,world,2015-W46,burned_area_km2,79771.64,km2,K2,gwis_weekly_burned_area,measured,f_sensor_break;f_min_fire_size;f_product_level
WLD,Verden,world,2015-W47,burned_area_km2,74595.1,km2,K2,gwis_weekly_burned_area,measured,f_sensor_break;f_min_fire_size;f_product_level
WLD,Verden,world,2015-W48,burned_area_km2,61861.05,km2,K2,gwis_weekly_burned_area,measured,f_sensor_break;f_min_fire_size;f_product_level
WLD,Verden,world,2015-W49,burned_area_km2,88863.21,km2,K2,gwis_weekly_burned_area,measured,f_sensor_break;f_min_fire_size;f_product_level
WLD,Verden,world,2015-W50,burned_area_km2,104824.64,km2,K2,gwis_weekly_burned_area,measured,f_sensor_break;f_min_fire_size;f_product_level
WLD,Verden,world,2015-W51,burned_area_km2,107399.22,km2,K2,gwis_weekly_burned_area,measured,f_sensor_break;f_min_fire_size;f_product_level
WLD,Verden,world,2015-W52,burned_area_km2,102562.08,km2,K2,gwis_weekly_burned_area,measured,f_sensor_break;f_min_fire_size;f_product_level
WLD,Verden,world,2016-W01,burned_area_km2,94035.29,km2,K2,gwis_weekly_burned_area,measured,f_sensor_break;f_min_fire_size;f_product_level
WLD,Verden,world,2016-W02,burned_area_km2,84526.72,km2,K2,gwis_weekly_burned_area,measured,f_sensor_break;f_min_fire_size;f_product_level
WLD,Verden,world,2016-W03,burned_area_km2,75894.43,km2,K2,gwis_weekly_burned_area,measured,f_sensor_break;f_min_fire_size;f_product_level
WLD,Verden,world,2016-W04,burned_area_km2,111319.09,km2,K2,gwis_weekly_burned_area,measured,f_sensor_break;f_min_fire_size;f_product_level
WLD,Verden,world,2016-W05,burned_area_km2,95483.46,km2,K2,gwis_weekly_burned_area,measured,f_sensor_break;f_min_fire_size;f_product_level
WLD,Verden,world,2016-W06,burned_area_km2,86599.49,km2,K2,gwis_weekly_burned_area,measured,f_sensor_break;f_min_fire_size;f_product_level
WLD,Verden,world,2016-W07,burned_area_km2,63910.72,km2,K2,gwis_weekly_burned_area,measured,f_sensor_break;f_min_fire_size;f_product_level
WLD,Verden,world,2016-W08,burned_area_km2,49042.08,km2,K2,gwis_weekly_burned_area,measured,f_sensor_break;f_min_fire_size;f_product_level
WLD,Verden,world,2016-W09,burned_area_km2,44968.36,km2,K2,gwis_weekly_burned_area,measured,f_sensor_break;f_min_fire_size;f_product_level
WLD,Verden,world,2016-W10,burned_area_km2,49436.62,km2,K2,gwis_weekly_burned_area,measured,f_sensor_break;f_min_fire_size;f_product_level
WLD,Verden,world,2016-W11,burned_area_km2,52926.25,km2,K2,gwis_weekly_burned_area,measured,f_sensor_break;f_min_fire_size;f_product_level
WLD,Verden,world,2016-W12,burned_area_km2,70983.66,km2,K2,gwis_weekly_burned_area,measured,f_sensor_break;f_min_fire_size;f_product_level
WLD,Verden,world,2016-W13,burned_area_km2,53198.71,km2,K2,gwis_weekly_burned_area,measured,f_sensor_break;f_min_fire_size;f_product_level
WLD,Verden,world,2016-W14,burned_area_km2,62295.08,km2,K2,gwis_weekly_burned_area,measured,f_sensor_break;f_min_fire_size;f_product_level
WLD,Verden,world,2016-W15,burned_area_km2,77672.34,km2,K2,gwis_weekly_burned_area,measured,f_sensor_break;f_min_fire_size;f_product_level
WLD,Verden,world,2016-W16,burned_area_km2,55677.0,km2,K2,gwis_weekly_burned_area,measured,f_sensor_break;f_min_fire_size;f_product_level
WLD,Verden,world,2016-W17,burned_area_km2,52478.33,km2,K2,gwis_weekly_burned_area,measured,f_sensor_break;f_min_fire_size;f_product_level
WLD,Verden,world,2016-W18,burned_area_km2,37560.65,km2,K2,gwis_weekly_burned_area,measured,f_sensor_break;f_min_fire_size;f_product_level
WLD,Verden,world,2016-W19,burned_area_km2,54422.08,km2,K2,gwis_weekly_burned_area,measured,f_sensor_break;f_min_fire_size;f_product_level
WLD,Verden,world,2016-W20,burned_area_km2,53059.24,km2,K2,gwis_weekly_burned_area,measured,f_sensor_break;f_min_fire_size;f_product_level
WLD,Verden,world,2016-W21,burned_area_km2,47140.59,km2,K2,gwis_weekly_burned_area,measured,f_sensor_break;f_min_fire_size;f_product_level
WLD,Verden,world,2016-W22,burned_area_km2,50191.02,km2,K2,gwis_weekly_burned_area,measured,f_sensor_break;f_min_fire_size;f_product_level
WLD,Verden,world,2016-W23,burned_area_km2,72804.52,km2,K2,gwis_weekly_burned_area,measured,f_sensor_break;f_min_fire_size;f_product_level
WLD,Verden,world,2016-W24,burned_area_km2,73521.72,km2,K2,gwis_weekly_burned_area,measured,f_sensor_break;f_min_fire_size;f_product_level
WLD,Verden,world,2016-W25,burned_area_km2,78169.29,km2,K2,gwis_weekly_burned_area,measured,f_sensor_break;f_min_fire_size;f_product_level
WLD,Verden,world,2016-W26,burned_area_km2,89329.37,km2,K2,gwis_weekly_burned_area,measured,f_sensor_break;f_min_fire_size;f_product_level
WLD,Verden,world,2016-W27,burned_area_km2,91269.76,km2,K2,gwis_weekly_burned_area,measured,f_sensor_break;f_min_fire_size;f_product_level
WLD,Verden,world,2016-W28,burned_area_km2,101539.39,km2,K2,gwis_weekly_burned_area,measured,f_sensor_break;f_min_fire_size;f_product_level
WLD,Verden,world,2016-W29,burned_area_km2,104927.17,km2,K2,gwis_weekly_burned_area,measured,f_sensor_break;f_min_fire_size;f_product_level
WLD,Verden,world,2016-W30,burned_area_km2,107082.76,km2,K2,gwis_weekly_burned_area,measured,f_sensor_break;f_min_fire_size;f_product_level
WLD,Verden,world,2016-W31,burned_area_km2,152499.26,km2,K2,gwis_weekly_burned_area,measured,f_sensor_break;f_min_fire_size;f_product_level
WLD,Verden,world,2016-W32,burned_area_km2,119755.35,km2,K2,gwis_weekly_burned_area,measured,f_sensor_break;f_min_fire_size;f_product_level
WLD,Verden,world,2016-W33,burned_area_km2,104239.68,km2,K2,gwis_weekly_burned_area,measured,f_sensor_break;f_min_fire_size;f_product_level
WLD,Verden,world,2016-W34,burned_area_km2,131937.65,km2,K2,gwis_weekly_burned_area,measured,f_sensor_break;f_min_fire_size;f_product_level
WLD,Verden,world,2016-W35,burned_area_km2,104314.46,km2,K2,gwis_weekly_burned_area,measured,f_sensor_break;f_min_fire_size;f_product_level
WLD,Verden,world,2016-W36,burned_area_km2,117377.51,km2,K2,gwis_weekly_burned_area,measured,f_sensor_break;f_min_fire_size;f_product_level
WLD,Verden,world,2016-W37,burned_area_km2,127409.38,km2,K2,gwis_weekly_burned_area,measured,f_sensor_break;f_min_fire_size;f_product_level
WLD,Verden,world,2016-W38,burned_area_km2,94709.38,km2,K2,gwis_weekly_burned_area,measured,f_sensor_break;f_min_fire_size;f_product_level
WLD,Verden,world,2016-W39,burned_area_km2,75155.2,km2,K2,gwis_weekly_burned_area,measured,f_sensor_break;f_min_fire_size;f_product_level
WLD,Verden,world,2016-W40,burned_area_km2,52817.82,km2,K2,gwis_weekly_burned_area,measured,f_sensor_break;f_min_fire_size;f_product_level
WLD,Verden,world,2016-W41,burned_area_km2,80468.01,km2,K2,gwis_weekly_burned_area,measured,f_sensor_break;f_min_fire_size;f_product_level
WLD,Verden,world,2016-W42,burned_area_km2,76116.84,km2,K2,gwis_weekly_burned_area,measured,f_sensor_break;f_min_fire_size;f_product_level
WLD,Verden,world,2016-W43,burned_area_km2,60103.56,km2,K2,gwis_weekly_burned_area,measured,f_sensor_break;f_min_fire_size;f_product_level
WLD,Verden,world,2016-W44,burned_area_km2,76265.8,km2,K2,gwis_weekly_burned_area,measured,f_sensor_break;f_min_fire_size;f_product_level
WLD,Verden,world,2016-W45,burned_area_km2,75666.0,km2,K2,gwis_weekly_burned_area,measured,f_sensor_break;f_min_fire_size;f_product_level
WLD,Verden,world,2016-W46,burned_area_km2,68528.01,km2,K2,gwis_weekly_burned_area,measured,f_sensor_break;f_min_fire_size;f_product_level
WLD,Verden,world,2016-W47,burned_area_km2,55155.8,km2,K2,gwis_weekly_burned_area,measured,f_sensor_break;f_min_fire_size;f_product_level
WLD,Verden,world,2016-W48,burned_area_km2,65588.08,km2,K2,gwis_weekly_burned_area,measured,f_sensor_break;f_min_fire_size;f_product_level
WLD,Verden,world,2016-W49,burned_area_km2,102433.48,km2,K2,gwis_weekly_burned_area,measured,f_sensor_break;f_min_fire_size;f_product_level
WLD,Verden,world,2016-W50,burned_area_km2,88057.66,km2,K2,gwis_weekly_burned_area,measured,f_sensor_break;f_min_fire_size;f_product_level
WLD,Verden,world,2016-W51,burned_area_km2,97573.03,km2,K2,gwis_weekly_burned_area,measured,f_sensor_break;f_min_fire_size;f_product_level
WLD,Verden,world,2016-W52,burned_area_km2,93917.07,km2,K2,gwis_weekly_burned_area,measured,f_sensor_break;f_min_fire_size;f_product_level
WLD,Verden,world,2017-W01,burned_area_km2,90484.69,km2,K2,gwis_weekly_burned_area,measured,f_sensor_break;f_min_fire_size;f_product_level
WLD,Verden,world,2017-W02,burned_area_km2,72159.73,km2,K2,gwis_weekly_burned_area,measured,f_sensor_break;f_min_fire_size;f_product_level
WLD,Verden,world,2017-W03,burned_area_km2,66096.92,km2,K2,gwis_weekly_burned_area,measured,f_sensor_break;f_min_fire_size;f_product_level
WLD,Verden,world,2017-W04,burned_area_km2,59863.17,km2,K2,gwis_weekly_burned_area,measured,f_sensor_break;f_min_fire_size;f_product_level
WLD,Verden,world,2017-W05,burned_area_km2,67338.42,km2,K2,gwis_weekly_burned_area,measured,f_sensor_break;f_min_fire_size;f_product_level
WLD,Verden,world,2017-W06,burned_area_km2,68613.69,km2,K2,gwis_weekly_burned_area,measured,f_sensor_break;f_min_fire_size;f_product_level
WLD,Verden,world,2017-W07,burned_area_km2,55671.23,km2,K2,gwis_weekly_burned_area,measured,f_sensor_break;f_min_fire_size;f_product_level
WLD,Verden,world,2017-W08,burned_area_km2,60744.75,km2,K2,gwis_weekly_burned_area,measured,f_sensor_break;f_min_fire_size;f_product_level
WLD,Verden,world,2017-W09,burned_area_km2,53543.42,km2,K2,gwis_weekly_burned_area,measured,f_sensor_break;f_min_fire_size;f_product_level
WLD,Verden,world,2017-W10,burned_area_km2,44153.01,km2,K2,gwis_weekly_burned_area,measured,f_sensor_break;f_min_fire_size;f_product_level
WLD,Verden,world,2017-W11,burned_area_km2,47351.02,km2,K2,gwis_weekly_burned_area,measured,f_sensor_break;f_min_fire_size;f_product_level
WLD,Verden,world,2017-W12,burned_area_km2,43819.17,km2,K2,gwis_weekly_burned_area,measured,f_sensor_break;f_min_fire_size;f_product_level
WLD,Verden,world,2017-W13,burned_area_km2,54272.17,km2,K2,gwis_weekly_burned_area,measured,f_sensor_break;f_min_fire_size;f_product_level
WLD,Verden,world,2017-W14,burned_area_km2,69747.14,km2,K2,gwis_weekly_burned_area,measured,f_sensor_break;f_min_fire_size;f_product_level
WLD,Verden,world,2017-W15,burned_area_km2,68332.17,km2,K2,gwis_weekly_burned_area,measured,f_sensor_break;f_min_fire_size;f_product_level
WLD,Verden,world,2017-W16,burned_area_km2,41405.97,km2,K2,gwis_weekly_burned_area,measured,f_sensor_break;f_min_fire_size;f_product_level
WLD,Verden,world,2017-W17,burned_area_km2,44615.07,km2,K2,gwis_weekly_burned_area,measured,f_sensor_break;f_min_fire_size;f_product_level
WLD,Verden,world,2017-W18,burned_area_km2,45771.76,km2,K2,gwis_weekly_burned_area,measured,f_sensor_break;f_min_fire_size;f_product_level
WLD,Verden,world,2017-W19,burned_area_km2,40452.62,km2,K2,gwis_weekly_burned_area,measured,f_sensor_break;f_min_fire_size;f_product_level
WLD,Verden,world,2017-W20,burned_area_km2,34306.28,km2,K2,gwis_weekly_burned_area,measured,f_sensor_break;f_min_fire_size;f_product_level
WLD,Verden,world,2017-W21,burned_area_km2,42679.39,km2,K2,gwis_weekly_burned_area,measured,f_sensor_break;f_min_fire_size;f_product_level
WLD,Verden,world,2017-W22,burned_area_km2,51331.76,km2,K2,gwis_weekly_burned_area,measured,f_sensor_break;f_min_fire_size;f_product_level
WLD,Verden,world,2017-W23,burned_area_km2,77038.94,km2,K2,gwis_weekly_burned_area,measured,f_sensor_break;f_min_fire_size;f_product_level
WLD,Verden,world,2017-W24,burned_area_km2,64336.39,km2,K2,gwis_weekly_burned_area,measured,f_sensor_break;f_min_fire_size;f_product_level
WLD,Verden,world,2017-W25,burned_area_km2,73252.71,km2,K2,gwis_weekly_burned_area,measured,f_sensor_break;f_min_fire_size;f_product_level
WLD,Verden,world,2017-W26,burned_area_km2,79888.79,km2,K2,gwis_weekly_burned_area,measured,f_sensor_break;f_min_fire_size;f_product_level
WLD,Verden,world,2017-W27,burned_area_km2,76045.89,km2,K2,gwis_weekly_burned_area,measured,f_sensor_break;f_min_fire_size;f_product_level
WLD,Verden,world,2017-W28,burned_area_km2,85462.52,km2,K2,gwis_weekly_burned_area,measured,f_sensor_break;f_min_fire_size;f_product_level
WLD,Verden,world,2017-W29,burned_area_km2,91715.07,km2,K2,gwis_weekly_burned_area,measured,f_sensor_break;f_min_fire_size;f_product_level
WLD,Verden,world,2017-W30,burned_area_km2,122782.83,km2,K2,gwis_weekly_burned_area,measured,f_sensor_break;f_min_fire_size;f_product_level
WLD,Verden,world,2017-W31,burned_area_km2,101940.71,km2,K2,gwis_weekly_burned_area,measured,f_sensor_break;f_min_fire_size;f_product_level
WLD,Verden,world,2017-W32,burned_area_km2,119165.75,km2,K2,gwis_weekly_burned_area,measured,f_sensor_break;f_min_fire_size;f_product_level
WLD,Verden,world,2017-W33,burned_area_km2,106812.44,km2,K2,gwis_weekly_burned_area,measured,f_sensor_break;f_min_fire_size;f_product_level
WLD,Verden,world,2017-W34,burned_area_km2,146392.26,km2,K2,gwis_weekly_burned_area,measured,f_sensor_break;f_min_fire_size;f_product_level
WLD,Verden,world,2017-W35,burned_area_km2,175070.62,km2,K2,gwis_weekly_burned_area,measured,f_sensor_break;f_min_fire_size;f_product_level
WLD,Verden,world,2017-W36,burned_area_km2,149947.69,km2,K2,gwis_weekly_burned_area,measured,f_sensor_break;f_min_fire_size;f_product_level
WLD,Verden,world,2017-W37,burned_area_km2,175562.46,km2,K2,gwis_weekly_burned_area,measured,f_sensor_break;f_min_fire_size;f_product_level
WLD,Verden,world,2017-W38,burned_area_km2,130624.67,km2,K2,gwis_weekly_burned_area,measured,f_sensor_break;f_min_fire_size;f_product_level
WLD,Verden,world,2017-W39,burned_area_km2,75702.52,km2,K2,gwis_weekly_burned_area,measured,f_sensor_break;f_min_fire_size;f_product_level
WLD,Verden,world,2017-W40,burned_area_km2,76249.5,km2,K2,gwis_weekly_burned_area,measured,f_sensor_break;f_min_fire_size;f_product_level
WLD,Verden,world,2017-W41,burned_area_km2,70963.18,km2,K2,gwis_weekly_burned_area,measured,f_sensor_break;f_min_fire_size;f_product_level
WLD,Verden,world,2017-W42,burned_area_km2,110744.58,km2,K2,gwis_weekly_burned_area,measured,f_sensor_break;f_min_fire_size;f_product_level
WLD,Verden,world,2017-W43,burned_area_km2,75400.42,km2,K2,gwis_weekly_burned_area,measured,f_sensor_break;f_min_fire_size;f_product_level
WLD,Verden,world,2017-W44,burned_area_km2,74595.92,km2,K2,gwis_weekly_burned_area,measured,f_sensor_break;f_min_fire_size;f_product_level
WLD,Verden,world,2017-W45,burned_area_km2,73041.61,km2,K2,gwis_weekly_burned_area,measured,f_sensor_break;f_min_fire_size;f_product_level
WLD,Verden,world,2017-W46,burned_area_km2,56474.23,km2,K2,gwis_weekly_burned_area,measured,f_sensor_break;f_min_fire_size;f_product_level
WLD,Verden,world,2017-W47,burned_area_km2,59986.0,km2,K2,gwis_weekly_burned_area,measured,f_sensor_break;f_min_fire_size;f_product_level
WLD,Verden,world,2017-W48,burned_area_km2,82595.86,km2,K2,gwis_weekly_burned_area,measured,f_sensor_break;f_min_fire_size;f_product_level
WLD,Verden,world,2017-W49,burned_area_km2,85586.91,km2,K2,gwis_weekly_burned_area,measured,f_sensor_break;f_min_fire_size;f_product_level
WLD,Verden,world,2017-W50,burned_area_km2,99770.4,km2,K2,gwis_weekly_burned_area,measured,f_sensor_break;f_min_fire_size;f_product_level
WLD,Verden,world,2017-W51,burned_area_km2,90999.02,km2,K2,gwis_weekly_burned_area,measured,f_sensor_break;f_min_fire_size;f_product_level
WLD,Verden,world,2017-W52,burned_area_km2,86959.3,km2,K2,gwis_weekly_burned_area,measured,f_sensor_break;f_min_fire_size;f_product_level
WLD,Verden,world,2018-W01,burned_area_km2,85675.71,km2,K2,gwis_weekly_burned_area,measured,f_sensor_break;f_min_fire_size;f_product_level
WLD,Verden,world,2018-W02,burned_area_km2,87608.5,km2,K2,gwis_weekly_burned_area,measured,f_sensor_break;f_min_fire_size;f_product_level
WLD,Verden,world,2018-W03,burned_area_km2,72448.12,km2,K2,gwis_weekly_burned_area,measured,f_sensor_break;f_min_fire_size;f_product_level
WLD,Verden,world,2018-W04,burned_area_km2,69262.75,km2,K2,gwis_weekly_burned_area,measured,f_sensor_break;f_min_fire_size;f_product_level
WLD,Verden,world,2018-W05,burned_area_km2,27981.16,km2,K2,gwis_weekly_burned_area,measured,f_sensor_break;f_min_fire_size;f_product_level
WLD,Verden,world,2018-W06,burned_area_km2,4477.33,km2,K2,gwis_weekly_burned_area,measured,f_sensor_break;f_min_fire_size;f_product_level
WLD,Verden,world,2018-W07,burned_area_km2,2920.86,km2,K2,gwis_weekly_burned_area,measured,f_sensor_break;f_min_fire_size;f_product_level
WLD,Verden,world,2018-W08,burned_area_km2,2042.89,km2,K2,gwis_weekly_burned_area,measured,f_sensor_break;f_min_fire_size;f_product_level
WLD,Verden,world,2018-W09,burned_area_km2,3362.13,km2,K2,gwis_weekly_burned_area,measured,f_sensor_break;f_min_fire_size;f_product_level
WLD,Verden,world,2018-W10,burned_area_km2,54199.65,km2,K2,gwis_weekly_burned_area,measured,f_sensor_break;f_min_fire_size;f_product_level
WLD,Verden,world,2018-W11,burned_area_km2,49983.59,km2,K2,gwis_weekly_burned_area,measured,f_sensor_break;f_min_fire_size;f_product_level
WLD,Verden,world,2018-W12,burned_area_km2,58448.74,km2,K2,gwis_weekly_burned_area,measured,f_sensor_break;f_min_fire_size;f_product_level
WLD,Verden,world,2018-W13,burned_area_km2,49668.33,km2,K2,gwis_weekly_burned_area,measured,f_sensor_break;f_min_fire_size;f_product_level
WLD,Verden,world,2018-W14,burned_area_km2,48604.44,km2,K2,gwis_weekly_burned_area,measured,f_sensor_break;f_min_fire_size;f_product_level
WLD,Verden,world,2018-W15,burned_area_km2,63245.97,km2,K2,gwis_weekly_burned_area,measured,f_sensor_break;f_min_fire_size;f_product_level
WLD,Verden,world,2018-W16,burned_area_km2,59314.9,km2,K2,gwis_weekly_burned_area,measured,f_sensor_break;f_min_fire_size;f_product_level
WLD,Verden,world,2018-W17,burned_area_km2,60668.82,km2,K2,gwis_weekly_burned_area,measured,f_sensor_break;f_min_fire_size;f_product_level
WLD,Verden,world,2018-W18,burned_area_km2,44015.42,km2,K2,gwis_weekly_burned_area,measured,f_sensor_break;f_min_fire_size;f_product_level
WLD,Verden,world,2018-W19,burned_area_km2,46928.29,km2,K2,gwis_weekly_burned_area,measured,f_sensor_break;f_min_fire_size;f_product_level
WLD,Verden,world,2018-W20,burned_area_km2,33453.34,km2,K2,gwis_weekly_burned_area,measured,f_sensor_break;f_min_fire_size;f_product_level
WLD,Verden,world,2018-W21,burned_area_km2,33337.61,km2,K2,gwis_weekly_burned_area,measured,f_sensor_break;f_min_fire_size;f_product_level
WLD,Verden,world,2018-W22,burned_area_km2,49838.55,km2,K2,gwis_weekly_burned_area,measured,f_sensor_break;f_min_fire_size;f_product_level
WLD,Verden,world,2018-W23,burned_area_km2,68352.75,km2,K2,gwis_weekly_burned_area,measured,f_sensor_break;f_min_fire_size;f_product_level
WLD,Verden,world,2018-W24,burned_area_km2,58371.5,km2,K2,gwis_weekly_burned_area,measured,f_sensor_break;f_min_fire_size;f_product_level
WLD,Verden,world,2018-W25,burned_area_km2,56290.82,km2,K2,gwis_weekly_burned_area,measured,f_sensor_break;f_min_fire_size;f_product_level
WLD,Verden,world,2018-W26,burned_area_km2,64974.5,km2,K2,gwis_weekly_burned_area,measured,f_sensor_break;f_min_fire_size;f_product_level
WLD,Verden,world,2018-W27,burned_area_km2,85538.06,km2,K2,gwis_weekly_burned_area,measured,f_sensor_break;f_min_fire_size;f_product_level
WLD,Verden,world,2018-W28,burned_area_km2,88202.16,km2,K2,gwis_weekly_burned_area,measured,f_sensor_break;f_min_fire_size;f_product_level
WLD,Verden,world,2018-W29,burned_area_km2,94555.38,km2,K2,gwis_weekly_burned_area,measured,f_sensor_break;f_min_fire_size;f_product_level
WLD,Verden,world,2018-W30,burned_area_km2,93955.03,km2,K2,gwis_weekly_burned_area,measured,f_sensor_break;f_min_fire_size;f_product_level
WLD,Verden,world,2018-W31,burned_area_km2,98448.49,km2,K2,gwis_weekly_burned_area,measured,f_sensor_break;f_min_fire_size;f_product_level
WLD,Verden,world,2018-W32,burned_area_km2,132293.24,km2,K2,gwis_weekly_burned_area,measured,f_sensor_break;f_min_fire_size;f_product_level
WLD,Verden,world,2018-W33,burned_area_km2,113082.0,km2,K2,gwis_weekly_burned_area,measured,f_sensor_break;f_min_fire_size;f_product_level
WLD,Verden,world,2018-W34,burned_area_km2,90389.44,km2,K2,gwis_weekly_burned_area,measured,f_sensor_break;f_min_fire_size;f_product_level
WLD,Verden,world,2018-W35,burned_area_km2,130612.34,km2,K2,gwis_weekly_burned_area,measured,f_sensor_break;f_min_fire_size;f_product_level
WLD,Verden,world,2018-W36,burned_area_km2,118900.36,km2,K2,gwis_weekly_burned_area,measured,f_sensor_break;f_min_fire_size;f_product_level
WLD,Verden,world,2018-W37,burned_area_km2,117045.68,km2,K2,gwis_weekly_burned_area,measured,f_sensor_break;f_min_fire_size;f_product_level
WLD,Verden,world,2018-W38,burned_area_km2,120063.8,km2,K2,gwis_weekly_burned_area,measured,f_sensor_break;f_min_fire_size;f_product_level
WLD,Verden,world,2018-W39,burned_area_km2,85522.35,km2,K2,gwis_weekly_burned_area,measured,f_sensor_break;f_min_fire_size;f_product_level
WLD,Verden,world,2018-W40,burned_area_km2,91813.15,km2,K2,gwis_weekly_burned_area,measured,f_sensor_break;f_min_fire_size;f_product_level
WLD,Verden,world,2018-W41,burned_area_km2,98978.11,km2,K2,gwis_weekly_burned_area,measured,f_sensor_break;f_min_fire_size;f_product_level
WLD,Verden,world,2018-W42,burned_area_km2,75028.28,km2,K2,gwis_weekly_burned_area,measured,f_sensor_break;f_min_fire_size;f_product_level
WLD,Verden,world,2018-W43,burned_area_km2,90801.4,km2,K2,gwis_weekly_burned_area,measured,f_sensor_break;f_min_fire_size;f_product_level
WLD,Verden,world,2018-W44,burned_area_km2,66011.42,km2,K2,gwis_weekly_burned_area,measured,f_sensor_break;f_min_fire_size;f_product_level
WLD,Verden,world,2018-W45,burned_area_km2,10311.63,km2,K2,gwis_weekly_burned_area,measured,f_sensor_break;f_min_fire_size;f_product_level
WLD,Verden,world,2018-W46,burned_area_km2,0.0,km2,K2,gwis_weekly_burned_area,measured,f_sensor_break;f_min_fire_size;f_product_level;f_zero_no_detection
WLD,Verden,world,2018-W47,burned_area_km2,0.0,km2,K2,gwis_weekly_burned_area,measured,f_sensor_break;f_min_fire_size;f_product_level;f_zero_no_detection
WLD,Verden,world,2018-W48,burned_area_km2,0.0,km2,K2,gwis_weekly_burned_area,measured,f_sensor_break;f_min_fire_size;f_product_level;f_zero_no_detection
WLD,Verden,world,2018-W49,burned_area_km2,0.0,km2,K2,gwis_weekly_burned_area,measured,f_sensor_break;f_min_fire_size;f_product_level;f_zero_no_detection
WLD,Verden,world,2018-W50,burned_area_km2,74157.53,km2,K2,gwis_weekly_burned_area,measured,f_sensor_break;f_min_fire_size;f_product_level
WLD,Verden,world,2018-W51,burned_area_km2,93967.26,km2,K2,gwis_weekly_burned_area,measured,f_sensor_break;f_min_fire_size;f_product_level
WLD,Verden,world,2018-W52,burned_area_km2,71835.24,km2,K2,gwis_weekly_burned_area,measured,f_sensor_break;f_min_fire_size;f_product_level
WLD,Verden,world,2019-W01,burned_area_km2,91850.09,km2,K2,gwis_weekly_burned_area,measured,f_sensor_break;f_min_fire_size;f_product_level
WLD,Verden,world,2019-W02,burned_area_km2,78877.87,km2,K2,gwis_weekly_burned_area,measured,f_sensor_break;f_min_fire_size;f_product_level
WLD,Verden,world,2019-W03,burned_area_km2,69653.32,km2,K2,gwis_weekly_burned_area,measured,f_sensor_break;f_min_fire_size;f_product_level
WLD,Verden,world,2019-W04,burned_area_km2,65061.74,km2,K2,gwis_weekly_burned_area,measured,f_sensor_break;f_min_fire_size;f_product_level
WLD,Verden,world,2019-W05,burned_area_km2,48306.55,km2,K2,gwis_weekly_burned_area,measured,f_sensor_break;f_min_fire_size;f_product_level
WLD,Verden,world,2019-W06,burned_area_km2,75346.16,km2,K2,gwis_weekly_burned_area,measured,f_sensor_break;f_min_fire_size;f_product_level
WLD,Verden,world,2019-W07,burned_area_km2,63980.72,km2,K2,gwis_weekly_burned_area,measured,f_sensor_break;f_min_fire_size;f_product_level
WLD,Verden,world,2019-W08,burned_area_km2,65925.34,km2,K2,gwis_weekly_burned_area,measured,f_sensor_break;f_min_fire_size;f_product_level
WLD,Verden,world,2019-W09,burned_area_km2,62310.99,km2,K2,gwis_weekly_burned_area,measured,f_sensor_break;f_min_fire_size;f_product_level
WLD,Verden,world,2019-W10,burned_area_km2,62522.33,km2,K2,gwis_weekly_burned_area,measured,f_sensor_break;f_min_fire_size;f_product_level
WLD,Verden,world,2019-W11,burned_area_km2,64758.12,km2,K2,gwis_weekly_burned_area,measured,f_sensor_break;f_min_fire_size;f_product_level
WLD,Verden,world,2019-W12,burned_area_km2,69220.09,km2,K2,gwis_weekly_burned_area,measured,f_sensor_break;f_min_fire_size;f_product_level
WLD,Verden,world,2019-W13,burned_area_km2,66009.5,km2,K2,gwis_weekly_burned_area,measured,f_sensor_break;f_min_fire_size;f_product_level
WLD,Verden,world,2019-W14,burned_area_km2,56540.66,km2,K2,gwis_weekly_burned_area,measured,f_sensor_break;f_min_fire_size;f_product_level
WLD,Verden,world,2019-W15,burned_area_km2,62961.38,km2,K2,gwis_weekly_burned_area,measured,f_sensor_break;f_min_fire_size;f_product_level
WLD,Verden,world,2019-W16,burned_area_km2,55548.37,km2,K2,gwis_weekly_burned_area,measured,f_sensor_break;f_min_fire_size;f_product_level
WLD,Verden,world,2019-W17,burned_area_km2,50580.06,km2,K2,gwis_weekly_burned_area,measured,f_sensor_break;f_min_fire_size;f_product_level
WLD,Verden,world,2019-W18,burned_area_km2,48591.67,km2,K2,gwis_weekly_burned_area,measured,f_sensor_break;f_min_fire_size;f_product_level
WLD,Verden,world,2019-W19,burned_area_km2,53569.84,km2,K2,gwis_weekly_burned_area,measured,f_sensor_break;f_min_fire_size;f_product_level
WLD,Verden,world,2019-W20,burned_area_km2,39728.9,km2,K2,gwis_weekly_burned_area,measured,f_sensor_break;f_min_fire_size;f_product_level
WLD,Verden,world,2019-W21,burned_area_km2,33843.66,km2,K2,gwis_weekly_burned_area,measured,f_sensor_break;f_min_fire_size;f_product_level
WLD,Verden,world,2019-W22,burned_area_km2,53662.37,km2,K2,gwis_weekly_burned_area,measured,f_sensor_break;f_min_fire_size;f_product_level
WLD,Verden,world,2019-W23,burned_area_km2,84939.4,km2,K2,gwis_weekly_burned_area,measured,f_sensor_break;f_min_fire_size;f_product_level
WLD,Verden,world,2019-W24,burned_area_km2,80222.38,km2,K2,gwis_weekly_burned_area,measured,f_sensor_break;f_min_fire_size;f_product_level
WLD,Verden,world,2019-W25,burned_area_km2,84108.45,km2,K2,gwis_weekly_burned_area,measured,f_sensor_break;f_min_fire_size;f_product_level
WLD,Verden,world,2019-W26,burned_area_km2,88746.43,km2,K2,gwis_weekly_burned_area,measured,f_sensor_break;f_min_fire_size;f_product_level
WLD,Verden,world,2019-W27,burned_area_km2,109674.42,km2,K2,gwis_weekly_burned_area,measured,f_sensor_break;f_min_fire_size;f_product_level
WLD,Verden,world,2019-W28,burned_area_km2,112813.03,km2,K2,gwis_weekly_burned_area,measured,f_sensor_break;f_min_fire_size;f_product_level
WLD,Verden,world,2019-W29,burned_area_km2,127959.8,km2,K2,gwis_weekly_burned_area,measured,f_sensor_break;f_min_fire_size;f_product_level
WLD,Verden,world,2019-W30,burned_area_km2,126103.69,km2,K2,gwis_weekly_burned_area,measured,f_sensor_break;f_min_fire_size;f_product_level
WLD,Verden,world,2019-W31,burned_area_km2,111941.24,km2,K2,gwis_weekly_burned_area,measured,f_sensor_break;f_min_fire_size;f_product_level
WLD,Verden,world,2019-W32,burned_area_km2,133298.82,km2,K2,gwis_weekly_burned_area,measured,f_sensor_break;f_min_fire_size;f_product_level
WLD,Verden,world,2019-W33,burned_area_km2,154145.73,km2,K2,gwis_weekly_burned_area,measured,f_sensor_break;f_min_fire_size;f_product_level
WLD,Verden,world,2019-W34,burned_area_km2,113120.2,km2,K2,gwis_weekly_burned_area,measured,f_sensor_break;f_min_fire_size;f_product_level
WLD,Verden,world,2019-W35,burned_area_km2,123818.25,km2,K2,gwis_weekly_burned_area,measured,f_sensor_break;f_min_fire_size;f_product_level
WLD,Verden,world,2019-W36,burned_area_km2,137396.54,km2,K2,gwis_weekly_burned_area,measured,f_sensor_break;f_min_fire_size;f_product_level
WLD,Verden,world,2019-W37,burned_area_km2,134847.55,km2,K2,gwis_weekly_burned_area,measured,f_sensor_break;f_min_fire_size;f_product_level
WLD,Verden,world,2019-W38,burned_area_km2,112341.38,km2,K2,gwis_weekly_burned_area,measured,f_sensor_break;f_min_fire_size;f_product_level
WLD,Verden,world,2019-W39,burned_area_km2,69852.79,km2,K2,gwis_weekly_burned_area,measured,f_sensor_break;f_min_fire_size;f_product_level
WLD,Verden,world,2019-W40,burned_area_km2,45521.22,km2,K2,gwis_weekly_burned_area,measured,f_sensor_break;f_min_fire_size;f_product_level
WLD,Verden,world,2019-W41,burned_area_km2,59240.2,km2,K2,gwis_weekly_burned_area,measured,f_sensor_break;f_min_fire_size;f_product_level
WLD,Verden,world,2019-W42,burned_area_km2,57408.67,km2,K2,gwis_weekly_burned_area,measured,f_sensor_break;f_min_fire_size;f_product_level
WLD,Verden,world,2019-W43,burned_area_km2,79341.32,km2,K2,gwis_weekly_burned_area,measured,f_sensor_break;f_min_fire_size;f_product_level
WLD,Verden,world,2019-W44,burned_area_km2,59465.32,km2,K2,gwis_weekly_burned_area,measured,f_sensor_break;f_min_fire_size;f_product_level
WLD,Verden,world,2019-W45,burned_area_km2,47759.1,km2,K2,gwis_weekly_burned_area,measured,f_sensor_break;f_min_fire_size;f_product_level
WLD,Verden,world,2019-W46,burned_area_km2,39314.1,km2,K2,gwis_weekly_burned_area,measured,f_sensor_break;f_min_fire_size;f_product_level
WLD,Verden,world,2019-W47,burned_area_km2,42380.09,km2,K2,gwis_weekly_burned_area,measured,f_sensor_break;f_min_fire_size;f_product_level
WLD,Verden,world,2019-W48,burned_area_km2,69941.44,km2,K2,gwis_weekly_burned_area,measured,f_sensor_break;f_min_fire_size;f_product_level
WLD,Verden,world,2019-W49,burned_area_km2,71678.51,km2,K2,gwis_weekly_burned_area,measured,f_sensor_break;f_min_fire_size;f_product_level
WLD,Verden,world,2019-W50,burned_area_km2,71496.08,km2,K2,gwis_weekly_burned_area,measured,f_sensor_break;f_min_fire_size;f_product_level
WLD,Verden,world,2019-W51,burned_area_km2,86118.55,km2,K2,gwis_weekly_burned_area,measured,f_sensor_break;f_min_fire_size;f_product_level
WLD,Verden,world,2019-W52,burned_area_km2,101280.0,km2,K2,gwis_weekly_burned_area,measured,f_sensor_break;f_min_fire_size;f_product_level
WLD,Verden,world,2020-W01,burned_area_km2,84202.06,km2,K2,gwis_weekly_burned_area,measured,f_sensor_break;f_min_fire_size;f_product_level
WLD,Verden,world,2020-W02,burned_area_km2,112488.01,km2,K2,gwis_weekly_burned_area,measured,f_sensor_break;f_min_fire_size;f_product_level
WLD,Verden,world,2020-W03,burned_area_km2,87355.71,km2,K2,gwis_weekly_burned_area,measured,f_sensor_break;f_min_fire_size;f_product_level
WLD,Verden,world,2020-W04,burned_area_km2,93318.96,km2,K2,gwis_weekly_burned_area,measured,f_sensor_break;f_min_fire_size;f_product_level
WLD,Verden,world,2020-W05,burned_area_km2,72113.5,km2,K2,gwis_weekly_burned_area,measured,f_sensor_break;f_min_fire_size;f_product_level
WLD,Verden,world,2020-W06,burned_area_km2,93943.13,km2,K2,gwis_weekly_burned_area,measured,f_sensor_break;f_min_fire_size;f_product_level
WLD,Verden,world,2020-W07,burned_area_km2,74293.31,km2,K2,gwis_weekly_burned_area,measured,f_sensor_break;f_min_fire_size;f_product_level
WLD,Verden,world,2020-W08,burned_area_km2,70223.57,km2,K2,gwis_weekly_burned_area,measured,f_sensor_break;f_min_fire_size;f_product_level
WLD,Verden,world,2020-W09,burned_area_km2,63206.62,km2,K2,gwis_weekly_burned_area,measured,f_sensor_break;f_min_fire_size;f_product_level
WLD,Verden,world,2020-W10,burned_area_km2,61094.19,km2,K2,gwis_weekly_burned_area,measured,f_sensor_break;f_min_fire_size;f_product_level
WLD,Verden,world,2020-W11,burned_area_km2,73195.7,km2,K2,gwis_weekly_burned_area,measured,f_sensor_break;f_min_fire_size;f_product_level
WLD,Verden,world,2020-W12,burned_area_km2,77308.71,km2,K2,gwis_weekly_burned_area,measured,f_sensor_break;f_min_fire_size;f_product_level
WLD,Verden,world,2020-W13,burned_area_km2,92956.54,km2,K2,gwis_weekly_burned_area,measured,f_sensor_break;f_min_fire_size;f_product_level
WLD,Verden,world,2020-W14,burned_area_km2,66400.57,km2,K2,gwis_weekly_burned_area,measured,f_sensor_break;f_min_fire_size;f_product_level
WLD,Verden,world,2020-W15,burned_area_km2,63446.06,km2,K2,gwis_weekly_burned_area,measured,f_sensor_break;f_min_fire_size;f_product_level
WLD,Verden,world,2020-W16,burned_area_km2,59063.57,km2,K2,gwis_weekly_burned_area,measured,f_sensor_break;f_min_fire_size;f_product_level
WLD,Verden,world,2020-W17,burned_area_km2,46025.62,km2,K2,gwis_weekly_burned_area,measured,f_sensor_break;f_min_fire_size;f_product_level
WLD,Verden,world,2020-W18,burned_area_km2,39159.56,km2,K2,gwis_weekly_burned_area,measured,f_sensor_break;f_min_fire_size;f_product_level
WLD,Verden,world,2020-W19,burned_area_km2,36148.99,km2,K2,gwis_weekly_burned_area,measured,f_sensor_break;f_min_fire_size;f_product_level
WLD,Verden,world,2020-W20,burned_area_km2,39437.97,km2,K2,gwis_weekly_burned_area,measured,f_sensor_break;f_min_fire_size;f_product_level
WLD,Verden,world,2020-W21,burned_area_km2,37555.0,km2,K2,gwis_weekly_burned_area,measured,f_sensor_break;f_min_fire_size;f_product_level
WLD,Verden,world,2020-W22,burned_area_km2,40195.62,km2,K2,gwis_weekly_burned_area,measured,f_sensor_break;f_min_fire_size;f_product_level
WLD,Verden,world,2020-W23,burned_area_km2,48743.66,km2,K2,gwis_weekly_burned_area,measured,f_sensor_break;f_min_fire_size;f_product_level
WLD,Verden,world,2020-W24,burned_area_km2,69495.22,km2,K2,gwis_weekly_burned_area,measured,f_sensor_break;f_min_fire_size;f_product_level
WLD,Verden,world,2020-W25,burned_area_km2,82074.68,km2,K2,gwis_weekly_burned_area,measured,f_sensor_break;f_min_fire_size;f_product_level
WLD,Verden,world,2020-W26,burned_area_km2,71372.2,km2,K2,gwis_weekly_burned_area,measured,f_sensor_break;f_min_fire_size;f_product_level
WLD,Verden,world,2020-W27,burned_area_km2,89296.11,km2,K2,gwis_weekly_burned_area,measured,f_sensor_break;f_min_fire_size;f_product_level
WLD,Verden,world,2020-W28,burned_area_km2,85745.71,km2,K2,gwis_weekly_burned_area,measured,f_sensor_break;f_min_fire_size;f_product_level
WLD,Verden,world,2020-W29,burned_area_km2,139493.16,km2,K2,gwis_weekly_burned_area,measured,f_sensor_break;f_min_fire_size;f_product_level
WLD,Verden,world,2020-W30,burned_area_km2,96636.81,km2,K2,gwis_weekly_burned_area,measured,f_sensor_break;f_min_fire_size;f_product_level
WLD,Verden,world,2020-W31,burned_area_km2,132436.69,km2,K2,gwis_weekly_burned_area,measured,f_sensor_break;f_min_fire_size;f_product_level
WLD,Verden,world,2020-W32,burned_area_km2,131854.59,km2,K2,gwis_weekly_burned_area,measured,f_sensor_break;f_min_fire_size;f_product_level
WLD,Verden,world,2020-W33,burned_area_km2,125004.52,km2,K2,gwis_weekly_burned_area,measured,f_sensor_break;f_min_fire_size;f_product_level
WLD,Verden,world,2020-W34,burned_area_km2,84400.32,km2,K2,gwis_weekly_burned_area,measured,f_sensor_break;f_min_fire_size;f_product_level
WLD,Verden,world,2020-W35,burned_area_km2,102565.09,km2,K2,gwis_weekly_burned_area,measured,f_sensor_break;f_min_fire_size;f_product_level
WLD,Verden,world,2020-W36,burned_area_km2,149848.89,km2,K2,gwis_weekly_burned_area,measured,f_sensor_break;f_min_fire_size;f_product_level
WLD,Verden,world,2020-W37,burned_area_km2,136217.35,km2,K2,gwis_weekly_burned_area,measured,f_sensor_break;f_min_fire_size;f_product_level
WLD,Verden,world,2020-W38,burned_area_km2,101389.11,km2,K2,gwis_weekly_burned_area,measured,f_sensor_break;f_min_fire_size;f_product_level
WLD,Verden,world,2020-W39,burned_area_km2,125349.9,km2,K2,gwis_weekly_burned_area,measured,f_sensor_break;f_min_fire_size;f_product_level
WLD,Verden,world,2020-W40,burned_area_km2,102405.2,km2,K2,gwis_weekly_burned_area,measured,f_sensor_break;f_min_fire_size;f_product_level
WLD,Verden,world,2020-W41,burned_area_km2,64095.78,km2,K2,gwis_weekly_burned_area,measured,f_sensor_break;f_min_fire_size;f_product_level
WLD,Verden,world,2020-W42,burned_area_km2,60909.46,km2,K2,gwis_weekly_burned_area,measured,f_sensor_break;f_min_fire_size;f_product_level
WLD,Verden,world,2020-W43,burned_area_km2,55475.44,km2,K2,gwis_weekly_burned_area,measured,f_sensor_break;f_min_fire_size;f_product_level
WLD,Verden,world,2020-W44,burned_area_km2,58076.23,km2,K2,gwis_weekly_burned_area,measured,f_sensor_break;f_min_fire_size;f_product_level
WLD,Verden,world,2020-W45,burned_area_km2,58424.64,km2,K2,gwis_weekly_burned_area,measured,f_sensor_break;f_min_fire_size;f_product_level
WLD,Verden,world,2020-W46,burned_area_km2,60846.93,km2,K2,gwis_weekly_burned_area,measured,f_sensor_break;f_min_fire_size;f_product_level
WLD,Verden,world,2020-W47,burned_area_km2,60202.16,km2,K2,gwis_weekly_burned_area,measured,f_sensor_break;f_min_fire_size;f_product_level
WLD,Verden,world,2020-W48,burned_area_km2,53966.63,km2,K2,gwis_weekly_burned_area,measured,f_sensor_break;f_min_fire_size;f_product_level
WLD,Verden,world,2020-W49,burned_area_km2,59061.57,km2,K2,gwis_weekly_burned_area,measured,f_sensor_break;f_min_fire_size;f_product_level
WLD,Verden,world,2020-W50,burned_area_km2,60262.82,km2,K2,gwis_weekly_burned_area,measured,f_sensor_break;f_min_fire_size;f_product_level
WLD,Verden,world,2020-W51,burned_area_km2,66535.06,km2,K2,gwis_weekly_burned_area,measured,f_sensor_break;f_min_fire_size;f_product_level
WLD,Verden,world,2020-W52,burned_area_km2,72227.68,km2,K2,gwis_weekly_burned_area,measured,f_sensor_break;f_min_fire_size;f_product_level
WLD,Verden,world,2021-W01,burned_area_km2,62432.8,km2,K2,gwis_weekly_burned_area,measured,f_sensor_break;f_min_fire_size;f_product_level
WLD,Verden,world,2021-W02,burned_area_km2,73697.06,km2,K2,gwis_weekly_burned_area,measured,f_sensor_break;f_min_fire_size;f_product_level
WLD,Verden,world,2021-W03,burned_area_km2,84601.84,km2,K2,gwis_weekly_burned_area,measured,f_sensor_break;f_min_fire_size;f_product_level
WLD,Verden,world,2021-W04,burned_area_km2,65453.62,km2,K2,gwis_weekly_burned_area,measured,f_sensor_break;f_min_fire_size;f_product_level
WLD,Verden,world,2021-W05,burned_area_km2,76045.67,km2,K2,gwis_weekly_burned_area,measured,f_sensor_break;f_min_fire_size;f_product_level
WLD,Verden,world,2021-W06,burned_area_km2,62349.73,km2,K2,gwis_weekly_burned_area,measured,f_sensor_break;f_min_fire_size;f_product_level
WLD,Verden,world,2021-W07,burned_area_km2,50971.78,km2,K2,gwis_weekly_burned_area,measured,f_sensor_break;f_min_fire_size;f_product_level
WLD,Verden,world,2021-W08,burned_area_km2,63626.82,km2,K2,gwis_weekly_burned_area,measured,f_sensor_break;f_min_fire_size;f_product_level
WLD,Verden,world,2021-W09,burned_area_km2,87618.6,km2,K2,gwis_weekly_burned_area,measured,f_sensor_break;f_min_fire_size;f_product_level
WLD,Verden,world,2021-W10,burned_area_km2,64526.96,km2,K2,gwis_weekly_burned_area,measured,f_sensor_break;f_min_fire_size;f_product_level
WLD,Verden,world,2021-W11,burned_area_km2,44558.19,km2,K2,gwis_weekly_burned_area,measured,f_sensor_break;f_min_fire_size;f_product_level
WLD,Verden,world,2021-W12,burned_area_km2,57895.81,km2,K2,gwis_weekly_burned_area,measured,f_sensor_break;f_min_fire_size;f_product_level
WLD,Verden,world,2021-W13,burned_area_km2,74051.41,km2,K2,gwis_weekly_burned_area,measured,f_sensor_break;f_min_fire_size;f_product_level
WLD,Verden,world,2021-W14,burned_area_km2,47500.3,km2,K2,gwis_weekly_burned_area,measured,f_sensor_break;f_min_fire_size;f_product_level
WLD,Verden,world,2021-W15,burned_area_km2,49372.18,km2,K2,gwis_weekly_burned_area,measured,f_sensor_break;f_min_fire_size;f_product_level
WLD,Verden,world,2021-W16,burned_area_km2,58524.3,km2,K2,gwis_weekly_burned_area,measured,f_sensor_break;f_min_fire_size;f_product_level
WLD,Verden,world,2021-W17,burned_area_km2,43528.29,km2,K2,gwis_weekly_burned_area,measured,f_sensor_break;f_min_fire_size;f_product_level
WLD,Verden,world,2021-W18,burned_area_km2,33329.36,km2,K2,gwis_weekly_burned_area,measured,f_sensor_break;f_min_fire_size;f_product_level
WLD,Verden,world,2021-W19,burned_area_km2,37607.11,km2,K2,gwis_weekly_burned_area,measured,f_sensor_break;f_min_fire_size;f_product_level
WLD,Verden,world,2021-W20,burned_area_km2,49491.91,km2,K2,gwis_weekly_burned_area,measured,f_sensor_break;f_min_fire_size;f_product_level
WLD,Verden,world,2021-W21,burned_area_km2,75372.25,km2,K2,gwis_weekly_burned_area,measured,f_sensor_break;f_min_fire_size;f_product_level
WLD,Verden,world,2021-W22,burned_area_km2,56446.82,km2,K2,gwis_weekly_burned_area,measured,f_sensor_break;f_min_fire_size;f_product_level
WLD,Verden,world,2021-W23,burned_area_km2,37838.95,km2,K2,gwis_weekly_burned_area,measured,f_sensor_break;f_min_fire_size;f_product_level
WLD,Verden,world,2021-W24,burned_area_km2,43875.34,km2,K2,gwis_weekly_burned_area,measured,f_sensor_break;f_min_fire_size;f_product_level
WLD,Verden,world,2021-W25,burned_area_km2,54516.96,km2,K2,gwis_weekly_burned_area,measured,f_sensor_break;f_min_fire_size;f_product_level
WLD,Verden,world,2021-W26,burned_area_km2,76327.12,km2,K2,gwis_weekly_burned_area,measured,f_sensor_break;f_min_fire_size;f_product_level
WLD,Verden,world,2021-W27,burned_area_km2,83362.08,km2,K2,gwis_weekly_burned_area,measured,f_sensor_break;f_min_fire_size;f_product_level
WLD,Verden,world,2021-W28,burned_area_km2,104384.19,km2,K2,gwis_weekly_burned_area,measured,f_sensor_break;f_min_fire_size;f_product_level
WLD,Verden,world,2021-W29,burned_area_km2,87632.17,km2,K2,gwis_weekly_burned_area,measured,f_sensor_break;f_min_fire_size;f_product_level
WLD,Verden,world,2021-W30,burned_area_km2,116997.86,km2,K2,gwis_weekly_burned_area,measured,f_sensor_break;f_min_fire_size;f_product_level
WLD,Verden,world,2021-W31,burned_area_km2,95430.6,km2,K2,gwis_weekly_burned_area,measured,f_sensor_break;f_min_fire_size;f_product_level
WLD,Verden,world,2021-W32,burned_area_km2,94931.97,km2,K2,gwis_weekly_burned_area,measured,f_sensor_break;f_min_fire_size;f_product_level
WLD,Verden,world,2021-W33,burned_area_km2,116338.13,km2,K2,gwis_weekly_burned_area,measured,f_sensor_break;f_min_fire_size;f_product_level
WLD,Verden,world,2021-W34,burned_area_km2,119671.07,km2,K2,gwis_weekly_burned_area,measured,f_sensor_break;f_min_fire_size;f_product_level
WLD,Verden,world,2021-W35,burned_area_km2,135293.81,km2,K2,gwis_weekly_burned_area,measured,f_sensor_break;f_min_fire_size;f_product_level
WLD,Verden,world,2021-W36,burned_area_km2,128160.51,km2,K2,gwis_weekly_burned_area,measured,f_sensor_break;f_min_fire_size;f_product_level
WLD,Verden,world,2021-W37,burned_area_km2,129676.9,km2,K2,gwis_weekly_burned_area,measured,f_sensor_break;f_min_fire_size;f_product_level
WLD,Verden,world,2021-W38,burned_area_km2,99768.27,km2,K2,gwis_weekly_burned_area,measured,f_sensor_break;f_min_fire_size;f_product_level
WLD,Verden,world,2021-W39,burned_area_km2,84388.76,km2,K2,gwis_weekly_burned_area,measured,f_sensor_break;f_min_fire_size;f_product_level
WLD,Verden,world,2021-W40,burned_area_km2,69353.3,km2,K2,gwis_weekly_burned_area,measured,f_sensor_break;f_min_fire_size;f_product_level
WLD,Verden,world,2021-W41,burned_area_km2,65274.66,km2,K2,gwis_weekly_burned_area,measured,f_sensor_break;f_min_fire_size;f_product_level
WLD,Verden,world,2021-W42,burned_area_km2,64166.11,km2,K2,gwis_weekly_burned_area,measured,f_sensor_break;f_min_fire_size;f_product_level
WLD,Verden,world,2021-W43,burned_area_km2,75329.87,km2,K2,gwis_weekly_burned_area,measured,f_sensor_break;f_min_fire_size;f_product_level
WLD,Verden,world,2021-W44,burned_area_km2,72200.96,km2,K2,gwis_weekly_burned_area,measured,f_sensor_break;f_min_fire_size;f_product_level
WLD,Verden,world,2021-W45,burned_area_km2,64897.39,km2,K2,gwis_weekly_burned_area,measured,f_sensor_break;f_min_fire_size;f_product_level
WLD,Verden,world,2021-W46,burned_area_km2,70034.79,km2,K2,gwis_weekly_burned_area,measured,f_sensor_break;f_min_fire_size;f_product_level
WLD,Verden,world,2021-W47,burned_area_km2,68446.42,km2,K2,gwis_weekly_burned_area,measured,f_sensor_break;f_min_fire_size;f_product_level
WLD,Verden,world,2021-W48,burned_area_km2,62727.66,km2,K2,gwis_weekly_burned_area,measured,f_sensor_break;f_min_fire_size;f_product_level
WLD,Verden,world,2021-W49,burned_area_km2,81432.47,km2,K2,gwis_weekly_burned_area,measured,f_sensor_break;f_min_fire_size;f_product_level
WLD,Verden,world,2021-W50,burned_area_km2,74828.46,km2,K2,gwis_weekly_burned_area,measured,f_sensor_break;f_min_fire_size;f_product_level
WLD,Verden,world,2021-W51,burned_area_km2,85766.63,km2,K2,gwis_weekly_burned_area,measured,f_sensor_break;f_min_fire_size;f_product_level
WLD,Verden,world,2021-W52,burned_area_km2,60451.67,km2,K2,gwis_weekly_burned_area,measured,f_sensor_break;f_min_fire_size;f_product_level
WLD,Verden,world,2022-W01,burned_area_km2,68230.54,km2,K2,gwis_weekly_burned_area,measured,f_sensor_break;f_min_fire_size;f_product_level
WLD,Verden,world,2022-W02,burned_area_km2,67066.07,km2,K2,gwis_weekly_burned_area,measured,f_sensor_break;f_min_fire_size;f_product_level
WLD,Verden,world,2022-W03,burned_area_km2,78852.7,km2,K2,gwis_weekly_burned_area,measured,f_sensor_break;f_min_fire_size;f_product_level
WLD,Verden,world,2022-W04,burned_area_km2,91217.51,km2,K2,gwis_weekly_burned_area,measured,f_sensor_break;f_min_fire_size;f_product_level
WLD,Verden,world,2022-W05,burned_area_km2,74206.8,km2,K2,gwis_weekly_burned_area,measured,f_sensor_break;f_min_fire_size;f_product_level
WLD,Verden,world,2022-W06,burned_area_km2,69168.94,km2,K2,gwis_weekly_burned_area,measured,f_sensor_break;f_min_fire_size;f_product_level
WLD,Verden,world,2022-W07,burned_area_km2,57882.54,km2,K2,gwis_weekly_burned_area,measured,f_sensor_break;f_min_fire_size;f_product_level
WLD,Verden,world,2022-W08,burned_area_km2,54468.64,km2,K2,gwis_weekly_burned_area,measured,f_sensor_break;f_min_fire_size;f_product_level
WLD,Verden,world,2022-W09,burned_area_km2,53310.51,km2,K2,gwis_weekly_burned_area,measured,f_sensor_break;f_min_fire_size;f_product_level
WLD,Verden,world,2022-W10,burned_area_km2,55562.26,km2,K2,gwis_weekly_burned_area,measured,f_sensor_break;f_min_fire_size;f_product_level
WLD,Verden,world,2022-W11,burned_area_km2,63226.61,km2,K2,gwis_weekly_burned_area,measured,f_sensor_break;f_min_fire_size;f_product_level
WLD,Verden,world,2022-W12,burned_area_km2,58329.87,km2,K2,gwis_weekly_burned_area,measured,f_sensor_break;f_min_fire_size;f_product_level
WLD,Verden,world,2022-W13,burned_area_km2,55864.92,km2,K2,gwis_weekly_burned_area,measured,f_sensor_break;f_min_fire_size;f_product_level
WLD,Verden,world,2022-W14,burned_area_km2,50196.87,km2,K2,gwis_weekly_burned_area,measured,f_sensor_break;f_min_fire_size;f_product_level
WLD,Verden,world,2022-W15,burned_area_km2,57612.94,km2,K2,gwis_weekly_burned_area,measured,f_sensor_break;f_min_fire_size;f_product_level
WLD,Verden,world,2022-W16,burned_area_km2,57356.95,km2,K2,gwis_weekly_burned_area,measured,f_sensor_break;f_min_fire_size;f_product_level
WLD,Verden,world,2022-W17,burned_area_km2,51566.28,km2,K2,gwis_weekly_burned_area,measured,f_sensor_break;f_min_fire_size;f_product_level
WLD,Verden,world,2022-W18,burned_area_km2,42771.35,km2,K2,gwis_weekly_burned_area,measured,f_sensor_break;f_min_fire_size;f_product_level
WLD,Verden,world,2022-W19,burned_area_km2,46401.32,km2,K2,gwis_weekly_burned_area,measured,f_sensor_break;f_min_fire_size;f_product_level
WLD,Verden,world,2022-W20,burned_area_km2,49064.54,km2,K2,gwis_weekly_burned_area,measured,f_sensor_break;f_min_fire_size;f_product_level
WLD,Verden,world,2022-W21,burned_area_km2,38413.48,km2,K2,gwis_weekly_burned_area,measured,f_sensor_break;f_min_fire_size;f_product_level
WLD,Verden,world,2022-W22,burned_area_km2,55698.73,km2,K2,gwis_weekly_burned_area,measured,f_sensor_break;f_min_fire_size;f_product_level
WLD,Verden,world,2022-W23,burned_area_km2,69276.89,km2,K2,gwis_weekly_burned_area,measured,f_sensor_break;f_min_fire_size;f_product_level
WLD,Verden,world,2022-W24,burned_area_km2,63054.68,km2,K2,gwis_weekly_burned_area,measured,f_sensor_break;f_min_fire_size;f_product_level
WLD,Verden,world,2022-W25,burned_area_km2,57371.73,km2,K2,gwis_weekly_burned_area,measured,f_sensor_break;f_min_fire_size;f_product_level
WLD,Verden,world,2022-W26,burned_area_km2,78437.05,km2,K2,gwis_weekly_burned_area,measured,f_sensor_break;f_min_fire_size;f_product_level
WLD,Verden,world,2022-W27,burned_area_km2,80833.7,km2,K2,gwis_weekly_burned_area,measured,f_sensor_break;f_min_fire_size;f_product_level
WLD,Verden,world,2022-W28,burned_area_km2,79977.28,km2,K2,gwis_weekly_burned_area,measured,f_sensor_break;f_min_fire_size;f_product_level
WLD,Verden,world,2022-W29,burned_area_km2,71386.11,km2,K2,gwis_weekly_burned_area,measured,f_sensor_break;f_min_fire_size;f_product_level
WLD,Verden,world,2022-W30,burned_area_km2,90103.03,km2,K2,gwis_weekly_burned_area,measured,f_sensor_break;f_min_fire_size;f_product_level
WLD,Verden,world,2022-W31,burned_area_km2,81136.27,km2,K2,gwis_weekly_burned_area,measured,f_sensor_break;f_min_fire_size;f_product_level
WLD,Verden,world,2022-W32,burned_area_km2,110723.96,km2,K2,gwis_weekly_burned_area,measured,f_sensor_break;f_min_fire_size;f_product_level
WLD,Verden,world,2022-W33,burned_area_km2,116598.47,km2,K2,gwis_weekly_burned_area,measured,f_sensor_break;f_min_fire_size;f_product_level
WLD,Verden,world,2022-W34,burned_area_km2,94744.44,km2,K2,gwis_weekly_burned_area,measured,f_sensor_break;f_min_fire_size;f_product_level
WLD,Verden,world,2022-W35,burned_area_km2,117409.59,km2,K2,gwis_weekly_burned_area,measured,f_sensor_break;f_min_fire_size;f_product_level
WLD,Verden,world,2022-W36,burned_area_km2,134769.52,km2,K2,gwis_weekly_burned_area,measured,f_sensor_break;f_min_fire_size;f_product_level
WLD,Verden,world,2022-W37,burned_area_km2,107112.5,km2,K2,gwis_weekly_burned_area,measured,f_sensor_break;f_min_fire_size;f_product_level
WLD,Verden,world,2022-W38,burned_area_km2,103553.84,km2,K2,gwis_weekly_burned_area,measured,f_sensor_break;f_min_fire_size;f_product_level
WLD,Verden,world,2022-W39,burned_area_km2,92325.04,km2,K2,gwis_weekly_burned_area,measured,f_sensor_break;f_min_fire_size;f_product_level
WLD,Verden,world,2022-W40,burned_area_km2,119684.75,km2,K2,gwis_weekly_burned_area,measured,f_sensor_break;f_min_fire_size;f_product_level
WLD,Verden,world,2022-W41,burned_area_km2,84479.91,km2,K2,gwis_weekly_burned_area,measured,f_sensor_break;f_min_fire_size;f_product_level
WLD,Verden,world,2022-W42,burned_area_km2,49117.96,km2,K2,gwis_weekly_burned_area,measured,f_sensor_break;f_min_fire_size;f_product_level
WLD,Verden,world,2022-W43,burned_area_km2,58168.25,km2,K2,gwis_weekly_burned_area,measured,f_sensor_break;f_min_fire_size;f_product_level
WLD,Verden,world,2022-W44,burned_area_km2,64625.15,km2,K2,gwis_weekly_burned_area,measured,f_sensor_break;f_min_fire_size;f_product_level
WLD,Verden,world,2022-W45,burned_area_km2,50351.68,km2,K2,gwis_weekly_burned_area,measured,f_sensor_break;f_min_fire_size;f_product_level
WLD,Verden,world,2022-W46,burned_area_km2,49622.67,km2,K2,gwis_weekly_burned_area,measured,f_sensor_break;f_min_fire_size;f_product_level
WLD,Verden,world,2022-W47,burned_area_km2,46910.85,km2,K2,gwis_weekly_burned_area,measured,f_sensor_break;f_min_fire_size;f_product_level
WLD,Verden,world,2022-W48,burned_area_km2,40157.58,km2,K2,gwis_weekly_burned_area,measured,f_sensor_break;f_min_fire_size;f_product_level
WLD,Verden,world,2022-W49,burned_area_km2,51760.43,km2,K2,gwis_weekly_burned_area,measured,f_sensor_break;f_min_fire_size;f_product_level
WLD,Verden,world,2022-W50,burned_area_km2,64165.82,km2,K2,gwis_weekly_burned_area,measured,f_sensor_break;f_min_fire_size;f_product_level
WLD,Verden,world,2022-W51,burned_area_km2,57667.86,km2,K2,gwis_weekly_burned_area,measured,f_sensor_break;f_min_fire_size;f_product_level
WLD,Verden,world,2022-W52,burned_area_km2,58850.08,km2,K2,gwis_weekly_burned_area,measured,f_sensor_break;f_min_fire_size;f_product_level
WLD,Verden,world,2023-W01,burned_area_km2,72738.26,km2,K2,gwis_weekly_burned_area,measured,f_sensor_break;f_min_fire_size;f_product_level
WLD,Verden,world,2023-W02,burned_area_km2,66499.79,km2,K2,gwis_weekly_burned_area,measured,f_sensor_break;f_min_fire_size;f_product_level
WLD,Verden,world,2023-W03,burned_area_km2,62571.46,km2,K2,gwis_weekly_burned_area,measured,f_sensor_break;f_min_fire_size;f_product_level
WLD,Verden,world,2023-W04,burned_area_km2,49371.22,km2,K2,gwis_weekly_burned_area,measured,f_sensor_break;f_min_fire_size;f_product_level
WLD,Verden,world,2023-W05,burned_area_km2,68151.09,km2,K2,gwis_weekly_burned_area,measured,f_sensor_break;f_min_fire_size;f_product_level
WLD,Verden,world,2023-W06,burned_area_km2,71389.45,km2,K2,gwis_weekly_burned_area,measured,f_sensor_break;f_min_fire_size;f_product_level
WLD,Verden,world,2023-W07,burned_area_km2,80281.0,km2,K2,gwis_weekly_burned_area,measured,f_sensor_break;f_min_fire_size;f_product_level
WLD,Verden,world,2023-W08,burned_area_km2,44810.35,km2,K2,gwis_weekly_burned_area,measured,f_sensor_break;f_min_fire_size;f_product_level
WLD,Verden,world,2023-W09,burned_area_km2,46950.25,km2,K2,gwis_weekly_burned_area,measured,f_sensor_break;f_min_fire_size;f_product_level
WLD,Verden,world,2023-W10,burned_area_km2,45169.68,km2,K2,gwis_weekly_burned_area,measured,f_sensor_break;f_min_fire_size;f_product_level
WLD,Verden,world,2023-W11,burned_area_km2,40341.48,km2,K2,gwis_weekly_burned_area,measured,f_sensor_break;f_min_fire_size;f_product_level
WLD,Verden,world,2023-W12,burned_area_km2,69567.69,km2,K2,gwis_weekly_burned_area,measured,f_sensor_break;f_min_fire_size;f_product_level
WLD,Verden,world,2023-W13,burned_area_km2,58162.96,km2,K2,gwis_weekly_burned_area,measured,f_sensor_break;f_min_fire_size;f_product_level
WLD,Verden,world,2023-W14,burned_area_km2,72851.55,km2,K2,gwis_weekly_burned_area,measured,f_sensor_break;f_min_fire_size;f_product_level
WLD,Verden,world,2023-W15,burned_area_km2,60241.33,km2,K2,gwis_weekly_burned_area,measured,f_sensor_break;f_min_fire_size;f_product_level
WLD,Verden,world,2023-W16,burned_area_km2,52490.22,km2,K2,gwis_weekly_burned_area,measured,f_sensor_break;f_min_fire_size;f_product_level
WLD,Verden,world,2023-W17,burned_area_km2,47120.94,km2,K2,gwis_weekly_burned_area,measured,f_sensor_break;f_min_fire_size;f_product_level
WLD,Verden,world,2023-W18,burned_area_km2,56481.76,km2,K2,gwis_weekly_burned_area,measured,f_sensor_break;f_min_fire_size;f_product_level
WLD,Verden,world,2023-W19,burned_area_km2,61138.64,km2,K2,gwis_weekly_burned_area,measured,f_sensor_break;f_min_fire_size;f_product_level
WLD,Verden,world,2023-W20,burned_area_km2,44297.68,km2,K2,gwis_weekly_burned_area,measured,f_sensor_break;f_min_fire_size;f_product_level
WLD,Verden,world,2023-W21,burned_area_km2,50807.52,km2,K2,gwis_weekly_burned_area,measured,f_sensor_break;f_min_fire_size;f_product_level
WLD,Verden,world,2023-W22,burned_area_km2,54217.5,km2,K2,gwis_weekly_burned_area,measured,f_sensor_break;f_min_fire_size;f_product_level
WLD,Verden,world,2023-W23,burned_area_km2,52481.65,km2,K2,gwis_weekly_burned_area,measured,f_sensor_break;f_min_fire_size;f_product_level
WLD,Verden,world,2023-W24,burned_area_km2,65531.18,km2,K2,gwis_weekly_burned_area,measured,f_sensor_break;f_min_fire_size;f_product_level
WLD,Verden,world,2023-W25,burned_area_km2,61985.92,km2,K2,gwis_weekly_burned_area,measured,f_sensor_break;f_min_fire_size;f_product_level
WLD,Verden,world,2023-W26,burned_area_km2,66483.16,km2,K2,gwis_weekly_burned_area,measured,f_sensor_break;f_min_fire_size;f_product_level
WLD,Verden,world,2023-W27,burned_area_km2,109469.56,km2,K2,gwis_weekly_burned_area,measured,f_sensor_break;f_min_fire_size;f_product_level
WLD,Verden,world,2023-W28,burned_area_km2,102150.91,km2,K2,gwis_weekly_burned_area,measured,f_sensor_break;f_min_fire_size;f_product_level
WLD,Verden,world,2023-W29,burned_area_km2,95327.84,km2,K2,gwis_weekly_burned_area,measured,f_sensor_break;f_min_fire_size;f_product_level
WLD,Verden,world,2023-W30,burned_area_km2,96842.96,km2,K2,gwis_weekly_burned_area,measured,f_sensor_break;f_min_fire_size;f_product_level
WLD,Verden,world,2023-W31,burned_area_km2,117877.09,km2,K2,gwis_weekly_burned_area,measured,f_sensor_break;f_min_fire_size;f_product_level
WLD,Verden,world,2023-W32,burned_area_km2,107950.1,km2,K2,gwis_weekly_burned_area,measured,f_sensor_break;f_min_fire_size;f_product_level
WLD,Verden,world,2023-W33,burned_area_km2,123209.71,km2,K2,gwis_weekly_burned_area,measured,f_sensor_break;f_min_fire_size;f_product_level
WLD,Verden,world,2023-W34,burned_area_km2,153182.94,km2,K2,gwis_weekly_burned_area,measured,f_sensor_break;f_min_fire_size;f_product_level
WLD,Verden,world,2023-W35,burned_area_km2,120727.9,km2,K2,gwis_weekly_burned_area,measured,f_sensor_break;f_min_fire_size;f_product_level
WLD,Verden,world,2023-W36,burned_area_km2,135864.18,km2,K2,gwis_weekly_burned_area,measured,f_sensor_break;f_min_fire_size;f_product_level
WLD,Verden,world,2023-W37,burned_area_km2,116460.02,km2,K2,gwis_weekly_burned_area,measured,f_sensor_break;f_min_fire_size;f_product_level
WLD,Verden,world,2023-W38,burned_area_km2,105210.37,km2,K2,gwis_weekly_burned_area,measured,f_sensor_break;f_min_fire_size;f_product_level
WLD,Verden,world,2023-W39,burned_area_km2,88057.0,km2,K2,gwis_weekly_burned_area,measured,f_sensor_break;f_min_fire_size;f_product_level
WLD,Verden,world,2023-W40,burned_area_km2,96117.77,km2,K2,gwis_weekly_burned_area,measured,f_sensor_break;f_min_fire_size;f_product_level
WLD,Verden,world,2023-W41,burned_area_km2,97678.9,km2,K2,gwis_weekly_burned_area,measured,f_sensor_break;f_min_fire_size;f_product_level
WLD,Verden,world,2023-W42,burned_area_km2,90573.96,km2,K2,gwis_weekly_burned_area,measured,f_sensor_break;f_min_fire_size;f_product_level
WLD,Verden,world,2023-W43,burned_area_km2,99205.65,km2,K2,gwis_weekly_burned_area,measured,f_sensor_break;f_min_fire_size;f_product_level
WLD,Verden,world,2023-W44,burned_area_km2,61590.64,km2,K2,gwis_weekly_burned_area,measured,f_sensor_break;f_min_fire_size;f_product_level
WLD,Verden,world,2023-W45,burned_area_km2,75781.72,km2,K2,gwis_weekly_burned_area,measured,f_sensor_break;f_min_fire_size;f_product_level
WLD,Verden,world,2023-W46,burned_area_km2,65475.73,km2,K2,gwis_weekly_burned_area,measured,f_sensor_break;f_min_fire_size;f_product_level
WLD,Verden,world,2023-W47,burned_area_km2,43536.3,km2,K2,gwis_weekly_burned_area,measured,f_sensor_break;f_min_fire_size;f_product_level
WLD,Verden,world,2023-W48,burned_area_km2,46455.37,km2,K2,gwis_weekly_burned_area,measured,f_sensor_break;f_min_fire_size;f_product_level
WLD,Verden,world,2023-W49,burned_area_km2,68408.05,km2,K2,gwis_weekly_burned_area,measured,f_sensor_break;f_min_fire_size;f_product_level
WLD,Verden,world,2023-W50,burned_area_km2,63911.74,km2,K2,gwis_weekly_burned_area,measured,f_sensor_break;f_min_fire_size;f_product_level
WLD,Verden,world,2023-W51,burned_area_km2,75823.56,km2,K2,gwis_weekly_burned_area,measured,f_sensor_break;f_min_fire_size;f_product_level
WLD,Verden,world,2023-W52,burned_area_km2,90726.35,km2,K2,gwis_weekly_burned_area,measured,f_sensor_break;f_min_fire_size;f_product_level
WLD,Verden,world,2024-W01,burned_area_km2,60357.17,km2,K2,gwis_weekly_burned_area,measured,f_sensor_break;f_min_fire_size;f_product_level
WLD,Verden,world,2024-W02,burned_area_km2,73427.1,km2,K2,gwis_weekly_burned_area,measured,f_sensor_break;f_min_fire_size;f_product_level
WLD,Verden,world,2024-W03,burned_area_km2,69462.42,km2,K2,gwis_weekly_burned_area,measured,f_sensor_break;f_min_fire_size;f_product_level
WLD,Verden,world,2024-W04,burned_area_km2,66827.6,km2,K2,gwis_weekly_burned_area,measured,f_sensor_break;f_min_fire_size;f_product_level
WLD,Verden,world,2024-W05,burned_area_km2,42219.99,km2,K2,gwis_weekly_burned_area,measured,f_sensor_break;f_min_fire_size;f_product_level
WLD,Verden,world,2024-W06,burned_area_km2,55908.22,km2,K2,gwis_weekly_burned_area,measured,f_sensor_break;f_min_fire_size;f_product_level
WLD,Verden,world,2024-W07,burned_area_km2,44926.06,km2,K2,gwis_weekly_burned_area,measured,f_sensor_break;f_min_fire_size;f_product_level
WLD,Verden,world,2024-W08,burned_area_km2,51418.93,km2,K2,gwis_weekly_burned_area,measured,f_sensor_break;f_min_fire_size;f_product_level
WLD,Verden,world,2024-W09,burned_area_km2,49318.11,km2,K2,gwis_weekly_burned_area,measured,f_sensor_break;f_min_fire_size;f_product_level
WLD,Verden,world,2024-W10,burned_area_km2,48121.84,km2,K2,gwis_weekly_burned_area,measured,f_sensor_break;f_min_fire_size;f_product_level
WLD,Verden,world,2024-W11,burned_area_km2,49782.36,km2,K2,gwis_weekly_burned_area,measured,f_sensor_break;f_min_fire_size;f_product_level
WLD,Verden,world,2024-W12,burned_area_km2,9785.94,km2,K2,gwis_weekly_burned_area,measured,f_sensor_break;f_min_fire_size;f_product_level
WLD,Verden,world,2024-W13,burned_area_km2,43444.32,km2,K2,gwis_weekly_burned_area,measured,f_sensor_break;f_min_fire_size;f_product_level
WLD,Verden,world,2024-W14,burned_area_km2,47373.44,km2,K2,gwis_weekly_burned_area,measured,f_sensor_break;f_min_fire_size;f_product_level
WLD,Verden,world,2024-W15,burned_area_km2,48603.01,km2,K2,gwis_weekly_burned_area,measured,f_sensor_break;f_min_fire_size;f_product_level
WLD,Verden,world,2024-W16,burned_area_km2,47374.83,km2,K2,gwis_weekly_burned_area,measured,f_sensor_break;f_min_fire_size;f_product_level
WLD,Verden,world,2024-W17,burned_area_km2,49771.13,km2,K2,gwis_weekly_burned_area,measured,f_sensor_break;f_min_fire_size;f_product_level
WLD,Verden,world,2024-W18,burned_area_km2,41013.95,km2,K2,gwis_weekly_burned_area,measured,f_sensor_break;f_min_fire_size;f_product_level
WLD,Verden,world,2024-W19,burned_area_km2,44012.41,km2,K2,gwis_weekly_burned_area,measured,f_sensor_break;f_min_fire_size;f_product_level
WLD,Verden,world,2024-W20,burned_area_km2,49107.06,km2,K2,gwis_weekly_burned_area,measured,f_sensor_break;f_min_fire_size;f_product_level
WLD,Verden,world,2024-W21,burned_area_km2,46834.43,km2,K2,gwis_weekly_burned_area,measured,f_sensor_break;f_min_fire_size;f_product_level
WLD,Verden,world,2024-W22,burned_area_km2,44952.53,km2,K2,gwis_weekly_burned_area,measured,f_sensor_break;f_min_fire_size;f_product_level
WLD,Verden,world,2024-W23,burned_area_km2,60634.12,km2,K2,gwis_weekly_burned_area,measured,f_sensor_break;f_min_fire_size;f_product_level
WLD,Verden,world,2024-W24,burned_area_km2,69047.08,km2,K2,gwis_weekly_burned_area,measured,f_sensor_break;f_min_fire_size;f_product_level
WLD,Verden,world,2024-W25,burned_area_km2,75752.51,km2,K2,gwis_weekly_burned_area,measured,f_sensor_break;f_min_fire_size;f_product_level
WLD,Verden,world,2024-W26,burned_area_km2,75059.59,km2,K2,gwis_weekly_burned_area,measured,f_sensor_break;f_min_fire_size;f_product_level
WLD,Verden,world,2024-W27,burned_area_km2,84555.91,km2,K2,gwis_weekly_burned_area,measured,f_sensor_break;f_min_fire_size;f_product_level
WLD,Verden,world,2024-W28,burned_area_km2,138037.44,km2,K2,gwis_weekly_burned_area,measured,f_sensor_break;f_min_fire_size;f_product_level
WLD,Verden,world,2024-W29,burned_area_km2,102927.07,km2,K2,gwis_weekly_burned_area,measured,f_sensor_break;f_min_fire_size;f_product_level
WLD,Verden,world,2024-W30,burned_area_km2,120671.96,km2,K2,gwis_weekly_burned_area,measured,f_sensor_break;f_min_fire_size;f_product_level
WLD,Verden,world,2024-W31,burned_area_km2,114505.59,km2,K2,gwis_weekly_burned_area,measured,f_sensor_break;f_min_fire_size;f_product_level
WLD,Verden,world,2024-W32,burned_area_km2,145043.76,km2,K2,gwis_weekly_burned_area,measured,f_sensor_break;f_min_fire_size;f_product_level
WLD,Verden,world,2024-W33,burned_area_km2,142410.56,km2,K2,gwis_weekly_burned_area,measured,f_sensor_break;f_min_fire_size;f_product_level
WLD,Verden,world,2024-W34,burned_area_km2,123803.17,km2,K2,gwis_weekly_burned_area,measured,f_sensor_break;f_min_fire_size;f_product_level
WLD,Verden,world,2024-W35,burned_area_km2,109254.24,km2,K2,gwis_weekly_burned_area,measured,f_sensor_break;f_min_fire_size;f_product_level
WLD,Verden,world,2024-W36,burned_area_km2,109346.68,km2,K2,gwis_weekly_burned_area,measured,f_sensor_break;f_min_fire_size;f_product_level
WLD,Verden,world,2024-W37,burned_area_km2,114561.16,km2,K2,gwis_weekly_burned_area,measured,f_sensor_break;f_min_fire_size;f_product_level
WLD,Verden,world,2024-W38,burned_area_km2,85358.38,km2,K2,gwis_weekly_burned_area,measured,f_sensor_break;f_min_fire_size;f_product_level
WLD,Verden,world,2024-W39,burned_area_km2,71190.02,km2,K2,gwis_weekly_burned_area,measured,f_sensor_break;f_min_fire_size;f_product_level
WLD,Verden,world,2024-W40,burned_area_km2,59973.58,km2,K2,gwis_weekly_burned_area,measured,f_sensor_break;f_min_fire_size;f_product_level
WLD,Verden,world,2024-W41,burned_area_km2,53553.39,km2,K2,gwis_weekly_burned_area,measured,f_sensor_break;f_min_fire_size;f_product_level
WLD,Verden,world,2024-W42,burned_area_km2,36796.53,km2,K2,gwis_weekly_burned_area,measured,f_sensor_break;f_min_fire_size;f_product_level
WLD,Verden,world,2024-W43,burned_area_km2,48909.06,km2,K2,gwis_weekly_burned_area,measured,f_sensor_break;f_min_fire_size;f_product_level
WLD,Verden,world,2024-W44,burned_area_km2,56931.56,km2,K2,gwis_weekly_burned_area,measured,f_sensor_break;f_min_fire_size;f_product_level
WLD,Verden,world,2024-W45,burned_area_km2,50946.42,km2,K2,gwis_weekly_burned_area,measured,f_sensor_break;f_min_fire_size;f_product_level
WLD,Verden,world,2024-W46,burned_area_km2,45328.34,km2,K2,gwis_weekly_burned_area,measured,f_sensor_break;f_min_fire_size;f_product_level
WLD,Verden,world,2024-W47,burned_area_km2,42325.34,km2,K2,gwis_weekly_burned_area,measured,f_sensor_break;f_min_fire_size;f_product_level
WLD,Verden,world,2024-W48,burned_area_km2,45552.99,km2,K2,gwis_weekly_burned_area,measured,f_sensor_break;f_min_fire_size;f_product_level
WLD,Verden,world,2024-W49,burned_area_km2,43577.19,km2,K2,gwis_weekly_burned_area,measured,f_sensor_break;f_min_fire_size;f_product_level
WLD,Verden,world,2024-W50,burned_area_km2,58194.27,km2,K2,gwis_weekly_burned_area,measured,f_sensor_break;f_min_fire_size;f_product_level
WLD,Verden,world,2024-W51,burned_area_km2,60793.6,km2,K2,gwis_weekly_burned_area,measured,f_sensor_break;f_min_fire_size;f_product_level
WLD,Verden,world,2024-W52,burned_area_km2,78028.67,km2,K2,gwis_weekly_burned_area,measured,f_sensor_break;f_min_fire_size;f_product_level
WLD,Verden,world,2025-W01,burned_area_km2,65200.06,km2,K2,gwis_weekly_burned_area,measured,f_sensor_break;f_min_fire_size;f_product_level
WLD,Verden,world,2025-W02,burned_area_km2,63145.61,km2,K2,gwis_weekly_burned_area,measured,f_sensor_break;f_min_fire_size;f_product_level
WLD,Verden,world,2025-W03,burned_area_km2,47493.26,km2,K2,gwis_weekly_burned_area,measured,f_sensor_break;f_min_fire_size;f_product_level
WLD,Verden,world,2025-W04,burned_area_km2,62227.46,km2,K2,gwis_weekly_burned_area,measured,f_sensor_break;f_min_fire_size;f_product_level
WLD,Verden,world,2025-W05,burned_area_km2,52934.87,km2,K2,gwis_weekly_burned_area,measured,f_sensor_break;f_min_fire_size;f_product_level
WLD,Verden,world,2025-W06,burned_area_km2,34403.99,km2,K2,gwis_weekly_burned_area,measured,f_sensor_break;f_min_fire_size;f_product_level
WLD,Verden,world,2025-W07,burned_area_km2,49454.46,km2,K2,gwis_weekly_burned_area,measured,f_sensor_break;f_min_fire_size;f_product_level
WLD,Verden,world,2025-W08,burned_area_km2,41223.91,km2,K2,gwis_weekly_burned_area,measured,f_sensor_break;f_min_fire_size;f_product_level
WLD,Verden,world,2025-W09,burned_area_km2,44510.98,km2,K2,gwis_weekly_burned_area,measured,f_sensor_break;f_min_fire_size;f_product_level
WLD,Verden,world,2025-W10,burned_area_km2,45635.41,km2,K2,gwis_weekly_burned_area,measured,f_sensor_break;f_min_fire_size;f_product_level
WLD,Verden,world,2025-W11,burned_area_km2,42398.74,km2,K2,gwis_weekly_burned_area,measured,f_sensor_break;f_min_fire_size;f_product_level
WLD,Verden,world,2025-W12,burned_area_km2,42910.02,km2,K2,gwis_weekly_burned_area,measured,f_sensor_break;f_min_fire_size;f_product_level
WLD,Verden,world,2025-W13,burned_area_km2,37489.2,km2,K2,gwis_weekly_burned_area,measured,f_sensor_break;f_min_fire_size;f_product_level
WLD,Verden,world,2025-W14,burned_area_km2,27588.02,km2,K2,gwis_weekly_burned_area,measured,f_sensor_break;f_min_fire_size;f_product_level
WLD,Verden,world,2025-W15,burned_area_km2,28663.61,km2,K2,gwis_weekly_burned_area,measured,f_sensor_break;f_min_fire_size;f_product_level
WLD,Verden,world,2025-W16,burned_area_km2,24670.05,km2,K2,gwis_weekly_burned_area,measured,f_sensor_break;f_min_fire_size;f_product_level
WLD,Verden,world,2025-W17,burned_area_km2,22715.89,km2,K2,gwis_weekly_burned_area,measured,f_sensor_break;f_min_fire_size;f_product_level
WLD,Verden,world,2025-W18,burned_area_km2,22681.14,km2,K2,gwis_weekly_burned_area,measured,f_sensor_break;f_min_fire_size;f_product_level
WLD,Verden,world,2025-W19,burned_area_km2,33120.26,km2,K2,gwis_weekly_burned_area,measured,f_sensor_break;f_min_fire_size;f_product_level
WLD,Verden,world,2025-W20,burned_area_km2,38298.05,km2,K2,gwis_weekly_burned_area,measured,f_sensor_break;f_min_fire_size;f_product_level
WLD,Verden,world,2025-W21,burned_area_km2,33142.2,km2,K2,gwis_weekly_burned_area,measured,f_sensor_break;f_min_fire_size;f_product_level
WLD,Verden,world,2025-W22,burned_area_km2,31673.39,km2,K2,gwis_weekly_burned_area,measured,f_sensor_break;f_min_fire_size;f_product_level
WLD,Verden,world,2025-W23,burned_area_km2,29997.69,km2,K2,gwis_weekly_burned_area,measured,f_sensor_break;f_min_fire_size;f_product_level
WLD,Verden,world,2025-W24,burned_area_km2,45884.95,km2,K2,gwis_weekly_burned_area,measured,f_sensor_break;f_min_fire_size;f_product_level
WLD,Verden,world,2025-W25,burned_area_km2,39257.78,km2,K2,gwis_weekly_burned_area,measured,f_sensor_break;f_min_fire_size;f_product_level
WLD,Verden,world,2025-W26,burned_area_km2,49857.48,km2,K2,gwis_weekly_burned_area,measured,f_sensor_break;f_min_fire_size;f_product_level
WLD,Verden,world,2025-W27,burned_area_km2,58458.48,km2,K2,gwis_weekly_burned_area,measured,f_sensor_break;f_min_fire_size;f_product_level
WLD,Verden,world,2025-W28,burned_area_km2,49719.66,km2,K2,gwis_weekly_burned_area,measured,f_sensor_break;f_min_fire_size;f_product_level
WLD,Verden,world,2025-W29,burned_area_km2,55508.53,km2,K2,gwis_weekly_burned_area,measured,f_sensor_break;f_min_fire_size;f_product_level
WLD,Verden,world,2025-W30,burned_area_km2,88845.39,km2,K2,gwis_weekly_burned_area,measured,f_sensor_break;f_min_fire_size;f_product_level
WLD,Verden,world,2025-W31,burned_area_km2,90403.1,km2,K2,gwis_weekly_burned_area,measured,f_sensor_break;f_min_fire_size;f_product_level
WLD,Verden,world,2025-W32,burned_area_km2,61628.3,km2,K2,gwis_weekly_burned_area,measured,f_sensor_break;f_min_fire_size;f_product_level
WLD,Verden,world,2025-W33,burned_area_km2,97538.47,km2,K2,gwis_weekly_burned_area,measured,f_sensor_break;f_min_fire_size;f_product_level
WLD,Verden,world,2025-W34,burned_area_km2,117701.7,km2,K2,gwis_weekly_burned_area,measured,f_sensor_break;f_min_fire_size;f_product_level
WLD,Verden,world,2025-W35,burned_area_km2,119457.44,km2,K2,gwis_weekly_burned_area,measured,f_sensor_break;f_min_fire_size;f_product_level
WLD,Verden,world,2025-W36,burned_area_km2,73707.47,km2,K2,gwis_weekly_burned_area,measured,f_sensor_break;f_min_fire_size;f_product_level
WLD,Verden,world,2025-W37,burned_area_km2,72048.56,km2,K2,gwis_weekly_burned_area,measured,f_sensor_break;f_min_fire_size;f_product_level
WLD,Verden,world,2025-W38,burned_area_km2,63230.04,km2,K2,gwis_weekly_burned_area,measured,f_sensor_break;f_min_fire_size;f_product_level
WLD,Verden,world,2025-W39,burned_area_km2,59929.93,km2,K2,gwis_weekly_burned_area,measured,f_sensor_break;f_min_fire_size;f_product_level
WLD,Verden,world,2025-W40,burned_area_km2,65361.41,km2,K2,gwis_weekly_burned_area,measured,f_sensor_break;f_min_fire_size;f_product_level
WLD,Verden,world,2025-W41,burned_area_km2,56811.65,km2,K2,gwis_weekly_burned_area,measured,f_sensor_break;f_min_fire_size;f_product_level
WLD,Verden,world,2025-W42,burned_area_km2,70701.61,km2,K2,gwis_weekly_burned_area,measured,f_sensor_break;f_min_fire_size;f_product_level
WLD,Verden,world,2025-W43,burned_area_km2,58174.39,km2,K2,gwis_weekly_burned_area,measured,f_sensor_break;f_min_fire_size;f_product_level
WLD,Verden,world,2025-W44,burned_area_km2,46434.5,km2,K2,gwis_weekly_burned_area,measured,f_sensor_break;f_min_fire_size;f_product_level
WLD,Verden,world,2025-W45,burned_area_km2,33508.06,km2,K2,gwis_weekly_burned_area,measured,f_sensor_break;f_min_fire_size;f_product_level
WLD,Verden,world,2025-W46,burned_area_km2,36947.64,km2,K2,gwis_weekly_burned_area,measured,f_sensor_break;f_min_fire_size;f_product_level
WLD,Verden,world,2025-W47,burned_area_km2,39822.67,km2,K2,gwis_weekly_burned_area,measured,f_sensor_break;f_min_fire_size;f_product_level
WLD,Verden,world,2025-W48,burned_area_km2,36101.88,km2,K2,gwis_weekly_burned_area,measured,f_sensor_break;f_min_fire_size;f_product_level
WLD,Verden,world,2025-W49,burned_area_km2,32709.25,km2,K2,gwis_weekly_burned_area,measured,f_sensor_break;f_min_fire_size;f_product_level
WLD,Verden,world,2025-W50,burned_area_km2,44696.11,km2,K2,gwis_weekly_burned_area,measured,f_sensor_break;f_min_fire_size;f_product_level
WLD,Verden,world,2025-W51,burned_area_km2,34248.6,km2,K2,gwis_weekly_burned_area,measured,f_sensor_break;f_min_fire_size;f_product_level
WLD,Verden,world,2025-W52,burned_area_km2,33472.99,km2,K2,gwis_weekly_burned_area,measured,f_sensor_break;f_min_fire_size;f_product_level
WLD,Verden,world,2026-W01,burned_area_km2,55694.86,km2,K2,gwis_weekly_burned_area,measured,f_sensor_break;f_min_fire_size;f_product_level;f_incomplete_year
WLD,Verden,world,2026-W02,burned_area_km2,51021.45,km2,K2,gwis_weekly_burned_area,measured,f_sensor_break;f_min_fire_size;f_product_level;f_incomplete_year
WLD,Verden,world,2026-W03,burned_area_km2,46269.27,km2,K2,gwis_weekly_burned_area,measured,f_sensor_break;f_min_fire_size;f_product_level;f_incomplete_year
WLD,Verden,world,2026-W04,burned_area_km2,52515.92,km2,K2,gwis_weekly_burned_area,measured,f_sensor_break;f_min_fire_size;f_product_level;f_incomplete_year
WLD,Verden,world,2026-W05,burned_area_km2,30255.75,km2,K2,gwis_weekly_burned_area,measured,f_sensor_break;f_min_fire_size;f_product_level;f_incomplete_year
WLD,Verden,world,2026-W06,burned_area_km2,31564.91,km2,K2,gwis_weekly_burned_area,measured,f_sensor_break;f_min_fire_size;f_product_level;f_incomplete_year
WLD,Verden,world,2026-W07,burned_area_km2,37758.72,km2,K2,gwis_weekly_burned_area,measured,f_sensor_break;f_min_fire_size;f_product_level;f_incomplete_year
WLD,Verden,world,2026-W08,burned_area_km2,42163.12,km2,K2,gwis_weekly_burned_area,measured,f_sensor_break;f_min_fire_size;f_product_level;f_incomplete_year
WLD,Verden,world,2026-W09,burned_area_km2,43650.68,km2,K2,gwis_weekly_burned_area,measured,f_sensor_break;f_min_fire_size;f_product_level;f_incomplete_year
WLD,Verden,world,2026-W10,burned_area_km2,32287.71,km2,K2,gwis_weekly_burned_area,measured,f_sensor_break;f_min_fire_size;f_product_level;f_incomplete_year
WLD,Verden,world,2026-W11,burned_area_km2,26268.17,km2,K2,gwis_weekly_burned_area,measured,f_sensor_break;f_min_fire_size;f_product_level;f_incomplete_year
WLD,Verden,world,2026-W12,burned_area_km2,40741.58,km2,K2,gwis_weekly_burned_area,measured,f_sensor_break;f_min_fire_size;f_product_level;f_incomplete_year
WLD,Verden,world,2026-W13,burned_area_km2,42010.63,km2,K2,gwis_weekly_burned_area,measured,f_sensor_break;f_min_fire_size;f_product_level;f_incomplete_year
WLD,Verden,world,2026-W14,burned_area_km2,38896.23,km2,K2,gwis_weekly_burned_area,measured,f_sensor_break;f_min_fire_size;f_product_level;f_incomplete_year
WLD,Verden,world,2026-W15,burned_area_km2,46238.83,km2,K2,gwis_weekly_burned_area,measured,f_sensor_break;f_min_fire_size;f_product_level;f_incomplete_year
WLD,Verden,world,2026-W16,burned_area_km2,27126.62,km2,K2,gwis_weekly_burned_area,measured,f_sensor_break;f_min_fire_size;f_product_level;f_incomplete_year
WLD,Verden,world,2026-W17,burned_area_km2,21806.9,km2,K2,gwis_weekly_burned_area,measured,f_sensor_break;f_min_fire_size;f_product_level;f_incomplete_year
WLD,Verden,world,2026-W18,burned_area_km2,19495.55,km2,K2,gwis_weekly_burned_area,measured,f_sensor_break;f_min_fire_size;f_product_level;f_incomplete_year
WLD,Verden,world,2026-W19,burned_area_km2,21781.38,km2,K2,gwis_weekly_burned_area,measured,f_sensor_break;f_min_fire_size;f_product_level;f_incomplete_year
WLD,Verden,world,2026-W20,burned_area_km2,19528.37,km2,K2,gwis_weekly_burned_area,measured,f_sensor_break;f_min_fire_size;f_product_level;f_incomplete_year
WLD,Verden,world,2026-W21,burned_area_km2,23947.11,km2,K2,gwis_weekly_burned_area,measured,f_sensor_break;f_min_fire_size;f_product_level;f_incomplete_year
WLD,Verden,world,2026-W22,burned_area_km2,25949.22,km2,K2,gwis_weekly_burned_area,measured,f_sensor_break;f_min_fire_size;f_product_level;f_incomplete_year
WLD,Verden,world,2026-W23,burned_area_km2,28356.21,km2,K2,gwis_weekly_burned_area,measured,f_sensor_break;f_min_fire_size;f_product_level;f_incomplete_year
WLD,Verden,world,2026-W24,burned_area_km2,35672.09,km2,K2,gwis_weekly_burned_area,measured,f_sensor_break;f_min_fire_size;f_product_level;f_incomplete_year
WLD,Verden,world,2026-W25,burned_area_km2,36570.91,km2,K2,gwis_weekly_burned_area,measured,f_sensor_break;f_min_fire_size;f_product_level;f_incomplete_year
WLD,Verden,world,2026-W26,burned_area_km2,45519.65,km2,K2,gwis_weekly_burned_area,measured,f_sensor_break;f_min_fire_size;f_product_level;f_incomplete_year
WLD,Verden,world,2026-W27,burned_area_km2,53829.48,km2,K2,gwis_weekly_burned_area,measured,f_sensor_break;f_min_fire_size;f_product_level;f_incomplete_year
WLD,Verden,world,2026-W28,burned_area_km2,26597.65,km2,K2,gwis_weekly_burned_area,measured,f_sensor_break;f_min_fire_size;f_product_level;f_incomplete_year
WLD,Verden,world,2026-W29,burned_area_km2,59407.26,km2,K2,gwis_weekly_burned_area,measured,f_sensor_break;f_min_fire_size;f_product_level;f_incomplete_year
WLD,Verden,world,2026-W30,burned_area_km2,64786.35,km2,K2,gwis_weekly_burned_area,measured,f_sensor_break;f_min_fire_size;f_product_level;f_incomplete_year
WLD,Verden,world,2026-W31,burned_area_km2,58731.17,km2,K2,gwis_weekly_burned_area,measured,f_sensor_break;f_min_fire_size;f_product_level;f_incomplete_year
