entity,entity_name,level,period,indicator,value,unit,source_id,series_id,quality,footnotes
CAN,Canada,country,1959,fire_count,1632,count,K7,cnfdb_annual_fire_count,reported,f_reporting_basis;f_incomplete_inventory
CAN,Canada,country,1960,fire_count,2856,count,K7,cnfdb_annual_fire_count,reported,f_reporting_basis;f_incomplete_inventory
CAN,Canada,country,1961,fire_count,4219,count,K7,cnfdb_annual_fire_count,reported,f_reporting_basis;f_incomplete_inventory
CAN,Canada,country,1962,fire_count,1957,count,K7,cnfdb_annual_fire_count,reported,f_reporting_basis;f_incomplete_inventory
CAN,Canada,country,1963,fire_count,3047,count,K7,cnfdb_annual_fire_count,reported,f_reporting_basis;f_incomplete_inventory
CAN,Canada,country,1964,fire_count,1712,count,K7,cnfdb_annual_fire_count,reported,f_reporting_basis;f_incomplete_inventory
CAN,Canada,country,1965,fire_count,3177,count,K7,cnfdb_annual_fire_count,reported,f_reporting_basis;f_incomplete_inventory
CAN,Canada,country,1966,fire_count,2718,count,K7,cnfdb_annual_fire_count,reported,f_reporting_basis;f_incomplete_inventory
CAN,Canada,country,1967,fire_count,4421,count,K7,cnfdb_annual_fire_count,reported,f_reporting_basis;f_incomplete_inventory
CAN,Canada,country,1968,fire_count,2767,count,K7,cnfdb_annual_fire_count,reported,f_reporting_basis;f_incomplete_inventory
CAN,Canada,country,1969,fire_count,3550,count,K7,cnfdb_annual_fire_count,reported,f_reporting_basis;f_incomplete_inventory
CAN,Canada,country,1970,fire_count,5540,count,K7,cnfdb_annual_fire_count,reported,f_reporting_basis;f_incomplete_inventory
CAN,Canada,country,1971,fire_count,4865,count,K7,cnfdb_annual_fire_count,reported,f_reporting_basis;f_incomplete_inventory
CAN,Canada,country,1972,fire_count,4875,count,K7,cnfdb_annual_fire_count,reported,f_reporting_basis;f_incomplete_inventory
CAN,Canada,country,1973,fire_count,5154,count,K7,cnfdb_annual_fire_count,reported,f_reporting_basis;f_incomplete_inventory
CAN,Canada,country,1974,fire_count,5021,count,K7,cnfdb_annual_fire_count,reported,f_reporting_basis;f_incomplete_inventory
CAN,Canada,country,1975,fire_count,6339,count,K7,cnfdb_annual_fire_count,reported,f_reporting_basis;f_incomplete_inventory
CAN,Canada,country,1976,fire_count,8286,count,K7,cnfdb_annual_fire_count,reported,f_reporting_basis;f_incomplete_inventory
CAN,Canada,country,1977,fire_count,7057,count,K7,cnfdb_annual_fire_count,reported,f_reporting_basis;f_incomplete_inventory
CAN,Canada,country,1978,fire_count,5778,count,K7,cnfdb_annual_fire_count,reported,f_reporting_basis;f_incomplete_inventory
CAN,Canada,country,1979,fire_count,8296,count,K7,cnfdb_annual_fire_count,reported,f_reporting_basis;f_incomplete_inventory
CAN,Canada,country,1980,fire_count,7483,count,K7,cnfdb_annual_fire_count,reported,f_reporting_basis;f_incomplete_inventory
CAN,Canada,country,1981,fire_count,9242,count,K7,cnfdb_annual_fire_count,reported,f_reporting_basis;f_incomplete_inventory
CAN,Canada,country,1982,fire_count,7748,count,K7,cnfdb_annual_fire_count,reported,f_reporting_basis;f_incomplete_inventory
CAN,Canada,country,1983,fire_count,7978,count,K7,cnfdb_annual_fire_count,reported,f_reporting_basis;f_incomplete_inventory
CAN,Canada,country,1984,fire_count,8484,count,K7,cnfdb_annual_fire_count,reported,f_reporting_basis;f_incomplete_inventory
CAN,Canada,country,1985,fire_count,7760,count,K7,cnfdb_annual_fire_count,reported,f_reporting_basis;f_incomplete_inventory
CAN,Canada,country,1986,fire_count,6091,count,K7,cnfdb_annual_fire_count,reported,f_reporting_basis;f_incomplete_inventory
CAN,Canada,country,1987,fire_count,10465,count,K7,cnfdb_annual_fire_count,reported,f_reporting_basis;f_incomplete_inventory
CAN,Canada,country,1988,fire_count,10168,count,K7,cnfdb_annual_fire_count,reported,f_reporting_basis;f_incomplete_inventory
CAN,Canada,country,1989,fire_count,12015,count,K7,cnfdb_annual_fire_count,reported,f_reporting_basis;f_incomplete_inventory
CAN,Canada,country,1990,fire_count,9974,count,K7,cnfdb_annual_fire_count,reported,f_reporting_basis;f_incomplete_inventory
CAN,Canada,country,1991,fire_count,10183,count,K7,cnfdb_annual_fire_count,reported,f_reporting_basis;f_incomplete_inventory
CAN,Canada,country,1992,fire_count,8967,count,K7,cnfdb_annual_fire_count,reported,f_reporting_basis;f_incomplete_inventory
CAN,Canada,country,1993,fire_count,5949,count,K7,cnfdb_annual_fire_count,reported,f_reporting_basis;f_incomplete_inventory
CAN,Canada,country,1994,fire_count,9663,count,K7,cnfdb_annual_fire_count,reported,f_reporting_basis;f_incomplete_inventory
CAN,Canada,country,1995,fire_count,8463,count,K7,cnfdb_annual_fire_count,reported,f_reporting_basis;f_incomplete_inventory
CAN,Canada,country,1996,fire_count,6406,count,K7,cnfdb_annual_fire_count,reported,f_reporting_basis;f_incomplete_inventory
CAN,Canada,country,1997,fire_count,6064,count,K7,cnfdb_annual_fire_count,reported,f_reporting_basis;f_incomplete_inventory
CAN,Canada,country,1998,fire_count,10766,count,K7,cnfdb_annual_fire_count,reported,f_reporting_basis;f_incomplete_inventory
CAN,Canada,country,1999,fire_count,7598,count,K7,cnfdb_annual_fire_count,reported,f_reporting_basis;f_incomplete_inventory
CAN,Canada,country,2000,fire_count,5403,count,K7,cnfdb_annual_fire_count,reported,f_reporting_basis;f_incomplete_inventory
CAN,Canada,country,2001,fire_count,7732,count,K7,cnfdb_annual_fire_count,reported,f_reporting_basis;f_incomplete_inventory
CAN,Canada,country,2002,fire_count,7849,count,K7,cnfdb_annual_fire_count,reported,f_reporting_basis;f_incomplete_inventory
CAN,Canada,country,2003,fire_count,8257,count,K7,cnfdb_annual_fire_count,reported,f_reporting_basis;f_incomplete_inventory
CAN,Canada,country,2004,fire_count,6470,count,K7,cnfdb_annual_fire_count,reported,f_reporting_basis;f_incomplete_inventory
CAN,Canada,country,2005,fire_count,7442,count,K7,cnfdb_annual_fire_count,reported,f_reporting_basis;f_incomplete_inventory
CAN,Canada,country,2006,fire_count,9719,count,K7,cnfdb_annual_fire_count,reported,f_reporting_basis;f_incomplete_inventory
CAN,Canada,country,2007,fire_count,6911,count,K7,cnfdb_annual_fire_count,reported,f_reporting_basis;f_incomplete_inventory
CAN,Canada,country,2008,fire_count,6235,count,K7,cnfdb_annual_fire_count,reported,f_reporting_basis;f_incomplete_inventory
CAN,Canada,country,2009,fire_count,7138,count,K7,cnfdb_annual_fire_count,reported,f_reporting_basis;f_incomplete_inventory
CAN,Canada,country,2010,fire_count,7315,count,K7,cnfdb_annual_fire_count,reported,f_reporting_basis;f_incomplete_inventory
CAN,Canada,country,2011,fire_count,4675,count,K7,cnfdb_annual_fire_count,reported,f_reporting_basis;f_incomplete_inventory
CAN,Canada,country,2012,fire_count,7911,count,K7,cnfdb_annual_fire_count,reported,f_reporting_basis;f_incomplete_inventory
CAN,Canada,country,2013,fire_count,6246,count,K7,cnfdb_annual_fire_count,reported,f_reporting_basis;f_incomplete_inventory
CAN,Canada,country,2014,fire_count,5016,count,K7,cnfdb_annual_fire_count,reported,f_reporting_basis;f_incomplete_inventory
CAN,Canada,country,2015,fire_count,7029,count,K7,cnfdb_annual_fire_count,reported,f_reporting_basis;f_incomplete_inventory
CAN,Canada,country,2016,fire_count,5259,count,K7,cnfdb_annual_fire_count,reported,f_reporting_basis;f_incomplete_inventory
CAN,Canada,country,2017,fire_count,5654,count,K7,cnfdb_annual_fire_count,reported,f_reporting_basis;f_incomplete_inventory
CAN,Canada,country,2018,fire_count,7111,count,K7,cnfdb_annual_fire_count,reported,f_reporting_basis;f_incomplete_inventory
CAN,Canada,country,2019,fire_count,4062,count,K7,cnfdb_annual_fire_count,reported,f_reporting_basis;f_incomplete_inventory
CAN,Canada,country,2020,fire_count,4014,count,K7,cnfdb_annual_fire_count,reported,f_reporting_basis;f_incomplete_inventory
CAN,Canada,country,2021,fire_count,6710,count,K7,cnfdb_annual_fire_count,reported,f_reporting_basis;f_incomplete_inventory
CAN,Canada,country,2022,fire_count,5658,count,K7,cnfdb_annual_fire_count,reported,f_reporting_basis;f_incomplete_inventory
CAN,Canada,country,2023,fire_count,6837,count,K7,cnfdb_annual_fire_count,reported,f_reporting_basis;f_incomplete_inventory
CAN,Canada,country,2024,fire_count,5844,count,K7,cnfdb_annual_fire_count,reported,f_reporting_basis;f_incomplete_inventory
CAN,Canada,country,2025,fire_count,6199,count,K7,cnfdb_annual_fire_count,reported,f_reporting_basis;f_incomplete_inventory
AUT,Østerrike,country,1993,fire_count,112,count,K3,effis_annual_country_fire_count,reported,f_reporting_basis;f_coverage_change
AUT,Østerrike,country,1994,fire_count,105,count,K3,effis_annual_country_fire_count,reported,f_reporting_basis;f_coverage_change
AUT,Østerrike,country,1995,fire_count,54,count,K3,effis_annual_country_fire_count,reported,f_reporting_basis;f_coverage_change
AUT,Østerrike,country,1996,fire_count,26,count,K3,effis_annual_country_fire_count,reported,f_reporting_basis;f_coverage_change
AUT,Østerrike,country,1997,fire_count,42,count,K3,effis_annual_country_fire_count,reported,f_reporting_basis;f_coverage_change
AUT,Østerrike,country,1998,fire_count,71,count,K3,effis_annual_country_fire_count,reported,f_reporting_basis;f_coverage_change
AUT,Østerrike,country,1999,fire_count,16,count,K3,effis_annual_country_fire_count,reported,f_reporting_basis;f_coverage_change
AUT,Østerrike,country,2000,fire_count,42,count,K3,effis_annual_country_fire_count,reported,f_reporting_basis;f_coverage_change
AUT,Østerrike,country,2001,fire_count,54,count,K3,effis_annual_country_fire_count,reported,f_reporting_basis;f_coverage_change
AUT,Østerrike,country,2002,fire_count,108,count,K3,effis_annual_country_fire_count,reported,f_reporting_basis;f_coverage_change
AUT,Østerrike,country,2003,fire_count,238,count,K3,effis_annual_country_fire_count,reported,f_reporting_basis;f_coverage_change
AUT,Østerrike,country,2004,fire_count,72,count,K3,effis_annual_country_fire_count,reported,f_reporting_basis;f_coverage_change
AUT,Østerrike,country,2005,fire_count,85,count,K3,effis_annual_country_fire_count,reported,f_reporting_basis;f_coverage_change
AUT,Østerrike,country,2006,fire_count,133,count,K3,effis_annual_country_fire_count,reported,f_reporting_basis;f_coverage_change
AUT,Østerrike,country,2007,fire_count,256,count,K3,effis_annual_country_fire_count,reported,f_reporting_basis;f_coverage_change
AUT,Østerrike,country,2008,fire_count,185,count,K3,effis_annual_country_fire_count,reported,f_reporting_basis;f_coverage_change
AUT,Østerrike,country,2009,fire_count,138,count,K3,effis_annual_country_fire_count,reported,f_reporting_basis;f_coverage_change
AUT,Østerrike,country,2010,fire_count,144,count,K3,effis_annual_country_fire_count,reported,f_reporting_basis;f_coverage_change
AUT,Østerrike,country,2011,fire_count,267,count,K3,effis_annual_country_fire_count,reported,f_reporting_basis;f_coverage_change
AUT,Østerrike,country,2012,fire_count,259,count,K3,effis_annual_country_fire_count,reported,f_reporting_basis;f_coverage_change
AUT,Østerrike,country,2013,fire_count,199,count,K3,effis_annual_country_fire_count,reported,f_reporting_basis;f_coverage_change
AUT,Østerrike,country,2014,fire_count,146,count,K3,effis_annual_country_fire_count,reported,f_reporting_basis;f_coverage_change
AUT,Østerrike,country,2015,fire_count,280,count,K3,effis_annual_country_fire_count,reported,f_reporting_basis;f_coverage_change
AUT,Østerrike,country,2016,fire_count,141,count,K3,effis_annual_country_fire_count,reported,f_reporting_basis;f_coverage_change
AUT,Østerrike,country,2017,fire_count,278,count,K3,effis_annual_country_fire_count,reported,f_reporting_basis;f_coverage_change
AUT,Østerrike,country,2018,fire_count,174,count,K3,effis_annual_country_fire_count,reported,f_reporting_basis;f_coverage_change
AUT,Østerrike,country,2019,fire_count,244,count,K3,effis_annual_country_fire_count,reported,f_reporting_basis;f_coverage_change
AUT,Østerrike,country,2020,fire_count,234,count,K3,effis_annual_country_fire_count,reported,f_reporting_basis;f_coverage_change
AUT,Østerrike,country,2021,fire_count,164,count,K3,effis_annual_country_fire_count,reported,f_reporting_basis;f_coverage_change
AUT,Østerrike,country,2022,fire_count,217,count,K3,effis_annual_country_fire_count,reported,f_reporting_basis;f_coverage_change
AUT,Østerrike,country,2023,fire_count,119,count,K3,effis_annual_country_fire_count,reported,f_reporting_basis;f_coverage_change
AUT,Østerrike,country,2024,fire_count,595,count,K3,effis_annual_country_fire_count,reported,f_reporting_basis;f_coverage_change
BGR,Bulgaria,country,1991,fire_count,73,count,K3,effis_annual_country_fire_count,reported,f_reporting_basis;f_coverage_change
BGR,Bulgaria,country,1992,fire_count,602,count,K3,effis_annual_country_fire_count,reported,f_reporting_basis;f_coverage_change
BGR,Bulgaria,country,1993,fire_count,1196,count,K3,effis_annual_country_fire_count,reported,f_reporting_basis;f_coverage_change
BGR,Bulgaria,country,1994,fire_count,667,count,K3,effis_annual_country_fire_count,reported,f_reporting_basis;f_coverage_change
BGR,Bulgaria,country,1995,fire_count,114,count,K3,effis_annual_country_fire_count,reported,f_reporting_basis;f_coverage_change
BGR,Bulgaria,country,1996,fire_count,246,count,K3,effis_annual_country_fire_count,reported,f_reporting_basis;f_coverage_change
BGR,Bulgaria,country,1997,fire_count,200,count,K3,effis_annual_country_fire_count,reported,f_reporting_basis;f_coverage_change
BGR,Bulgaria,country,1998,fire_count,578,count,K3,effis_annual_country_fire_count,reported,f_reporting_basis;f_coverage_change
BGR,Bulgaria,country,1999,fire_count,320,count,K3,effis_annual_country_fire_count,reported,f_reporting_basis;f_coverage_change
BGR,Bulgaria,country,2000,fire_count,1710,count,K3,effis_annual_country_fire_count,reported,f_reporting_basis;f_coverage_change
BGR,Bulgaria,country,2001,fire_count,825,count,K3,effis_annual_country_fire_count,reported,f_reporting_basis;f_coverage_change
BGR,Bulgaria,country,2002,fire_count,402,count,K3,effis_annual_country_fire_count,reported,f_reporting_basis;f_coverage_change
BGR,Bulgaria,country,2003,fire_count,452,count,K3,effis_annual_country_fire_count,reported,f_reporting_basis;f_coverage_change
BGR,Bulgaria,country,2004,fire_count,294,count,K3,effis_annual_country_fire_count,reported,f_reporting_basis;f_coverage_change
BGR,Bulgaria,country,2005,fire_count,241,count,K3,effis_annual_country_fire_count,reported,f_reporting_basis;f_coverage_change
BGR,Bulgaria,country,2006,fire_count,393,count,K3,effis_annual_country_fire_count,reported,f_reporting_basis;f_coverage_change
BGR,Bulgaria,country,2007,fire_count,1479,count,K3,effis_annual_country_fire_count,reported,f_reporting_basis;f_coverage_change
BGR,Bulgaria,country,2008,fire_count,582,count,K3,effis_annual_country_fire_count,reported,f_reporting_basis;f_coverage_change
BGR,Bulgaria,country,2009,fire_count,314,count,K3,effis_annual_country_fire_count,reported,f_reporting_basis;f_coverage_change
BGR,Bulgaria,country,2010,fire_count,222,count,K3,effis_annual_country_fire_count,reported,f_reporting_basis;f_coverage_change
BGR,Bulgaria,country,2011,fire_count,635,count,K3,effis_annual_country_fire_count,reported,f_reporting_basis;f_coverage_change
BGR,Bulgaria,country,2012,fire_count,876,count,K3,effis_annual_country_fire_count,reported,f_reporting_basis;f_coverage_change
BGR,Bulgaria,country,2013,fire_count,408,count,K3,effis_annual_country_fire_count,reported,f_reporting_basis;f_coverage_change
BGR,Bulgaria,country,2014,fire_count,151,count,K3,effis_annual_country_fire_count,reported,f_reporting_basis;f_coverage_change
BGR,Bulgaria,country,2015,fire_count,429,count,K3,effis_annual_country_fire_count,reported,f_reporting_basis;f_coverage_change
BGR,Bulgaria,country,2016,fire_count,584,count,K3,effis_annual_country_fire_count,reported,f_reporting_basis;f_coverage_change
BGR,Bulgaria,country,2017,fire_count,513,count,K3,effis_annual_country_fire_count,reported,f_reporting_basis;f_coverage_change
BGR,Bulgaria,country,2018,fire_count,222,count,K3,effis_annual_country_fire_count,reported,f_reporting_basis;f_coverage_change
BGR,Bulgaria,country,2019,fire_count,668,count,K3,effis_annual_country_fire_count,reported,f_reporting_basis;f_coverage_change
BGR,Bulgaria,country,2020,fire_count,499,count,K3,effis_annual_country_fire_count,reported,f_reporting_basis;f_coverage_change
BGR,Bulgaria,country,2021,fire_count,349,count,K3,effis_annual_country_fire_count,reported,f_reporting_basis;f_coverage_change
BGR,Bulgaria,country,2022,fire_count,516,count,K3,effis_annual_country_fire_count,reported,f_reporting_basis;f_coverage_change
BGR,Bulgaria,country,2023,fire_count,448,count,K3,effis_annual_country_fire_count,reported,f_reporting_basis;f_coverage_change
BGR,Bulgaria,country,2024,fire_count,106,count,K3,effis_annual_country_fire_count,reported,f_reporting_basis;f_coverage_change
CHE,Sveits,country,1990,fire_count,257,count,K3,effis_annual_country_fire_count,reported,f_reporting_basis;f_coverage_change
CHE,Sveits,country,1991,fire_count,152,count,K3,effis_annual_country_fire_count,reported,f_reporting_basis;f_coverage_change
CHE,Sveits,country,1992,fire_count,86,count,K3,effis_annual_country_fire_count,reported,f_reporting_basis;f_coverage_change
CHE,Sveits,country,1993,fire_count,83,count,K3,effis_annual_country_fire_count,reported,f_reporting_basis;f_coverage_change
CHE,Sveits,country,1994,fire_count,86,count,K3,effis_annual_country_fire_count,reported,f_reporting_basis;f_coverage_change
CHE,Sveits,country,1995,fire_count,96,count,K3,effis_annual_country_fire_count,reported,f_reporting_basis;f_coverage_change
CHE,Sveits,country,1996,fire_count,130,count,K3,effis_annual_country_fire_count,reported,f_reporting_basis;f_coverage_change
CHE,Sveits,country,1997,fire_count,179,count,K3,effis_annual_country_fire_count,reported,f_reporting_basis;f_coverage_change
CHE,Sveits,country,1998,fire_count,121,count,K3,effis_annual_country_fire_count,reported,f_reporting_basis;f_coverage_change
CHE,Sveits,country,1999,fire_count,50,count,K3,effis_annual_country_fire_count,reported,f_reporting_basis;f_coverage_change
CHE,Sveits,country,2000,fire_count,70,count,K3,effis_annual_country_fire_count,reported,f_reporting_basis;f_coverage_change
CHE,Sveits,country,2001,fire_count,67,count,K3,effis_annual_country_fire_count,reported,f_reporting_basis;f_coverage_change
CHE,Sveits,country,2002,fire_count,117,count,K3,effis_annual_country_fire_count,reported,f_reporting_basis;f_coverage_change
CHE,Sveits,country,2003,fire_count,304,count,K3,effis_annual_country_fire_count,reported,f_reporting_basis;f_coverage_change
CHE,Sveits,country,2004,fire_count,94,count,K3,effis_annual_country_fire_count,reported,f_reporting_basis;f_coverage_change
CHE,Sveits,country,2005,fire_count,110,count,K3,effis_annual_country_fire_count,reported,f_reporting_basis;f_coverage_change
CHE,Sveits,country,2006,fire_count,110,count,K3,effis_annual_country_fire_count,reported,f_reporting_basis;f_coverage_change
CHE,Sveits,country,2007,fire_count,120,count,K3,effis_annual_country_fire_count,reported,f_reporting_basis;f_coverage_change
CHE,Sveits,country,2008,fire_count,63,count,K3,effis_annual_country_fire_count,reported,f_reporting_basis;f_coverage_change
CHE,Sveits,country,2009,fire_count,103,count,K3,effis_annual_country_fire_count,reported,f_reporting_basis;f_coverage_change
CHE,Sveits,country,2010,fire_count,88,count,K3,effis_annual_country_fire_count,reported,f_reporting_basis;f_coverage_change
CHE,Sveits,country,2011,fire_count,114,count,K3,effis_annual_country_fire_count,reported,f_reporting_basis;f_coverage_change
CHE,Sveits,country,2012,fire_count,75,count,K3,effis_annual_country_fire_count,reported,f_reporting_basis;f_coverage_change
CHE,Sveits,country,2013,fire_count,58,count,K3,effis_annual_country_fire_count,reported,f_reporting_basis;f_coverage_change
CHE,Sveits,country,2014,fire_count,60,count,K3,effis_annual_country_fire_count,reported,f_reporting_basis;f_coverage_change
CHE,Sveits,country,2015,fire_count,166,count,K3,effis_annual_country_fire_count,reported,f_reporting_basis;f_coverage_change
CHE,Sveits,country,2016,fire_count,82,count,K3,effis_annual_country_fire_count,reported,f_reporting_basis;f_coverage_change
CHE,Sveits,country,2017,fire_count,110,count,K3,effis_annual_country_fire_count,reported,f_reporting_basis;f_coverage_change
CHE,Sveits,country,2018,fire_count,153,count,K3,effis_annual_country_fire_count,reported,f_reporting_basis;f_coverage_change
CHE,Sveits,country,2019,fire_count,79,count,K3,effis_annual_country_fire_count,reported,f_reporting_basis;f_coverage_change
CHE,Sveits,country,2020,fire_count,78,count,K3,effis_annual_country_fire_count,reported,f_reporting_basis;f_coverage_change
CHE,Sveits,country,2021,fire_count,85,count,K3,effis_annual_country_fire_count,reported,f_reporting_basis;f_coverage_change
CHE,Sveits,country,2022,fire_count,115,count,K3,effis_annual_country_fire_count,reported,f_reporting_basis;f_coverage_change
CHE,Sveits,country,2023,fire_count,144,count,K3,effis_annual_country_fire_count,reported,f_reporting_basis;f_coverage_change
CHE,Sveits,country,2024,fire_count,46,count,K3,effis_annual_country_fire_count,reported,f_reporting_basis;f_coverage_change
CYP,Kypros,country,2000,fire_count,285,count,K3,effis_annual_country_fire_count,reported,f_reporting_basis;f_coverage_change
CYP,Kypros,country,2001,fire_count,299,count,K3,effis_annual_country_fire_count,reported,f_reporting_basis;f_coverage_change
CYP,Kypros,country,2002,fire_count,243,count,K3,effis_annual_country_fire_count,reported,f_reporting_basis;f_coverage_change
CYP,Kypros,country,2003,fire_count,427,count,K3,effis_annual_country_fire_count,reported,f_reporting_basis;f_coverage_change
CYP,Kypros,country,2004,fire_count,221,count,K3,effis_annual_country_fire_count,reported,f_reporting_basis;f_coverage_change
CYP,Kypros,country,2005,fire_count,185,count,K3,effis_annual_country_fire_count,reported,f_reporting_basis;f_coverage_change
CYP,Kypros,country,2006,fire_count,172,count,K3,effis_annual_country_fire_count,reported,f_reporting_basis;f_coverage_change
CYP,Kypros,country,2007,fire_count,111,count,K3,effis_annual_country_fire_count,reported,f_reporting_basis;f_coverage_change
CYP,Kypros,country,2008,fire_count,114,count,K3,effis_annual_country_fire_count,reported,f_reporting_basis;f_coverage_change
CYP,Kypros,country,2009,fire_count,91,count,K3,effis_annual_country_fire_count,reported,f_reporting_basis;f_coverage_change
CYP,Kypros,country,2010,fire_count,133,count,K3,effis_annual_country_fire_count,reported,f_reporting_basis;f_coverage_change
CYP,Kypros,country,2011,fire_count,85,count,K3,effis_annual_country_fire_count,reported,f_reporting_basis;f_coverage_change
CYP,Kypros,country,2012,fire_count,78,count,K3,effis_annual_country_fire_count,reported,f_reporting_basis;f_coverage_change
CYP,Kypros,country,2013,fire_count,135,count,K3,effis_annual_country_fire_count,reported,f_reporting_basis;f_coverage_change
CYP,Kypros,country,2014,fire_count,68,count,K3,effis_annual_country_fire_count,reported,f_reporting_basis;f_coverage_change
CYP,Kypros,country,2015,fire_count,87,count,K3,effis_annual_country_fire_count,reported,f_reporting_basis;f_coverage_change
CYP,Kypros,country,2016,fire_count,119,count,K3,effis_annual_country_fire_count,reported,f_reporting_basis;f_coverage_change
CYP,Kypros,country,2017,fire_count,92,count,K3,effis_annual_country_fire_count,reported,f_reporting_basis;f_coverage_change
CYP,Kypros,country,2018,fire_count,131,count,K3,effis_annual_country_fire_count,reported,f_reporting_basis;f_coverage_change
CYP,Kypros,country,2019,fire_count,99,count,K3,effis_annual_country_fire_count,reported,f_reporting_basis;f_coverage_change
CYP,Kypros,country,2020,fire_count,108,count,K3,effis_annual_country_fire_count,reported,f_reporting_basis;f_coverage_change
CYP,Kypros,country,2021,fire_count,111,count,K3,effis_annual_country_fire_count,reported,f_reporting_basis;f_coverage_change
CYP,Kypros,country,2022,fire_count,89,count,K3,effis_annual_country_fire_count,reported,f_reporting_basis;f_coverage_change
CYP,Kypros,country,2023,fire_count,131,count,K3,effis_annual_country_fire_count,reported,f_reporting_basis;f_coverage_change
CYP,Kypros,country,2024,fire_count,121,count,K3,effis_annual_country_fire_count,reported,f_reporting_basis;f_coverage_change
CZE,Tsjekkia,country,1995,fire_count,1331,count,K3,effis_annual_country_fire_count,reported,f_reporting_basis;f_coverage_change
CZE,Tsjekkia,country,1996,fire_count,1421,count,K3,effis_annual_country_fire_count,reported,f_reporting_basis;f_coverage_change
CZE,Tsjekkia,country,1997,fire_count,1398,count,K3,effis_annual_country_fire_count,reported,f_reporting_basis;f_coverage_change
CZE,Tsjekkia,country,1998,fire_count,2563,count,K3,effis_annual_country_fire_count,reported,f_reporting_basis;f_coverage_change
CZE,Tsjekkia,country,1999,fire_count,1402,count,K3,effis_annual_country_fire_count,reported,f_reporting_basis;f_coverage_change
CZE,Tsjekkia,country,2000,fire_count,1499,count,K3,effis_annual_country_fire_count,reported,f_reporting_basis;f_coverage_change
CZE,Tsjekkia,country,2001,fire_count,483,count,K3,effis_annual_country_fire_count,reported,f_reporting_basis;f_coverage_change
CZE,Tsjekkia,country,2002,fire_count,604,count,K3,effis_annual_country_fire_count,reported,f_reporting_basis;f_coverage_change
CZE,Tsjekkia,country,2003,fire_count,1754,count,K3,effis_annual_country_fire_count,reported,f_reporting_basis;f_coverage_change
CZE,Tsjekkia,country,2004,fire_count,873,count,K3,effis_annual_country_fire_count,reported,f_reporting_basis;f_coverage_change
CZE,Tsjekkia,country,2005,fire_count,619,count,K3,effis_annual_country_fire_count,reported,f_reporting_basis;f_coverage_change
CZE,Tsjekkia,country,2006,fire_count,697,count,K3,effis_annual_country_fire_count,reported,f_reporting_basis;f_coverage_change
CZE,Tsjekkia,country,2007,fire_count,805,count,K3,effis_annual_country_fire_count,reported,f_reporting_basis;f_coverage_change
CZE,Tsjekkia,country,2008,fire_count,470,count,K3,effis_annual_country_fire_count,reported,f_reporting_basis;f_coverage_change
CZE,Tsjekkia,country,2009,fire_count,514,count,K3,effis_annual_country_fire_count,reported,f_reporting_basis;f_coverage_change
CZE,Tsjekkia,country,2010,fire_count,732,count,K3,effis_annual_country_fire_count,reported,f_reporting_basis;f_coverage_change
CZE,Tsjekkia,country,2011,fire_count,1337,count,K3,effis_annual_country_fire_count,reported,f_reporting_basis;f_coverage_change
CZE,Tsjekkia,country,2012,fire_count,1549,count,K3,effis_annual_country_fire_count,reported,f_reporting_basis;f_coverage_change
CZE,Tsjekkia,country,2013,fire_count,666,count,K3,effis_annual_country_fire_count,reported,f_reporting_basis;f_coverage_change
CZE,Tsjekkia,country,2014,fire_count,865,count,K3,effis_annual_country_fire_count,reported,f_reporting_basis;f_coverage_change
CZE,Tsjekkia,country,2015,fire_count,1748,count,K3,effis_annual_country_fire_count,reported,f_reporting_basis;f_coverage_change
CZE,Tsjekkia,country,2016,fire_count,892,count,K3,effis_annual_country_fire_count,reported,f_reporting_basis;f_coverage_change
CZE,Tsjekkia,country,2017,fire_count,966,count,K3,effis_annual_country_fire_count,reported,f_reporting_basis;f_coverage_change
CZE,Tsjekkia,country,2018,fire_count,2033,count,K3,effis_annual_country_fire_count,reported,f_reporting_basis;f_coverage_change
CZE,Tsjekkia,country,2019,fire_count,1963,count,K3,effis_annual_country_fire_count,reported,f_reporting_basis;f_coverage_change
CZE,Tsjekkia,country,2020,fire_count,2081,count,K3,effis_annual_country_fire_count,reported,f_reporting_basis;f_coverage_change
CZE,Tsjekkia,country,2021,fire_count,1517,count,K3,effis_annual_country_fire_count,reported,f_reporting_basis;f_coverage_change
CZE,Tsjekkia,country,2022,fire_count,2473,count,K3,effis_annual_country_fire_count,reported,f_reporting_basis;f_coverage_change
CZE,Tsjekkia,country,2023,fire_count,1512,count,K3,effis_annual_country_fire_count,reported,f_reporting_basis;f_coverage_change
CZE,Tsjekkia,country,2024,fire_count,1284,count,K3,effis_annual_country_fire_count,reported,f_reporting_basis;f_coverage_change
DEU,Tyskland,country,1991,fire_count,1846,count,K3,effis_annual_country_fire_count,reported,f_reporting_basis;f_coverage_change
DEU,Tyskland,country,1992,fire_count,3012,count,K3,effis_annual_country_fire_count,reported,f_reporting_basis;f_coverage_change
DEU,Tyskland,country,1993,fire_count,1694,count,K3,effis_annual_country_fire_count,reported,f_reporting_basis;f_coverage_change
DEU,Tyskland,country,1994,fire_count,1696,count,K3,effis_annual_country_fire_count,reported,f_reporting_basis;f_coverage_change
DEU,Tyskland,country,1995,fire_count,1237,count,K3,effis_annual_country_fire_count,reported,f_reporting_basis;f_coverage_change
DEU,Tyskland,country,1996,fire_count,1748,count,K3,effis_annual_country_fire_count,reported,f_reporting_basis;f_coverage_change
DEU,Tyskland,country,1997,fire_count,1467,count,K3,effis_annual_country_fire_count,reported,f_reporting_basis;f_coverage_change
DEU,Tyskland,country,1998,fire_count,1032,count,K3,effis_annual_country_fire_count,reported,f_reporting_basis;f_coverage_change
DEU,Tyskland,country,1999,fire_count,1178,count,K3,effis_annual_country_fire_count,reported,f_reporting_basis;f_coverage_change
DEU,Tyskland,country,2000,fire_count,1210,count,K3,effis_annual_country_fire_count,reported,f_reporting_basis;f_coverage_change
DEU,Tyskland,country,2001,fire_count,587,count,K3,effis_annual_country_fire_count,reported,f_reporting_basis;f_coverage_change
DEU,Tyskland,country,2002,fire_count,513,count,K3,effis_annual_country_fire_count,reported,f_reporting_basis;f_coverage_change
DEU,Tyskland,country,2003,fire_count,2524,count,K3,effis_annual_country_fire_count,reported,f_reporting_basis;f_coverage_change
DEU,Tyskland,country,2004,fire_count,626,count,K3,effis_annual_country_fire_count,reported,f_reporting_basis;f_coverage_change
DEU,Tyskland,country,2005,fire_count,496,count,K3,effis_annual_country_fire_count,reported,f_reporting_basis;f_coverage_change
DEU,Tyskland,country,2006,fire_count,930,count,K3,effis_annual_country_fire_count,reported,f_reporting_basis;f_coverage_change
DEU,Tyskland,country,2007,fire_count,779,count,K3,effis_annual_country_fire_count,reported,f_reporting_basis;f_coverage_change
DEU,Tyskland,country,2008,fire_count,818,count,K3,effis_annual_country_fire_count,reported,f_reporting_basis;f_coverage_change
DEU,Tyskland,country,2009,fire_count,763,count,K3,effis_annual_country_fire_count,reported,f_reporting_basis;f_coverage_change
DEU,Tyskland,country,2010,fire_count,780,count,K3,effis_annual_country_fire_count,reported,f_reporting_basis;f_coverage_change
DEU,Tyskland,country,2011,fire_count,888,count,K3,effis_annual_country_fire_count,reported,f_reporting_basis;f_coverage_change
DEU,Tyskland,country,2012,fire_count,701,count,K3,effis_annual_country_fire_count,reported,f_reporting_basis;f_coverage_change
DEU,Tyskland,country,2013,fire_count,515,count,K3,effis_annual_country_fire_count,reported,f_reporting_basis;f_coverage_change
DEU,Tyskland,country,2014,fire_count,429,count,K3,effis_annual_country_fire_count,reported,f_reporting_basis;f_coverage_change
DEU,Tyskland,country,2015,fire_count,1071,count,K3,effis_annual_country_fire_count,reported,f_reporting_basis;f_coverage_change
DEU,Tyskland,country,2016,fire_count,608,count,K3,effis_annual_country_fire_count,reported,f_reporting_basis;f_coverage_change
DEU,Tyskland,country,2017,fire_count,424,count,K3,effis_annual_country_fire_count,reported,f_reporting_basis;f_coverage_change
DEU,Tyskland,country,2018,fire_count,1708,count,K3,effis_annual_country_fire_count,reported,f_reporting_basis;f_coverage_change
DEU,Tyskland,country,2019,fire_count,1523,count,K3,effis_annual_country_fire_count,reported,f_reporting_basis;f_coverage_change
DEU,Tyskland,country,2020,fire_count,1360,count,K3,effis_annual_country_fire_count,reported,f_reporting_basis;f_coverage_change
DEU,Tyskland,country,2021,fire_count,548,count,K3,effis_annual_country_fire_count,reported,f_reporting_basis;f_coverage_change
DEU,Tyskland,country,2022,fire_count,2397,count,K3,effis_annual_country_fire_count,reported,f_reporting_basis;f_coverage_change
DEU,Tyskland,country,2023,fire_count,1059,count,K3,effis_annual_country_fire_count,reported,f_reporting_basis;f_coverage_change
DEU,Tyskland,country,2024,fire_count,563,count,K3,effis_annual_country_fire_count,reported,f_reporting_basis;f_coverage_change
DZA,Algerie,country,2011,fire_count,2487,count,K3,effis_annual_country_fire_count,reported,f_reporting_basis;f_coverage_change
DZA,Algerie,country,2012,fire_count,5110,count,K3,effis_annual_country_fire_count,reported,f_reporting_basis;f_coverage_change
DZA,Algerie,country,2013,fire_count,2443,count,K3,effis_annual_country_fire_count,reported,f_reporting_basis;f_coverage_change
DZA,Algerie,country,2014,fire_count,4629,count,K3,effis_annual_country_fire_count,reported,f_reporting_basis;f_coverage_change
DZA,Algerie,country,2015,fire_count,2383,count,K3,effis_annual_country_fire_count,reported,f_reporting_basis;f_coverage_change
DZA,Algerie,country,2016,fire_count,3150,count,K3,effis_annual_country_fire_count,reported,f_reporting_basis;f_coverage_change
DZA,Algerie,country,2017,fire_count,2992,count,K3,effis_annual_country_fire_count,reported,f_reporting_basis;f_coverage_change
DZA,Algerie,country,2018,fire_count,797,count,K3,effis_annual_country_fire_count,reported,f_reporting_basis;f_coverage_change
DZA,Algerie,country,2019,fire_count,2278,count,K3,effis_annual_country_fire_count,reported,f_reporting_basis;f_coverage_change
DZA,Algerie,country,2020,fire_count,3493,count,K3,effis_annual_country_fire_count,reported,f_reporting_basis;f_coverage_change
DZA,Algerie,country,2021,fire_count,1631,count,K3,effis_annual_country_fire_count,reported,f_reporting_basis;f_coverage_change
DZA,Algerie,country,2022,fire_count,1607,count,K3,effis_annual_country_fire_count,reported,f_reporting_basis;f_coverage_change
ESP,Spania,country,1980,fire_count,7190,count,K3,effis_annual_country_fire_count,reported,f_reporting_basis;f_coverage_change
ESP,Spania,country,1981,fire_count,10878,count,K3,effis_annual_country_fire_count,reported,f_reporting_basis;f_coverage_change
ESP,Spania,country,1982,fire_count,6545,count,K3,effis_annual_country_fire_count,reported,f_reporting_basis;f_coverage_change
ESP,Spania,country,1983,fire_count,4791,count,K3,effis_annual_country_fire_count,reported,f_reporting_basis;f_coverage_change
ESP,Spania,country,1984,fire_count,7203,count,K3,effis_annual_country_fire_count,reported,f_reporting_basis;f_coverage_change
ESP,Spania,country,1985,fire_count,12238,count,K3,effis_annual_country_fire_count,reported,f_reporting_basis;f_coverage_change
ESP,Spania,country,1986,fire_count,7570,count,K3,effis_annual_country_fire_count,reported,f_reporting_basis;f_coverage_change
ESP,Spania,country,1987,fire_count,8679,count,K3,effis_annual_country_fire_count,reported,f_reporting_basis;f_coverage_change
ESP,Spania,country,1988,fire_count,9247,count,K3,effis_annual_country_fire_count,reported,f_reporting_basis;f_coverage_change
ESP,Spania,country,1989,fire_count,20811,count,K3,effis_annual_country_fire_count,reported,f_reporting_basis;f_coverage_change
ESP,Spania,country,1990,fire_count,12913,count,K3,effis_annual_country_fire_count,reported,f_reporting_basis;f_coverage_change
ESP,Spania,country,1991,fire_count,13531,count,K3,effis_annual_country_fire_count,reported,f_reporting_basis;f_coverage_change
ESP,Spania,country,1992,fire_count,15955,count,K3,effis_annual_country_fire_count,reported,f_reporting_basis;f_coverage_change
ESP,Spania,country,1993,fire_count,14254,count,K3,effis_annual_country_fire_count,reported,f_reporting_basis;f_coverage_change
ESP,Spania,country,1994,fire_count,19263,count,K3,effis_annual_country_fire_count,reported,f_reporting_basis;f_coverage_change
ESP,Spania,country,1995,fire_count,25827,count,K3,effis_annual_country_fire_count,reported,f_reporting_basis;f_coverage_change
ESP,Spania,country,1996,fire_count,16771,count,K3,effis_annual_country_fire_count,reported,f_reporting_basis;f_coverage_change
ESP,Spania,country,1997,fire_count,22320,count,K3,effis_annual_country_fire_count,reported,f_reporting_basis;f_coverage_change
ESP,Spania,country,1998,fire_count,22446,count,K3,effis_annual_country_fire_count,reported,f_reporting_basis;f_coverage_change
ESP,Spania,country,1999,fire_count,18237,count,K3,effis_annual_country_fire_count,reported,f_reporting_basis;f_coverage_change
ESP,Spania,country,2000,fire_count,24118,count,K3,effis_annual_country_fire_count,reported,f_reporting_basis;f_coverage_change
ESP,Spania,country,2001,fire_count,19547,count,K3,effis_annual_country_fire_count,reported,f_reporting_basis;f_coverage_change
ESP,Spania,country,2002,fire_count,19929,count,K3,effis_annual_country_fire_count,reported,f_reporting_basis;f_coverage_change
ESP,Spania,country,2003,fire_count,18616,count,K3,effis_annual_country_fire_count,reported,f_reporting_basis;f_coverage_change
ESP,Spania,country,2004,fire_count,21396,count,K3,effis_annual_country_fire_count,reported,f_reporting_basis;f_coverage_change
ESP,Spania,country,2005,fire_count,25492,count,K3,effis_annual_country_fire_count,reported,f_reporting_basis;f_coverage_change
ESP,Spania,country,2006,fire_count,16354,count,K3,effis_annual_country_fire_count,reported,f_reporting_basis;f_coverage_change
ESP,Spania,country,2007,fire_count,10936,count,K3,effis_annual_country_fire_count,reported,f_reporting_basis;f_coverage_change
ESP,Spania,country,2008,fire_count,11655,count,K3,effis_annual_country_fire_count,reported,f_reporting_basis;f_coverage_change
ESP,Spania,country,2009,fire_count,15643,count,K3,effis_annual_country_fire_count,reported,f_reporting_basis;f_coverage_change
ESP,Spania,country,2010,fire_count,11721,count,K3,effis_annual_country_fire_count,reported,f_reporting_basis;f_coverage_change
ESP,Spania,country,2011,fire_count,16414,count,K3,effis_annual_country_fire_count,reported,f_reporting_basis;f_coverage_change
ESP,Spania,country,2012,fire_count,17503,count,K3,effis_annual_country_fire_count,reported,f_reporting_basis;f_coverage_change
ESP,Spania,country,2013,fire_count,10626,count,K3,effis_annual_country_fire_count,reported,f_reporting_basis;f_coverage_change
ESP,Spania,country,2014,fire_count,9771,count,K3,effis_annual_country_fire_count,reported,f_reporting_basis;f_coverage_change
ESP,Spania,country,2015,fire_count,11928,count,K3,effis_annual_country_fire_count,reported,f_reporting_basis;f_coverage_change
ESP,Spania,country,2016,fire_count,8817,count,K3,effis_annual_country_fire_count,reported,f_reporting_basis;f_coverage_change
ESP,Spania,country,2017,fire_count,13793,count,K3,effis_annual_country_fire_count,reported,f_reporting_basis;f_coverage_change
ESP,Spania,country,2018,fire_count,7143,count,K3,effis_annual_country_fire_count,reported,f_reporting_basis;f_coverage_change
ESP,Spania,country,2019,fire_count,10883,count,K3,effis_annual_country_fire_count,reported,f_reporting_basis;f_coverage_change
ESP,Spania,country,2020,fire_count,7745,count,K3,effis_annual_country_fire_count,reported,f_reporting_basis;f_coverage_change
ESP,Spania,country,2021,fire_count,8780,count,K3,effis_annual_country_fire_count,reported,f_reporting_basis;f_coverage_change
ESP,Spania,country,2022,fire_count,10507,count,K3,effis_annual_country_fire_count,reported,f_reporting_basis;f_coverage_change
ESP,Spania,country,2023,fire_count,7748,count,K3,effis_annual_country_fire_count,reported,f_reporting_basis;f_coverage_change
ESP,Spania,country,2024,fire_count,6134,count,K3,effis_annual_country_fire_count,reported,f_reporting_basis;f_coverage_change
EST,Estland,country,2000,fire_count,158,count,K3,effis_annual_country_fire_count,reported,f_reporting_basis;f_coverage_change
EST,Estland,country,2001,fire_count,91,count,K3,effis_annual_country_fire_count,reported,f_reporting_basis;f_coverage_change
EST,Estland,country,2002,fire_count,356,count,K3,effis_annual_country_fire_count,reported,f_reporting_basis;f_coverage_change
EST,Estland,country,2003,fire_count,111,count,K3,effis_annual_country_fire_count,reported,f_reporting_basis;f_coverage_change
EST,Estland,country,2004,fire_count,89,count,K3,effis_annual_country_fire_count,reported,f_reporting_basis;f_coverage_change
EST,Estland,country,2005,fire_count,65,count,K3,effis_annual_country_fire_count,reported,f_reporting_basis;f_coverage_change
EST,Estland,country,2006,fire_count,248,count,K3,effis_annual_country_fire_count,reported,f_reporting_basis;f_coverage_change
EST,Estland,country,2007,fire_count,64,count,K3,effis_annual_country_fire_count,reported,f_reporting_basis;f_coverage_change
EST,Estland,country,2008,fire_count,71,count,K3,effis_annual_country_fire_count,reported,f_reporting_basis;f_coverage_change
EST,Estland,country,2009,fire_count,47,count,K3,effis_annual_country_fire_count,reported,f_reporting_basis;f_coverage_change
EST,Estland,country,2010,fire_count,30,count,K3,effis_annual_country_fire_count,reported,f_reporting_basis;f_coverage_change
EST,Estland,country,2011,fire_count,24,count,K3,effis_annual_country_fire_count,reported,f_reporting_basis;f_coverage_change
EST,Estland,country,2012,fire_count,5,count,K3,effis_annual_country_fire_count,reported,f_reporting_basis;f_coverage_change
EST,Estland,country,2013,fire_count,15,count,K3,effis_annual_country_fire_count,reported,f_reporting_basis;f_coverage_change
EST,Estland,country,2014,fire_count,91,count,K3,effis_annual_country_fire_count,reported,f_reporting_basis;f_coverage_change
EST,Estland,country,2015,fire_count,67,count,K3,effis_annual_country_fire_count,reported,f_reporting_basis;f_coverage_change
EST,Estland,country,2016,fire_count,84,count,K3,effis_annual_country_fire_count,reported,f_reporting_basis;f_coverage_change
EST,Estland,country,2017,fire_count,61,count,K3,effis_annual_country_fire_count,reported,f_reporting_basis;f_coverage_change
EST,Estland,country,2018,fire_count,230,count,K3,effis_annual_country_fire_count,reported,f_reporting_basis;f_coverage_change
EST,Estland,country,2019,fire_count,143,count,K3,effis_annual_country_fire_count,reported,f_reporting_basis;f_coverage_change
EST,Estland,country,2020,fire_count,24,count,K3,effis_annual_country_fire_count,reported,f_reporting_basis;f_coverage_change
EST,Estland,country,2021,fire_count,32,count,K3,effis_annual_country_fire_count,reported,f_reporting_basis;f_coverage_change
EST,Estland,country,2022,fire_count,26,count,K3,effis_annual_country_fire_count,reported,f_reporting_basis;f_coverage_change
EST,Estland,country,2023,fire_count,33,count,K3,effis_annual_country_fire_count,reported,f_reporting_basis;f_coverage_change
EST,Estland,country,2024,fire_count,25,count,K3,effis_annual_country_fire_count,reported,f_reporting_basis;f_coverage_change
FIN,Finland,country,1996,fire_count,1475,count,K3,effis_annual_country_fire_count,reported,f_reporting_basis;f_coverage_change
FIN,Finland,country,1997,fire_count,1585,count,K3,effis_annual_country_fire_count,reported,f_reporting_basis;f_coverage_change
FIN,Finland,country,1998,fire_count,370,count,K3,effis_annual_country_fire_count,reported,f_reporting_basis;f_coverage_change
FIN,Finland,country,1999,fire_count,1528,count,K3,effis_annual_country_fire_count,reported,f_reporting_basis;f_coverage_change
FIN,Finland,country,2000,fire_count,826,count,K3,effis_annual_country_fire_count,reported,f_reporting_basis;f_coverage_change
FIN,Finland,country,2001,fire_count,822,count,K3,effis_annual_country_fire_count,reported,f_reporting_basis;f_coverage_change
FIN,Finland,country,2002,fire_count,2546,count,K3,effis_annual_country_fire_count,reported,f_reporting_basis;f_coverage_change
FIN,Finland,country,2003,fire_count,1734,count,K3,effis_annual_country_fire_count,reported,f_reporting_basis;f_coverage_change
FIN,Finland,country,2004,fire_count,816,count,K3,effis_annual_country_fire_count,reported,f_reporting_basis;f_coverage_change
FIN,Finland,country,2005,fire_count,1069,count,K3,effis_annual_country_fire_count,reported,f_reporting_basis;f_coverage_change
FIN,Finland,country,2006,fire_count,3046,count,K3,effis_annual_country_fire_count,reported,f_reporting_basis;f_coverage_change
FIN,Finland,country,2007,fire_count,1204,count,K3,effis_annual_country_fire_count,reported,f_reporting_basis;f_coverage_change
FIN,Finland,country,2008,fire_count,1456,count,K3,effis_annual_country_fire_count,reported,f_reporting_basis;f_coverage_change
FIN,Finland,country,2009,fire_count,1242,count,K3,effis_annual_country_fire_count,reported,f_reporting_basis;f_coverage_change
FIN,Finland,country,2010,fire_count,1412,count,K3,effis_annual_country_fire_count,reported,f_reporting_basis;f_coverage_change
FIN,Finland,country,2011,fire_count,1215,count,K3,effis_annual_country_fire_count,reported,f_reporting_basis;f_coverage_change
FIN,Finland,country,2012,fire_count,417,count,K3,effis_annual_country_fire_count,reported,f_reporting_basis;f_coverage_change
FIN,Finland,country,2013,fire_count,1452,count,K3,effis_annual_country_fire_count,reported,f_reporting_basis;f_coverage_change
FIN,Finland,country,2014,fire_count,1660,count,K3,effis_annual_country_fire_count,reported,f_reporting_basis;f_coverage_change
FIN,Finland,country,2015,fire_count,745,count,K3,effis_annual_country_fire_count,reported,f_reporting_basis;f_coverage_change
FIN,Finland,country,2016,fire_count,933,count,K3,effis_annual_country_fire_count,reported,f_reporting_basis;f_coverage_change
FIN,Finland,country,2017,fire_count,881,count,K3,effis_annual_country_fire_count,reported,f_reporting_basis;f_coverage_change
FIN,Finland,country,2018,fire_count,2427,count,K3,effis_annual_country_fire_count,reported,f_reporting_basis;f_coverage_change
FIN,Finland,country,2019,fire_count,1458,count,K3,effis_annual_country_fire_count,reported,f_reporting_basis;f_coverage_change
FIN,Finland,country,2020,fire_count,1260,count,K3,effis_annual_country_fire_count,reported,f_reporting_basis;f_coverage_change
FIN,Finland,country,2021,fire_count,1231,count,K3,effis_annual_country_fire_count,reported,f_reporting_basis;f_coverage_change
FIN,Finland,country,2022,fire_count,1129,count,K3,effis_annual_country_fire_count,reported,f_reporting_basis;f_coverage_change
FIN,Finland,country,2023,fire_count,1346,count,K3,effis_annual_country_fire_count,reported,f_reporting_basis;f_coverage_change
FIN,Finland,country,2024,fire_count,1260,count,K3,effis_annual_country_fire_count,reported,f_reporting_basis;f_coverage_change
FRA,Frankrike,country,1980,fire_count,5040,count,K3,effis_annual_country_fire_count,reported,f_reporting_basis;f_coverage_change
FRA,Frankrike,country,1981,fire_count,5173,count,K3,effis_annual_country_fire_count,reported,f_reporting_basis;f_coverage_change
FRA,Frankrike,country,1982,fire_count,5308,count,K3,effis_annual_country_fire_count,reported,f_reporting_basis;f_coverage_change
FRA,Frankrike,country,1983,fire_count,4659,count,K3,effis_annual_country_fire_count,reported,f_reporting_basis;f_coverage_change
FRA,Frankrike,country,1984,fire_count,5672,count,K3,effis_annual_country_fire_count,reported,f_reporting_basis;f_coverage_change
FRA,Frankrike,country,1985,fire_count,6249,count,K3,effis_annual_country_fire_count,reported,f_reporting_basis;f_coverage_change
FRA,Frankrike,country,1986,fire_count,4353,count,K3,effis_annual_country_fire_count,reported,f_reporting_basis;f_coverage_change
FRA,Frankrike,country,1987,fire_count,3043,count,K3,effis_annual_country_fire_count,reported,f_reporting_basis;f_coverage_change
FRA,Frankrike,country,1988,fire_count,2837,count,K3,effis_annual_country_fire_count,reported,f_reporting_basis;f_coverage_change
FRA,Frankrike,country,1989,fire_count,6763,count,K3,effis_annual_country_fire_count,reported,f_reporting_basis;f_coverage_change
FRA,Frankrike,country,1990,fire_count,5881,count,K3,effis_annual_country_fire_count,reported,f_reporting_basis;f_coverage_change
FRA,Frankrike,country,1991,fire_count,3888,count,K3,effis_annual_country_fire_count,reported,f_reporting_basis;f_coverage_change
FRA,Frankrike,country,1992,fire_count,4002,count,K3,effis_annual_country_fire_count,reported,f_reporting_basis;f_coverage_change
FRA,Frankrike,country,1993,fire_count,4769,count,K3,effis_annual_country_fire_count,reported,f_reporting_basis;f_coverage_change
FRA,Frankrike,country,1994,fire_count,4618,count,K3,effis_annual_country_fire_count,reported,f_reporting_basis;f_coverage_change
FRA,Frankrike,country,1995,fire_count,6563,count,K3,effis_annual_country_fire_count,reported,f_reporting_basis;f_coverage_change
FRA,Frankrike,country,1996,fire_count,6401,count,K3,effis_annual_country_fire_count,reported,f_reporting_basis;f_coverage_change
FRA,Frankrike,country,1997,fire_count,8005,count,K3,effis_annual_country_fire_count,reported,f_reporting_basis;f_coverage_change
FRA,Frankrike,country,1998,fire_count,6289,count,K3,effis_annual_country_fire_count,reported,f_reporting_basis;f_coverage_change
FRA,Frankrike,country,1999,fire_count,4960,count,K3,effis_annual_country_fire_count,reported,f_reporting_basis;f_coverage_change
FRA,Frankrike,country,2000,fire_count,4603,count,K3,effis_annual_country_fire_count,reported,f_reporting_basis;f_coverage_change
FRA,Frankrike,country,2001,fire_count,4309,count,K3,effis_annual_country_fire_count,reported,f_reporting_basis;f_coverage_change
FRA,Frankrike,country,2002,fire_count,4097,count,K3,effis_annual_country_fire_count,reported,f_reporting_basis;f_coverage_change
FRA,Frankrike,country,2003,fire_count,7023,count,K3,effis_annual_country_fire_count,reported,f_reporting_basis;f_coverage_change
FRA,Frankrike,country,2004,fire_count,3775,count,K3,effis_annual_country_fire_count,reported,f_reporting_basis;f_coverage_change
FRA,Frankrike,country,2005,fire_count,4698,count,K3,effis_annual_country_fire_count,reported,f_reporting_basis;f_coverage_change
FRA,Frankrike,country,2006,fire_count,3231,count,K3,effis_annual_country_fire_count,reported,f_reporting_basis;f_coverage_change
FRA,Frankrike,country,2007,fire_count,2690,count,K3,effis_annual_country_fire_count,reported,f_reporting_basis;f_coverage_change
FRA,Frankrike,country,2008,fire_count,1801,count,K3,effis_annual_country_fire_count,reported,f_reporting_basis;f_coverage_change
FRA,Frankrike,country,2009,fire_count,3012,count,K3,effis_annual_country_fire_count,reported,f_reporting_basis;f_coverage_change
FRA,Frankrike,country,2010,fire_count,2443,count,K3,effis_annual_country_fire_count,reported,f_reporting_basis;f_coverage_change
FRA,Frankrike,country,2011,fire_count,2774,count,K3,effis_annual_country_fire_count,reported,f_reporting_basis;f_coverage_change
FRA,Frankrike,country,2012,fire_count,2763,count,K3,effis_annual_country_fire_count,reported,f_reporting_basis;f_coverage_change
FRA,Frankrike,country,2013,fire_count,1510,count,K3,effis_annual_country_fire_count,reported,f_reporting_basis;f_coverage_change
FRA,Frankrike,country,2014,fire_count,1730,count,K3,effis_annual_country_fire_count,reported,f_reporting_basis;f_coverage_change
FRA,Frankrike,country,2015,fire_count,2898,count,K3,effis_annual_country_fire_count,reported,f_reporting_basis;f_coverage_change
FRA,Frankrike,country,2016,fire_count,2775,count,K3,effis_annual_country_fire_count,reported,f_reporting_basis;f_coverage_change
FRA,Frankrike,country,2017,fire_count,3220,count,K3,effis_annual_country_fire_count,reported,f_reporting_basis;f_coverage_change
FRA,Frankrike,country,2018,fire_count,1634,count,K3,effis_annual_country_fire_count,reported,f_reporting_basis;f_coverage_change
FRA,Frankrike,country,2019,fire_count,2949,count,K3,effis_annual_country_fire_count,reported,f_reporting_basis;f_coverage_change
FRA,Frankrike,country,2020,fire_count,2760,count,K3,effis_annual_country_fire_count,reported,f_reporting_basis;f_coverage_change
FRA,Frankrike,country,2021,fire_count,2332,count,K3,effis_annual_country_fire_count,reported,f_reporting_basis;f_coverage_change
FRA,Frankrike,country,2022,fire_count,4215,count,K3,effis_annual_country_fire_count,reported,f_reporting_basis;f_coverage_change
FRA,Frankrike,country,2023,fire_count,2666,count,K3,effis_annual_country_fire_count,reported,f_reporting_basis;f_coverage_change
FRA,Frankrike,country,2024,fire_count,1452,count,K3,effis_annual_country_fire_count,reported,f_reporting_basis;f_coverage_change
GRC,Hellas,country,1980,fire_count,1207,count,K3,effis_annual_country_fire_count,reported,f_reporting_basis;f_coverage_change
GRC,Hellas,country,1981,fire_count,1159,count,K3,effis_annual_country_fire_count,reported,f_reporting_basis;f_coverage_change
GRC,Hellas,country,1982,fire_count,1045,count,K3,effis_annual_country_fire_count,reported,f_reporting_basis;f_coverage_change
GRC,Hellas,country,1983,fire_count,968,count,K3,effis_annual_country_fire_count,reported,f_reporting_basis;f_coverage_change
GRC,Hellas,country,1984,fire_count,1284,count,K3,effis_annual_country_fire_count,reported,f_reporting_basis;f_coverage_change
GRC,Hellas,country,1985,fire_count,1442,count,K3,effis_annual_country_fire_count,reported,f_reporting_basis;f_coverage_change
GRC,Hellas,country,1986,fire_count,1082,count,K3,effis_annual_country_fire_count,reported,f_reporting_basis;f_coverage_change
GRC,Hellas,country,1987,fire_count,1266,count,K3,effis_annual_country_fire_count,reported,f_reporting_basis;f_coverage_change
GRC,Hellas,country,1988,fire_count,1898,count,K3,effis_annual_country_fire_count,reported,f_reporting_basis;f_coverage_change
GRC,Hellas,country,1989,fire_count,1284,count,K3,effis_annual_country_fire_count,reported,f_reporting_basis;f_coverage_change
GRC,Hellas,country,1990,fire_count,1322,count,K3,effis_annual_country_fire_count,reported,f_reporting_basis;f_coverage_change
GRC,Hellas,country,1991,fire_count,858,count,K3,effis_annual_country_fire_count,reported,f_reporting_basis;f_coverage_change
GRC,Hellas,country,1992,fire_count,2582,count,K3,effis_annual_country_fire_count,reported,f_reporting_basis;f_coverage_change
GRC,Hellas,country,1993,fire_count,2406,count,K3,effis_annual_country_fire_count,reported,f_reporting_basis;f_coverage_change
GRC,Hellas,country,1994,fire_count,1763,count,K3,effis_annual_country_fire_count,reported,f_reporting_basis;f_coverage_change
GRC,Hellas,country,1995,fire_count,1438,count,K3,effis_annual_country_fire_count,reported,f_reporting_basis;f_coverage_change
GRC,Hellas,country,1996,fire_count,1508,count,K3,effis_annual_country_fire_count,reported,f_reporting_basis;f_coverage_change
GRC,Hellas,country,1997,fire_count,2273,count,K3,effis_annual_country_fire_count,reported,f_reporting_basis;f_coverage_change
GRC,Hellas,country,1998,fire_count,1842,count,K3,effis_annual_country_fire_count,reported,f_reporting_basis;f_coverage_change
GRC,Hellas,country,1999,fire_count,1486,count,K3,effis_annual_country_fire_count,reported,f_reporting_basis;f_coverage_change
GRC,Hellas,country,2000,fire_count,2581,count,K3,effis_annual_country_fire_count,reported,f_reporting_basis;f_coverage_change
GRC,Hellas,country,2001,fire_count,2535,count,K3,effis_annual_country_fire_count,reported,f_reporting_basis;f_coverage_change
GRC,Hellas,country,2002,fire_count,1141,count,K3,effis_annual_country_fire_count,reported,f_reporting_basis;f_coverage_change
GRC,Hellas,country,2003,fire_count,1452,count,K3,effis_annual_country_fire_count,reported,f_reporting_basis;f_coverage_change
GRC,Hellas,country,2004,fire_count,1748,count,K3,effis_annual_country_fire_count,reported,f_reporting_basis;f_coverage_change
GRC,Hellas,country,2005,fire_count,1544,count,K3,effis_annual_country_fire_count,reported,f_reporting_basis;f_coverage_change
GRC,Hellas,country,2006,fire_count,1417,count,K3,effis_annual_country_fire_count,reported,f_reporting_basis;f_coverage_change
GRC,Hellas,country,2007,fire_count,1983,count,K3,effis_annual_country_fire_count,reported,f_reporting_basis;f_coverage_change
GRC,Hellas,country,2008,fire_count,1481,count,K3,effis_annual_country_fire_count,reported,f_reporting_basis;f_coverage_change
GRC,Hellas,country,2009,fire_count,1063,count,K3,effis_annual_country_fire_count,reported,f_reporting_basis;f_coverage_change
GRC,Hellas,country,2010,fire_count,1052,count,K3,effis_annual_country_fire_count,reported,f_reporting_basis;f_coverage_change
GRC,Hellas,country,2011,fire_count,1613,count,K3,effis_annual_country_fire_count,reported,f_reporting_basis;f_coverage_change
GRC,Hellas,country,2012,fire_count,1559,count,K3,effis_annual_country_fire_count,reported,f_reporting_basis;f_coverage_change
GRC,Hellas,country,2013,fire_count,862,count,K3,effis_annual_country_fire_count,reported,f_reporting_basis;f_coverage_change
GRC,Hellas,country,2014,fire_count,552,count,K3,effis_annual_country_fire_count,reported,f_reporting_basis;f_coverage_change
GRC,Hellas,country,2015,fire_count,510,count,K3,effis_annual_country_fire_count,reported,f_reporting_basis;f_coverage_change
GRC,Hellas,country,2016,fire_count,777,count,K3,effis_annual_country_fire_count,reported,f_reporting_basis;f_coverage_change
GRC,Hellas,country,2017,fire_count,1083,count,K3,effis_annual_country_fire_count,reported,f_reporting_basis;f_coverage_change
GRC,Hellas,country,2018,fire_count,793,count,K3,effis_annual_country_fire_count,reported,f_reporting_basis;f_coverage_change
GRC,Hellas,country,2019,fire_count,657,count,K3,effis_annual_country_fire_count,reported,f_reporting_basis;f_coverage_change
GRC,Hellas,country,2020,fire_count,1060,count,K3,effis_annual_country_fire_count,reported,f_reporting_basis;f_coverage_change
GRC,Hellas,country,2021,fire_count,1250,count,K3,effis_annual_country_fire_count,reported,f_reporting_basis;f_coverage_change
GRC,Hellas,country,2022,fire_count,962,count,K3,effis_annual_country_fire_count,reported,f_reporting_basis;f_coverage_change
GRC,Hellas,country,2023,fire_count,941,count,K3,effis_annual_country_fire_count,reported,f_reporting_basis;f_coverage_change
GRC,Hellas,country,2024,fire_count,981,count,K3,effis_annual_country_fire_count,reported,f_reporting_basis;f_coverage_change
HRV,Kroatia,country,1992,fire_count,325,count,K3,effis_annual_country_fire_count,reported,f_reporting_basis;f_coverage_change
HRV,Kroatia,country,1993,fire_count,372,count,K3,effis_annual_country_fire_count,reported,f_reporting_basis;f_coverage_change
HRV,Kroatia,country,1994,fire_count,181,count,K3,effis_annual_country_fire_count,reported,f_reporting_basis;f_coverage_change
HRV,Kroatia,country,1995,fire_count,109,count,K3,effis_annual_country_fire_count,reported,f_reporting_basis;f_coverage_change
HRV,Kroatia,country,1996,fire_count,305,count,K3,effis_annual_country_fire_count,reported,f_reporting_basis;f_coverage_change
HRV,Kroatia,country,1997,fire_count,305,count,K3,effis_annual_country_fire_count,reported,f_reporting_basis;f_coverage_change
HRV,Kroatia,country,1998,fire_count,441,count,K3,effis_annual_country_fire_count,reported,f_reporting_basis;f_coverage_change
HRV,Kroatia,country,1999,fire_count,223,count,K3,effis_annual_country_fire_count,reported,f_reporting_basis;f_coverage_change
HRV,Kroatia,country,2000,fire_count,706,count,K3,effis_annual_country_fire_count,reported,f_reporting_basis;f_coverage_change
HRV,Kroatia,country,2001,fire_count,299,count,K3,effis_annual_country_fire_count,reported,f_reporting_basis;f_coverage_change
HRV,Kroatia,country,2002,fire_count,176,count,K3,effis_annual_country_fire_count,reported,f_reporting_basis;f_coverage_change
HRV,Kroatia,country,2003,fire_count,532,count,K3,effis_annual_country_fire_count,reported,f_reporting_basis;f_coverage_change
HRV,Kroatia,country,2004,fire_count,204,count,K3,effis_annual_country_fire_count,reported,f_reporting_basis;f_coverage_change
HRV,Kroatia,country,2005,fire_count,147,count,K3,effis_annual_country_fire_count,reported,f_reporting_basis;f_coverage_change
HRV,Kroatia,country,2006,fire_count,181,count,K3,effis_annual_country_fire_count,reported,f_reporting_basis;f_coverage_change
HRV,Kroatia,country,2007,fire_count,345,count,K3,effis_annual_country_fire_count,reported,f_reporting_basis;f_coverage_change
HRV,Kroatia,country,2008,fire_count,275,count,K3,effis_annual_country_fire_count,reported,f_reporting_basis;f_coverage_change
HRV,Kroatia,country,2009,fire_count,181,count,K3,effis_annual_country_fire_count,reported,f_reporting_basis;f_coverage_change
HRV,Kroatia,country,2010,fire_count,131,count,K3,effis_annual_country_fire_count,reported,f_reporting_basis;f_coverage_change
HRV,Kroatia,country,2011,fire_count,280,count,K3,effis_annual_country_fire_count,reported,f_reporting_basis;f_coverage_change
HRV,Kroatia,country,2012,fire_count,569,count,K3,effis_annual_country_fire_count,reported,f_reporting_basis;f_coverage_change
HRV,Kroatia,country,2013,fire_count,137,count,K3,effis_annual_country_fire_count,reported,f_reporting_basis;f_coverage_change
HRV,Kroatia,country,2014,fire_count,43,count,K3,effis_annual_country_fire_count,reported,f_reporting_basis;f_coverage_change
HRV,Kroatia,country,2015,fire_count,177,count,K3,effis_annual_country_fire_count,reported,f_reporting_basis;f_coverage_change
HRV,Kroatia,country,2016,fire_count,151,count,K3,effis_annual_country_fire_count,reported,f_reporting_basis;f_coverage_change
HRV,Kroatia,country,2017,fire_count,329,count,K3,effis_annual_country_fire_count,reported,f_reporting_basis;f_coverage_change
HRV,Kroatia,country,2018,fire_count,54,count,K3,effis_annual_country_fire_count,reported,f_reporting_basis;f_coverage_change
HRV,Kroatia,country,2019,fire_count,123,count,K3,effis_annual_country_fire_count,reported,f_reporting_basis;f_coverage_change
HRV,Kroatia,country,2020,fire_count,142,count,K3,effis_annual_country_fire_count,reported,f_reporting_basis;f_coverage_change
HRV,Kroatia,country,2021,fire_count,116,count,K3,effis_annual_country_fire_count,reported,f_reporting_basis;f_coverage_change
HRV,Kroatia,country,2022,fire_count,245,count,K3,effis_annual_country_fire_count,reported,f_reporting_basis;f_coverage_change
HRV,Kroatia,country,2023,fire_count,48,count,K3,effis_annual_country_fire_count,reported,f_reporting_basis;f_coverage_change
HRV,Kroatia,country,2024,fire_count,106,count,K3,effis_annual_country_fire_count,reported,f_reporting_basis;f_coverage_change
HUN,Ungarn,country,1999,fire_count,229,count,K3,effis_annual_country_fire_count,reported,f_reporting_basis;f_coverage_change
HUN,Ungarn,country,2000,fire_count,811,count,K3,effis_annual_country_fire_count,reported,f_reporting_basis;f_coverage_change
HUN,Ungarn,country,2001,fire_count,419,count,K3,effis_annual_country_fire_count,reported,f_reporting_basis;f_coverage_change
HUN,Ungarn,country,2002,fire_count,382,count,K3,effis_annual_country_fire_count,reported,f_reporting_basis;f_coverage_change
HUN,Ungarn,country,2003,fire_count,375,count,K3,effis_annual_country_fire_count,reported,f_reporting_basis;f_coverage_change
HUN,Ungarn,country,2004,fire_count,104,count,K3,effis_annual_country_fire_count,reported,f_reporting_basis;f_coverage_change
HUN,Ungarn,country,2005,fire_count,150,count,K3,effis_annual_country_fire_count,reported,f_reporting_basis;f_coverage_change
HUN,Ungarn,country,2006,fire_count,97,count,K3,effis_annual_country_fire_count,reported,f_reporting_basis;f_coverage_change
HUN,Ungarn,country,2007,fire_count,603,count,K3,effis_annual_country_fire_count,reported,f_reporting_basis;f_coverage_change
HUN,Ungarn,country,2008,fire_count,502,count,K3,effis_annual_country_fire_count,reported,f_reporting_basis;f_coverage_change
HUN,Ungarn,country,2009,fire_count,608,count,K3,effis_annual_country_fire_count,reported,f_reporting_basis;f_coverage_change
HUN,Ungarn,country,2010,fire_count,109,count,K3,effis_annual_country_fire_count,reported,f_reporting_basis;f_coverage_change
HUN,Ungarn,country,2011,fire_count,2021,count,K3,effis_annual_country_fire_count,reported,f_reporting_basis;f_coverage_change
HUN,Ungarn,country,2012,fire_count,2657,count,K3,effis_annual_country_fire_count,reported,f_reporting_basis;f_coverage_change
HUN,Ungarn,country,2013,fire_count,761,count,K3,effis_annual_country_fire_count,reported,f_reporting_basis;f_coverage_change
HUN,Ungarn,country,2014,fire_count,1042,count,K3,effis_annual_country_fire_count,reported,f_reporting_basis;f_coverage_change
HUN,Ungarn,country,2015,fire_count,1069,count,K3,effis_annual_country_fire_count,reported,f_reporting_basis;f_coverage_change
HUN,Ungarn,country,2016,fire_count,452,count,K3,effis_annual_country_fire_count,reported,f_reporting_basis;f_coverage_change
HUN,Ungarn,country,2017,fire_count,1454,count,K3,effis_annual_country_fire_count,reported,f_reporting_basis;f_coverage_change
HUN,Ungarn,country,2018,fire_count,530,count,K3,effis_annual_country_fire_count,reported,f_reporting_basis;f_coverage_change
HUN,Ungarn,country,2019,fire_count,2088,count,K3,effis_annual_country_fire_count,reported,f_reporting_basis;f_coverage_change
HUN,Ungarn,country,2020,fire_count,1239,count,K3,effis_annual_country_fire_count,reported,f_reporting_basis;f_coverage_change
HUN,Ungarn,country,2021,fire_count,1154,count,K3,effis_annual_country_fire_count,reported,f_reporting_basis;f_coverage_change
HUN,Ungarn,country,2022,fire_count,2731,count,K3,effis_annual_country_fire_count,reported,f_reporting_basis;f_coverage_change
HUN,Ungarn,country,2023,fire_count,675,count,K3,effis_annual_country_fire_count,reported,f_reporting_basis;f_coverage_change
HUN,Ungarn,country,2024,fire_count,582,count,K3,effis_annual_country_fire_count,reported,f_reporting_basis;f_coverage_change
ITA,Italia,country,1980,fire_count,11963,count,K3,effis_annual_country_fire_count,reported,f_reporting_basis;f_coverage_change
ITA,Italia,country,1981,fire_count,14503,count,K3,effis_annual_country_fire_count,reported,f_reporting_basis;f_coverage_change
ITA,Italia,country,1982,fire_count,9557,count,K3,effis_annual_country_fire_count,reported,f_reporting_basis;f_coverage_change
ITA,Italia,country,1983,fire_count,7956,count,K3,effis_annual_country_fire_count,reported,f_reporting_basis;f_coverage_change
ITA,Italia,country,1984,fire_count,8482,count,K3,effis_annual_country_fire_count,reported,f_reporting_basis;f_coverage_change
ITA,Italia,country,1985,fire_count,18664,count,K3,effis_annual_country_fire_count,reported,f_reporting_basis;f_coverage_change
ITA,Italia,country,1986,fire_count,9398,count,K3,effis_annual_country_fire_count,reported,f_reporting_basis;f_coverage_change
ITA,Italia,country,1987,fire_count,11972,count,K3,effis_annual_country_fire_count,reported,f_reporting_basis;f_coverage_change
ITA,Italia,country,1988,fire_count,13588,count,K3,effis_annual_country_fire_count,reported,f_reporting_basis;f_coverage_change
ITA,Italia,country,1989,fire_count,9669,count,K3,effis_annual_country_fire_count,reported,f_reporting_basis;f_coverage_change
ITA,Italia,country,1990,fire_count,14477,count,K3,effis_annual_country_fire_count,reported,f_reporting_basis;f_coverage_change
ITA,Italia,country,1991,fire_count,11965,count,K3,effis_annual_country_fire_count,reported,f_reporting_basis;f_coverage_change
ITA,Italia,country,1992,fire_count,14641,count,K3,effis_annual_country_fire_count,reported,f_reporting_basis;f_coverage_change
ITA,Italia,country,1993,fire_count,14412,count,K3,effis_annual_country_fire_count,reported,f_reporting_basis;f_coverage_change
ITA,Italia,country,1994,fire_count,11588,count,K3,effis_annual_country_fire_count,reported,f_reporting_basis;f_coverage_change
ITA,Italia,country,1995,fire_count,7378,count,K3,effis_annual_country_fire_count,reported,f_reporting_basis;f_coverage_change
ITA,Italia,country,1996,fire_count,9093,count,K3,effis_annual_country_fire_count,reported,f_reporting_basis;f_coverage_change
ITA,Italia,country,1997,fire_count,11612,count,K3,effis_annual_country_fire_count,reported,f_reporting_basis;f_coverage_change
ITA,Italia,country,1998,fire_count,9540,count,K3,effis_annual_country_fire_count,reported,f_reporting_basis;f_coverage_change
ITA,Italia,country,1999,fire_count,6932,count,K3,effis_annual_country_fire_count,reported,f_reporting_basis;f_coverage_change
ITA,Italia,country,2000,fire_count,8595,count,K3,effis_annual_country_fire_count,reported,f_reporting_basis;f_coverage_change
ITA,Italia,country,2001,fire_count,7134,count,K3,effis_annual_country_fire_count,reported,f_reporting_basis;f_coverage_change
ITA,Italia,country,2002,fire_count,4601,count,K3,effis_annual_country_fire_count,reported,f_reporting_basis;f_coverage_change
ITA,Italia,country,2003,fire_count,9697,count,K3,effis_annual_country_fire_count,reported,f_reporting_basis;f_coverage_change
ITA,Italia,country,2004,fire_count,6428,count,K3,effis_annual_country_fire_count,reported,f_reporting_basis;f_coverage_change
ITA,Italia,country,2005,fire_count,7951,count,K3,effis_annual_country_fire_count,reported,f_reporting_basis;f_coverage_change
ITA,Italia,country,2006,fire_count,5634,count,K3,effis_annual_country_fire_count,reported,f_reporting_basis;f_coverage_change
ITA,Italia,country,2007,fire_count,10639,count,K3,effis_annual_country_fire_count,reported,f_reporting_basis;f_coverage_change
ITA,Italia,country,2008,fire_count,6486,count,K3,effis_annual_country_fire_count,reported,f_reporting_basis;f_coverage_change
ITA,Italia,country,2009,fire_count,5422,count,K3,effis_annual_country_fire_count,reported,f_reporting_basis;f_coverage_change
ITA,Italia,country,2010,fire_count,4884,count,K3,effis_annual_country_fire_count,reported,f_reporting_basis;f_coverage_change
ITA,Italia,country,2011,fire_count,8181,count,K3,effis_annual_country_fire_count,reported,f_reporting_basis;f_coverage_change
ITA,Italia,country,2012,fire_count,8252,count,K3,effis_annual_country_fire_count,reported,f_reporting_basis;f_coverage_change
ITA,Italia,country,2013,fire_count,2936,count,K3,effis_annual_country_fire_count,reported,f_reporting_basis;f_coverage_change
ITA,Italia,country,2014,fire_count,3257,count,K3,effis_annual_country_fire_count,reported,f_reporting_basis;f_coverage_change
ITA,Italia,country,2015,fire_count,5442,count,K3,effis_annual_country_fire_count,reported,f_reporting_basis;f_coverage_change
ITA,Italia,country,2016,fire_count,5818,count,K3,effis_annual_country_fire_count,reported,f_reporting_basis;f_coverage_change
ITA,Italia,country,2017,fire_count,7855,count,K3,effis_annual_country_fire_count,reported,f_reporting_basis;f_coverage_change
ITA,Italia,country,2018,fire_count,3220,count,K3,effis_annual_country_fire_count,reported,f_reporting_basis;f_coverage_change
ITA,Italia,country,2019,fire_count,4351,count,K3,effis_annual_country_fire_count,reported,f_reporting_basis;f_coverage_change
ITA,Italia,country,2020,fire_count,4865,count,K3,effis_annual_country_fire_count,reported,f_reporting_basis;f_coverage_change
ITA,Italia,country,2021,fire_count,5989,count,K3,effis_annual_country_fire_count,reported,f_reporting_basis;f_coverage_change
ITA,Italia,country,2022,fire_count,6529,count,K3,effis_annual_country_fire_count,reported,f_reporting_basis;f_coverage_change
ITA,Italia,country,2023,fire_count,4265,count,K3,effis_annual_country_fire_count,reported,f_reporting_basis;f_coverage_change
ITA,Italia,country,2024,fire_count,3784,count,K3,effis_annual_country_fire_count,reported,f_reporting_basis;f_coverage_change
LBN,Libanon,country,2015,fire_count,107,count,K3,effis_annual_country_fire_count,reported,f_reporting_basis;f_coverage_change
LBN,Libanon,country,2016,fire_count,260,count,K3,effis_annual_country_fire_count,reported,f_reporting_basis;f_coverage_change
LBN,Libanon,country,2017,fire_count,92,count,K3,effis_annual_country_fire_count,reported,f_reporting_basis;f_coverage_change
LBN,Libanon,country,2018,fire_count,41,count,K3,effis_annual_country_fire_count,reported,f_reporting_basis;f_coverage_change
LBN,Libanon,country,2019,fire_count,194,count,K3,effis_annual_country_fire_count,reported,f_reporting_basis;f_coverage_change
LBN,Libanon,country,2020,fire_count,251,count,K3,effis_annual_country_fire_count,reported,f_reporting_basis;f_coverage_change
LBN,Libanon,country,2021,fire_count,131,count,K3,effis_annual_country_fire_count,reported,f_reporting_basis;f_coverage_change
LBN,Libanon,country,2022,fire_count,22,count,K3,effis_annual_country_fire_count,reported,f_reporting_basis;f_coverage_change
LBN,Libanon,country,2023,fire_count,23,count,K3,effis_annual_country_fire_count,reported,f_reporting_basis;f_coverage_change
LTU,Litauen,country,1992,fire_count,1180,count,K3,effis_annual_country_fire_count,reported,f_reporting_basis;f_coverage_change
LTU,Litauen,country,1993,fire_count,634,count,K3,effis_annual_country_fire_count,reported,f_reporting_basis;f_coverage_change
LTU,Litauen,country,1994,fire_count,715,count,K3,effis_annual_country_fire_count,reported,f_reporting_basis;f_coverage_change
LTU,Litauen,country,1995,fire_count,472,count,K3,effis_annual_country_fire_count,reported,f_reporting_basis;f_coverage_change
LTU,Litauen,country,1996,fire_count,894,count,K3,effis_annual_country_fire_count,reported,f_reporting_basis;f_coverage_change
LTU,Litauen,country,1997,fire_count,565,count,K3,effis_annual_country_fire_count,reported,f_reporting_basis;f_coverage_change
LTU,Litauen,country,1998,fire_count,258,count,K3,effis_annual_country_fire_count,reported,f_reporting_basis;f_coverage_change
LTU,Litauen,country,1999,fire_count,1022,count,K3,effis_annual_country_fire_count,reported,f_reporting_basis;f_coverage_change
LTU,Litauen,country,2000,fire_count,654,count,K3,effis_annual_country_fire_count,reported,f_reporting_basis;f_coverage_change
LTU,Litauen,country,2001,fire_count,287,count,K3,effis_annual_country_fire_count,reported,f_reporting_basis;f_coverage_change
LTU,Litauen,country,2002,fire_count,1596,count,K3,effis_annual_country_fire_count,reported,f_reporting_basis;f_coverage_change
LTU,Litauen,country,2003,fire_count,885,count,K3,effis_annual_country_fire_count,reported,f_reporting_basis;f_coverage_change
LTU,Litauen,country,2004,fire_count,468,count,K3,effis_annual_country_fire_count,reported,f_reporting_basis;f_coverage_change
LTU,Litauen,country,2005,fire_count,301,count,K3,effis_annual_country_fire_count,reported,f_reporting_basis;f_coverage_change
LTU,Litauen,country,2006,fire_count,1545,count,K3,effis_annual_country_fire_count,reported,f_reporting_basis;f_coverage_change
LTU,Litauen,country,2007,fire_count,251,count,K3,effis_annual_country_fire_count,reported,f_reporting_basis;f_coverage_change
LTU,Litauen,country,2008,fire_count,301,count,K3,effis_annual_country_fire_count,reported,f_reporting_basis;f_coverage_change
LTU,Litauen,country,2009,fire_count,471,count,K3,effis_annual_country_fire_count,reported,f_reporting_basis;f_coverage_change
LTU,Litauen,country,2010,fire_count,104,count,K3,effis_annual_country_fire_count,reported,f_reporting_basis;f_coverage_change
LTU,Litauen,country,2011,fire_count,142,count,K3,effis_annual_country_fire_count,reported,f_reporting_basis;f_coverage_change
LTU,Litauen,country,2012,fire_count,81,count,K3,effis_annual_country_fire_count,reported,f_reporting_basis;f_coverage_change
LTU,Litauen,country,2013,fire_count,123,count,K3,effis_annual_country_fire_count,reported,f_reporting_basis;f_coverage_change
LTU,Litauen,country,2014,fire_count,155,count,K3,effis_annual_country_fire_count,reported,f_reporting_basis;f_coverage_change
LTU,Litauen,country,2015,fire_count,247,count,K3,effis_annual_country_fire_count,reported,f_reporting_basis;f_coverage_change
LTU,Litauen,country,2016,fire_count,98,count,K3,effis_annual_country_fire_count,reported,f_reporting_basis;f_coverage_change
LTU,Litauen,country,2017,fire_count,80,count,K3,effis_annual_country_fire_count,reported,f_reporting_basis;f_coverage_change
LTU,Litauen,country,2018,fire_count,211,count,K3,effis_annual_country_fire_count,reported,f_reporting_basis;f_coverage_change
LTU,Litauen,country,2019,fire_count,279,count,K3,effis_annual_country_fire_count,reported,f_reporting_basis;f_coverage_change
LTU,Litauen,country,2020,fire_count,157,count,K3,effis_annual_country_fire_count,reported,f_reporting_basis;f_coverage_change
LTU,Litauen,country,2021,fire_count,46,count,K3,effis_annual_country_fire_count,reported,f_reporting_basis;f_coverage_change
LTU,Litauen,country,2022,fire_count,81,count,K3,effis_annual_country_fire_count,reported,f_reporting_basis;f_coverage_change
LTU,Litauen,country,2023,fire_count,167,count,K3,effis_annual_country_fire_count,reported,f_reporting_basis;f_coverage_change
LTU,Litauen,country,2024,fire_count,110,count,K3,effis_annual_country_fire_count,reported,f_reporting_basis;f_coverage_change
LVA,Latvia,country,1990,fire_count,604,count,K3,effis_annual_country_fire_count,reported,f_reporting_basis;f_coverage_change
LVA,Latvia,country,1991,fire_count,225,count,K3,effis_annual_country_fire_count,reported,f_reporting_basis;f_coverage_change
LVA,Latvia,country,1992,fire_count,1510,count,K3,effis_annual_country_fire_count,reported,f_reporting_basis;f_coverage_change
LVA,Latvia,country,1993,fire_count,965,count,K3,effis_annual_country_fire_count,reported,f_reporting_basis;f_coverage_change
LVA,Latvia,country,1994,fire_count,763,count,K3,effis_annual_country_fire_count,reported,f_reporting_basis;f_coverage_change
LVA,Latvia,country,1995,fire_count,582,count,K3,effis_annual_country_fire_count,reported,f_reporting_basis;f_coverage_change
LVA,Latvia,country,1996,fire_count,1095,count,K3,effis_annual_country_fire_count,reported,f_reporting_basis;f_coverage_change
LVA,Latvia,country,1997,fire_count,768,count,K3,effis_annual_country_fire_count,reported,f_reporting_basis;f_coverage_change
LVA,Latvia,country,1998,fire_count,357,count,K3,effis_annual_country_fire_count,reported,f_reporting_basis;f_coverage_change
LVA,Latvia,country,1999,fire_count,1196,count,K3,effis_annual_country_fire_count,reported,f_reporting_basis;f_coverage_change
LVA,Latvia,country,2000,fire_count,915,count,K3,effis_annual_country_fire_count,reported,f_reporting_basis;f_coverage_change
LVA,Latvia,country,2001,fire_count,272,count,K3,effis_annual_country_fire_count,reported,f_reporting_basis;f_coverage_change
LVA,Latvia,country,2002,fire_count,1720,count,K3,effis_annual_country_fire_count,reported,f_reporting_basis;f_coverage_change
LVA,Latvia,country,2003,fire_count,900,count,K3,effis_annual_country_fire_count,reported,f_reporting_basis;f_coverage_change
LVA,Latvia,country,2004,fire_count,647,count,K3,effis_annual_country_fire_count,reported,f_reporting_basis;f_coverage_change
LVA,Latvia,country,2005,fire_count,365,count,K3,effis_annual_country_fire_count,reported,f_reporting_basis;f_coverage_change
LVA,Latvia,country,2006,fire_count,1929,count,K3,effis_annual_country_fire_count,reported,f_reporting_basis;f_coverage_change
LVA,Latvia,country,2007,fire_count,425,count,K3,effis_annual_country_fire_count,reported,f_reporting_basis;f_coverage_change
LVA,Latvia,country,2008,fire_count,700,count,K3,effis_annual_country_fire_count,reported,f_reporting_basis;f_coverage_change
LVA,Latvia,country,2009,fire_count,823,count,K3,effis_annual_country_fire_count,reported,f_reporting_basis;f_coverage_change
LVA,Latvia,country,2010,fire_count,316,count,K3,effis_annual_country_fire_count,reported,f_reporting_basis;f_coverage_change
LVA,Latvia,country,2011,fire_count,360,count,K3,effis_annual_country_fire_count,reported,f_reporting_basis;f_coverage_change
LVA,Latvia,country,2012,fire_count,162,count,K3,effis_annual_country_fire_count,reported,f_reporting_basis;f_coverage_change
LVA,Latvia,country,2013,fire_count,422,count,K3,effis_annual_country_fire_count,reported,f_reporting_basis;f_coverage_change
LVA,Latvia,country,2014,fire_count,698,count,K3,effis_annual_country_fire_count,reported,f_reporting_basis;f_coverage_change
LVA,Latvia,country,2015,fire_count,704,count,K3,effis_annual_country_fire_count,reported,f_reporting_basis;f_coverage_change
LVA,Latvia,country,2016,fire_count,641,count,K3,effis_annual_country_fire_count,reported,f_reporting_basis;f_coverage_change
LVA,Latvia,country,2017,fire_count,423,count,K3,effis_annual_country_fire_count,reported,f_reporting_basis;f_coverage_change
LVA,Latvia,country,2018,fire_count,972,count,K3,effis_annual_country_fire_count,reported,f_reporting_basis;f_coverage_change
LVA,Latvia,country,2019,fire_count,1107,count,K3,effis_annual_country_fire_count,reported,f_reporting_basis;f_coverage_change
LVA,Latvia,country,2020,fire_count,581,count,K3,effis_annual_country_fire_count,reported,f_reporting_basis;f_coverage_change
LVA,Latvia,country,2021,fire_count,448,count,K3,effis_annual_country_fire_count,reported,f_reporting_basis;f_coverage_change
LVA,Latvia,country,2022,fire_count,369,count,K3,effis_annual_country_fire_count,reported,f_reporting_basis;f_coverage_change
LVA,Latvia,country,2023,fire_count,571,count,K3,effis_annual_country_fire_count,reported,f_reporting_basis;f_coverage_change
LVA,Latvia,country,2024,fire_count,222,count,K3,effis_annual_country_fire_count,reported,f_reporting_basis;f_coverage_change
MAR,Marokko,country,1990,fire_count,179,count,K3,effis_annual_country_fire_count,reported,f_reporting_basis;f_coverage_change
MAR,Marokko,country,1991,fire_count,247,count,K3,effis_annual_country_fire_count,reported,f_reporting_basis;f_coverage_change
MAR,Marokko,country,1992,fire_count,182,count,K3,effis_annual_country_fire_count,reported,f_reporting_basis;f_coverage_change
MAR,Marokko,country,1993,fire_count,187,count,K3,effis_annual_country_fire_count,reported,f_reporting_basis;f_coverage_change
MAR,Marokko,country,1994,fire_count,417,count,K3,effis_annual_country_fire_count,reported,f_reporting_basis;f_coverage_change
MAR,Marokko,country,1995,fire_count,528,count,K3,effis_annual_country_fire_count,reported,f_reporting_basis;f_coverage_change
MAR,Marokko,country,1996,fire_count,220,count,K3,effis_annual_country_fire_count,reported,f_reporting_basis;f_coverage_change
MAR,Marokko,country,1997,fire_count,391,count,K3,effis_annual_country_fire_count,reported,f_reporting_basis;f_coverage_change
MAR,Marokko,country,1998,fire_count,416,count,K3,effis_annual_country_fire_count,reported,f_reporting_basis;f_coverage_change
MAR,Marokko,country,1999,fire_count,385,count,K3,effis_annual_country_fire_count,reported,f_reporting_basis;f_coverage_change
MAR,Marokko,country,2000,fire_count,321,count,K3,effis_annual_country_fire_count,reported,f_reporting_basis;f_coverage_change
MAR,Marokko,country,2001,fire_count,327,count,K3,effis_annual_country_fire_count,reported,f_reporting_basis;f_coverage_change
MAR,Marokko,country,2002,fire_count,202,count,K3,effis_annual_country_fire_count,reported,f_reporting_basis;f_coverage_change
MAR,Marokko,country,2003,fire_count,392,count,K3,effis_annual_country_fire_count,reported,f_reporting_basis;f_coverage_change
MAR,Marokko,country,2004,fire_count,714,count,K3,effis_annual_country_fire_count,reported,f_reporting_basis;f_coverage_change
MAR,Marokko,country,2005,fire_count,662,count,K3,effis_annual_country_fire_count,reported,f_reporting_basis;f_coverage_change
MAR,Marokko,country,2006,fire_count,381,count,K3,effis_annual_country_fire_count,reported,f_reporting_basis;f_coverage_change
MAR,Marokko,country,2007,fire_count,340,count,K3,effis_annual_country_fire_count,reported,f_reporting_basis;f_coverage_change
MAR,Marokko,country,2008,fire_count,273,count,K3,effis_annual_country_fire_count,reported,f_reporting_basis;f_coverage_change
MAR,Marokko,country,2009,fire_count,501,count,K3,effis_annual_country_fire_count,reported,f_reporting_basis;f_coverage_change
MAR,Marokko,country,2010,fire_count,629,count,K3,effis_annual_country_fire_count,reported,f_reporting_basis;f_coverage_change
MAR,Marokko,country,2011,fire_count,606,count,K3,effis_annual_country_fire_count,reported,f_reporting_basis;f_coverage_change
MAR,Marokko,country,2012,fire_count,484,count,K3,effis_annual_country_fire_count,reported,f_reporting_basis;f_coverage_change
MAR,Marokko,country,2013,fire_count,411,count,K3,effis_annual_country_fire_count,reported,f_reporting_basis;f_coverage_change
MAR,Marokko,country,2014,fire_count,460,count,K3,effis_annual_country_fire_count,reported,f_reporting_basis;f_coverage_change
MAR,Marokko,country,2015,fire_count,425,count,K3,effis_annual_country_fire_count,reported,f_reporting_basis;f_coverage_change
MAR,Marokko,country,2016,fire_count,422,count,K3,effis_annual_country_fire_count,reported,f_reporting_basis;f_coverage_change
MAR,Marokko,country,2017,fire_count,433,count,K3,effis_annual_country_fire_count,reported,f_reporting_basis;f_coverage_change
MAR,Marokko,country,2018,fire_count,343,count,K3,effis_annual_country_fire_count,reported,f_reporting_basis;f_coverage_change
MAR,Marokko,country,2019,fire_count,529,count,K3,effis_annual_country_fire_count,reported,f_reporting_basis;f_coverage_change
MAR,Marokko,country,2020,fire_count,514,count,K3,effis_annual_country_fire_count,reported,f_reporting_basis;f_coverage_change
MAR,Marokko,country,2021,fire_count,435,count,K3,effis_annual_country_fire_count,reported,f_reporting_basis;f_coverage_change
MAR,Marokko,country,2022,fire_count,499,count,K3,effis_annual_country_fire_count,reported,f_reporting_basis;f_coverage_change
MAR,Marokko,country,2023,fire_count,466,count,K3,effis_annual_country_fire_count,reported,f_reporting_basis;f_coverage_change
MAR,Marokko,country,2024,fire_count,382,count,K3,effis_annual_country_fire_count,reported,f_reporting_basis;f_coverage_change
MKD,Nord-Makedonia,country,2007,fire_count,652,count,K3,effis_annual_country_fire_count,reported,f_reporting_basis;f_coverage_change
MKD,Nord-Makedonia,country,2008,fire_count,573,count,K3,effis_annual_country_fire_count,reported,f_reporting_basis;f_coverage_change
MKD,Nord-Makedonia,country,2009,fire_count,80,count,K3,effis_annual_country_fire_count,reported,f_reporting_basis;f_coverage_change
MKD,Nord-Makedonia,country,2010,fire_count,99,count,K3,effis_annual_country_fire_count,reported,f_reporting_basis;f_coverage_change
MKD,Nord-Makedonia,country,2011,fire_count,523,count,K3,effis_annual_country_fire_count,reported,f_reporting_basis;f_coverage_change
MKD,Nord-Makedonia,country,2012,fire_count,483,count,K3,effis_annual_country_fire_count,reported,f_reporting_basis;f_coverage_change
MKD,Nord-Makedonia,country,2013,fire_count,186,count,K3,effis_annual_country_fire_count,reported,f_reporting_basis;f_coverage_change
MKD,Nord-Makedonia,country,2014,fire_count,62,count,K3,effis_annual_country_fire_count,reported,f_reporting_basis;f_coverage_change
MKD,Nord-Makedonia,country,2015,fire_count,106,count,K3,effis_annual_country_fire_count,reported,f_reporting_basis;f_coverage_change
MKD,Nord-Makedonia,country,2016,fire_count,60,count,K3,effis_annual_country_fire_count,reported,f_reporting_basis;f_coverage_change
MKD,Nord-Makedonia,country,2017,fire_count,301,count,K3,effis_annual_country_fire_count,reported,f_reporting_basis;f_coverage_change
MKD,Nord-Makedonia,country,2018,fire_count,19,count,K3,effis_annual_country_fire_count,reported,f_reporting_basis;f_coverage_change
MKD,Nord-Makedonia,country,2019,fire_count,251,count,K3,effis_annual_country_fire_count,reported,f_reporting_basis;f_coverage_change
MKD,Nord-Makedonia,country,2020,fire_count,48,count,K3,effis_annual_country_fire_count,reported,f_reporting_basis;f_coverage_change
MKD,Nord-Makedonia,country,2021,fire_count,113,count,K3,effis_annual_country_fire_count,reported,f_reporting_basis;f_coverage_change
MKD,Nord-Makedonia,country,2022,fire_count,50,count,K3,effis_annual_country_fire_count,reported,f_reporting_basis;f_coverage_change
MKD,Nord-Makedonia,country,2023,fire_count,104,count,K3,effis_annual_country_fire_count,reported,f_reporting_basis;f_coverage_change
MKD,Nord-Makedonia,country,2024,fire_count,250,count,K3,effis_annual_country_fire_count,reported,f_reporting_basis;f_coverage_change
NLD,Nederland,country,2017,fire_count,321,count,K3,effis_annual_country_fire_count,reported,f_reporting_basis;f_coverage_change
NLD,Nederland,country,2018,fire_count,949,count,K3,effis_annual_country_fire_count,reported,f_reporting_basis;f_coverage_change
NLD,Nederland,country,2019,fire_count,548,count,K3,effis_annual_country_fire_count,reported,f_reporting_basis;f_coverage_change
NLD,Nederland,country,2020,fire_count,724,count,K3,effis_annual_country_fire_count,reported,f_reporting_basis;f_coverage_change
NLD,Nederland,country,2021,fire_count,212,count,K3,effis_annual_country_fire_count,reported,f_reporting_basis;f_coverage_change
NLD,Nederland,country,2022,fire_count,916,count,K3,effis_annual_country_fire_count,reported,f_reporting_basis;f_coverage_change
NLD,Nederland,country,2023,fire_count,405,count,K3,effis_annual_country_fire_count,reported,f_reporting_basis;f_coverage_change
NLD,Nederland,country,2024,fire_count,222,count,K3,effis_annual_country_fire_count,reported,f_reporting_basis;f_coverage_change
NOR,Norge,country,2001,fire_count,117,count,K3,effis_annual_country_fire_count,reported,f_reporting_basis;f_coverage_change
NOR,Norge,country,2002,fire_count,213,count,K3,effis_annual_country_fire_count,reported,f_reporting_basis;f_coverage_change
NOR,Norge,country,2003,fire_count,198,count,K3,effis_annual_country_fire_count,reported,f_reporting_basis;f_coverage_change
NOR,Norge,country,2004,fire_count,119,count,K3,effis_annual_country_fire_count,reported,f_reporting_basis;f_coverage_change
NOR,Norge,country,2005,fire_count,122,count,K3,effis_annual_country_fire_count,reported,f_reporting_basis;f_coverage_change
NOR,Norge,country,2006,fire_count,205,count,K3,effis_annual_country_fire_count,reported,f_reporting_basis;f_coverage_change
NOR,Norge,country,2007,fire_count,65,count,K3,effis_annual_country_fire_count,reported,f_reporting_basis;f_coverage_change
NOR,Norge,country,2008,fire_count,171,count,K3,effis_annual_country_fire_count,reported,f_reporting_basis;f_coverage_change
NOR,Norge,country,2009,fire_count,109,count,K3,effis_annual_country_fire_count,reported,f_reporting_basis;f_coverage_change
NOR,Norge,country,2010,fire_count,62,count,K3,effis_annual_country_fire_count,reported,f_reporting_basis;f_coverage_change
NOR,Norge,country,2011,fire_count,49,count,K3,effis_annual_country_fire_count,reported,f_reporting_basis;f_coverage_change
NOR,Norge,country,2012,fire_count,24,count,K3,effis_annual_country_fire_count,reported,f_reporting_basis;f_coverage_change
NOR,Norge,country,2013,fire_count,42,count,K3,effis_annual_country_fire_count,reported,f_reporting_basis;f_coverage_change
NOR,Norge,country,2014,fire_count,133,count,K3,effis_annual_country_fire_count,reported,f_reporting_basis;f_coverage_change
NOR,Norge,country,2015,fire_count,29,count,K3,effis_annual_country_fire_count,reported,f_reporting_basis;f_coverage_change
NOR,Norge,country,2016,fire_count,345,count,K3,effis_annual_country_fire_count,reported,f_reporting_basis;f_coverage_change
NOR,Norge,country,2017,fire_count,264,count,K3,effis_annual_country_fire_count,reported,f_reporting_basis;f_coverage_change
NOR,Norge,country,2018,fire_count,887,count,K3,effis_annual_country_fire_count,reported,f_reporting_basis;f_coverage_change
NOR,Norge,country,2019,fire_count,261,count,K3,effis_annual_country_fire_count,reported,f_reporting_basis;f_coverage_change
NOR,Norge,country,2020,fire_count,609,count,K3,effis_annual_country_fire_count,reported,f_reporting_basis;f_coverage_change
NOR,Norge,country,2021,fire_count,653,count,K3,effis_annual_country_fire_count,reported,f_reporting_basis;f_coverage_change
NOR,Norge,country,2022,fire_count,1275,count,K3,effis_annual_country_fire_count,reported,f_reporting_basis;f_coverage_change
NOR,Norge,country,2023,fire_count,1251,count,K3,effis_annual_country_fire_count,reported,f_reporting_basis;f_coverage_change
NOR,Norge,country,2024,fire_count,776,count,K3,effis_annual_country_fire_count,reported,f_reporting_basis;f_coverage_change
POL,Polen,country,1990,fire_count,5756,count,K3,effis_annual_country_fire_count,reported,f_reporting_basis;f_coverage_change
POL,Polen,country,1991,fire_count,3528,count,K3,effis_annual_country_fire_count,reported,f_reporting_basis;f_coverage_change
POL,Polen,country,1992,fire_count,11858,count,K3,effis_annual_country_fire_count,reported,f_reporting_basis;f_coverage_change
POL,Polen,country,1993,fire_count,8821,count,K3,effis_annual_country_fire_count,reported,f_reporting_basis;f_coverage_change
POL,Polen,country,1994,fire_count,10705,count,K3,effis_annual_country_fire_count,reported,f_reporting_basis;f_coverage_change
POL,Polen,country,1995,fire_count,7678,count,K3,effis_annual_country_fire_count,reported,f_reporting_basis;f_coverage_change
POL,Polen,country,1996,fire_count,7923,count,K3,effis_annual_country_fire_count,reported,f_reporting_basis;f_coverage_change
POL,Polen,country,1997,fire_count,6817,count,K3,effis_annual_country_fire_count,reported,f_reporting_basis;f_coverage_change
POL,Polen,country,1998,fire_count,6165,count,K3,effis_annual_country_fire_count,reported,f_reporting_basis;f_coverage_change
POL,Polen,country,1999,fire_count,9820,count,K3,effis_annual_country_fire_count,reported,f_reporting_basis;f_coverage_change
POL,Polen,country,2000,fire_count,12426,count,K3,effis_annual_country_fire_count,reported,f_reporting_basis;f_coverage_change
POL,Polen,country,2001,fire_count,4480,count,K3,effis_annual_country_fire_count,reported,f_reporting_basis;f_coverage_change
POL,Polen,country,2002,fire_count,10101,count,K3,effis_annual_country_fire_count,reported,f_reporting_basis;f_coverage_change
POL,Polen,country,2003,fire_count,17087,count,K3,effis_annual_country_fire_count,reported,f_reporting_basis;f_coverage_change
POL,Polen,country,2004,fire_count,7006,count,K3,effis_annual_country_fire_count,reported,f_reporting_basis;f_coverage_change
POL,Polen,country,2005,fire_count,12049,count,K3,effis_annual_country_fire_count,reported,f_reporting_basis;f_coverage_change
POL,Polen,country,2006,fire_count,11541,count,K3,effis_annual_country_fire_count,reported,f_reporting_basis;f_coverage_change
POL,Polen,country,2007,fire_count,8302,count,K3,effis_annual_country_fire_count,reported,f_reporting_basis;f_coverage_change
POL,Polen,country,2008,fire_count,9090,count,K3,effis_annual_country_fire_count,reported,f_reporting_basis;f_coverage_change
POL,Polen,country,2009,fire_count,9162,count,K3,effis_annual_country_fire_count,reported,f_reporting_basis;f_coverage_change
POL,Polen,country,2010,fire_count,4680,count,K3,effis_annual_country_fire_count,reported,f_reporting_basis;f_coverage_change
POL,Polen,country,2011,fire_count,8172,count,K3,effis_annual_country_fire_count,reported,f_reporting_basis;f_coverage_change
POL,Polen,country,2012,fire_count,9265,count,K3,effis_annual_country_fire_count,reported,f_reporting_basis;f_coverage_change
POL,Polen,country,2013,fire_count,4883,count,K3,effis_annual_country_fire_count,reported,f_reporting_basis;f_coverage_change
POL,Polen,country,2014,fire_count,5245,count,K3,effis_annual_country_fire_count,reported,f_reporting_basis;f_coverage_change
POL,Polen,country,2015,fire_count,12257,count,K3,effis_annual_country_fire_count,reported,f_reporting_basis;f_coverage_change
POL,Polen,country,2016,fire_count,5286,count,K3,effis_annual_country_fire_count,reported,f_reporting_basis;f_coverage_change
POL,Polen,country,2017,fire_count,3592,count,K3,effis_annual_country_fire_count,reported,f_reporting_basis;f_coverage_change
POL,Polen,country,2018,fire_count,8867,count,K3,effis_annual_country_fire_count,reported,f_reporting_basis;f_coverage_change
POL,Polen,country,2019,fire_count,9635,count,K3,effis_annual_country_fire_count,reported,f_reporting_basis;f_coverage_change
POL,Polen,country,2020,fire_count,6627,count,K3,effis_annual_country_fire_count,reported,f_reporting_basis;f_coverage_change
POL,Polen,country,2021,fire_count,3295,count,K3,effis_annual_country_fire_count,reported,f_reporting_basis;f_coverage_change
POL,Polen,country,2022,fire_count,6999,count,K3,effis_annual_country_fire_count,reported,f_reporting_basis;f_coverage_change
POL,Polen,country,2023,fire_count,4908,count,K3,effis_annual_country_fire_count,reported,f_reporting_basis;f_coverage_change
POL,Polen,country,2024,fire_count,5857,count,K3,effis_annual_country_fire_count,reported,f_reporting_basis;f_coverage_change
PRT,Portugal,country,1980,fire_count,2349,count,K3,effis_annual_country_fire_count,reported,f_reporting_basis;f_coverage_change
PRT,Portugal,country,1981,fire_count,6730,count,K3,effis_annual_country_fire_count,reported,f_reporting_basis;f_coverage_change
PRT,Portugal,country,1982,fire_count,3626,count,K3,effis_annual_country_fire_count,reported,f_reporting_basis;f_coverage_change
PRT,Portugal,country,1983,fire_count,4539,count,K3,effis_annual_country_fire_count,reported,f_reporting_basis;f_coverage_change
PRT,Portugal,country,1984,fire_count,7356,count,K3,effis_annual_country_fire_count,reported,f_reporting_basis;f_coverage_change
PRT,Portugal,country,1985,fire_count,8441,count,K3,effis_annual_country_fire_count,reported,f_reporting_basis;f_coverage_change
PRT,Portugal,country,1986,fire_count,5036,count,K3,effis_annual_country_fire_count,reported,f_reporting_basis;f_coverage_change
PRT,Portugal,country,1987,fire_count,7705,count,K3,effis_annual_country_fire_count,reported,f_reporting_basis;f_coverage_change
PRT,Portugal,country,1988,fire_count,6131,count,K3,effis_annual_country_fire_count,reported,f_reporting_basis;f_coverage_change
PRT,Portugal,country,1989,fire_count,21896,count,K3,effis_annual_country_fire_count,reported,f_reporting_basis;f_coverage_change
PRT,Portugal,country,1990,fire_count,10745,count,K3,effis_annual_country_fire_count,reported,f_reporting_basis;f_coverage_change
PRT,Portugal,country,1991,fire_count,14327,count,K3,effis_annual_country_fire_count,reported,f_reporting_basis;f_coverage_change
PRT,Portugal,country,1992,fire_count,14954,count,K3,effis_annual_country_fire_count,reported,f_reporting_basis;f_coverage_change
PRT,Portugal,country,1993,fire_count,16101,count,K3,effis_annual_country_fire_count,reported,f_reporting_basis;f_coverage_change
PRT,Portugal,country,1994,fire_count,19983,count,K3,effis_annual_country_fire_count,reported,f_reporting_basis;f_coverage_change
PRT,Portugal,country,1995,fire_count,34116,count,K3,effis_annual_country_fire_count,reported,f_reporting_basis;f_coverage_change
PRT,Portugal,country,1996,fire_count,28626,count,K3,effis_annual_country_fire_count,reported,f_reporting_basis;f_coverage_change
PRT,Portugal,country,1997,fire_count,23497,count,K3,effis_annual_country_fire_count,reported,f_reporting_basis;f_coverage_change
PRT,Portugal,country,1998,fire_count,34676,count,K3,effis_annual_country_fire_count,reported,f_reporting_basis;f_coverage_change
PRT,Portugal,country,1999,fire_count,25477,count,K3,effis_annual_country_fire_count,reported,f_reporting_basis;f_coverage_change
PRT,Portugal,country,2000,fire_count,34109,count,K3,effis_annual_country_fire_count,reported,f_reporting_basis;f_coverage_change
PRT,Portugal,country,2001,fire_count,28915,count,K3,effis_annual_country_fire_count,reported,f_reporting_basis;f_coverage_change
PRT,Portugal,country,2002,fire_count,28993,count,K3,effis_annual_country_fire_count,reported,f_reporting_basis;f_coverage_change
PRT,Portugal,country,2003,fire_count,28087,count,K3,effis_annual_country_fire_count,reported,f_reporting_basis;f_coverage_change
PRT,Portugal,country,2004,fire_count,27829,count,K3,effis_annual_country_fire_count,reported,f_reporting_basis;f_coverage_change
PRT,Portugal,country,2005,fire_count,41689,count,K3,effis_annual_country_fire_count,reported,f_reporting_basis;f_coverage_change
PRT,Portugal,country,2006,fire_count,24243,count,K3,effis_annual_country_fire_count,reported,f_reporting_basis;f_coverage_change
PRT,Portugal,country,2007,fire_count,25133,count,K3,effis_annual_country_fire_count,reported,f_reporting_basis;f_coverage_change
PRT,Portugal,country,2008,fire_count,18958,count,K3,effis_annual_country_fire_count,reported,f_reporting_basis;f_coverage_change
PRT,Portugal,country,2009,fire_count,29783,count,K3,effis_annual_country_fire_count,reported,f_reporting_basis;f_coverage_change
PRT,Portugal,country,2010,fire_count,26113,count,K3,effis_annual_country_fire_count,reported,f_reporting_basis;f_coverage_change
PRT,Portugal,country,2011,fire_count,29782,count,K3,effis_annual_country_fire_count,reported,f_reporting_basis;f_coverage_change
PRT,Portugal,country,2012,fire_count,25352,count,K3,effis_annual_country_fire_count,reported,f_reporting_basis;f_coverage_change
PRT,Portugal,country,2013,fire_count,23129,count,K3,effis_annual_country_fire_count,reported,f_reporting_basis;f_coverage_change
PRT,Portugal,country,2014,fire_count,9388,count,K3,effis_annual_country_fire_count,reported,f_reporting_basis;f_coverage_change
PRT,Portugal,country,2015,fire_count,19643,count,K3,effis_annual_country_fire_count,reported,f_reporting_basis;f_coverage_change
PRT,Portugal,country,2016,fire_count,16104,count,K3,effis_annual_country_fire_count,reported,f_reporting_basis;f_coverage_change
PRT,Portugal,country,2017,fire_count,21006,count,K3,effis_annual_country_fire_count,reported,f_reporting_basis;f_coverage_change
PRT,Portugal,country,2018,fire_count,12274,count,K3,effis_annual_country_fire_count,reported,f_reporting_basis;f_coverage_change
PRT,Portugal,country,2019,fire_count,10832,count,K3,effis_annual_country_fire_count,reported,f_reporting_basis;f_coverage_change
PRT,Portugal,country,2020,fire_count,9619,count,K3,effis_annual_country_fire_count,reported,f_reporting_basis;f_coverage_change
PRT,Portugal,country,2021,fire_count,8186,count,K3,effis_annual_country_fire_count,reported,f_reporting_basis;f_coverage_change
PRT,Portugal,country,2022,fire_count,10390,count,K3,effis_annual_country_fire_count,reported,f_reporting_basis;f_coverage_change
PRT,Portugal,country,2023,fire_count,7523,count,K3,effis_annual_country_fire_count,reported,f_reporting_basis;f_coverage_change
PRT,Portugal,country,2024,fire_count,6255,count,K3,effis_annual_country_fire_count,reported,f_reporting_basis;f_coverage_change
ROU,Romania,country,1990,fire_count,131,count,K3,effis_annual_country_fire_count,reported,f_reporting_basis;f_coverage_change
ROU,Romania,country,1991,fire_count,42,count,K3,effis_annual_country_fire_count,reported,f_reporting_basis;f_coverage_change
ROU,Romania,country,1992,fire_count,187,count,K3,effis_annual_country_fire_count,reported,f_reporting_basis;f_coverage_change
ROU,Romania,country,1993,fire_count,159,count,K3,effis_annual_country_fire_count,reported,f_reporting_basis;f_coverage_change
ROU,Romania,country,1994,fire_count,121,count,K3,effis_annual_country_fire_count,reported,f_reporting_basis;f_coverage_change
ROU,Romania,country,1995,fire_count,62,count,K3,effis_annual_country_fire_count,reported,f_reporting_basis;f_coverage_change
ROU,Romania,country,1996,fire_count,72,count,K3,effis_annual_country_fire_count,reported,f_reporting_basis;f_coverage_change
ROU,Romania,country,1997,fire_count,37,count,K3,effis_annual_country_fire_count,reported,f_reporting_basis;f_coverage_change
ROU,Romania,country,1998,fire_count,59,count,K3,effis_annual_country_fire_count,reported,f_reporting_basis;f_coverage_change
ROU,Romania,country,1999,fire_count,138,count,K3,effis_annual_country_fire_count,reported,f_reporting_basis;f_coverage_change
ROU,Romania,country,2000,fire_count,688,count,K3,effis_annual_country_fire_count,reported,f_reporting_basis;f_coverage_change
ROU,Romania,country,2001,fire_count,268,count,K3,effis_annual_country_fire_count,reported,f_reporting_basis;f_coverage_change
ROU,Romania,country,2002,fire_count,516,count,K3,effis_annual_country_fire_count,reported,f_reporting_basis;f_coverage_change
ROU,Romania,country,2003,fire_count,203,count,K3,effis_annual_country_fire_count,reported,f_reporting_basis;f_coverage_change
ROU,Romania,country,2004,fire_count,34,count,K3,effis_annual_country_fire_count,reported,f_reporting_basis;f_coverage_change
ROU,Romania,country,2005,fire_count,64,count,K3,effis_annual_country_fire_count,reported,f_reporting_basis;f_coverage_change
ROU,Romania,country,2006,fire_count,105,count,K3,effis_annual_country_fire_count,reported,f_reporting_basis;f_coverage_change
ROU,Romania,country,2007,fire_count,478,count,K3,effis_annual_country_fire_count,reported,f_reporting_basis;f_coverage_change
ROU,Romania,country,2008,fire_count,91,count,K3,effis_annual_country_fire_count,reported,f_reporting_basis;f_coverage_change
ROU,Romania,country,2009,fire_count,190,count,K3,effis_annual_country_fire_count,reported,f_reporting_basis;f_coverage_change
ROU,Romania,country,2010,fire_count,70,count,K3,effis_annual_country_fire_count,reported,f_reporting_basis;f_coverage_change
ROU,Romania,country,2011,fire_count,340,count,K3,effis_annual_country_fire_count,reported,f_reporting_basis;f_coverage_change
ROU,Romania,country,2012,fire_count,911,count,K3,effis_annual_country_fire_count,reported,f_reporting_basis;f_coverage_change
ROU,Romania,country,2013,fire_count,116,count,K3,effis_annual_country_fire_count,reported,f_reporting_basis;f_coverage_change
ROU,Romania,country,2014,fire_count,83,count,K3,effis_annual_country_fire_count,reported,f_reporting_basis;f_coverage_change
ROU,Romania,country,2015,fire_count,250,count,K3,effis_annual_country_fire_count,reported,f_reporting_basis;f_coverage_change
ROU,Romania,country,2016,fire_count,174,count,K3,effis_annual_country_fire_count,reported,f_reporting_basis;f_coverage_change
ROU,Romania,country,2017,fire_count,447,count,K3,effis_annual_country_fire_count,reported,f_reporting_basis;f_coverage_change
ROU,Romania,country,2018,fire_count,158,count,K3,effis_annual_country_fire_count,reported,f_reporting_basis;f_coverage_change
ROU,Romania,country,2019,fire_count,425,count,K3,effis_annual_country_fire_count,reported,f_reporting_basis;f_coverage_change
ROU,Romania,country,2020,fire_count,627,count,K3,effis_annual_country_fire_count,reported,f_reporting_basis;f_coverage_change
ROU,Romania,country,2021,fire_count,278,count,K3,effis_annual_country_fire_count,reported,f_reporting_basis;f_coverage_change
ROU,Romania,country,2022,fire_count,1021,count,K3,effis_annual_country_fire_count,reported,f_reporting_basis;f_coverage_change
ROU,Romania,country,2023,fire_count,170,count,K3,effis_annual_country_fire_count,reported,f_reporting_basis;f_coverage_change
ROU,Romania,country,2024,fire_count,728,count,K3,effis_annual_country_fire_count,reported,f_reporting_basis;f_coverage_change
SRB,Serbia,country,2009,fire_count,67,count,K3,effis_annual_country_fire_count,reported,f_reporting_basis;f_coverage_change
SRB,Serbia,country,2010,fire_count,3,count,K3,effis_annual_country_fire_count,reported,f_reporting_basis;f_coverage_change
SRB,Serbia,country,2011,fire_count,211,count,K3,effis_annual_country_fire_count,reported,f_reporting_basis;f_coverage_change
SRB,Serbia,country,2012,fire_count,318,count,K3,effis_annual_country_fire_count,reported,f_reporting_basis;f_coverage_change
SRB,Serbia,country,2013,fire_count,46,count,K3,effis_annual_country_fire_count,reported,f_reporting_basis;f_coverage_change
SRB,Serbia,country,2014,fire_count,23,count,K3,effis_annual_country_fire_count,reported,f_reporting_basis;f_coverage_change
SRB,Serbia,country,2015,fire_count,68,count,K3,effis_annual_country_fire_count,reported,f_reporting_basis;f_coverage_change
SRB,Serbia,country,2016,fire_count,45,count,K3,effis_annual_country_fire_count,reported,f_reporting_basis;f_coverage_change
SRB,Serbia,country,2017,fire_count,222,count,K3,effis_annual_country_fire_count,reported,f_reporting_basis;f_coverage_change
SRB,Serbia,country,2018,fire_count,62,count,K3,effis_annual_country_fire_count,reported,f_reporting_basis;f_coverage_change
SRB,Serbia,country,2019,fire_count,189,count,K3,effis_annual_country_fire_count,reported,f_reporting_basis;f_coverage_change
SRB,Serbia,country,2020,fire_count,81,count,K3,effis_annual_country_fire_count,reported,f_reporting_basis;f_coverage_change
SRB,Serbia,country,2021,fire_count,75,count,K3,effis_annual_country_fire_count,reported,f_reporting_basis;f_coverage_change
SRB,Serbia,country,2022,fire_count,66,count,K3,effis_annual_country_fire_count,reported,f_reporting_basis;f_coverage_change
SRB,Serbia,country,2023,fire_count,33,count,K3,effis_annual_country_fire_count,reported,f_reporting_basis;f_coverage_change
SRB,Serbia,country,2024,fire_count,186,count,K3,effis_annual_country_fire_count,reported,f_reporting_basis;f_coverage_change
SVK,Slovakia,country,1994,fire_count,366,count,K3,effis_annual_country_fire_count,reported,f_reporting_basis;f_coverage_change
SVK,Slovakia,country,1995,fire_count,254,count,K3,effis_annual_country_fire_count,reported,f_reporting_basis;f_coverage_change
SVK,Slovakia,country,1996,fire_count,662,count,K3,effis_annual_country_fire_count,reported,f_reporting_basis;f_coverage_change
SVK,Slovakia,country,1997,fire_count,535,count,K3,effis_annual_country_fire_count,reported,f_reporting_basis;f_coverage_change
SVK,Slovakia,country,1998,fire_count,1056,count,K3,effis_annual_country_fire_count,reported,f_reporting_basis;f_coverage_change
SVK,Slovakia,country,1999,fire_count,426,count,K3,effis_annual_country_fire_count,reported,f_reporting_basis;f_coverage_change
SVK,Slovakia,country,2000,fire_count,824,count,K3,effis_annual_country_fire_count,reported,f_reporting_basis;f_coverage_change
SVK,Slovakia,country,2001,fire_count,311,count,K3,effis_annual_country_fire_count,reported,f_reporting_basis;f_coverage_change
SVK,Slovakia,country,2002,fire_count,570,count,K3,effis_annual_country_fire_count,reported,f_reporting_basis;f_coverage_change
SVK,Slovakia,country,2003,fire_count,872,count,K3,effis_annual_country_fire_count,reported,f_reporting_basis;f_coverage_change
SVK,Slovakia,country,2004,fire_count,153,count,K3,effis_annual_country_fire_count,reported,f_reporting_basis;f_coverage_change
SVK,Slovakia,country,2005,fire_count,287,count,K3,effis_annual_country_fire_count,reported,f_reporting_basis;f_coverage_change
SVK,Slovakia,country,2006,fire_count,237,count,K3,effis_annual_country_fire_count,reported,f_reporting_basis;f_coverage_change
SVK,Slovakia,country,2007,fire_count,463,count,K3,effis_annual_country_fire_count,reported,f_reporting_basis;f_coverage_change
SVK,Slovakia,country,2008,fire_count,182,count,K3,effis_annual_country_fire_count,reported,f_reporting_basis;f_coverage_change
SVK,Slovakia,country,2009,fire_count,347,count,K3,effis_annual_country_fire_count,reported,f_reporting_basis;f_coverage_change
SVK,Slovakia,country,2010,fire_count,127,count,K3,effis_annual_country_fire_count,reported,f_reporting_basis;f_coverage_change
SVK,Slovakia,country,2011,fire_count,303,count,K3,effis_annual_country_fire_count,reported,f_reporting_basis;f_coverage_change
SVK,Slovakia,country,2012,fire_count,513,count,K3,effis_annual_country_fire_count,reported,f_reporting_basis;f_coverage_change
SVK,Slovakia,country,2013,fire_count,233,count,K3,effis_annual_country_fire_count,reported,f_reporting_basis;f_coverage_change
SVK,Slovakia,country,2014,fire_count,153,count,K3,effis_annual_country_fire_count,reported,f_reporting_basis;f_coverage_change
SVK,Slovakia,country,2015,fire_count,242,count,K3,effis_annual_country_fire_count,reported,f_reporting_basis;f_coverage_change
SVK,Slovakia,country,2016,fire_count,136,count,K3,effis_annual_country_fire_count,reported,f_reporting_basis;f_coverage_change
SVK,Slovakia,country,2017,fire_count,162,count,K3,effis_annual_country_fire_count,reported,f_reporting_basis;f_coverage_change
SVK,Slovakia,country,2018,fire_count,262,count,K3,effis_annual_country_fire_count,reported,f_reporting_basis;f_coverage_change
SVK,Slovakia,country,2019,fire_count,210,count,K3,effis_annual_country_fire_count,reported,f_reporting_basis;f_coverage_change
SVK,Slovakia,country,2020,fire_count,221,count,K3,effis_annual_country_fire_count,reported,f_reporting_basis;f_coverage_change
SVK,Slovakia,country,2021,fire_count,101,count,K3,effis_annual_country_fire_count,reported,f_reporting_basis;f_coverage_change
SVK,Slovakia,country,2022,fire_count,297,count,K3,effis_annual_country_fire_count,reported,f_reporting_basis;f_coverage_change
SVK,Slovakia,country,2023,fire_count,55,count,K3,effis_annual_country_fire_count,reported,f_reporting_basis;f_coverage_change
SVK,Slovakia,country,2024,fire_count,186,count,K3,effis_annual_country_fire_count,reported,f_reporting_basis;f_coverage_change
SVN,Slovenia,country,2002,fire_count,60,count,K3,effis_annual_country_fire_count,reported,f_reporting_basis;f_coverage_change
SVN,Slovenia,country,2003,fire_count,224,count,K3,effis_annual_country_fire_count,reported,f_reporting_basis;f_coverage_change
SVN,Slovenia,country,2004,fire_count,51,count,K3,effis_annual_country_fire_count,reported,f_reporting_basis;f_coverage_change
SVN,Slovenia,country,2005,fire_count,73,count,K3,effis_annual_country_fire_count,reported,f_reporting_basis;f_coverage_change
SVN,Slovenia,country,2006,fire_count,112,count,K3,effis_annual_country_fire_count,reported,f_reporting_basis;f_coverage_change
SVN,Slovenia,country,2007,fire_count,140,count,K3,effis_annual_country_fire_count,reported,f_reporting_basis;f_coverage_change
SVN,Slovenia,country,2008,fire_count,74,count,K3,effis_annual_country_fire_count,reported,f_reporting_basis;f_coverage_change
SVN,Slovenia,country,2009,fire_count,120,count,K3,effis_annual_country_fire_count,reported,f_reporting_basis;f_coverage_change
SVN,Slovenia,country,2010,fire_count,32,count,K3,effis_annual_country_fire_count,reported,f_reporting_basis;f_coverage_change
SVN,Slovenia,country,2011,fire_count,114,count,K3,effis_annual_country_fire_count,reported,f_reporting_basis;f_coverage_change
SVN,Slovenia,country,2012,fire_count,168,count,K3,effis_annual_country_fire_count,reported,f_reporting_basis;f_coverage_change
SVN,Slovenia,country,2013,fire_count,75,count,K3,effis_annual_country_fire_count,reported,f_reporting_basis;f_coverage_change
SVN,Slovenia,country,2014,fire_count,35,count,K3,effis_annual_country_fire_count,reported,f_reporting_basis;f_coverage_change
SVN,Slovenia,country,2015,fire_count,93,count,K3,effis_annual_country_fire_count,reported,f_reporting_basis;f_coverage_change
SVN,Slovenia,country,2016,fire_count,90,count,K3,effis_annual_country_fire_count,reported,f_reporting_basis;f_coverage_change
SVN,Slovenia,country,2017,fire_count,108,count,K3,effis_annual_country_fire_count,reported,f_reporting_basis;f_coverage_change
SVN,Slovenia,country,2018,fire_count,32,count,K3,effis_annual_country_fire_count,reported,f_reporting_basis;f_coverage_change
SVN,Slovenia,country,2019,fire_count,84,count,K3,effis_annual_country_fire_count,reported,f_reporting_basis;f_coverage_change
SVN,Slovenia,country,2020,fire_count,120,count,K3,effis_annual_country_fire_count,reported,f_reporting_basis;f_coverage_change
SVN,Slovenia,country,2021,fire_count,73,count,K3,effis_annual_country_fire_count,reported,f_reporting_basis;f_coverage_change
SVN,Slovenia,country,2022,fire_count,217,count,K3,effis_annual_country_fire_count,reported,f_reporting_basis;f_coverage_change
SVN,Slovenia,country,2023,fire_count,40,count,K3,effis_annual_country_fire_count,reported,f_reporting_basis;f_coverage_change
SVN,Slovenia,country,2024,fire_count,49,count,K3,effis_annual_country_fire_count,reported,f_reporting_basis;f_coverage_change
SWE,Sverige,country,1998,fire_count,2503,count,K3,effis_annual_country_fire_count,reported,f_reporting_basis;f_coverage_change
SWE,Sverige,country,1999,fire_count,4707,count,K3,effis_annual_country_fire_count,reported,f_reporting_basis;f_coverage_change
SWE,Sverige,country,2000,fire_count,4708,count,K3,effis_annual_country_fire_count,reported,f_reporting_basis;f_coverage_change
SWE,Sverige,country,2001,fire_count,4831,count,K3,effis_annual_country_fire_count,reported,f_reporting_basis;f_coverage_change
SWE,Sverige,country,2002,fire_count,6490,count,K3,effis_annual_country_fire_count,reported,f_reporting_basis;f_coverage_change
SWE,Sverige,country,2003,fire_count,8282,count,K3,effis_annual_country_fire_count,reported,f_reporting_basis;f_coverage_change
SWE,Sverige,country,2004,fire_count,4955,count,K3,effis_annual_country_fire_count,reported,f_reporting_basis;f_coverage_change
SWE,Sverige,country,2005,fire_count,4573,count,K3,effis_annual_country_fire_count,reported,f_reporting_basis;f_coverage_change
SWE,Sverige,country,2006,fire_count,4618,count,K3,effis_annual_country_fire_count,reported,f_reporting_basis;f_coverage_change
SWE,Sverige,country,2007,fire_count,3737,count,K3,effis_annual_country_fire_count,reported,f_reporting_basis;f_coverage_change
SWE,Sverige,country,2008,fire_count,5420,count,K3,effis_annual_country_fire_count,reported,f_reporting_basis;f_coverage_change
SWE,Sverige,country,2009,fire_count,4180,count,K3,effis_annual_country_fire_count,reported,f_reporting_basis;f_coverage_change
SWE,Sverige,country,2010,fire_count,3120,count,K3,effis_annual_country_fire_count,reported,f_reporting_basis;f_coverage_change
SWE,Sverige,country,2011,fire_count,3534,count,K3,effis_annual_country_fire_count,reported,f_reporting_basis;f_coverage_change
SWE,Sverige,country,2012,fire_count,2213,count,K3,effis_annual_country_fire_count,reported,f_reporting_basis;f_coverage_change
SWE,Sverige,country,2013,fire_count,4878,count,K3,effis_annual_country_fire_count,reported,f_reporting_basis;f_coverage_change
SWE,Sverige,country,2014,fire_count,4374,count,K3,effis_annual_country_fire_count,reported,f_reporting_basis;f_coverage_change
SWE,Sverige,country,2015,fire_count,2700,count,K3,effis_annual_country_fire_count,reported,f_reporting_basis;f_coverage_change
SWE,Sverige,country,2016,fire_count,5454,count,K3,effis_annual_country_fire_count,reported,f_reporting_basis;f_coverage_change
SWE,Sverige,country,2017,fire_count,5276,count,K3,effis_annual_country_fire_count,reported,f_reporting_basis;f_coverage_change
SWE,Sverige,country,2018,fire_count,8181,count,K3,effis_annual_country_fire_count,reported,f_reporting_basis;f_coverage_change
SWE,Sverige,country,2019,fire_count,5483,count,K3,effis_annual_country_fire_count,reported,f_reporting_basis;f_coverage_change
SWE,Sverige,country,2020,fire_count,5305,count,K3,effis_annual_country_fire_count,reported,f_reporting_basis;f_coverage_change
SWE,Sverige,country,2021,fire_count,4087,count,K3,effis_annual_country_fire_count,reported,f_reporting_basis;f_coverage_change
SWE,Sverige,country,2022,fire_count,5189,count,K3,effis_annual_country_fire_count,reported,f_reporting_basis;f_coverage_change
SWE,Sverige,country,2023,fire_count,4744,count,K3,effis_annual_country_fire_count,reported,f_reporting_basis;f_coverage_change
SWE,Sverige,country,2024,fire_count,2867,count,K3,effis_annual_country_fire_count,reported,f_reporting_basis;f_coverage_change
TUR,Tyrkia,country,1990,fire_count,1750,count,K3,effis_annual_country_fire_count,reported,f_reporting_basis;f_coverage_change
TUR,Tyrkia,country,1991,fire_count,1481,count,K3,effis_annual_country_fire_count,reported,f_reporting_basis;f_coverage_change
TUR,Tyrkia,country,1992,fire_count,2117,count,K3,effis_annual_country_fire_count,reported,f_reporting_basis;f_coverage_change
TUR,Tyrkia,country,1993,fire_count,2545,count,K3,effis_annual_country_fire_count,reported,f_reporting_basis;f_coverage_change
TUR,Tyrkia,country,1994,fire_count,3239,count,K3,effis_annual_country_fire_count,reported,f_reporting_basis;f_coverage_change
TUR,Tyrkia,country,1995,fire_count,1770,count,K3,effis_annual_country_fire_count,reported,f_reporting_basis;f_coverage_change
TUR,Tyrkia,country,1996,fire_count,1645,count,K3,effis_annual_country_fire_count,reported,f_reporting_basis;f_coverage_change
TUR,Tyrkia,country,1997,fire_count,1569,count,K3,effis_annual_country_fire_count,reported,f_reporting_basis;f_coverage_change
TUR,Tyrkia,country,1998,fire_count,1932,count,K3,effis_annual_country_fire_count,reported,f_reporting_basis;f_coverage_change
TUR,Tyrkia,country,1999,fire_count,2075,count,K3,effis_annual_country_fire_count,reported,f_reporting_basis;f_coverage_change
TUR,Tyrkia,country,2000,fire_count,2555,count,K3,effis_annual_country_fire_count,reported,f_reporting_basis;f_coverage_change
TUR,Tyrkia,country,2001,fire_count,2631,count,K3,effis_annual_country_fire_count,reported,f_reporting_basis;f_coverage_change
TUR,Tyrkia,country,2002,fire_count,1471,count,K3,effis_annual_country_fire_count,reported,f_reporting_basis;f_coverage_change
TUR,Tyrkia,country,2003,fire_count,2177,count,K3,effis_annual_country_fire_count,reported,f_reporting_basis;f_coverage_change
TUR,Tyrkia,country,2004,fire_count,1762,count,K3,effis_annual_country_fire_count,reported,f_reporting_basis;f_coverage_change
TUR,Tyrkia,country,2005,fire_count,1530,count,K3,effis_annual_country_fire_count,reported,f_reporting_basis;f_coverage_change
TUR,Tyrkia,country,2006,fire_count,2227,count,K3,effis_annual_country_fire_count,reported,f_reporting_basis;f_coverage_change
TUR,Tyrkia,country,2007,fire_count,2829,count,K3,effis_annual_country_fire_count,reported,f_reporting_basis;f_coverage_change
TUR,Tyrkia,country,2008,fire_count,2135,count,K3,effis_annual_country_fire_count,reported,f_reporting_basis;f_coverage_change
TUR,Tyrkia,country,2009,fire_count,1793,count,K3,effis_annual_country_fire_count,reported,f_reporting_basis;f_coverage_change
TUR,Tyrkia,country,2010,fire_count,1861,count,K3,effis_annual_country_fire_count,reported,f_reporting_basis;f_coverage_change
TUR,Tyrkia,country,2011,fire_count,1954,count,K3,effis_annual_country_fire_count,reported,f_reporting_basis;f_coverage_change
TUR,Tyrkia,country,2012,fire_count,2450,count,K3,effis_annual_country_fire_count,reported,f_reporting_basis;f_coverage_change
TUR,Tyrkia,country,2013,fire_count,3755,count,K3,effis_annual_country_fire_count,reported,f_reporting_basis;f_coverage_change
TUR,Tyrkia,country,2014,fire_count,2149,count,K3,effis_annual_country_fire_count,reported,f_reporting_basis;f_coverage_change
TUR,Tyrkia,country,2015,fire_count,2150,count,K3,effis_annual_country_fire_count,reported,f_reporting_basis;f_coverage_change
TUR,Tyrkia,country,2016,fire_count,3188,count,K3,effis_annual_country_fire_count,reported,f_reporting_basis;f_coverage_change
TUR,Tyrkia,country,2017,fire_count,2411,count,K3,effis_annual_country_fire_count,reported,f_reporting_basis;f_coverage_change
TUR,Tyrkia,country,2018,fire_count,2167,count,K3,effis_annual_country_fire_count,reported,f_reporting_basis;f_coverage_change
TUR,Tyrkia,country,2019,fire_count,2688,count,K3,effis_annual_country_fire_count,reported,f_reporting_basis;f_coverage_change
TUR,Tyrkia,country,2020,fire_count,3399,count,K3,effis_annual_country_fire_count,reported,f_reporting_basis;f_coverage_change
TUR,Tyrkia,country,2021,fire_count,2793,count,K3,effis_annual_country_fire_count,reported,f_reporting_basis;f_coverage_change
TUR,Tyrkia,country,2022,fire_count,2160,count,K3,effis_annual_country_fire_count,reported,f_reporting_basis;f_coverage_change
TUR,Tyrkia,country,2023,fire_count,2579,count,K3,effis_annual_country_fire_count,reported,f_reporting_basis;f_coverage_change
TUR,Tyrkia,country,2024,fire_count,3797,count,K3,effis_annual_country_fire_count,reported,f_reporting_basis;f_coverage_change
UKR,Ukraina,country,2007,fire_count,5024,count,K3,effis_annual_country_fire_count,reported,f_reporting_basis;f_coverage_change
UKR,Ukraina,country,2008,fire_count,3231,count,K3,effis_annual_country_fire_count,reported,f_reporting_basis;f_coverage_change
UKR,Ukraina,country,2009,fire_count,4922,count,K3,effis_annual_country_fire_count,reported,f_reporting_basis;f_coverage_change
UKR,Ukraina,country,2010,fire_count,2368,count,K3,effis_annual_country_fire_count,reported,f_reporting_basis;f_coverage_change
UKR,Ukraina,country,2011,fire_count,1761,count,K3,effis_annual_country_fire_count,reported,f_reporting_basis;f_coverage_change
UKR,Ukraina,country,2012,fire_count,1743,count,K3,effis_annual_country_fire_count,reported,f_reporting_basis;f_coverage_change
UKR,Ukraina,country,2013,fire_count,806,count,K3,effis_annual_country_fire_count,reported,f_reporting_basis;f_coverage_change
UKR,Ukraina,country,2014,fire_count,1486,count,K3,effis_annual_country_fire_count,reported,f_reporting_basis;f_coverage_change
UKR,Ukraina,country,2015,fire_count,2225,count,K3,effis_annual_country_fire_count,reported,f_reporting_basis;f_coverage_change
UKR,Ukraina,country,2016,fire_count,945,count,K3,effis_annual_country_fire_count,reported,f_reporting_basis;f_coverage_change
UKR,Ukraina,country,2017,fire_count,2371,count,K3,effis_annual_country_fire_count,reported,f_reporting_basis;f_coverage_change
UKR,Ukraina,country,2018,fire_count,1297,count,K3,effis_annual_country_fire_count,reported,f_reporting_basis;f_coverage_change
UKR,Ukraina,country,2019,fire_count,1261,count,K3,effis_annual_country_fire_count,reported,f_reporting_basis;f_coverage_change
UKR,Ukraina,country,2020,fire_count,2598,count,K3,effis_annual_country_fire_count,reported,f_reporting_basis;f_coverage_change
UKR,Ukraina,country,2021,fire_count,659,count,K3,effis_annual_country_fire_count,reported,f_reporting_basis;f_coverage_change
UKR,Ukraina,country,2022,fire_count,1098,count,K3,effis_annual_country_fire_count,reported,f_reporting_basis;f_coverage_change
UKR,Ukraina,country,2023,fire_count,593,count,K3,effis_annual_country_fire_count,reported,f_reporting_basis;f_coverage_change
UKR,Ukraina,country,2024,fire_count,1993,count,K3,effis_annual_country_fire_count,reported,f_reporting_basis;f_coverage_change
USA,USA,country,1983,fire_count,18229,count,K5,nifc_annual_fire_count,reported,f_reporting_basis;f_record_start
USA,USA,country,1984,fire_count,20493,count,K5,nifc_annual_fire_count,reported,f_reporting_basis;f_record_start
USA,USA,country,1985,fire_count,82591,count,K5,nifc_annual_fire_count,reported,f_reporting_basis;f_record_start
USA,USA,country,1986,fire_count,85907,count,K5,nifc_annual_fire_count,reported,f_reporting_basis;f_record_start
USA,USA,country,1987,fire_count,71300,count,K5,nifc_annual_fire_count,reported,f_reporting_basis;f_record_start
USA,USA,country,1988,fire_count,72750,count,K5,nifc_annual_fire_count,reported,f_reporting_basis;f_record_start
USA,USA,country,1989,fire_count,48949,count,K5,nifc_annual_fire_count,reported,f_reporting_basis;f_record_start
USA,USA,country,1990,fire_count,66481,count,K5,nifc_annual_fire_count,reported,f_reporting_basis;f_record_start
USA,USA,country,1991,fire_count,75754,count,K5,nifc_annual_fire_count,reported,f_reporting_basis;f_record_start
USA,USA,country,1992,fire_count,87394,count,K5,nifc_annual_fire_count,reported,f_reporting_basis;f_record_start
USA,USA,country,1993,fire_count,58810,count,K5,nifc_annual_fire_count,reported,f_reporting_basis;f_record_start
USA,USA,country,1994,fire_count,79107,count,K5,nifc_annual_fire_count,reported,f_reporting_basis;f_record_start
USA,USA,country,1995,fire_count,82234,count,K5,nifc_annual_fire_count,reported,f_reporting_basis;f_record_start
USA,USA,country,1996,fire_count,96363,count,K5,nifc_annual_fire_count,reported,f_reporting_basis;f_record_start
USA,USA,country,1997,fire_count,66196,count,K5,nifc_annual_fire_count,reported,f_reporting_basis;f_record_start
USA,USA,country,1998,fire_count,81043,count,K5,nifc_annual_fire_count,reported,f_reporting_basis;f_record_start
USA,USA,country,1999,fire_count,92487,count,K5,nifc_annual_fire_count,reported,f_reporting_basis;f_record_start
USA,USA,country,2000,fire_count,92250,count,K5,nifc_annual_fire_count,reported,f_reporting_basis;f_record_start
USA,USA,country,2001,fire_count,84079,count,K5,nifc_annual_fire_count,reported,f_reporting_basis;f_record_start
USA,USA,country,2002,fire_count,73457,count,K5,nifc_annual_fire_count,reported,f_reporting_basis;f_record_start
USA,USA,country,2003,fire_count,63629,count,K5,nifc_annual_fire_count,reported,f_reporting_basis;f_record_start
USA,USA,country,2004,fire_count,65461,count,K5,nifc_annual_fire_count,reported,f_reporting_basis;f_record_start;f_incomplete_inventory
USA,USA,country,2005,fire_count,66753,count,K5,nifc_annual_fire_count,reported,f_reporting_basis;f_record_start
USA,USA,country,2006,fire_count,96385,count,K5,nifc_annual_fire_count,reported,f_reporting_basis;f_record_start
USA,USA,country,2007,fire_count,85705,count,K5,nifc_annual_fire_count,reported,f_reporting_basis;f_record_start
USA,USA,country,2008,fire_count,78979,count,K5,nifc_annual_fire_count,reported,f_reporting_basis;f_record_start
USA,USA,country,2009,fire_count,78792,count,K5,nifc_annual_fire_count,reported,f_reporting_basis;f_record_start
USA,USA,country,2010,fire_count,71971,count,K5,nifc_annual_fire_count,reported,f_reporting_basis;f_record_start
USA,USA,country,2011,fire_count,74126,count,K5,nifc_annual_fire_count,reported,f_reporting_basis;f_record_start
USA,USA,country,2012,fire_count,67774,count,K5,nifc_annual_fire_count,reported,f_reporting_basis;f_record_start
USA,USA,country,2013,fire_count,47579,count,K5,nifc_annual_fire_count,reported,f_reporting_basis;f_record_start
USA,USA,country,2014,fire_count,63312,count,K5,nifc_annual_fire_count,reported,f_reporting_basis;f_record_start
USA,USA,country,2015,fire_count,68151,count,K5,nifc_annual_fire_count,reported,f_reporting_basis;f_record_start
USA,USA,country,2016,fire_count,67743,count,K5,nifc_annual_fire_count,reported,f_reporting_basis;f_record_start
USA,USA,country,2017,fire_count,71499,count,K5,nifc_annual_fire_count,reported,f_reporting_basis;f_record_start
USA,USA,country,2018,fire_count,58083,count,K5,nifc_annual_fire_count,reported,f_reporting_basis;f_record_start
USA,USA,country,2019,fire_count,50477,count,K5,nifc_annual_fire_count,reported,f_reporting_basis;f_record_start
USA,USA,country,2020,fire_count,58950,count,K5,nifc_annual_fire_count,reported,f_reporting_basis;f_record_start
USA,USA,country,2021,fire_count,58985,count,K5,nifc_annual_fire_count,reported,f_reporting_basis;f_record_start
USA,USA,country,2022,fire_count,68988,count,K5,nifc_annual_fire_count,reported,f_reporting_basis;f_record_start
USA,USA,country,2023,fire_count,56580,count,K5,nifc_annual_fire_count,reported,f_reporting_basis;f_record_start
USA,USA,country,2024,fire_count,64897,count,K5,nifc_annual_fire_count,reported,f_reporting_basis;f_record_start
USA,USA,country,2025,fire_count,77850,count,K5,nifc_annual_fire_count,reported,f_reporting_basis;f_record_start
